id,release_date,budget,revenue,profit,avg_rating,total_ratings,std_dev,last_rated
100017,2006-08-06,,,,3.0,1,,2016-01-03
10002,1986-06-13,,5794184.0,,,,,
100024,2012-05-10,,,,,,,
100032,1990-11-11,,,,2.0,1,,2013-02-17
100033,1936-02-27,,,,,,,
10004,2006-05-23,,,,,,,
100042,2014-11-12,4.0E7,1.6983701E8,1.2983701E8,,,,
10005,2006-10-17,,,,,,,
100057,2012-05-18,,,,,,,
10006,2006-01-01,,,,,,,
100061,2007-10-06,,,,,,,
10007,2006-05-19,8000000.0,,,,,,
10008,2005-05-05,,,,,,,
100085,2005-04-27,,,,,,,
100086,2003-08-15,,,,,,,
100088,1972-12-20,,,,,,,
100089,2012-04-23,,,,,,,
100122,2000-05-31,,,,,,,
10013,1986-10-05,,4.1382841E7,,,,,
10015,1986-12-15,,4.2724017E7,,,,,
100152,2004-11-11,2000000.0,,,,,,
10016,2001-08-24,2.8E7,1.4010832E7,-1.3989168E7,,,,
100167,1996-09-01,,,,,,,
10017,1986-11-21,2700000.0,3500000.0,800000.0,,,,
100179,1965-04-23,,,,,,,
10018,1997-03-20,,,,,,,
10019,1987-02-13,6000000.0,4.2721196E7,3.6721196E7,,,,
100196,1997-09-05,,,,,,,
10020,1991-11-13,2.5E7,3.77350553E8,3.52350553E8,,,,
10021,1987-04-10,1.2E7,1.10996879E8,9.8996879E7,,,,
100215,1982-05-01,,,,,,,
10022,2005-03-04,5.6E7,1.1300688E8,5.700688E7,,,,
10024,2009-06-26,3.0E7,9.5714875E7,6.5714875E7,,,,
100241,2014-01-22,6.5E7,7.1154592E7,6154592.0,,,,
100246,1914-09-15,,,,,,,
10025,2006-05-12,,3.8159905E7,,,,,
100250,2002-04-27,,,,,,,
10027,2005-02-02,4.5E7,5.0871113E7,5871113.0,,,,
100272,2011-05-06,,,,4.0,1,,2016-07-22
100274,2011-10-10,,,,,,,
10028,2003-11-24,1.8E7,6.2646763E7,4.4646763E7,,,,
100287,2010-11-10,,,,,,,
100288,2007-06-15,,,,,,,
10029,1998-09-11,3.0E7,9898412.0,-2.0101588E7,,,,
100292,2010-11-24,,,,,,,
10030,2007-09-21,,5.9192128E7,,,,,
10032,2006-12-01,,6086508.0,,,,,
10033,2005-11-23,,5.0817508E7,,,,,
10034,2001-07-16,,,,,,,
100341,2011-01-04,,,,,,,
10035,2000-09-01,,,,,,,
100351,1965-02-10,,,,,,,
10036,2006-10-25,,,,,,,
10037,2006-06-27,,,,,,,
100409,2011-10-27,,,,,,,
10041,2006-01-01,,,,,,,
100416,2011-03-12,,,,,,,
10044,1985-02-10,,,,,,,
10045,2004-11-09,,9584131.0,,,,,
100450,2005-11-01,,,,3.5,1,,2013-03-18
10046,2004-02-09,5.3E7,,,,,,
100461,1962-03-21,,,,,,,
100468,1971-07-02,,,,,,,
10048,2005-07-28,1.35E8,7.6932943E7,-5.8067057E7,,,,
10049,2006-12-05,,,,,,,
100490,1994-11-13,,,,,,,
100493,2012-04-05,,,,,,,
10050,2001-03-08,1.0E7,,,,,,
100526,1942-12-04,,,,,,,
10053,2006-02-03,1.5E7,6.6966987E7,5.1966987E7,,,,
100532,2012-06-01,300000.0,,,,,,
10056,1955-09-21,75000.0,,,,,,
10057,1993-11-11,,5.3898845E7,,,,,
100592,1965-10-26,,,,,,,
100594,2003-03-06,,,,,,,
10060,2005-11-09,4.0E7,4.6442528E7,6442528.0,,,,
10061,1996-08-09,5.0E7,4.2277365E7,-7722635.0,,,,
10063,2006-05-17,,1675484.0,,,,,
10064,2005-07-29,,,,,,,
10065,2005-04-15,1.9E7,1.08047131E8,8.9047131E7,,,,
100656,1953-06-15,,,,,,,
10066,2005-04-30,4.0E7,6.8766121E7,2.8766121E7,,,,
100669,2008-01-01,,,,,,,
100681,2012-06-08,,,,,,,
100683,2012-05-10,3000000.0,,,,,,
10069,2006-03-24,9000000.0,2.7105095E7,1.8105095E7,,,,
10070,2005-10-14,,658573.0,,,,,
10071,2007-09-07,,,,,,,
10072,1987-02-27,5000000.0,4.4793222E7,3.9793222E7,,,,
10074,2007-08-03,,1.4334401E7,,,,,
10075,2007-01-26,,,,,,,
100770,1964-10-19,,,,,,,
10078,2007-05-18,,1752038.0,,,,,
100783,,,,,,,,
100791,2012-03-15,4000000.0,9938268.0,5938268.0,,,,
100794,1983-05-12,,,,,,,
10081,1987-09-18,,,,,,,
100812,1969-08-24,,,,,,,
100813,2012-03-07,,,,,,,
100814,1943-08-06,,,,,,,
100825,2011-06-22,,,,,,,
100829,2011-01-28,,,,,,,
10083,1987-08-14,,3.5509515E7,,,,,
10085,2006-10-22,,,,,,,
10086,1992-05-01,,,,,,,
10087,2005-04-13,,,,,,,
100898,2011-03-16,,,,,,,
10090,2007-02-23,1.0E7,2.0342161E7,1.0342161E7,,,,
100910,1943-12-29,,,,,,,
10092,2005-09-16,1000000.0,1.0047674E7,9047674.0,,,,
10094,2006-10-26,,,,,,,
10097,2006-09-26,,,,,,,
100973,2001-10-24,,,,,,,
100975,1999-10-21,3000000.0,,,,,,
10098,1921-01-21,,2500000.0,,,,,
101006,2008-10-30,,,,,,,
10102,1973-05-16,,,,,,,
101024,2012-01-20,,,,,,,
101030,1953-08-11,,,,,,,
10105,2003-09-11,780000.0,,,,,,
101056,2012-07-31,,,,,,,
10107,2007-04-04,,,,,,,
10109,2004-10-28,,,,,,,
10111,2006-05-05,,,,,,,
10112,1970-12-23,,5.5675257E7,,,,,
101124,2011-06-25,,,,,,,
101125,1993-04-12,,,,,,,
101135,1989-12-18,,,,,,,
10117,1988-02-12,7000000.0,2.0256975E7,1.3256975E7,,,,
101173,2011-02-14,,1072602.0,,,,,
101176,2012-08-04,,1081.0,,,,,
10118,2006-08-18,,1.1449638E7,,,,,
101185,1984-04-21,,,,,,,
10119,2004-08-27,,,,,,,
10120,2008-01-18,,,,,,,
101217,1975-04-01,,,,,,,
10122,1986-07-30,,1.8564613E7,,,,,
101230,1994-09-01,,,,,,,
101231,1975-10-30,,,,,,,
101242,2009-07-31,,,,,,,
10125,2002-06-24,,,,,,,
10126,1988-04-15,6000000.0,4.6616067E7,4.0616067E7,,,,
101267,2012-06-28,1.2E7,3.2726956E7,2.0726956E7,,,,
10127,1988-04-29,4500000.0,3813293.0,-686707.0,,,,
101281,1962-01-12,,,,,,,
101288,1958-05-22,,,,,,,
101293,1989-08-08,,,,,,,
101299,2013-11-15,1.3E8,8.47423452E8,7.17423452E8,,,,
10130,1988-09-23,2.2E7,,,,,,
101307,1972-11-22,,,,,,,
101308,1966-05-09,,,,,,,
10131,1988-08-19,7000000.0,7.25E7,6.55E7,,,,
10132,1988-12-21,,3468572.0,,,,,
101338,1999-06-17,,,,,,,
10135,1989-05-19,1.5E7,3.0050028E7,1.5050028E7,,,,
101352,2012-03-21,90000.0,,,,,,
101362,1966-07-20,,,,3.1,5,0.7416198487095662,2016-06-14
10137,1999-12-17,1.33E8,3.00135367E8,1.67135367E8,,,,
101376,2008-11-20,,,,,,,
101382,1946-12-17,,,,,,,
101383,1930-06-28,,,,,,,
10139,2008-11-26,2.0E7,5.4586584E7,3.4586584E7,,,,
10140,2010-08-13,1.55E8,4.15686217E8,2.60686217E8,,,,
10141,1988-12-14,,4.2039085E7,,,,,
101422,1975-04-25,,,,,,,
10144,1989-11-17,4.0E7,2.223E8,1.823E8,,,,
10146,1985-12-19,,,,,,,
10147,2003-11-26,2.3E7,7.6488889E7,5.3488889E7,,,,
101482,1928-06-20,,,,,,,
101501,2011-10-22,180000.0,175742.0,-4258.0,,,,
101503,1957-02-09,,,,,,,
10151,2005-08-07,,,,,,,
101514,2000-08-18,,,,,,,
10153,1998-02-13,7.5E7,1.31E7,-6.19E7,,,,
101538,1987-01-01,,,,,,,
10154,1999-08-16,,,,,,,
10155,1997-10-03,1.9E7,6682098.0,-1.2317902E7,,,,
101553,1966-08-25,,,,,,,
101557,1951-12-31,,,,,,,
10157,1985-03-28,,5.56E7,,,,,
10158,1992-03-26,,9.0753806E7,,,,,
10159,2003-09-26,8.5E7,8.0916492E7,-4083508.0,,,,
101598,1945-04-07,,,,,,,
10160,1989-08-11,,2.2168359E7,,,,,
101609,2009-11-12,,,,,,,
10161,1989-07-21,645180.0,1.4743391E7,1.4098211E7,,,,
10162,1998-09-15,,,,,,,
10163,1992-03-05,1.0E7,3.2101E7,2.2101E7,,,,
101652,1981-02-12,,,,,,,
101653,1950-12-20,,,,,,,
10166,1990-02-16,,1.5360553E7,,,,,
101669,2010-09-23,1.1E7,,,,,,
10168,1990-07-20,,,,,,,
10170,1990-12-19,2.2997992E7,,,,,,
10172,2007-04-04,,,,,,,
101724,2013-05-28,,,,,,,
10173,1990-10-05,1.2E7,4.60444E7,3.40444E7,,,,
10174,1991-05-10,4.0,29.0,25.0,,,,
101740,1971-09-11,,,,,,,
101752,2004-07-27,,,,,,,
10176,1985-09-08,1000000.0,,,,,,
101766,2010-06-24,,,,,,,
101791,2012-04-20,,,,,,,
1018,2001-05-16,1.5E7,2.0117339E7,5117339.0,3.4,10,0.9368979548370131,2016-08-03
101801,2002-03-07,,,,,,,
101806,1933-01-21,,,,,,,
101818,2006-02-24,,,,,,,
10183,2008-08-01,,,,,,,
101838,2005-08-26,,,,,,,
10184,2009-02-06,4.0E7,1.77259441E8,1.37259441E8,,,,
101852,2012-03-20,500000.0,,,,,,
10186,2008-08-20,1.5E7,8762890.0,-6237110.0,,,,
10187,2008-08-01,2.1E7,1.76E7,-3400000.0,,,,
10188,2008-08-06,2.7E7,4.4352417E7,1.7352417E7,,,,
101887,2003-10-23,,,,,,,
101897,1992-04-17,,,,,,,
10190,2008-09-12,,367638.0,,,,,
101904,2005-10-12,,,,3.5,1,,2013-04-17
101908,2005-06-03,,,,,,,
101915,2008-09-14,,,,,,,
101916,2006-02-20,,,,,,,
101917,2004-04-10,,,,,,,
10192,2010-05-16,1.65E8,7.52600867E8,5.87600867E8,,,,
101929,1957-10-23,,,,,,,
10193,2010-06-16,2.0E8,1.066969703E9,8.66969703E8,,,,
101956,2008-02-29,,,,,,,
10196,2010-06-30,1.5E8,3.18502923E8,1.68502923E8,,,,
10197,2009-12-03,8.0E7,5.3825515E7,-2.6174485E7,,,,
10198,2009-12-08,,2.67045765E8,,,,,
10199,2008-12-19,6.0E7,5.0877145E7,-9122855.0,,,,
102,2002-09-06,,,,2.590909090909091,11,1.0202495238465399,2003-08-28
102000,2012-02-13,,,,,,,
10202,2008-12-24,8.0E7,2.12874442E8,1.32874442E8,,,,
102032,1948-11-21,,,,,,,
102041,2012-04-08,,,,,,,
102053,2012-03-12,,,,,,,
10206,1992-07-24,7000000.0,1.6624456E7,9624456.0,,,,
10207,1999-02-22,8.0E7,1.18880016E8,3.8880016E7,,,,
102078,1958-01-15,,,,,,,
10208,1999-07-14,2.4E7,1.6290976E7,-7709024.0,,,,
102091,1953-10-30,,,,,,,
10213,1999-10-30,5000000.0,,,,,,
102144,1950-09-29,,,,,,,
102155,1962-03-21,,,,,,,
10216,1998-04-10,3.5E7,1.916556E7,-1.583444E7,,,,
102161,1952-01-19,,,,,,,
102165,1960-06-15,,,,2.0,1,,2014-04-06
10217,1997-05-14,5000000.0,3263585.0,-1736415.0,,,,
10218,1996-10-18,200000.0,4505922.0,4305922.0,,,,
102195,1966-10-26,,,,,,,
102198,2005-07-25,,,,,,,
10222,1989-04-20,1500000.0,1.4697005E7,1.3197005E7,,,,
102222,2012-05-11,5000000.0,,,,,,
102242,2000-06-10,,,,,,,
10225,1986-08-01,3000000.0,1.9472057E7,1.6472057E7,,,,
102256,2011-11-04,,,,,,,
10226,2003-06-18,,,,,,,
10227,1967-12-16,,,,,,,
102286,1964-11-08,,,,,,,
102292,2011-10-08,,,,,,,
102295,1955-02-09,3500000.0,,,,,,
102305,2007-06-21,,,,,,,
10232,1976-01-31,,,,,,,
102337,2003-04-16,,,,,,,
10234,1997-05-14,,,,,,,
10235,1938-11-24,,,,,,,
10236,1973-10-17,,4.5E7,,,,,
102362,2013-03-08,,1.8074539E7,,,,,
102363,2011-01-01,,,,,,,
102368,2005-05-11,,,,,,,
10237,1970-02-04,,,,,,,
10238,1972-12-21,,,,,,,
102382,2014-04-16,,7.05717432E8,,,,,
1024,1994-09-02,5000000.0,3049135.0,-1950865.0,3.25,4,0.5,2003-03-08
10241,1992-01-01,,,,,,,
102410,1972-06-14,,,,,,,
102419,1944-06-01,,,,,,,
10242,1962-10-31,980000.0,,,,,,
102420,2011-04-02,,,,,,,
102431,1987-12-23,,,,,,,
102444,1977-08-23,,,,,,,
10246,1981-11-13,4000000.0,1.25728258E8,1.21728258E8,,,,
10248,2004-01-01,,,,,,,
102489,1998-10-23,,,,,,,
10249,1991-06-21,4.2E7,6.2E7,2.0E7,,,,
102517,2012-01-05,,,,,,,
102524,1952-05-14,,,,,,,
102527,2009-09-01,,,,,,,
102534,2011-03-25,560000.0,,,,,,
10254,2004-08-05,,,,,,,
10257,2004-08-12,,,,,,,
102596,2012-05-18,,,,,,,
102597,1953-08-19,,,,,,,
10261,1991-05-10,,,,,,,
102622,2001-12-04,,,,,,,
102629,2012-05-10,3000000.0,,,,,,
102630,2012-05-11,2000000.0,,,,,,
102632,2012-06-01,,3.1E7,,,,,
102639,2010-05-18,,,,,,,
10264,1990-12-19,,2.0710451E7,,,,,
102640,2011-07-07,,,,,,,
10265,2005-02-05,,,,,,,
102651,2014-05-28,1.8E8,7.58539785E8,5.78539785E8,,,,
102668,2011-10-25,,,,,,,
102699,1972-02-02,,,,,,,
10271,2004-09-08,,,,,,,
10274,2005-06-17,,,,,,,
102743,2010-02-27,,,,,,,
10275,1982-01-21,,1.6157801E7,,,,,
10276,1991-05-17,3.5E7,6.371E7,2.871E7,,,,
102780,2012-09-09,1.0E7,89237.0,-9910763.0,,,,
102784,2012-01-20,2000000.0,1620436.0,-379564.0,,,,
10279,1999-07-02,,,,,,,
102807,2009-08-25,,,,,,,
10281,1988-05-13,,1.9170001E7,,,,,
102812,1972-07-21,,,,,,,
10283,1989-07-28,5000000.0,1.4E7,9000000.0,,,,
102831,1989-05-01,,,,,,,
102855,2013-03-16,,,,,,,
102858,2012-06-27,,,,,,,
102862,2013-09-13,,,,,,,
102867,2012-05-01,,,,,,,
102870,2012-02-02,,,,,,,
102873,2011-11-05,,,,,,,
102878,1997-04-25,,,,,,,
102899,2015-07-14,1.3E8,5.19311965E8,3.89311965E8,,,,
102909,1997-12-26,,,,,,,
10292,2005-07-19,,,,,,,
10293,1983-02-23,,,,,,,
102931,2011-01-01,,,,,,,
102933,2001-10-12,,,,,,,
102935,2010-05-18,,,,,,,
102949,1969-09-17,,,,,,,
102959,1972-05-30,,,,,,,
102961,1979-09-07,,,,,,,
10297,1953-10-29,,,,,,,
103,1976-02-07,1300000.0,2.8262574E7,2.6962574E7,4.0,4,0.816496580927726,2000-11-22
103048,1998-11-27,,,,3.6666666666666665,3,0.5773502691896257,2015-07-17
10306,1988-06-10,1.05E7,1.4144E7,3644000.0,,,,
103066,2010-02-27,,,,,,,
10307,1999-09-10,2.9E7,5.0041732E7,2.1041732E7,,,,
103073,1983-08-19,,,,,,,
10308,1970-06-27,,,,,,,
103081,2003-05-09,,,,,,,
10311,1974-05-27,,,,,,,
103119,1950-10-12,,,,,,,
10312,1998-12-25,5.0E7,2.02292902E8,1.52292902E8,,,,
10313,2009-10-17,2.4E7,6.8729358E7,4.4729358E7,,,,
10314,1999-01-29,,1.03166989E8,,,,,
10315,2009-10-23,4.0E7,4.6471023E7,6471023.0,,,,
103161,2012-01-12,,,,,,,
103162,1998-10-21,,21350.0,,,,,
10317,2015-09-11,2.8E7,7002261.0,-2.0997739E7,,,,
103199,1956-06-15,,,,,,,
10320,2005-03-17,5.0E7,1.61451538E8,1.11451538E8,,,,
103201,1993-01-01,,,,,,,
103203,1988-01-01,,,,,,,
103205,1962-09-14,,,,,,,
103210,1982-05-21,,,,3.5,1,,2015-07-17
10322,1979-12-19,,3.0177511E7,,,,,
10323,1981-03-15,1.5E7,4.1092328E7,2.6092328E7,,,,
10324,1996-03-08,,,,,,,
10326,1992-12-16,,1.28E8,,,,,
103260,1981-05-15,,,,,,,
103269,2012-06-12,3500000.0,,,,,,
10327,2003-07-02,4.5E7,1.24914842E8,7.9914842E7,,,,
10329,1995-06-09,5.0E7,1.52022101E8,1.02022101E8,,,,
10330,2003-08-03,2.6E7,1.10230332E8,8.4230332E7,,,,
10333,1991-12-25,3.0E7,7.4787599E7,4.4787599E7,,,,
103332,2012-07-25,,9128263.0,,,,,
103344,2012-04-30,,,,,,,
10336,1997-07-31,,8.7840042E7,,,,,
103370,2012-06-29,,,,,,,
10339,1956-06-27,4500000.0,1.04E7,5900000.0,,,,
10342,1999-08-11,1.3E7,8946237.0,-4053763.0,,,,
103425,2006-05-21,,,,,,,
10344,1989-02-10,,3.8903179E7,,,,,
103462,2011-11-08,,,,,,,
103475,2003-05-16,,,,,,,
10348,1995-09-08,,,,,,,
103489,2001-05-20,,,,,,,
10349,1993-04-23,,1.061116E7,,,,,
103502,2011-10-12,,,,1.5,1,,2013-10-01
103528,2012-04-01,,,,,,,
10353,1998-02-11,,,,,,,
103539,2009-06-26,,,,3.75,2,0.3535533905932738,2015-09-06
10356,2004-03-21,,,,,,,
103578,1977-10-05,,,,,,,
10360,2008-05-15,,2724474.0,,,,,
103601,1986-02-28,,,,,,,
10361,2004-01-30,,,,,,,
103613,1967-04-21,,119.0,,,,,
10362,2008-11-19,1.2E7,3148182.0,-8851818.0,,,,
103620,2012-12-26,6000000.0,31081.0,-5968919.0,,,,
103635,2000-03-15,,,,,,,
10364,1970-06-24,1.8E7,2.491167E7,6911670.0,,,,
103640,2012-05-11,,,,,,,
103648,1999-05-29,,,,,,,
10366,1999-08-05,4.5E7,1.0667893E7,-3.4332107E7,,,,
103663,2012-08-28,3800000.0,1.68E7,1.3E7,,,,
103667,2010-01-01,,,,,,,
103675,1993-10-10,,,,,,,
103678,1966-05-16,,,,,,,
10368,1999-03-25,,2.1001563E7,,,,,
103686,2012-04-27,3600000.0,24267.0,-3575733.0,,,,
10370,1997-01-01,150000.0,,,,,,
103707,2011-09-23,,,,,,,
10372,1985-11-24,,,,,,,
10373,1979-09-14,,,,,,,
103732,2012-08-21,33157.0,,,,,,
103740,2012-09-12,,124919.0,,,,,
103742,2012-11-22,,,,,,,
103747,2012-06-01,,7034007.0,,,,,
10375,2002-01-04,5.5E7,6416302.0,-4.8583698E7,,,,
103750,2012-05-17,,,,,,,
103753,2012-05-30,,,,,,,
103758,2012-05-04,,,,,,,
10376,1998-10-28,9000000.0,,,,,,
10377,1992-03-13,1.1E7,6.4088552E7,5.3088552E7,,,,
10378,2008-04-10,150000.0,,,,,,
103785,2004-11-26,,,,,,,
10380,1991-11-21,,4.0766041E7,,,,,
10383,2000-10-13,,,,,,,
10384,2000-01-14,,1.4828081E7,,,,,
10385,2000-02-16,4.0E7,3.6037909E7,-3962091.0,,,,
103850,1972-06-15,,,,,,,
10386,1999-08-06,7.0E7,2.3159305E7,-4.6840695E7,,,,
10387,1998-10-08,,,,,,,
103875,2012-05-20,,,,,,,
10389,2002-05-09,,,,,,,
103894,2010-04-22,,,,,,,
10390,1999-09-17,,,,,,,
103902,2007-08-04,,,,,,,
10391,2000-08-11,4.0E7,,,,,,
10393,2000-08-07,,,,,,,
103934,1951-11-22,,,,,,,
103938,1933-03-03,,,,,,,
103947,2009-03-12,,,,,,,
10395,1994-06-17,,,,,,,
103953,1999-12-11,,,,,,,
10396,1988-12-02,2.3E7,,,,,,
10397,1999-12-25,25.0,13.0,-12.0,,,,
103970,2010-01-01,,,,,,,
103971,2003-02-18,325000.0,,,,,,
103972,2011-05-13,,,,,,,
10398,1999-09-24,7.0E7,1.77841558E8,1.07841558E8,,,,
10399,1999-11-12,,,,,,,
10401,1999-03-31,,,,,,,
10403,1992-04-03,,2.1706101E7,,,,,
104041,1974-05-24,,,,,,,
10406,1992-05-22,,4.0693477E7,,,,,
104083,1949-04-13,,,,,,,
104086,1974-04-24,,,,,,,
10409,1992-08-20,3000000.0,3.3946224E7,3.0946224E7,,,,
10410,1992-12-25,,,,,,,
104106,1996-10-24,,,,,,,
10411,1992-12-04,,4.643457E7,,,,,
10414,1992-10-01,1.0E7,5.0752337E7,4.0752337E7,,,,
104146,1999-03-01,,,,,,,
104150,1996-09-29,,,,,,,
10416,2000-03-03,,,,,,,
104172,1982-11-04,,,,,,,
10419,1993-03-05,,5632086.0,,,,,
104193,1969-07-26,,,,,,,
104214,1929-03-31,,,,,,,
104221,1932-01-02,,,,,,,
104232,2012-05-11,,,,,,,
104237,1967-10-21,,,,,,,
104239,1970-04-20,,,,,,,
104241,1970-09-26,,,,2.3333333333333335,3,1.1547005383792515,2016-03-21
104244,1965-07-01,,,,,,,
10425,2007-07-23,,413454.0,,,,,
104250,2011-04-15,,,,,,,
104251,1974-12-28,,,,,,,
10426,2002-11-22,2.0E7,3.3526835E7,1.3526835E7,,,,
10427,1993-07-08,8000000.0,2000000.0,-6000000.0,,,,
104274,1984-07-14,,,,,,,
104275,1984-01-01,,,,,,,
104277,2003-11-22,,,,,,,
10429,2000-03-15,,,,,,,
104301,1988-11-04,,,,,,,
10431,2007-08-24,2.5E7,4.0452643E7,1.5452643E7,,,,
104317,1972-01-01,,,,,,,
10432,2007-07-20,,,,,,,
104338,1983-02-16,,,,,,,
10434,1993-09-09,,810455.0,,,,,
10435,1992-12-18,,,,,,,
104376,1994-01-01,,,,,,,
104378,1945-12-18,,,,,,,
10438,1993-12-14,1.5E7,1.18243066E8,1.03243066E8,,,,
10439,1993-07-16,2.8E7,3.9514713E7,1.1514713E7,,,,
104396,1894-08-31,,,,,,,
104413,1988-12-01,,,,,,,
104427,1938-09-09,,,,,,,
104430,1928-11-01,,,,,,,
104431,2005-06-06,,,,,,,
104435,1982-10-11,,,,,,,
104439,1930-07-24,,,,,,,
104449,1979-04-06,,,,,,,
104460,1896-01-01,,,,,,,
104469,1896-01-01,,,,,,,
104473,1897-01-01,,,,,,,
104474,1897-01-01,,,,,,,
104513,2012-03-12,,,,,,,
104522,2006-08-27,,,,,,,
104524,2012-07-14,,,,,,,
104549,1971-04-24,,,,,,,
104556,1938-11-10,,,,,,,
104557,1930-08-30,,,,,,,
10461,2000-10-06,,1.9412993E7,,,,,
104659,1980-03-12,,,,,,,
10466,1986-03-15,1.0E7,5.4999651E7,4.4999651E7,,,,
10467,1994-10-28,,,,,,,
104674,1957-06-01,,,,,,,
10469,2000-12-22,,,,,,,
104696,1898-01-01,,,,,,,
104697,1898-01-01,,,,,,,
104702,1898-01-01,,,,,,,
10471,2000-01-12,,5.9827328E7,,,,,
104711,2011-11-17,,,,,,,
104718,2004-06-30,,,,,,,
104720,1947-10-10,,,,,,,
104732,2012-04-20,,,,,,,
104739,1993-09-16,,,,,,,
10474,1995-04-21,,,,,,,
104744,1969-02-15,,,,,,,
104755,2012-09-10,1500000.0,1165882.0,-334118.0,,,,
10477,2001-04-27,9.4E7,5.4744738E7,-3.9255262E7,,,,
104776,1953-06-28,,,,,,,
10478,1996-08-16,4.5E7,5.3854588E7,8854588.0,,,,
10479,2000-04-07,,7.1E7,,,,,
10482,1999-12-03,,,,,,,
104848,2008-01-01,,,,,,,
10485,1990-06-29,,2.4707633E7,,,,,
104852,1891-05-01,,,,,,,
104858,2011-05-13,,,,,,,
104863,1965-09-16,,,,4.0,2,0.7071067811865476,2016-05-11
104866,1979-01-01,,,,,,,
104871,1999-09-15,,,,,,,
1049,1993-02-05,,1.40081992E8,,3.619047619047619,21,0.6874729431905284,2010-12-08
10492,2000-04-06,,,,,,,
104927,1966-06-11,,,,,,,
10493,1989-04-07,1.0E7,7825000.0,-2175000.0,,,,
104931,1995-03-08,,,,,,,
10494,1997-07-11,,,,,,,
10495,1989-06-29,,3.8956288E7,,,,,
10496,1999-10-22,,10.0,,,,,
104965,1998-01-01,,,,,,,
10497,1992-09-02,5000000.0,1862805.0,-3137195.0,,,,
104973,1980-09-15,,,,,,,
104974,1971-10-27,,,,,,,
104989,1953-06-30,,,,,,,
105,1985-07-03,,3.81109762E8,,3.1145833333333335,48,1.0118425542592724,2012-12-24
1050,1999-09-13,,,,3.5555555555555554,9,1.3096861371251425,2006-12-08
10500,2000-04-20,,,,,,,
10501,2000-03-31,9.5E7,7.6432727E7,-1.8567273E7,,,,
10503,2008-04-18,,1.8130888E7,,,,,
105056,1967-04-25,,,,,,,
105059,1967-12-22,,,,,,,
105067,1930-08-27,,,,,,,
105077,2009-10-27,,,,,,,
105078,1970-09-04,,,,,,,
105079,1970-02-20,,,,,,,
105085,1971-04-06,,,,,,,
105087,1971-08-20,,,,,,,
105098,1971-04-10,,,,,,,
1051,1971-10-09,1800000.0,4.1158757E7,3.9358757E7,3.0,7,0.816496580927726,2004-08-23
10510,1994-11-18,,4.6264384E7,,,,,
105120,1972-04-15,,,,,,,
105121,2012-12-07,,,,1.0,1,,2014-11-12
105130,1996-11-09,,,,,,,
105149,1973-01-26,,,,,,,
105153,1892-01-01,,,,,,,
105156,1974-09-01,,,,,,,
105157,1892-01-01,,,,,,,
105158,1894-01-09,,,,,,,
10516,1979-01-31,,,,,,,
10520,2007-02-09,,18479.0,,,,,
10521,2009-01-09,,1.14663461E8,,,,,
105210,2012-04-28,,,,,,,
105231,2008-10-11,,,,,,,
105232,1974-01-01,,,,,,,
10524,2007-05-23,,,,,,,
105246,1985-11-01,,,,4.25,2,0.3535533905932738,2016-03-31
10525,1995-05-19,,,,,,,
105254,1971-07-14,6900000.0,6530000.0,-370000.0,3.0,1,,2014-09-21
10527,2008-10-30,,6.03900354E8,,,,,
105287,2001-10-10,,,,,,,
10529,2008-04-24,,7033683.0,,,,,
105299,2004-09-14,500000.0,,,,,,
105325,2007-12-21,,,,,,,
105347,1971-06-01,,,,,,,
10535,1996-05-24,1.8E7,,,,,,
10536,1969-06-02,3000000.0,,,,,,
10537,1991-03-01,3.8E7,3.4416893E7,-3583107.0,,,,
105371,2008-03-07,,,,,,,
10538,1992-11-05,1.5E7,4.4065653E7,2.9065653E7,,,,
105384,1974-11-13,,,,,,,
105388,2009-01-01,,,,,,,
10539,1996-04-12,3.8E7,2.8921264E7,-9078736.0,,,,
105398,1977-02-17,,,,,,,
10540,1981-05-22,1.6E7,1.7374595E7,1374595.0,,,,
105403,1977-01-01,,,,,,,
105404,1984-10-12,,,,,,,
10541,2007-06-06,,,,,,,
10542,1996-08-02,,,,,,,
10543,1996-04-12,,,,,,,
105448,1999-09-22,,,,,,,
10546,1996-08-29,1.3E7,1.7917287E7,4917287.0,,,,
105465,1965-06-30,,,,,,,
105470,1961-09-16,,,,,,,
10550,2002-09-20,,1.9924033E7,,,,,
105506,2012-05-03,120000.0,130000.0,10000.0,,,,
105509,1947-11-12,,,,,,,
10551,1989-12-15,,1.2195695E7,,,,,
105526,2012-12-14,,,,,,,
105529,1975-01-01,,,,,,,
10553,1985-10-11,,1.4393902E7,,,,,
105531,2012-11-02,,,,,,,
105536,1954-10-06,,,,,,,
105538,2012-01-06,,,,,,,
105539,1925-02-15,,,,,,,
105548,1933-03-16,,,,,,,
105549,1934-12-14,,,,,,,
10555,2004-09-20,7.5E7,3.67275019E8,2.92275019E8,,,,
105561,2011-11-05,,,,,,,
105572,1988-11-23,,,,,,,
105576,1972-01-05,,,,,,,
105583,1969-12-01,,,,,,,
105584,1967-10-09,,,,,,,
10559,2000-04-28,3.1E7,6.8106245E7,3.7106245E7,,,,
105593,1981-01-01,,,,4.0,2,0.0,2016-06-26
10560,2000-05-12,1.8E7,1.7200925E7,-799075.0,,,,
105616,1990-12-21,,,,,,,
105627,1969-02-28,,,,,,,
10564,2000-04-27,1.5E7,3.3771174E7,1.8771174E7,,,,
10565,2000-11-16,,,,,,,
10567,2000-05-19,1.275E8,3.54248063E8,2.26748063E8,,,,
105672,1978-11-24,,,,,,,
105676,2012-05-16,,,,,,,
10568,1939-04-20,,,,,,,
105687,1976-01-23,,,,,,,
105693,1975-02-21,,,,,,,
105711,1946-01-01,,,,,,,
10572,2003-11-08,2.29E7,,,,,,
10573,1999-09-08,,,,,,,
105734,1983-12-10,,,,,,,
105737,1985-11-08,,,,,,,
10575,2002-02-06,,,,,,,
105759,2008-01-01,,,,,,,
10576,1983-06-03,5000000.0,3.4725E7,2.9725E7,,,,
105760,1988-12-26,,,,,,,
105766,2006-03-03,,,,,,,
105768,2012-05-01,,,,,,,
10577,2000-12-22,2.8E7,3.3000337E7,5000337.0,,,,
105770,1997-04-01,,,,,,,
105787,2012-04-13,,,,,,,
10579,2005-01-01,,,,,,,
105790,2012-04-27,,,,,,,
10580,1978-04-21,,,,,,,
105829,1993-01-01,,,,,,,
105833,1968-12-31,,,,,,,
10585,1988-11-08,9000000.0,4.4196684E7,3.5196684E7,,,,
105859,1975-08-05,,,,,,,
105860,1975-01-23,,,,,,,
105866,1979-01-01,,,,,,,
105869,1987-11-03,,,,,,,
10587,1987-04-02,,2.8061343E7,,,,,
105875,2002-08-06,,,,,,,
105884,2002-12-31,,,,,,,
105891,2010-10-17,,,,,,,
1059,1958-12-28,,,,3.5258620689655173,58,1.1019218211558857,2016-01-15
10590,2002-03-01,7.5E7,1.14660784E8,3.9660784E7,,,,
105902,1974-05-15,,,,,,,
105906,1977-08-07,,,,,,,
10591,2004-04-09,2.5E7,3.0411183E7,5411183.0,,,,
105915,1989-01-01,,,,,,,
10594,2004-03-23,,,,,,,
105942,2010-05-24,,,,,,,
105945,2011-06-06,4200000.0,,,,,,
105952,2010-06-18,,,,,,,
10596,2001-05-11,1.7E7,,,,,,
105965,2012-09-03,,,,,,,
105972,2012-05-25,,,,,,,
10598,2005-11-10,3000000.0,,,,,,
10599,2002-12-25,4.0E7,4.1323171E7,1323171.0,,,,
106,1987-06-11,1.8E7,9.8235548E7,8.0235548E7,,,,
106021,2012-09-27,1.2E7,,,,,,
10604,1964-12-14,783000.0,,,,,,
106042,1956-12-01,,,,,,,
106049,2012-04-21,,,,,,,
10606,1984-08-03,,,,,,,
10607,1996-01-12,,,,,,,
106070,1996-04-30,,,,,,,
10608,1992-09-04,,,,,,,
10612,1995-05-12,,,,,,,
106124,1966-01-06,,,,,,,
106134,2011-11-29,,,,,,,
106135,2012-05-18,1.3E7,1832541.0,-1.1167459E7,,,,
106136,2014-02-03,,,,,,,
106139,1978-12-23,,,,,,,
10614,1987-01-01,,,,,,,
10615,2001-06-29,,,,,,,
106155,1976-11-27,,,,,,,
10617,1991-08-15,,3826459.0,,,,,
106176,1962-12-17,,,,,,,
106199,2000-09-14,,,,,,,
10620,1997-02-01,,,,,,,
10622,1997-01-31,1.2716953E7,1.881472E7,6097767.0,,,,
106230,2000-03-04,,,,,,,
106254,1927-12-13,,,,,,,
106263,1994-09-08,,,,,,,
106268,1975-10-12,,,,,,,
10627,1981-12-20,1.4E7,3.5856053E7,2.1856053E7,,,,
10629,2003-07-11,,1569918.0,,,,,
10632,2003-03-11,5.5E7,3.4234008E7,-2.0765992E7,,,,
106326,1970-03-25,,,,,,,
106337,2012-05-20,,,,,,,
106344,2012-12-07,,,,,,,
106348,1988-12-01,,,,,,,
106358,1950-07-20,,,,,,,
10636,2002-10-24,,,,,,,
106373,1983-04-11,,,,,,,
106388,1978-12-17,,,,,,,
10640,1976-08-13,,,,,,,
106414,2008-06-17,,,,,,,
10642,2000-07-21,,,,,,,
10643,1999-12-11,1000000.0,1.003739E7,9037390.0,,,,
10644,1988-02-05,1.7E7,1.0006806E7,-6993194.0,,,,
10645,2001-10-17,,,,,,,
10647,2000-10-12,,5.5707411E7,,,,,
10648,1973-12-23,,3.9768E7,,,,,
106482,1991-12-18,,,,,,,
10649,1976-12-20,9000000.0,4.6236E7,3.7236E7,,,,
106513,1942-11-24,,,,,,,
10652,1987-08-23,,1.3839404E7,,,,,
106538,2001-01-01,,,,,,,
10655,1993-10-08,,2.5E7,,,,,
10656,1985-04-10,2000000.0,390659.0,-1609341.0,,,,
10657,1993-08-27,,,,,,,
10658,1986-08-01,3.7E7,3.7962774E7,962774.0,,,,
10659,2005-07-28,,,,,,,
106591,2012-05-11,,,,,,,
10660,1994-07-29,,,,,,,
10661,2008-06-05,9.0E7,2.01596308E8,1.11596308E8,,,,
106618,1972-01-01,,,,,,,
106622,1975-08-01,,,,,,,
106629,2011-11-30,,,,,,,
10663,1998-11-06,2.3E7,1.85991646E8,1.62991646E8,,,,
106635,1937-11-20,,,,,,,
10665,2008-05-29,9000000.0,8.2391145E7,7.3391145E7,,,,
106669,1987-10-27,,,,,,,
106671,1994-01-01,,,,,,,
106679,1976-02-03,,,,,,,
106682,1978-06-16,,,,,,,
10671,1970-03-05,1.0E7,1.00489151E8,9.0489151E7,,,,
106729,1979-11-01,,,,,,,
10674,1998-06-18,9.0E7,3.04320254E8,2.14320254E8,,,,
10678,2003-03-07,2.0E7,1.32675402E8,1.12675402E8,,,,
10679,2012-03-10,7500000.0,8135031.0,635031.0,,,,
10680,1996-10-04,,2.2955097E7,,,,,
106807,1900-01-01,,,,,,,
106824,1949-03-20,,,,,,,
106826,1945-06-09,,,,,,,
106837,1996-10-01,,,,,,,
10684,1996-07-04,4.6E7,1.00860818E8,5.4860818E7,,,,
106848,1980-05-25,,,,,,,
10686,1998-10-27,,,,,,,
106876,1977-12-26,,,,,,,
10688,2000-05-12,2000000.0,1568749.0,-431251.0,,,,
10690,1996-03-01,2.5E7,1614266.0,-2.3385734E7,,,,
10691,2001-06-29,1.3E7,1.6929123E7,3929123.0,,,,
10692,1986-09-24,111000.0,,,,,,
106922,1967-03-24,,,,,,,
10693,1953-02-05,4000000.0,8.7404651E7,8.3404651E7,,,,
106938,2011-12-03,,,,,,,
106944,1969-02-07,,,,,,,
106968,1994-05-07,,,,,,,
106970,1977-07-27,,,,,,,
107019,1972-06-16,,,,,,,
107028,1981-05-01,,,,,,,
107039,2001-01-01,,,,,,,
10704,1998-09-27,,,,,,,
10705,1989-10-05,9000000.0,,,,,,
107056,1978-01-20,,,,,,,
10707,2005-10-05,1500000.0,1.1098131E7,9598131.0,,,,
107073,2011-02-15,,,,,,,
107076,1956-09-18,,,,,,,
10708,2003-05-03,6.0E7,1.64433867E8,1.04433867E8,,,,
107096,1996-06-18,,,,,,,
10711,1975-05-18,,1.2484444E7,,,,,
10712,2002-09-01,1.35E7,2.9027914E7,1.5527914E7,,,,
10714,1994-12-23,,,,,,,
107146,1976-05-01,,,,,,,
10715,2003-11-14,8.0E7,6.8514844E7,-1.1485156E7,,,,
107170,2012-05-03,,,,,,,
107193,1970-02-27,,,,,,,
107203,2012-04-06,,,,,,,
10722,1995-10-20,,4367497.0,,,,,
107231,1963-08-18,,,,,,,
107239,1973-05-16,,,,,,,
107246,1983-04-22,,,,,,,
107248,1963-04-02,,,,,,,
107250,2001-01-09,,,,,,,
107257,2012-06-01,,,,,,,
10726,2002-04-22,1.0E7,,,,,,
10727,2003-01-24,,,,,,,
1073,1999-03-19,2.15E7,,,3.7533783783783785,148,0.9715276938602874,2016-08-17
107308,1966-12-21,,,,,,,
10731,1994-07-20,4.5E7,1.17615211E8,7.2615211E7,,,,
107311,1994-08-18,,,,,,,
107315,2011-10-22,,,,,,,
107319,1985-04-11,,,,,,,
107321,1969-11-25,,,,,,,
10734,1979-06-22,8000000.0,4.3E7,3.5E7,,,,
10735,2003-03-27,,,,,,,
107391,1982-05-25,,,,,,,
107393,1989-09-09,,,,,,,
10740,2004-09-08,2.0E7,,,,,,
107413,1968-07-12,,,,,,,
10742,2004-07-02,,1.2520799E7,,,,,
107427,1954-06-01,,,,,,,
10743,2003-04-25,,,,,,,
107430,1981-01-01,,,,,,,
107443,1956-10-26,,,,,,,
107445,2012-05-10,,,,,,,
10747,1976-06-30,3700000.0,3.18E7,2.81E7,,,,
1075,1998-06-01,,,,,,,
10750,1991-04-24,,1.5073942E7,,,,,
10751,2002-07-12,,,,,,,
107525,2006-02-10,,,,,,,
10753,1988-08-13,,,,,,,
10754,1989-01-26,,,,,,,
107548,2001-03-09,,,,,,,
10756,2003-11-25,9.0E7,1.82290266E8,9.2290266E7,,,,
10757,2001-12-14,,,,,,,
107587,1999-07-02,,,,,,,
107593,1948-10-29,,,,,,,
107596,1977-10-31,,,,,,,
10760,2007-09-21,1.65E7,1.3620075E7,-2879925.0,,,,
10762,2004-08-20,,6.9631118E7,,,,,
107625,1956-05-15,,,,,,,
107641,1982-06-05,,,,,,,
107643,1969-07-26,,,,,,,
10765,1980-10-06,,,,,,,
10766,1978-06-09,6800000.0,2.6518355E7,1.9718355E7,,,,
10768,1981-03-20,,2.0471382E7,,,,,
107682,1993-11-11,,,,,,,
107705,1971-04-30,,,,,,,
10771,2002-09-27,,,,,,,
10774,1976-11-01,,2.3689877E7,,,,,
107743,1996-10-18,,44000.0,,,,,
10778,2001-05-13,,,,,,,
107781,1994-06-01,,,,,,,
10779,1996-07-18,3.0E7,2.9359216E7,-640784.0,,,,
10780,1987-12-16,1880006.0,2.6713187E7,2.4833181E7,,,,
10781,2006-10-06,,,,,,,
107812,1979-04-24,,,,,,,
107828,1976-04-24,,,,,,,
10783,2000-10-27,6.5E7,,,,,,
10785,1951-04-29,,,,,,,
107852,2006-08-16,,,,,,,
10786,1976-03-11,,,,,,,
10787,1933-11-13,328000.0,,,,,,
107874,1947-11-07,,,,,,,
107876,1935-04-19,,,,,,,
10790,2006-09-11,,,,,,,
107928,1961-11-26,,,,,,,
107937,2003-05-30,,,,,,,
10794,1968-04-04,1500000.0,,,,,,
107942,2000-03-09,,,,,,,
107946,1999-01-09,,,,,,,
10795,2006-11-01,,,,,,,
10796,2001-11-02,4.9E7,7.27E7,2.37E7,,,,
107966,1953-05-24,,,,,,,
107976,2007-06-21,,,,,,,
10798,2005-10-15,1.961E7,,,,,,
107983,1980-03-18,,,,,,,
10799,2005-04-20,2.4E7,1.1875866E7,-1.2124134E7,,,,
108,1993-01-10,,,,4.0,1,,2000-11-20
10800,2008-03-19,,,,,,,
108012,1990-04-29,,,,,,,
108017,1917-01-29,,,,,,,
108021,1993-09-10,,,,,,,
10804,1991-02-15,,,,,,,
108048,1985-02-06,,,,,,,
108055,1933-02-03,,,,,,,
108059,1984-01-01,,,,,,,
10806,1997-09-10,3.5E7,,,,,,
108063,1960-07-23,,,,,,,
108147,2012-05-01,7000.0,,,,,,
108155,1929-08-04,,,,,,,
10817,2006-02-02,,,,,,,
108177,2007-01-14,,,,,,,
108179,1969-01-01,,,,,,,
10818,2007-05-17,,,,,,,
108181,1956-08-01,,,,,,,
10819,2004-10-13,,,,,,,
10821,2008-02-15,,,,,,,
108213,1930-04-20,,,,,,,
10822,2007-05-18,4600000.0,,,,,,
108228,1999-03-11,,,,,,,
10823,1984-03-09,800000.0,1.4E7,1.32E7,,,,
108232,1951-01-12,,,,,,,
108235,2011-10-15,,,,,,,
10824,1995-03-17,,1.3940383E7,,,,,
108241,1984-11-30,,,,,,,
108246,1940-04-26,,,,,,,
108251,2011-10-03,,,,,,,
108256,1948-09-01,,,,,,,
108259,1990-10-21,,,,,,,
10830,1996-08-02,3.6E7,3.3459416E7,-2540584.0,,,,
108316,1998-10-23,,,,,,,
10832,2006-07-19,,,,,,,
108322,1977-04-01,,,,,,,
10833,2001-03-23,3.5E7,,,,,,
108331,2010-08-20,,,,,,,
108353,1969-07-07,,,,,,,
10836,2001-10-12,4800000.0,,,,,,
108365,1996-09-09,,,,,,,
10839,1977-01-29,,,,,,,
108391,1999-01-01,,,,,,,
108419,1964-08-02,,,,,,,
10842,2005-12-24,,,,,,,
10843,1985-09-13,4500000.0,1.0609321E7,6109321.0,,,,
108432,1991-12-06,,,,,,,
10844,2006-10-12,,,,,,,
10846,2005-10-14,3.5E7,,,,,,
108476,2012-12-13,,,,,,,
10849,1985-03-01,,1.0631333E7,,,,,
108501,1994-01-01,,,,,,,
10851,2005-09-11,,,,,,,
108512,1968-03-30,,,,,,,
10852,1993-12-18,,,,,,,
108523,2008-08-02,,,,,,,
108535,1971-10-08,,,,,,,
10854,2006-01-01,,,,,,,
108540,2012-05-18,,,,,,,
108564,1957-05-08,,,,,,,
10857,1986-10-24,,5274.0,,,,,
108574,1976-06-04,,,,,,,
108586,1985-02-25,,,,,,,
10859,1987-08-05,,,,,,,
10860,1989-11-15,,9.5904091E7,,,,,
108614,2010-01-01,,,,,,,
10862,2000-11-15,,3.6779296E7,,,,,
10863,1981-07-24,,1.8E7,,,,,
108632,1927-01-22,,,,,,,
108648,1968-06-15,,,,,,,
10865,2001-06-02,1.2E8,1.86053725E8,6.6053725E7,,,,
10866,2001-10-05,2.3E7,3.6642838E7,1.3642838E7,,,,
108665,1980-05-23,,,,,,,
108677,1997-01-01,,,,,,,
10868,1988-10-14,,,,,,,
10871,1997-10-31,3.7E7,6482195.0,-3.0517805E7,,,,
108716,1996-11-24,,,,,,,
10873,2000-05-15,8000000.0,8279017.0,279017.0,,,,
10875,1989-10-13,1.3E7,,,,,,
10876,2000-11-22,,7060876.0,,,,,
108762,2011-10-21,,,,,,,
10878,2001-02-09,2.2E7,1.9351569E7,-2648431.0,,,,
108788,1998-01-01,,,,,,,
10879,1994-06-29,4.5E7,6.1947267E7,1.6947267E7,,,,
108794,1997-05-07,,,,,,,
108798,1969-12-20,,,,,,,
1088,2003-01-30,8000000.0,4.14E7,3.34E7,3.358490566037736,53,1.044110582535746,2016-05-08
10882,1959-01-28,6000000.0,5.1E7,4.5E7,,,,
108835,2002-08-26,,,,,,,
108843,1945-09-06,,,,,,,
10885,2008-03-21,,,,,,,
108852,1943-02-26,,,,,,,
10886,2006-10-09,8000000.0,,,,,,
108879,2012-04-19,,,,,,,
10889,1980-10-01,,4059673.0,,,,,
108901,2011-06-13,,,,,,,
10894,2002-01-13,500000.0,150277.0,-349723.0,,,,
108949,1976-12-25,,,,2.5,1,,2015-06-01
10895,1940-02-23,2600000.0,8.43E7,8.17E7,,,,
10896,1987-03-06,,,,,,,
108969,1989-04-14,,,,,,,
10897,1994-08-05,,6.7308282E7,,,,,
108972,2012-03-08,,,,,,,
10898,2000-08-30,,,,,,,
109,1994-01-26,,,,,,,
10900,2008-02-08,,1115493.0,,,,,
109001,1990-12-07,,,,,,,
109016,1941-02-07,,,,,,,
109018,1954-11-04,,,,,,,
109048,2001-12-28,,,,,,,
10905,1985-07-18,,,,,,,
10907,1938-05-13,2033000.0,3981000.0,1948000.0,,,,
10908,1999-09-25,,,,,,,
109088,1976-06-18,,,,,,,
10909,1993-09-01,9000000.0,2395231.0,-6604769.0,,,,
1091,1982-06-25,1.5E7,1.962976E7,4629760.0,2.6296296296296298,27,0.9863744080897846,2016-08-17
10910,1952-12-23,1500000.0,,,,,,
10911,1961-04-27,6000000.0,2.89E7,2.29E7,,,,
10912,1979-11-14,,,,,,,
109122,1958-08-01,,,,,,,
10913,2005-01-22,,,,,,,
109133,1962-05-25,,,,,,,
10915,1975-12-16,,,,,,,
10916,1999-01-03,,,,,,,
109161,1987-07-10,,2228951.0,,4.0,1,,2014-02-16
10917,1990-02-26,,,,,,,
109170,2001-11-18,,,,,,,
109175,1998-10-30,,,,,,,
109213,1986-01-01,,,,,,,
10923,2003-03-14,2.8E7,5.8795814E7,3.0795814E7,,,,
10925,1985-05-15,4000000.0,1.4237E7,1.0237E7,,,,
109251,1979-03-08,,,,,,,
109258,1951-07-31,,,,,,,
109259,1973-06-17,,,,,,,
109260,2011-06-16,,,,,,,
109261,2012-01-11,,,,,,,
109262,1932-09-24,,,,,,,
109264,1981-04-04,,2028612.0,,,,,
10929,2003-03-14,2.2E7,,,,,,
10930,2003-02-09,,,,,,,
109301,1935-10-05,35055.0,,,,,,
10935,1980-11-19,4.4E7,3484331.0,-4.0515669E7,,,,
109354,2002-06-07,,,,,,,
10937,1987-09-02,3000000.0,3221568.0,221568.0,,,,
10938,1996-06-21,,1500000.0,,,,,
109380,1965-02-12,,,,,,,
10939,1974-11-12,,,,,,,
109391,2012-09-12,,,,,,,
109398,1966-01-01,,,,,,,
10940,1998-01-04,,,,,,,
109414,2013-06-12,,1.26041322E8,,,,,
109417,2013-09-21,2.0E7,1.6549477E7,-3450523.0,,,,
109418,2013-07-11,8.0E7,2.46984278E8,1.66984278E8,,,,
10942,1993-02-22,,,,,,,
109421,2013-02-07,3.0E7,6.3372757E7,3.3372757E7,,,,
109424,2013-10-10,5.5E7,9.5E7,4.0E7,,,,
109428,2013-04-05,,9.7542952E7,,,,,
10943,2003-02-23,,,,,,,
109431,2013-02-07,3.5E7,1.7396501E8,1.3896501E8,,,,
109435,1931-09-05,584000.0,,,,,,
109439,2013-05-23,1.03E8,3.62000072E8,2.59000072E8,,,,
109441,1957-12-14,,,,,,,
109443,2013-12-18,5.0E7,1.73649015E8,1.23649015E8,,,,
10945,1986-10-09,,,,,,,
109451,2013-09-26,7.8E7,2.48384621E8,1.70384621E8,,,,
109453,2016-05-06,,,,,,,
109455,2009-05-19,,,,,,,
109456,1971-04-01,,,,,,,
109459,2008-03-08,,,,,,,
10947,2006-01-20,4200000.0,,,,,,
109475,1991-03-11,,,,,,,
109478,1996-05-17,,,,,,,
109479,1999-09-05,,,,,,,
10948,1981-07-10,1.2E7,2.98E7,1.78E7,,,,
109481,1940-04-23,,,,,,,
10949,1948-06-28,,,,,,,
10950,2001-12-28,,9.2542418E7,,,,,
10951,1999-02-12,,,,,,,
109513,2012-08-22,,1.44E7,,,,,
10952,1991-03-08,,4.7624253E7,,,,,
10955,2002-09-02,3.0E7,,,,,,
109554,2003-10-06,,,,,,,
10956,2001-04-10,1.77E7,3.0987695E7,1.3287695E7,,,,
109565,1988-05-14,,,,,,,
10957,1985-07-24,2.5E7,2.1288692E7,-3711308.0,,,,
109572,2002-07-26,,,,,,,
10958,2006-01-30,,,,,,,
109581,2015-09-25,,,,,,,
109587,2004-08-11,,,,,,,
109600,1965-12-01,,,,,,,
109610,1987-09-01,,,,,,,
109632,1915-10-31,,,,,,,
109636,1980-09-19,,,,,,,
109667,1962-12-26,185000.0,,,,,,
109669,1988-12-04,,,,,,,
109671,2005-10-28,,,,,,,
109689,2012-06-22,,,,,,,
109695,2012-12-03,,,,,,,
10970,1976-06-17,,,,,,,
10971,1958-12-16,1680000.0,,,,,,
109711,1938-08-25,,,,,,,
109716,1940-10-19,,,,,,,
10972,2001-08-10,1500000.0,373967.0,-1126033.0,,,,
109729,2013-07-29,250000.0,56825.0,-193175.0,,,,
109752,2013-01-01,,,,,,,
109797,2002-12-15,,,,,,,
109809,2002-06-01,,,,,,,
10981,2003-09-09,,,,,,,
10982,2005-12-16,1.5E7,5.1053787E7,3.6053787E7,,,,
109835,2012-05-04,,,,,,,
10984,2001-02-01,,,,,,,
109843,2012-06-06,170000.0,,,,,,
10986,1980-12-20,,,,,,,
10987,1995-09-29,5000000.0,1.5116634E7,1.0116634E7,,,,
10988,1996-03-22,,,,,,,
109886,1933-11-20,,,,,,,
109887,1950-01-21,,,,,,,
10989,2000-05-31,,,,,,,
109891,1929-09-08,,,,,,,
109894,2012-05-25,,30655.0,,,,,
10990,1996-04-26,,,,,,,
109912,1990-08-17,,,,,,,
109913,1952-07-04,,,,,,,
10992,2001-07-04,,9.3375151E7,,,,,
109933,1942-04-30,,,,,,,
10994,2002-10-11,,,,,,,
10995,1992-02-22,,,,,,,
109962,1981-09-23,,,,,,,
10997,1993-09-16,,,,,,,
109979,2010-07-04,,,,,,,
10998,1987-09-11,1.4E7,3.20145693E8,3.06145693E8,,,,
10999,1985-10-03,1.0E7,5.75E7,4.75E7,,,,
109991,1957-01-05,,,,,,,
110001,1981-11-07,,,,,,,
11003,1998-02-13,1.8E7,1.23306987E8,1.05306987E8,,,,
11005,1990-12-19,,5.2096475E7,,,,,
11006,1977-05-26,,1.26737428E8,,,,,
11007,2003-12-24,4.0E7,1.90212113E8,1.50212113E8,,,,
110073,2005-01-01,,,,,,,
11008,1995-03-24,,,,,,,
11009,1977-12-16,3500000.0,2.37113184E8,2.33613184E8,,,,
11010,1994-09-22,,,,,,,
11011,1994-12-19,4.0E7,,,,,,
110112,2012-08-08,,3903479.0,,,,,
110122,2012-06-01,,,,,,,
110123,1977-01-01,,,,,,,
11013,2002-01-11,4000000.0,9304609.0,5304609.0,,,,
110130,1995-06-27,,,,,,,
110131,1962-12-13,,,,,,,
110139,1959-04-25,,,,,,,
110146,2012-08-08,,,,,,,
110147,2000-02-25,,,,,,,
110148,2012-05-19,,,,,,,
11015,1997-01-10,6.0E7,3.3956608E7,-2.6043392E7,,,,
11016,1948-07-31,,,,,,,
11020,1975-09-02,,,,,,,
110204,2011-10-30,,,,,,,
11022,2002-01-14,6500000.0,1.2633747E7,6133747.0,,,,
110227,1973-12-14,,,,,,,
11024,2004-03-24,,1.81466833E8,,,,,
11025,2004-05-01,,,,,,,
110260,1963-12-13,,,,,,,
11027,1981-03-20,1.2E7,,,,,,
110282,2004-11-12,,,,,,,
110299,1961-05-14,,,,,,,
1103,1981-05-22,6000000.0,5.02447E7,4.42447E7,3.9375,40,0.7777968556878774,2015-07-15
11030,1983-07-15,,1.1798616E7,,,,,
11031,1984-05-04,2500000.0,4736202.0,2236202.0,,,,
110323,2012-05-27,,,,,,,
11034,1974-03-27,6500000.0,2.65332E7,2.00332E7,,,,
11035,1972-03-15,,,,,,,
11036,2004-06-25,2.9E7,1.15603229E8,8.6603229E7,,,,
110372,2008-04-07,,,,,,,
110381,2013-01-09,,,,,,,
11039,1980-12-11,,,,,,,
110390,2014-10-24,,,,,,,
110391,2012-09-11,,,,,,,
110395,1992-08-14,,1119368.0,,,,,
110398,2012-08-07,,2341226.0,,,,,
11040,1970-12-14,1.5E7,3.1559552E7,1.6559552E7,,,,
11041,1993-10-15,,,,,,,
110410,2012-11-15,,,,,,,
110412,1974-05-10,,,,,,,
110419,1971-07-11,,,,,,,
11042,2003-05-21,8000000.0,3432342.0,-4567658.0,,,,
110428,2013-03-13,3512454.0,115860.0,-3396594.0,,,,
110447,2012-09-01,5700000.0,,,,,,
11045,2004-10-06,2.5E7,3.6609966E7,1.1609966E7,,,,
110465,1950-12-07,,,,,,,
110486,1991-03-31,,,,,,,
110501,2006-06-21,,,,3.8333333333333335,3,0.7637626158259733,2014-12-25
110502,1955-08-02,,,,,,,
11052,2004-08-13,,2.917041E7,,,,,
110525,1940-06-14,,,,,,,
11053,1975-06-26,,,,,,,
110538,1988-07-13,,,,,,,
11054,1988-02-16,,,,,,,
110540,1934-09-14,,,,,,,
110548,1991-09-06,,,,,,,
110549,2012-05-20,,,,,,,
110552,2013-10-23,,3302463.0,,,,,
11056,2002-10-02,,,,,,,
110573,1944-02-03,,,,,,,
11059,2003-04-11,7000000.0,1.3818181E7,6818181.0,,,,
110598,1978-12-22,,,,,,,
11062,1996-02-16,,,,,,,
110624,1993-12-03,,,,,,,
110628,1942-05-12,,,,,,,
11064,1985-05-22,,4.5833132E7,,,,,
110643,1984-12-14,,,,,,,
11066,1992-06-30,4.0E7,7.01E7,3.01E7,,,,
110669,1950-03-31,,2039000.0,,,,,
11067,1994-03-30,,3.0626182E7,,,,,
110671,1957-10-30,,,,,,,
11070,2001-10-25,,,,,,,
11071,1954-06-16,,,,,,,
110713,1994-01-01,,,,,,,
110733,1936-04-20,,,,,,,
11074,1993-09-17,30.0,,,,,,
110748,1970-01-01,,,,2.5,1,,2016-06-22
11076,1996-09-13,,,,,,,
110760,1988-01-01,,,,,,,
110779,1987-12-30,,,,,,,
110790,1945-01-01,,,,,,,
11081,2004-03-19,4.5E7,6.5470529E7,2.0470529E7,,,,
11082,1988-04-01,,1.8875011E7,,,,,
110830,1991-07-24,,,,,,,
11085,1962-11-08,1.9E7,1.368E7,-5320000.0,,,,
11086,2001-12-21,7.2E7,3.7317558E7,-3.4682442E7,,,,
11087,1992-01-10,1.17E7,8.8036683E7,7.6336683E7,,,,
11088,2001-11-09,3.5E7,,,,,,
110887,1928-02-26,,,,,,,
11089,2001-05-24,,,,,,,
110898,2009-12-09,,,,,,,
110899,1980-04-01,,,,,,,
110901,1981-08-21,,,,,,,
110903,1991-05-31,,,,,,,
110909,1996-10-11,,,,,,,
110919,2013-01-17,2050000.0,,,,,,
11092,1990-07-26,2.2E7,2.21303188E8,1.99303188E8,,,,
11093,2003-12-19,1.65E7,1.6942795E7,442795.0,,,,
110958,2011-05-18,,,,,,,
11096,2005-01-27,2.5E7,1.2264482E8,9.764482E7,,,,
110972,1996-02-09,,,,,,,
110980,1942-05-15,,,,,,,
110989,2004-04-24,,,,,,,
11099,2004-10-15,,548039.0,,,,,
111,1983-12-08,,6.5884703E7,,4.22457627118644,118,0.9095820812378914,2016-08-17
11101,1993-01-21,,,,,,,
111014,1999-01-01,,,,,,,
111024,1961-06-08,,,,,,,
11103,1996-11-07,,,,,,,
111037,1961-12-22,,,,,,,
11104,1994-07-14,,,,,,,
111083,2012-10-04,,,,,,,
111098,2009-10-21,,,,,,,
111100,1938-08-27,,,,,,,
111103,2011-09-04,,,,,,,
111109,2011-11-17,,,,,,,
11111,2007-03-01,,,,,,,
11112,1996-10-25,,,,,,,
11114,1977-11-03,1.0E7,,,,,,
11115,2008-01-29,,,,,,,
111173,2012-04-28,,,,,,,
111174,2012-09-18,,,,,,,
11121,1979-10-06,,,,,,,
11122,1993-10-07,,,,,,,
11123,1974-11-15,7000000.0,7.9666653E7,7.2666653E7,,,,
111237,2012-05-03,1.1E7,7200000.0,-3800000.0,,,,
111239,2010-10-23,,,,,,,
111261,2005-01-01,,,,,,,
11127,2008-07-19,9000000.0,,,,,,
11128,2004-10-01,6.0E7,7.4541707E7,1.4541707E7,,,,
11129,1999-06-04,600000.0,4000000.0,3400000.0,,,,
111304,1964-04-18,,,,,,,
111307,1932-01-30,,,,,,,
111312,1935-01-16,,,,,,,
111315,1938-03-04,,,,,,,
111317,1939-04-21,,,,,,,
11132,2004-02-17,1.5E7,2.9331068E7,1.4331068E7,,,,
111326,2012-05-23,,,,,,,
111332,2010-02-07,,,,,,,
111344,1934-04-01,,,,,,,
11135,1990-11-16,3.7931E7,4.7431461E7,9500461.0,,,,
111367,1996-11-27,,,,,,,
11139,1992-09-16,,,,,,,
111397,1961-10-29,,,,,,,
111398,1964-01-15,,,,,,,
11141,2004-04-04,2.8E7,3.0016165E7,2016165.0,,,,
11142,2005-01-01,,,,,,,
111421,1954-03-27,,,,,,,
11144,1978-09-15,,,,,,,
111440,2012-05-25,,,,,,,
111443,2012-11-23,,,,3.3333333333333335,6,0.40824829046386296,2016-07-23
11145,1979-12-21,,6.1801971E7,,,,,
111457,1926-06-06,,,,,,,
111459,1947-02-21,,,,,,,
111469,1978-08-01,,,,,,,
111470,1941-05-30,,,,,,,
11148,2007-06-14,,,,,,,
1115,2005-09-15,,,,,,,
11152,2008-04-02,8000000.0,,,,,,
11153,1983-07-28,1.5E7,6.1399552E7,4.6399552E7,,,,
11156,2009-04-22,,,,,,,
111561,1959-08-06,,,,,,,
11157,1989-12-08,,,,,,,
11158,1992-07-16,,5.8662452E7,,,,,
111582,1934-08-31,,,,,,,
11159,1996-05-24,4500000.0,1.3417292E7,8917292.0,,,,
1116,2006-06-23,6500000.0,2.2889018E7,1.6389018E7,,,,
11160,1980-03-01,,,,,,,
111605,1989-09-15,,,,,,,
111607,1926-11-23,,,,,,,
111625,1953-04-10,,,,,,,
11163,1969-09-18,3000000.0,,,,,,
11164,1994-03-25,,4.561041E7,,,,,
111642,1938-10-18,,,,,,,
11165,1970-01-26,2.5485E7,2.9548291E7,4063291.0,,,,
111650,1948-11-19,,,,,,,
111678,1958-12-23,,,,,,,
111697,1975-12-03,,,,,,,
11170,2006-12-12,,4.3545364E7,,,,,
11171,2004-05-20,,1524966.0,,,,,
111718,1960-08-09,,,,,,,
11172,2007-02-09,4.0E7,1.45896422E8,1.05896422E8,,,,
11174,1987-12-25,,,,,,,
111750,1939-09-29,,,,,,,
111752,1963-10-01,,,,,,,
111759,1925-06-15,,,,3.9423076923076925,26,0.725629700011281,2016-10-15
111771,2011-11-16,,,,,,,
11179,2004-06-17,,,,,,,
111794,1998-01-01,,,,,,,
111815,1990-11-23,,,,,,,
111836,2012-05-11,7000000.0,1.6E7,9000000.0,,,,
111839,2012-08-27,1.95E7,,,,,,
11185,1989-05-12,,4.6908987E7,,,,,
11188,2004-11-19,2.3E7,,,,,,
111883,1992-09-17,,,,,,,
11190,2003-06-25,,,,,,,
11191,1988-10-13,,,,,,,
111910,1958-04-22,,,,,,,
111913,2001-01-01,,,,3.0,1,,2015-05-18
11196,2003-05-17,,,,,,,
111974,2004-10-31,,,,,,,
111981,1970-10-01,,,,,,,
11199,2007-03-02,,2.53625427E8,,,,,
11202,1970-01-25,1.2E7,8.98E7,7.78E7,,,,
112044,2008-09-19,,,,,,,
112049,1954-11-16,,,,,,,
112054,1992-12-02,,,,,,,
112058,1977-07-15,,,,,,,
11206,1967-10-26,4000000.0,1.1E7,7000000.0,,,,
112087,1975-03-01,,,,,,,
11209,1960-10-23,1.2E7,7900000.0,-4100000.0,,,,
112090,2012-09-06,,,,,,,
11210,1997-06-11,,,,,,,
11211,2006-08-08,,,,,,,
112119,2012-05-07,,,,,,,
11212,1994-07-01,,1.6671505E7,,,,,
112136,2012-01-20,1000000.0,,,,,,
112141,1997-12-13,,,,,,,
11215,1987-09-17,,,,,,,
112160,2012-05-09,,,,,,,
112161,2012-06-01,,,,,,,
112162,2012-06-01,350000.0,,,,,,
11217,2004-02-27,8500000.0,5001655.0,-3498345.0,,,,
112198,2012-04-25,,,,,,,
11220,1995-09-06,,,,,,,
11222,1977-06-26,,,,,,,
11223,1978-01-06,,,,,,,
112234,1971-01-01,,,,,,,
11225,2005-09-04,,,,,,,
11227,2005-12-21,,,,,,,
11228,1996-12-06,,1.59212469E8,,,,,
112293,2012-02-02,,,,,,,
1123,2006-10-27,,4291965.0,,4.0,2,1.4142135623730951,2000-06-02
11234,1971-08-01,,,,,,,
11235,1983-02-17,,,,,,,
112383,1972-11-17,,,,,,,
112422,1995-01-01,,,,,,,
11243,1985-03-23,,,,,,,
11244,1993-08-06,30.0,,,,,,
112460,2004-02-02,,,,2.0,2,0.7071067811865476,2015-04-26
11248,1994-11-26,,,,,,,
112481,1976-04-23,,,,,,,
1125,2006-12-25,7.0E7,1.5493768E8,8.493768E7,3.4107142857142856,28,1.2251498126727456,2012-02-11
112501,1935-06-15,,,,,,,
112503,1966-10-28,,,,,,,
11252,1998-12-04,6.0E7,3.714113E7,-2.285887E7,,,,
11253,2008-07-11,8.5E7,1.60388063E8,7.5388063E7,,,,
112531,2011-09-30,,,,,,,
112558,1957-02-01,,,,,,,
11257,1985-12-13,3000000.0,2.0966644E7,1.7966644E7,,,,
112570,1967-03-22,,,,,,,
112575,1995-12-22,,,,,,,
11259,1992-05-22,6.0E7,1.3778384E8,7.778384E7,,,,
1126,2004-06-11,,,,2.727272727272727,11,0.753778361444409,2009-12-02
11260,2008-07-08,,5.0650079E7,,,,,
112601,1967-10-28,,,,,,,
112618,1936-07-10,,,,,,,
112633,1974-04-30,,,,,,,
112648,2002-01-20,,,,,,,
112655,1937-09-30,,,,2.5,1,,2015-06-10
112672,1958-03-01,,,,,,,
112674,1938-11-17,,,,,,,
112675,1974-12-23,,,,,,,
112678,1999-10-07,,,,,,,
112687,1972-03-01,,,,,,,
112698,1934-01-01,,,,,,,
1127,2005-09-02,,,,3.612676056338028,71,0.8952141926400773,2016-05-08
112705,1948-09-15,,,,,,,
112708,1994-12-14,,,,,,,
112731,1977-07-15,1900000.0,,,,,,
112735,2012-02-10,,,,4.5,1,,2014-07-18
112739,1980-09-26,,,,,,,
112767,1998-01-01,,,,4.0,1,,2016-05-11
112823,1975-09-24,,,,,,,
11283,2005-10-21,2.5E7,1.22489822E8,9.7489822E7,,,,
11284,1991-09-05,1.1E7,3.4872033E7,2.3872033E7,,,,
11286,1981-06-19,1.8E7,7.2179579E7,5.4179579E7,,,,
112882,1931-08-15,,,,,,,
112885,1937-10-15,,,,,,,
112912,1943-01-01,,,,,,,
11293,1973-05-09,,,,,,,
112931,2012-03-20,,,,,,,
112942,1998-12-05,,,,,,,
112947,1982-08-22,,,,,,,
112949,2013-02-07,,9.759414E7,,,,,
112961,2003-01-01,,10550.0,,,,,
112969,1993-01-01,,,,,,,
11297,2003-04-04,3000000.0,,,,,,
112973,1996-06-07,,,,,,,
11298,1981-04-03,,1.7985893E7,,,,,
112999,1966-05-06,,,,,,,
11300,1986-11-07,,8362969.0,,,,,
11303,2000-06-13,,,,,,,
113040,2012-06-12,,,,,,,
11305,1989-09-06,2800000.0,,,,,,
11307,1982-08-13,1.7E7,2.9712172E7,1.2712172E7,,,,
11308,1984-03-09,,,,,,,
113082,2012-02-03,,,,,,,
11309,1990-09-14,1500000.0,5728953.0,4228953.0,,,,
113096,1998-09-23,,,,,,,
113097,2000-01-01,,,,,,,
11310,1994-06-10,,,,,,,
113105,1978-01-01,,,,,,,
113137,1999-06-06,,,,,,,
11315,1999-11-27,,,,,,,
113154,1965-01-01,,,,,,,
113158,1961-01-01,,,,,,,
11316,1971-10-13,,,,,,,
11317,1994-02-11,,,,,,,
113175,1996-02-26,,,,,,,
113178,1999-01-01,,402805.0,,,,,
11318,1994-12-28,,,,,,,
11319,1977-06-22,1200000.0,7.1215869E7,7.0015869E7,,,,
113190,2010-03-26,,,,,,,
113209,1994-02-20,,,,,,,
11321,2008-12-18,5.5E7,1.68167691E8,1.13167691E8,,,,
113213,2000-05-14,,,,,,,
113214,1936-08-19,,,,,,,
113217,2000-07-12,,,,,,,
11322,2009-07-01,,2.1410462E8,,,,,
11323,2009-09-18,2.2E7,3.5424826E7,1.3424826E7,,,,
11324,2010-02-18,8.0E7,2.94804195E8,2.14804195E8,,,,
113255,1983-07-07,,,,,,,
113258,2010-03-12,,,,,,,
113262,2007-01-17,,,,,,,
113271,1997-07-11,,,,,,,
113273,1999-01-01,,,,,,,
113279,1999-01-01,,,,,,,
11328,2004-12-25,,,,,,,
113286,1998-12-01,,,,,,,
113290,1997-09-19,,,,,,,
113294,2012-06-15,,,,,,,
113300,1971-12-29,,,,,,,
113321,2006-06-29,,,,,,,
113329,2012-05-04,,,,,,,
11336,1983-10-21,1.0E7,2.0766616E7,1.0766616E7,,,,
113369,2001-10-10,,,,,,,
11337,1980-09-26,1.0E7,1.0389003E7,389003.0,,,,
113374,2011-01-01,,,,,,,
113391,1986-09-26,,,,,,,
11340,1982-03-24,,,,,,,
113432,2007-02-10,,,,,,,
11346,2004-02-08,,,,,,,
11347,1988-09-14,2500000.0,1189315.0,-1310685.0,,,,
11348,2005-10-14,,,,,,,
11349,1962-04-12,,,,,,,
113523,1972-01-01,,,,,,,
113525,1976-05-21,,,,,,,
11354,2005-01-23,,,,,,,
11356,1968-02-07,,4.4527234E7,,,,,
11358,2004-04-02,5.6E7,5.722389E7,1223890.0,,,,
11359,1995-07-14,4.5E7,,,,,,
11360,1941-10-22,812000.0,1600000.0,788000.0,,,,
11361,1989-10-12,5000000.0,1.1642254E7,6642254.0,,,,
11363,1996-08-26,3500000.0,9482579.0,5982579.0,,,,
113649,2010-06-10,,,,,,,
11365,1997-09-01,,,,,,,
113660,2002-05-31,,,,,,,
113670,1968-01-01,,,,,,,
113693,2012-06-08,,,,,,,
11370,2001-09-07,4.0E7,2.7053815E7,-1.2946185E7,,,,
113700,1957-08-01,,,,,,,
11371,2001-07-13,6.8E7,7.1069884E7,3069884.0,,,,
11372,1976-12-24,,,,,,,
11373,2003-02-06,,,,,,,
113737,1998-01-01,,,,,,,
113739,1962-02-01,,,,,,,
11374,1999-03-26,8.0E7,,,,,,
113743,1955-02-18,,,,,,,
11375,2003-06-09,7.5E7,5.1142659E7,-2.3857341E7,,,,
113752,2012-05-28,3000000.0,,,,,,
113777,1978-07-02,,,,,,,
113782,1969-04-13,,,,,,,
113784,1985-04-15,,,,,,,
11381,1995-03-31,,3.2648673E7,,,,,
11382,1994-10-14,,,,,,,
113823,1951-03-01,,,,,,,
113843,1954-09-30,,,,,,,
11386,1992-09-02,3705538.0,6.2548947E7,5.8843409E7,,,,
11387,1965-02-15,,,,,,,
113882,2006-01-01,,,,,,,
11389,1968-10-11,,,,,,,
11390,1971-10-08,,,,,,,
113916,1936-09-02,,,,,,,
11392,1976-10-01,,,,,,,
113921,1950-12-30,,,,,,,
113936,1956-09-29,,,,,,,
113958,2006-02-26,,,,,,,
11396,1967-04-12,,,,,,,
11397,2001-12-07,1.6E7,6.6468332E7,5.0468332E7,,,,
11399,2004-11-18,,,,,,,
114,1990-03-23,1.4E7,4.63E8,4.49E8,3.0,1,,1997-03-03
11400,2005-12-25,,3.0536013E7,,,,,
114003,2012-06-09,,,,,,,
114006,1996-01-01,,,,,,,
11401,2004-01-21,,,,,,,
114018,1920-10-01,,,,,,,
11402,1954-09-28,,,,,,,
11403,2010-04-09,,,,,,,
114030,2001-06-09,,,,,,,
114033,1986-01-01,,,,,,,
11404,2006-04-30,,,,,,,
114044,2006-01-06,9500.0,,,2.5,1,,2015-06-10
114047,2002-10-12,,,,,,,
114051,1980-10-06,,680224.0,,,,,
11406,2006-06-26,,,,,,,
114081,1951-10-26,,3550000.0,,,,,
114089,1995-08-30,,,,,,,
114096,1978-09-28,,,,,,,
11411,1987-07-23,,1.93E7,,,,,
114116,1969-03-02,,,,,,,
11412,1996-10-11,6.5E7,8.9456761E7,2.4456761E7,,,,
11413,2004-01-17,,,,,,,
114145,1907-06-30,,,,,,,
114146,1912-01-01,,,,,,,
11415,1986-02-28,3000000.0,,,,,,
114150,2012-09-28,,1.15350426E8,,,,,
114155,2014-03-08,,,,,,,
11416,1986-09-29,2.45E7,1.7218023E7,-7281977.0,,,,
114162,2000-01-01,1850000.0,,,,,,
11417,1983-05-11,350000.0,,,,,,
114184,1969-08-29,,,,,,,
114189,2011-11-24,,,,,,,
11419,1997-02-13,2.5E7,3.640036E7,1.140036E7,,,,
11420,2003-09-10,,4500000.0,,,,,
11421,2005-05-27,,,,,,,
114221,2007-11-02,,,,,,,
11423,2003-04-24,2800000.0,,,,,,
11424,1956-07-17,2000000.0,,,,,,
114242,1960-09-30,,,,,,,
114246,2006-03-23,,,,,,,
11425,1997-03-18,7000000.0,,,,,,
11426,1953-08-28,1650000.0,3.05E7,2.885E7,,,,
114284,1992-01-01,,,,,,,
114285,2012-08-30,,,,,,,
11430,2004-02-06,,,,,,,
114324,1923-07-01,,,,,,,
114333,1966-11-07,,,,,,,
114348,1933-07-12,,,,,,,
114377,2012-06-02,,,,,,,
114390,1970-02-01,,,,,,,
114394,1983-10-02,,1.0,,,,,
114395,1973-06-04,,,,,,,
114403,1980-06-02,,,,,,,
114405,1986-06-02,,,,,,,
11441,1981-12-18,,,,,,,
114423,1977-06-13,,,,,,,
114438,2012-03-28,,,,,,,
11444,2001-01-17,,,,,,,
114444,1972-06-05,,,,,,,
11445,2005-08-24,,,,,,,
11446,1995-05-24,,,,,,,
114464,2012-04-28,,,,5.0,1,,2014-09-27
11447,2001-03-09,,,,,,,
114471,1948-10-22,,,,,,,
114478,2012-07-21,,,,,,,
11449,1979-07-27,,8.6432E7,,,,,
11451,2005-06-22,,6.6002004E7,,,,,
114516,1982-03-14,,,,,,,
114521,1986-01-01,,,,,,,
11453,2005-08-06,2.2E7,2.2400154E7,400154.0,,,,
11455,1978-01-01,,4.1590893E7,,,,,
114562,2012-07-13,,44689.0,,,,,
114564,2010-01-15,380000.0,520000.0,140000.0,,,,
114574,2012-06-26,500000.0,500000.0,0.0,,,,
11458,2002-11-21,2.0E7,,,,,,
11459,2005-07-29,3.5E7,8.6369815E7,5.1369815E7,,,,
114594,1998-07-31,,,,,,,
114609,1976-10-22,,,,,,,
11462,1941-11-14,,4500000.0,,,,,
114645,1972-09-30,,,,,,,
11465,1989-06-30,,,,,,,
11468,2002-01-01,,676698.0,,,,,
114719,1999-04-16,,94633.0,,,,,
114726,1992-09-04,1.1E7,1659542.0,-9340458.0,,,,
11474,1979-02-08,4000000.0,2.2490039E7,1.8490039E7,,,,
11475,1989-03-24,,,,,,,
114750,2014-10-17,,,,,,,
11476,2001-12-12,,,,,,,
114761,2000-02-27,,,,,,,
114779,2013-04-12,,,,,,,
11478,2000-03-31,1.5E7,3.500718E7,2.000718E7,,,,
11479,1994-12-14,,,,,,,
11482,1976-05-26,,,,,,,
11483,1986-05-08,4.0E7,1641825.0,-3.8358175E7,,,,
11485,1969-08-18,,,,,,,
114872,1952-01-29,,,,,,,
114875,1960-09-28,,,,,,,
114887,2012-06-13,,,,,,,
11489,1999-05-23,,266665.0,,,,,
114922,2007-03-10,250.0,,,,,,
11495,1984-05-11,1.5E7,1.7080167E7,2080167.0,,,,
114955,2012-06-15,,,,,,,
11496,1987-10-30,,,,,,,
114962,2012-02-13,,,,,,,
11497,1989-11-17,,2.7100027E7,,,,,
114975,1955-07-03,,,,,,,
11498,1991-08-23,,3.801638E7,,,,,
114982,2014-08-15,,,,,,,
115,1998-03-06,1.5E7,4.6189568E7,3.1189568E7,,,,
115023,2012-10-24,,,,,,,
11503,1988-02-05,7000000.0,1.9595031E7,1.2595031E7,,,,
11504,1991-10-04,,,,,,,
115042,1983-08-13,,606694.0,,,,,
115046,2012-01-27,,,,,,,
11506,1963-09-23,,,,,,,
11507,1984-10-25,,8801940.0,,,,,
11508,1998-09-22,,,,,,,
115084,2012-06-16,1000000.0,,,,,,
11511,1996-07-17,2.0E7,,,,,,
115111,1951-05-19,,,,,,,
11512,1976-02-01,,,,,,,
115124,2002-06-21,,,,,,,
11513,1987-12-03,,,,,,,
115132,1925-03-20,,,,,,,
11515,2006-11-08,5.0E7,9448082.0,-4.0551918E7,,,,
115150,1989-02-21,,,,,,,
11516,2001-12-12,3.5866397E7,2.021708E7,-1.5649317E7,,,,
115162,1963-11-13,,,,,,,
115187,2006-11-24,,,,,,,
11519,1979-12-13,3.5E7,3.1755742E7,-3244258.0,,,,
115199,2012-06-15,,,,,,,
115214,2013-09-06,,,,,,,
11522,1986-02-28,,4.0471663E7,,,,,
115223,2011-07-16,,,,,,,
11523,2003-03-21,,1.5614E7,,,,,
11524,1981-03-27,,4300000.0,,,,,
115241,2008-01-01,,,,,,,
11526,1997-07-02,,,,,,,
115260,2009-08-19,,,,,,,
115276,2012-10-12,,,,,,,
115283,2013-10-03,,175705.0,,,,,
11529,2002-09-26,3.0E7,1.80622424E8,1.50622424E8,,,,
115290,2012-06-16,,,,,,,
11530,1978-03-16,,,,,,,
115306,2008-02-14,,,,,,,
11532,1985-06-26,,2.4467E7,,,,,
11533,1963-06-19,1000000.0,,,,,,
115332,1983-09-21,,,,,,,
115348,2013-08-14,3.5E7,1.3785015E7,-2.1214985E7,,,,
11535,2002-02-08,,,,,,,
115353,1970-06-13,,,,,,,
11536,1961-01-01,4000000.0,8200000.0,4200000.0,,,,
115383,2003-02-28,,,,,,,
115384,1938-03-18,,,,,,,
115386,1989-03-17,,,,,,,
11542,1980-12-25,1.5E7,1.9853892E7,4853892.0,,,,
11543,1996-07-04,2.7E7,2.5023434E7,-1976566.0,,,,
11544,2002-06-21,,1.45771527E8,,,,,
11546,1994-06-09,,126247.0,,,,,
115463,1976-11-11,,,,,,,
11547,2003-08-15,,3.0553394E7,,,,,
11549,1956-02-05,417000.0,,,,,,
11551,1998-07-10,4.0E7,5.4682547E7,1.4682547E7,,,,
11553,2001-10-31,,,,,,,
115547,2012-05-07,1000000.0,,,,,,
115549,1959-07-30,,,,,,,
11556,2003-09-08,,,,,,,
115565,1992-09-18,,,,,,,
11557,1985-06-20,,3.7803872E7,,,,,
11558,1976-12-03,6500000.0,5.1079064E7,4.4579064E7,,,,
11559,2005-09-09,1.2E7,566611.0,-1.1433389E7,,,,
11560,2002-04-03,4.2E7,6.378181E7,2.178181E7,,,,
11561,1973-12-17,2000000.0,1.8344729E7,1.6344729E7,,,,
11562,1989-10-13,1.9E7,1.8254702E7,-745298.0,,,,
11564,1982-08-20,4300000.0,,,,,,
11565,2006-01-26,4.0E7,1.38259062E8,9.8259062E7,,,,
115656,2010-02-11,1700000.0,,,,,,
115665,1996-02-16,,,,,,,
11567,2005-04-21,,,,,,,
11568,1998-02-05,2.8E7,1.4051384E7,-1.3948616E7,,,,
11569,1992-09-11,5000000.0,1.2534961E7,7534961.0,,,,
11570,1952-09-27,1850000.0,,,,,,
115711,1998-02-20,,,,,,,
115712,2011-09-02,,,,,,,
11572,2003-01-02,,8500.0,,,,,
11573,1968-07-19,,,,,,,
115738,2012-06-08,4700000.0,,,,,,
11575,1965-07-01,1.2E7,2.5333333E7,1.3333333E7,,,,
11576,1963-11-07,9400000.0,6.0E7,5.06E7,,,,
115782,2013-08-16,1.2E7,3.593141E7,2.393141E7,,,,
115788,1985-08-03,,,,,,,
115821,2012-09-28,,,,,,,
11583,1979-01-25,6000000.0,,,,,,
115834,1951-10-26,,,,,,,
11584,1987-06-19,,4.0050884E7,,,,,
11587,1990-08-17,,3.9024251E7,,,,,
115871,2012-05-01,8000000.0,,,,,,
115873,2006-06-02,50000.0,300000.0,250000.0,,,,
115877,1966-01-01,,,,3.5,1,,2015-07-24
115893,1928-06-16,,97.0,,,,,
115894,1978-10-20,,631083.0,,,,,
11590,1977-02-25,,2.8E7,,,,,
115903,1982-10-25,,646714.0,,,,,
115909,1985-10-10,,,,,,,
115929,2012-02-15,,,,,,,
11594,1956-12-19,,,,,,,
11596,1994-10-13,1.4E7,1.8090181E7,4090181.0,,,,
115972,1960-12-26,,,,,,,
116,2005-10-26,1.5E7,8.5306374E7,7.0306374E7,4.75,6,0.4183300132670378,2005-12-30
116008,1997-01-01,,,,,,,
116019,2012-03-23,,,,,,,
11603,1998-11-22,,,,,,,
11605,1963-05-29,,,,,,,
116094,2002-03-11,,,,,,,
11610,1972-05-04,,,,,,,
11612,1973-03-22,,,,,,,
11613,1983-02-11,,,,,,,
11614,1982-08-05,,,,,,,
116155,1935-06-15,,,,,,,
116167,2012-05-14,,,,,,,
11617,1950-11-15,,,,,,,
11618,1999-07-23,8.0E7,9.1188905E7,1.1188905E7,,,,
116190,1954-03-07,,,,,,,
1162,1962-05-22,500000.0,2500000.0,2000000.0,3.6,5,1.51657508881031,2002-06-02
11620,1951-11-08,8250000.0,3.0E7,2.175E7,,,,
11621,1992-07-18,,,,,,,
11622,1999-02-12,3.5E7,4.026302E7,5263020.0,,,,
116227,2012-02-16,,,,,,,
116232,1937-12-10,,,,,,,
116236,1962-07-31,,,,,,,
116248,2011-10-09,,,,,,,
11626,1970-11-13,,,,,,,
11627,1943-03-05,,,,,,,
11628,2002-09-23,,,,,,,
1163,2000-11-12,,,,2.5,2,0.7071067811865476,2000-03-12
11630,1990-11-21,,,,,,,
116303,2012-05-12,,,,,,,
116312,1978-09-14,,1622164.0,,,,,
116318,1985-01-01,,,,,,,
11633,2004-04-17,1.0E7,1461989.0,-8538011.0,,,,
116333,1999-10-07,,,,,,,
116351,1966-05-31,,,,,,,
116377,2012-08-08,,,,,,,
116379,1998-05-19,,,,,,,
116385,1960-11-10,,,,,,,
11639,1982-12-17,1.5E7,4.0577001E7,2.5577001E7,,,,
1164,2006-09-08,,1.35330182E8,,1.0,1,,2002-08-21
11643,1969-04-24,,,,,,,
116437,2011-12-16,,,,,,,
116439,1976-03-01,,,,,,,
116445,1973-04-25,110000.0,,,,,,
11645,1985-06-01,1.15E7,4069653.0,-7430347.0,,,,
116463,2012-06-23,,,,,,,
116466,2011-07-11,,,,,,,
11647,2003-10-01,,,,,,,
11649,1987-08-07,2.2E7,1.733637E7,-4663630.0,,,,
116494,1991-09-10,,,,,,,
116495,2007-09-02,,,,,,,
1165,2006-09-15,,1.23384128E8,,1.5,1,,2008-06-28
11650,2006-05-01,,,,,,,
116500,1945-08-31,,,,,,,
11651,2006-07-20,,,,,,,
116514,2011-04-14,2.0,,,,,,
11653,2005-05-11,,,,,,,
11654,1983-04-29,,5979292.0,,,,,
116544,2006-03-18,,,,,,,
11655,1993-09-12,,,,,,,
11656,1960-02-08,,,,,,,
116569,2000-08-01,,,,,,,
11657,1970-10-19,,,,,,,
11659,2003-05-19,,,,,,,
11660,1998-09-12,,48482.0,,,,,
11661,2005-11-09,2.2E7,1.7709155E7,-4290845.0,,,,
11662,2004-04-24,6000000.0,1530216.0,-4469784.0,,,,
116639,1931-01-11,,,,,,,
11665,2008-06-19,8.0E7,2.30685453E8,1.50685453E8,,,,
11671,2008-08-08,1.3E7,1.4894347E7,1894347.0,,,,
116711,2013-05-15,1.0E8,2.68426634E8,1.68426634E8,,,,
116712,1943-10-29,,,,,,,
11674,1996-11-17,5.4E7,3.20689294E8,2.66689294E8,,,,
116741,2013-06-07,5.8E7,4.4E7,-1.4E7,,,,
116745,2013-12-18,9.0E7,1.88133322E8,9.8133322E7,,,,
116753,2004-12-10,,,,,,,
11676,1997-07-18,2.5E7,,,,,,
116760,1978-03-03,,,,,,,
11677,1995-10-26,,,,,,,
116776,1988-07-09,,,,,,,
11678,2000-12-08,7.5E7,2.15663859E8,1.40663859E8,,,,
11679,2005-04-27,6.0E7,7.1073932E7,1.1073932E7,,,,
11680,1980-03-05,,,,,,,
116811,2012-08-30,,,,,,,
11683,2005-06-24,1.5E7,4.6770602E7,3.1770602E7,,,,
116844,1997-03-14,,,,,,,
116853,2011-09-26,,,,,,,
11686,1975-06-10,3000000.0,2.0173742E7,1.7173742E7,,,,
11688,2000-12-09,,1.69327687E8,,,,,
116894,2001-04-23,,,,,,,
116904,1994-09-15,,,,,,,
11693,2007-05-19,,,,,,,
11694,1965-06-24,,2.0666667E7,,,,,
116979,2012-10-02,,,,,,,
116988,1979-08-09,,,,,,,
11699,2009-09-11,,1.0589102E7,,,,,
117,1987-06-02,2.5E7,7.6270454E7,5.1270454E7,3.0,6,1.2649110640673518,2012-08-08
11700,1955-12-26,,,,,,,
117001,1931-01-30,,,,,,,
117007,2004-10-05,,,,,,,
11702,1998-02-06,3.0E7,1.9204929E7,-1.0795071E7,,,,
117023,2001-01-01,,,,,,,
117024,1918-03-28,,,,,,,
117026,1957-06-28,,,,,,,
11703,1985-07-26,,,,,,,
117034,1979-01-09,,,,,,,
117038,2002-10-08,,,,,,,
11704,1982-06-17,7000000.0,1.4665733E7,7665733.0,,,,
11705,2006-05-20,,1128345.0,,,,,
11706,1956-08-21,6000000.0,1.25E7,6500000.0,,,,
11707,1984-08-17,,4.8143579E7,,,,,
117098,2011-09-23,,,,,,,
117099,2004-04-23,,,,,,,
11710,1974-11-01,,,,,,,
117102,2012-05-22,500000.0,,,,,,
11712,1962-01-01,,,,,,,
117120,2012-06-23,,,,,,,
117142,2002-09-06,,,,,,,
117164,1994-11-22,,,,,,,
117168,2002-03-22,,,,,,,
117179,1999-06-11,,,,,,,
11719,1991-03-15,,,,,,,
117209,2007-03-02,,,,,,,
117212,1965-01-15,,,,,,,
117232,2010-05-16,,,,,,,
117259,1999-10-28,,,,,,,
117262,2000-08-18,,,,,,,
117263,2013-03-20,7.0E7,1.6102564E8,9.102564E7,,,,
117266,2012-08-02,,,,,,,
117316,2007-06-06,,,,,,,
117319,2013-01-25,1.7E7,5.1E7,3.4E7,,,,
117341,2004-09-24,,,,,,,
117343,2004-01-01,,,,,,,
117345,1999-10-15,,,,,,,
117375,2013-03-29,,,,,,,
117377,2012-09-20,,,,,,,
117401,1996-09-23,,,,,,,
117404,2001-10-24,,,,,,,
117406,2001-09-19,,,,,,,
117407,2012-09-21,,,,,,,
117412,1933-09-07,,,,,,,
117424,1970-01-01,,,,,,,
117426,1968-01-01,,,,,,,
117428,1968-01-01,,,,,,,
117435,1928-03-20,,,,,,,
117457,1949-02-25,,,,,,,
117464,2012-08-16,,,,,,,
117472,1933-04-27,,,,,,,
117478,1952-04-10,,,,,,,
117479,1984-02-21,,,,,,,
117483,1979-09-04,,,,,,,
117493,1972-06-01,,,,,,,
117499,1968-12-20,,,,,,,
117500,1946-09-26,,,,,,,
117506,2012-06-21,,,,,,,
117509,1986-01-01,,,,,,,
117512,1982-11-11,,,,,,,
11752,2008-07-17,,,,,,,
117530,2010-09-16,,,,,,,
117550,1977-10-20,,,,,,,
117553,1993-09-03,1.3E7,2570145.0,-1.0429855E7,,,,
117565,1989-10-01,,,,,,,
117592,1934-01-01,,,,,,,
11763,2005-05-27,,,,,,,
11765,1979-10-02,,,,,,,
11767,1980-03-13,,,,,,,
117678,2011-10-27,,,,,,,
11770,2001-07-12,,4.277676E7,,,,,
117700,2012-06-09,5000000.0,,,,,,
11772,1963-09-18,,,,,,,
11773,1960-11-05,,,,,,,
117730,1994-01-01,,,,,,,
11774,2004-12-16,1.4E8,2.09073645E8,6.9073645E7,,,,
11775,2003-09-02,6.0E7,1.19940815E8,5.9940815E7,,,,
117751,2012-06-29,,,,,,,
117767,1958-01-04,,,,,,,
11777,1994-12-24,2.5E7,,,,,,
117773,1992-10-23,,,,,,,
11778,1978-12-08,1.5E7,5.0E7,3.5E7,,,,
117781,1962-02-20,,,,,,,
117790,2006-04-20,,,,,,,
11780,1995-04-13,2.8E7,3.1596911E7,3596911.0,,,,
11782,1992-04-16,4500000.0,,,,,,
117856,2012-06-30,,,,,,,
117863,1959-02-02,,,,,,,
117869,1956-10-15,,,,,,,
11788,2005-09-29,,,,,,,
11790,1992-09-18,,,,,,,
117905,2001-03-04,,,,,,,
11791,1959-05-04,,,,,,,
117942,2012-03-28,500000.0,,,,,,
11797,1985-08-02,9000000.0,2.4922237E7,1.5922237E7,,,,
117974,2012-11-30,,61782.0,,,,,
117978,2012-11-09,4000000.0,,,,,,
11799,1965-11-22,,,,,,,
11800,1993-11-10,,,,,,,
118009,1951-02-02,,,,,,,
11801,2007-02-17,1.5E7,,,,,,
11804,2005-01-07,1.0E7,9.1196419E7,8.1196419E7,,,,
118051,2012-07-13,6400000.0,1.88E7,1.24E7,,,,
118059,1944-04-16,,,,,,,
11806,1992-04-03,,1.47214049E8,,,,,
11807,2007-10-26,2300000.0,4600000.0,2300000.0,,,,
118075,1997-01-19,,86175.0,,,,,
11808,1998-03-06,6.0E7,1.02367405E8,4.2367405E7,,,,
118083,1979-11-02,,,,,,,
118098,1988-10-14,,,,,,,
11811,1993-01-08,900000.0,8556940.0,7656940.0,,,,
118116,2008-07-04,,,,,,,
11812,2002-04-12,4.3E7,6.869677E7,2.569677E7,,,,
118131,1929-05-04,,,,,,,
118134,1930-11-23,,,,,,,
118139,1932-02-06,,,,,,,
11814,1985-08-01,,3.8934048E7,,,,,
11815,1958-07-16,700000.0,3000000.0,2300000.0,,,,
118150,1967-08-25,,,,,,,
118155,1987-01-01,,,,,,,
11816,1981-12-04,,1.9255967E7,,,,,
11817,2003-03-28,5.2E7,,,,,,
118180,2004-04-24,,,,,,,
118195,1979-05-10,,,,,,,
11821,1991-08-02,,,,,,,
11823,2004-09-13,3.1E7,4.1512007E7,1.0512007E7,,,,
118236,1950-09-11,,,,,,,
118245,1932-04-09,,,,,,,
11825,1988-03-17,,1.9510371E7,,,,,
118251,2006-03-12,,,,,,,
118283,1956-10-26,,,,,,,
118289,2013-09-19,,2.1766271E7,,,,,
118293,2012-09-26,,,,,,,
118309,2008-03-16,,,,,,,
11831,1997-12-03,3.6E7,7.4E7,3.8E7,,,,
11832,1987-08-28,,4398938.0,,,,,
118337,1969-12-01,,,,,,,
118340,2014-07-30,1.7E8,7.73328629E8,6.03328629E8,,,,
11836,2004-11-14,3.0E7,1.40161792E8,1.10161792E8,,,,
118379,1996-11-28,,,,,,,
11838,2002-10-18,3500000.0,,,,,,
118390,1969-11-25,,,,,,,
118397,2011-12-01,2000000.0,,,,,,
118406,2012-07-28,,1.7322136E7,,,,,
118408,2012-07-07,,2.0,,,,,
11841,1978-02-02,,,,,,,
118412,2012-06-23,,,,,,,
11842,1971-09-15,,,,,,,
118427,1995-11-28,,,,,,,
11844,1996-05-11,,,,,,,
118444,1958-10-25,,,,,,,
118446,1951-04-04,,,,,,,
118451,2012-04-25,,,,,,,
118452,1998-08-07,300000.0,40542.0,-259458.0,,,,
11848,1954-12-29,,,,,,,
11849,2000-12-08,3.5E7,1.5185241E7,-1.9814759E7,,,,
118490,1955-05-05,,,,,,,
11851,1988-06-10,,2.0324096E7,,,,,
118513,2012-08-29,3000000.0,,,,,,
118517,1954-07-23,,,,,,,
11852,2002-12-13,,3.508155E7,,,,,
11853,1994-04-22,,1.5240435E7,,,,,
118536,1947-04-25,,,,,,,
11854,1998-10-16,1530000.0,1.5306E7,1.3776E7,,,,
118549,1956-12-21,,,,,,,
11855,1998-09-16,,,,,,,
118553,1997-03-05,,,,,,,
118557,1994-02-01,,,,,,,
11856,1990-08-10,,3.3461269E7,,,,,
11857,2002-01-10,,,,,,,
118575,1951-04-14,,,,,,,
11859,1995-11-03,5.0E7,1.1534477E7,-3.8465523E7,,,,
118628,2012-09-14,,1.162E7,,,,,
118632,1996-11-08,,,,,,,
118636,1952-07-16,,,,,,,
118658,2002-01-01,,,,,,,
118677,2012-08-17,,,,,,,
11868,1958-05-08,226188.0,,,,,,
118683,2012-10-25,,,,,,,
118690,2012-08-24,,,,,,,
118716,1963-02-14,,,,,,,
118727,2000-10-30,,,,,,,
11873,1986-10-07,,5.2293982E7,,,,,
118751,1987-12-05,,,,,,,
11876,1995-09-20,3.5E7,1.5E7,-2.0E7,,,,
118762,2009-10-20,,,,,,,
118778,2010-05-12,,,,,,,
11879,1987-10-02,5000000.0,,,,,,
118792,1984-01-01,,,,,,,
118794,1990-12-31,,,,,,,
118809,1992-01-01,,,,,,,
118872,1968-10-13,,,,,,,
118876,1975-02-05,,,,,,,
118887,1979-08-10,,,,,,,
118889,1938-12-30,,,,,,,
11889,2001-12-14,,,,,,,
11890,1991-04-26,3.5E7,2.3562716E7,-1.1437284E7,,,,
11891,2002-01-25,,,,,,,
118910,1955-12-31,,,,,,,
118911,1967-02-09,,,,,,,
118915,1971-12-16,,,,,,,
11892,2002-04-19,5.0E7,5.6714147E7,6714147.0,,,,
11893,1985-11-15,9000000.0,7936012.0,-1063988.0,,,,
118936,1937-10-29,,,,,,,
11894,1991-10-24,,,,,,,
118948,1945-01-19,,,,,,,
11895,1989-03-09,,1.1567217E7,,,,,
118953,1943-11-05,,,,,,,
118957,2012-09-05,,,,,,,
11896,1987-12-11,1.4E7,5.7915972E7,4.3915972E7,,,,
11899,1984-07-13,8000000.0,,,,,,
118991,1997-04-11,,57252.0,,,,,
119001,1959-07-05,,,,,,,
119010,1976-02-13,,,,,,,
11904,1985-12-04,1.8E7,,,,,,
11905,1984-09-15,2000000.0,,,,,,
11906,1977-02-01,,,,,,,
11907,1994-11-07,,,,,,,
11909,1990-08-17,3500000.0,,,,,,
11910,2006-12-18,,,,,,,
11911,1981-04-29,144.0,,,,,,
11912,1968-08-17,,,,,,,
11913,1970-10-28,,,,,,,
11914,1971-04-12,,,,,,,
11915,1982-10-03,,,,,,,
119172,2011-07-04,,,,,,,
119183,1967-03-14,,,,,,,
119193,2012-09-12,17.0,,,,,,
119213,1997-11-07,,,,,,,
11925,2000-12-15,,,,,,,
119256,2007-04-05,,,,,,,
11927,2008-01-04,,,,,,,
119273,2012-08-03,,,,,,,
119278,2012-10-12,,,,,,,
119283,2013-01-23,3.5E7,4.6216641E7,1.1216641E7,,,,
119288,2012-07-13,,,,,,,
11930,2004-02-19,7200000.0,,,,,,
11932,1998-10-16,,5.067185E7,,,,,
119321,2012-10-22,,,,,,,
11933,1991-02-14,4.0E7,8479793.0,-3.1520207E7,,,,
11935,1977-12-10,5000000.0,,,,,,
119353,1991-01-18,,,,,,,
11936,1980-03-28,,,,,,,
119360,2012-09-18,,,,,,,
11937,1989-07-01,,,,,,,
119372,1983-10-09,,,,,,,
119374,2002-11-01,,,,,,,
11939,1937-06-11,,,,,,,
11940,1977-07-15,3500000.0,1.6E7,1.25E7,,,,
11943,1972-09-10,,,,,,,
119430,2012-07-02,500.0,,,,,,
119450,2014-06-26,1.7E8,7.10644566E8,5.40644566E8,,,,
119457,2012-08-24,,,,,,,
11946,1972-10-21,,,,,,,
119478,2012-05-16,,,,,,,
11948,1983-05-23,,,,,,,
11949,1982-06-25,,,,,,,
11950,1984-06-29,,2.8078073E7,,,,,
11951,1971-01-15,,7.2266306E7,,,,,
11953,1980-04-26,,,,,,,
11954,1985-06-20,,,,,,,
119540,1984-11-01,,,,,,,
11955,1988-11-11,,,,,,,
119552,1979-12-01,,,,,,,
11956,1996-04-03,,,,,,,
119564,1932-07-08,,,,,,,
119575,1970-07-01,,,,,,,
11958,2003-03-05,1.0E7,,,,,,
119586,1978-07-01,,,,,,,
11959,1989-07-21,,,,,,,
119592,1986-01-01,,,,,,,
11960,2006-10-15,,,,,,,
11962,1996-07-26,,4619014.0,,,,,
119623,1984-02-23,,,,,,,
119634,2012-09-20,,,,,,,
119639,1997-04-13,,,,,,,
11969,1993-12-25,2.5E7,5.6505065E7,3.1505065E7,,,,
119694,1996-02-15,,,,,,,
11970,1997-06-26,8.5E7,2.52712101E8,1.67712101E8,,,,
119700,2011-11-10,,,,,,,
11971,1993-05-07,8000000.0,,,,,,
119738,2012-08-24,,,,,,,
11975,1997-11-18,4.0E7,4.5916769E7,5916769.0,,,,
119764,1945-01-19,,,,,,,
119769,1986-12-25,,,,,,,
11977,1980-07-25,6000000.0,3.9846344E7,3.3846344E7,,,,
119801,1966-02-09,,,,,,,
119816,2002-10-25,,,,,,,
119819,1935-08-09,,,,,,,
11983,2000-12-08,,,,,,,
119838,1979-02-11,,,,,,,
119844,1983-11-05,,,,,,,
11985,1994-09-02,,,,,,,
119855,1992-11-01,,,,,,,
119884,1973-11-16,,,,,,,
119893,2012-07-14,,,,,,,
119905,2008-12-19,,,,,,,
119907,1993-09-15,,,,,,,
119914,1985-04-25,,,,,,,
119916,1980-02-27,,,,,,,
119926,1961-10-17,,,,,,,
119928,1981-10-04,,,,,,,
119933,1980-12-17,,,,,,,
119944,1980-04-12,,,,,,,
119965,1963-10-08,,,,,,,
12,2003-05-30,9.4E7,9.40335536E8,8.46335536E8,2.861111111111111,18,1.108862102968035,2015-11-30
120077,1999-11-11,,,,,,,
120115,2005-08-30,,,,,,,
120121,1959-10-08,,,,,,,
120122,1996-09-04,,,,,,,
120143,2012-07-12,,,,,,,
120194,2012-03-09,,,,,,,
120259,1954-08-03,,,,,,,
120268,1989-02-01,,,,,,,
120271,2012-06-20,,,,,,,
120292,2012-07-12,,,,,,,
120303,1957-10-04,,,,,,,
120328,1989-03-03,,,,,,,
120357,1936-09-25,,,,,,,
120360,2002-09-09,,,,,,,
120370,2011-12-29,,,,,,,
120386,1978-08-17,,,,,,,
120399,2012-07-12,,,,,,,
120467,2014-02-26,3.0E7,1.74600318E8,1.44600318E8,,,,
120475,2011-12-17,,,,,,,
120481,1949-01-01,,,,,,,
120497,1935-12-25,,,,,,,
120509,1952-12-24,,,,,,,
120515,2004-01-18,,,,,,,
120520,1978-09-29,,,,,,,
120522,1959-06-17,,,,,,,
120528,2007-04-14,,,,,,,
120555,1961-04-24,,,,,,,
120588,1943-02-25,,,,,,,
120605,2012-07-16,,,,,,,
120637,1989-10-01,,,,1.75,2,0.3535533905932738,2016-06-10
120653,1972-01-21,,,,,,,
120664,1916-06-02,,,,,,,
120672,1924-12-29,,,,,,,
120673,1924-01-20,,,,,,,
120694,2001-11-03,,299171.0,,,,,
120713,2012-07-17,,,,,,,
120729,1983-11-29,,,,,,,
12076,2005-09-23,,,,,,,
12079,2002-06-01,2000000.0,,,,,,
120802,2013-01-25,,,,,,,
120828,1926-10-17,,,,,,,
120835,1930-12-20,,,,,,,
120837,1930-08-26,,,,,,,
12085,2008-01-17,,,,,,,
120850,2012-07-01,100000.0,,,,,,
120852,2012-11-10,,,,,,,
120854,2013-07-18,,,,,,,
120862,1932-12-28,,,,,,,
120885,1939-12-22,,,,,,,
12089,1972-12-06,,,,,,,
120892,1935-12-06,,,,,,,
12090,2003-01-09,1.8E7,1.01564935E8,8.3564935E7,,,,
12093,2002-08-23,,,,,,,
120932,1952-11-19,,,,,,,
12094,2006-09-22,1.1E7,7.2778712E7,6.1778712E7,,,,
120942,2012-06-21,,,,,,,
12095,1999-03-16,5000000.0,,,,,,
12096,2006-01-18,,,,,,,
120972,1934-01-01,,,,,,,
120995,1939-12-21,,,,,,,
121,2002-12-18,7.9E7,9.262874E8,8.472874E8,3.8,5,0.447213595499958,2000-11-22
12100,2002-06-14,1.15E8,7.7628265E7,-3.7371735E7,,,,
121003,1934-08-03,,,,,,,
12101,1973-04-19,,3600000.0,,,,,
12102,1979-12-18,,1.0626E8,,,,,
121020,1931-02-14,,,,,,,
12103,2001-09-28,,1.00020092E8,,,,,
121036,2002-09-20,,,,,,,
12105,1968-07-17,,,,,,,
121052,1968-12-09,,,,,,,
12106,1995-02-09,3.2E7,1.855246E7,-1.344754E7,,,,
12107,2000-07-27,8.4E7,1.23307945E8,3.9307945E7,,,,
121074,1949-07-15,,,,,,,
12109,2004-09-12,2000000.0,120620.0,-1879380.0,,,,
121091,1999-05-16,6.0,,,,,,
121113,1970-08-27,,,,1.0,1,,2015-06-10
121135,2007-01-15,,,,,,,
121147,2012-12-18,3000000.0,,,,,,
121154,1988-05-29,,,,,,,
12116,1972-08-21,,,,,,,
12117,1999-06-04,8.0E7,,,,,,
12120,1988-12-09,2.0E7,1.3854E7,-6146000.0,,,,
121206,2012-11-07,,,,,,,
12121,1993-05-27,2.2E7,,,,,,
121210,2012-08-19,,,,,,,
121238,1932-12-02,,,,,,,
12124,1992-04-30,,,,,,,
121245,2011-06-17,,,,,,,
12127,1970-01-24,,,,,,,
12129,1980-06-25,,,,,,,
121317,2001-01-26,,,,,,,
12133,2008-07-25,6.5E7,1.28107642E8,6.3107642E7,,,,
121342,1973-04-12,,,,,,,
121351,1936-06-06,,,,,,,
121354,1956-12-01,,,,,,,
121369,1959-12-01,,,,,,,
121379,1925-12-26,320000.0,,,,,,
121401,1969-06-18,,,,,,,
12143,1992-09-16,1000000.0,2019469.0,1019469.0,,,,
121446,2012-07-16,,,,,,,
12145,1997-01-24,,9381260.0,,,,,
121455,1960-04-04,,,,,,,
12146,2003-11-26,6.0E7,,,,,,
12147,2002-08-15,,,,,,,
121471,2009-01-20,,,,,,,
121493,1996-12-25,,,,,,,
12150,1989-09-15,1.9E7,1.10879513E8,9.1879513E7,,,,
12151,1986-06-26,,7.1624879E7,,,,,
121510,1982-08-01,,,,,,,
121513,1975-02-19,,,,,,,
121516,1982-01-01,,,,,,,
12153,2004-06-23,,1.13086475E8,,,,,
121550,1969-10-01,,,,,,,
12156,2006-09-01,,,,,,,
121565,2012-09-23,1500000.0,,,,,,
12157,1990-12-23,,2.9888235E7,,,,,
121572,2013-10-25,,,,,,,
121598,2012-10-26,,884100.0,,,,,
121604,2013-01-18,,,,,,,
12161,2008-01-01,,,,,,,
121611,1968-01-17,,,,,,,
12162,2008-10-10,1.5E7,4.2E7,2.7E7,,,,
121620,1967-04-19,,,,,,,
121636,1960-07-10,,,,,,,
121640,2012-10-14,8000000.0,42330.0,-7957670.0,,,,
12165,2008-07-11,2.0E7,,,,,,
121655,1994-06-03,,,,,,,
12166,2008-09-20,,,,,,,
121662,2009-07-11,,,,,,,
121667,2012-10-06,,,,,,,
121674,2012-11-30,,258656.0,,,,,
121676,2012-09-14,,,,,,,
121677,2013-03-17,,519535.0,,,,,
121688,2008-09-05,,,,,,,
12169,2008-07-23,,,,,,,
121703,1954-11-18,,,,,,,
12171,2007-12-05,,,,,,,
12172,2007-09-01,,,,,,,
121727,1976-05-22,,,,,,,
121734,2012-08-31,1.05E7,2.3E7,1.25E7,,,,
121738,1998-12-25,,,,,,,
12177,2008-06-20,6.2E7,4.1819064E7,-2.0180936E7,,,,
12178,2008-03-07,,1.6051363E7,,,,,
12179,2008-01-21,,,,,,,
121791,2012-09-01,,,,,,,
121793,2012-11-14,,,,,,,
12180,2008-08-05,8500000.0,6.8282844E7,5.9782844E7,,,,
12182,2008-10-03,9000000.0,3.2973937E7,2.3973937E7,,,,
121822,2012-09-11,,,,,,,
121823,2012-09-27,,,,,,,
121824,2013-01-31,,,,,,,
121826,2012-09-08,1.1E7,5.9520298E7,4.8520298E7,,,,
121828,2012-09-03,,,,,,,
121830,2012-09-08,,,,,,,
121842,1990-11-28,,,,,,,
121848,1936-10-10,,,,,,,
12185,1978-06-28,,,,,,,
121856,2016-12-21,1.25E8,2.40697856E8,1.15697856E8,,,,
12186,1991-03-22,,,,,,,
121869,2015-02-11,,,,,,,
12187,1993-08-13,,1.658954E7,,,,,
121873,2012-09-11,,717205.0,,,,,
121879,2012-11-02,,1562546.0,,,,,
121890,1978-03-17,,,,,,,
121903,1962-01-19,,,,,,,
121923,1971-08-15,,,,,,,
121936,2012-06-27,1.5E7,,,,,,
121940,2000-02-04,,,,,,,
12197,2006-07-03,,,,,,,
12198,2007-05-17,,,,,,,
121986,2013-05-17,,4069826.0,,,,,
121992,1940-12-19,,,,,,,
122,2003-12-01,9.4E7,1.118888979E9,1.024888979E9,3.0526315789473686,19,0.6644700654177412,2014-02-02
12201,2010-01-29,8.0E7,7.4901339E7,-5098661.0,,,,
12205,2002-01-19,,,,,,,
122052,2005-01-01,11000.0,,,,,,
122083,2012-08-27,,,,,,,
122089,2012-09-02,,85154.0,,,,,
12212,2000-09-19,,3.8574362E7,,,,,
122126,2012-06-06,,,,,,,
122163,2000-01-28,2000000.0,,,,,,
122188,1998-04-11,,,,,,,
122190,1999-05-14,,,,,,,
122192,2012-09-05,,,,,,,
122198,2012-10-13,,,,,,,
12220,1999-10-13,5.0E7,5.8900031E7,8900031.0,,,,
12221,2005-05-18,,,,,,,
122221,1953-12-11,,,,,,,
122268,1970-04-08,,,,,,,
122271,1971-01-01,,,,,,,
122289,1996-05-09,,,,,,,
12229,1998-07-02,,,,,,,
122293,2012-07-27,,,,,,,
12230,1961-01-25,4000000.0,2.15880014E8,2.11880014E8,,,,
12232,1940-12-25,,,,,,,
122320,2010-08-20,,,,,,,
122325,1932-05-21,,,,,,,
12233,1988-11-18,3.1E7,7.4151346E7,4.3151346E7,,,,
122336,2011-10-23,,,,,,,
12235,1985-10-04,1.5E7,,,,,,
122356,1998-03-28,,,,,,,
12236,1989-04-21,,3077361.0,,,,,
122369,2013-04-02,,,,,,,
12237,1978-01-01,,,,,,,
12238,1997-04-30,1000000.0,91549.0,-908451.0,,,,
12239,1983-10-14,,6486797.0,,,,,
12241,1996-09-06,2300000.0,49620.0,-2250380.0,,,,
12247,2007-10-01,,,,,,,
122479,1944-12-31,,,,,,,
12249,2004-01-29,,,,,,,
12251,1992-07-24,1.7E7,,,,,,
122515,1978-11-01,,,,,,,
12253,2003-01-31,2.4E7,2.3510601E7,-489399.0,,,,
12254,1996-10-02,,,,,,,
122544,2012-07-17,,,,,,,
122597,2012-07-06,,,,,,,
12261,2005-09-27,,,,,,,
122619,2008-09-05,,,,,,,
12262,1977-07-22,230000.0,2.5E7,2.477E7,,,,
122677,1972-01-21,,,,,,,
12268,1976-12-15,,3.3833201E7,,,,,
12270,2008-01-25,,,,,,,
12271,2006-12-29,7000000.0,,,,,,
12273,2008-01-01,1.4E7,2.5E7,1.1E7,,,,
122767,1987-10-01,,,,,,,
12277,2002-05-31,2.5E7,4.1604473E7,1.6604473E7,,,,
12279,2003-07-25,3.8E7,1.97011982E8,1.59011982E8,,,,
12280,1994-03-18,,,,,,,
122800,2012-08-10,,,,,,,
122804,2012-09-06,2000000.0,,,,,,
122843,2012-08-17,,,,,,,
122894,1989-07-14,,,,,,,
122895,1984-10-15,,,,,,,
122917,2014-12-10,,9.56019788E8,,,,,
122928,2012-09-06,1.0E7,,,,,,
122930,2012-01-04,,,,,,,
122959,2011-11-20,,,,,,,
122982,1995-04-12,,,,,,,
123,1978-11-15,4000000.0,3.047142E7,2.647142E7,4.0,7,0.816496580927726,2009-04-06
123025,2012-09-06,3500000.0,,,,,,
123056,1986-01-22,,,,,,,
123074,2000-03-09,,,,,,,
123075,1985-02-07,,,,,,,
12309,1984-06-29,6000000.0,3.8435947E7,3.2435947E7,,,,
123092,1974-01-01,,,,,,,
12310,1974-10-31,,,,,,,
123107,2013-10-18,,,,,,,
123182,2002-01-15,,,,,,,
123224,2012-01-01,,,,,,,
123229,2012-07-11,,103504.0,,,,,
123261,2012-09-21,,,,,,,
123277,2000-02-28,,,,,,,
123283,1998-09-05,,,,,,,
123320,2012-01-25,,,,,,,
123354,1956-12-25,,,,,,,
123359,2012-09-11,,4534.0,,,,,
123362,2012-10-09,,,,,,,
123375,2012-10-04,,,,,,,
123406,2005-07-05,,,,,,,
123505,1996-09-06,,,,,,,
123553,2013-08-21,6.0E7,9.0565421E7,3.0565421E7,,,,
123561,2000-04-01,,,,,,,
123611,1983-01-01,,,,,,,
123620,1988-11-11,,,,,,,
123623,1988-08-11,,,,,,,
123634,2012-01-01,400.0,,,,,,
123648,1969-01-01,,,,,,,
123665,1944-07-20,,,,,,,
123680,2009-11-29,,,,,,,
123690,2001-09-07,,,,,,,
123691,1992-08-06,,,,,,,
123712,1981-09-26,,,,,,,
123723,1949-10-05,,,,,,,
123728,1996-04-09,,,,,,,
123730,1987-12-11,,,,,,,
123742,1981-01-01,,,,,,,
123757,1990-09-11,,,,,,,
123772,1990-09-08,,,,,,,
123777,1990-09-30,,,,,,,
123778,1990-10-01,,,,,,,
123782,1990-09-09,,,,,,,
123787,1972-04-01,,,,,,,
123846,2009-02-08,5000000.0,,,,,,
123858,2005-10-21,,,,,,,
123868,1953-03-20,,,,,,,
123949,2012-06-14,,,,,,,
123961,1970-09-03,,,,,,,
123969,2011-01-01,,,,,,,
123979,2011-05-14,,,,,,,
124013,1993-08-04,,,,,,,
124029,1994-05-15,,1221832.0,,,,,
12405,2008-05-12,1.5E7,3.77910544E8,3.62910544E8,,,,
124054,2012-08-04,,,,,,,
124058,1963-06-21,,,,,,,
124067,2012-05-24,,273747.0,,,,,
124074,2012-11-16,,,,,,,
124083,1993-07-28,,,,,,,
124085,1992-09-18,,,,,,,
124088,1993-01-01,,,,,,,
124091,2012-01-30,,,,,,,
124096,1992-10-28,,,,,,,
124097,2003-07-18,,,,,,,
12410,2008-12-11,,,,,,,
124101,1992-09-12,,,,,,,
124108,2002-07-26,,,,,,,
12411,2008-09-06,,,,,,,
124115,1939-12-25,,,,,,,
12412,2008-09-15,4.5E7,9323833.0,-3.5676167E7,,,,
124122,1973-01-05,,,,,,,
124157,2012-07-25,,8.3519699E7,,,,,
12416,2007-03-13,,,,,,,
124167,1984-03-04,,,,,,,
124198,2006-10-19,,,,,,,
124207,1983-09-01,,,,,,,
124210,1980-12-25,,,,,,,
124217,2012-02-24,,,,,,,
12422,2008-01-01,,,,,,,
12424,2008-01-01,,,,,,,
12427,2008-01-01,,,,,,,
124277,2011-06-01,,,,,,,
12428,2008-11-13,,,,,,,
124294,2012-08-14,1.0E7,,,,,,
124295,1994-02-16,,,,,,,
124304,1993-05-20,,,,,,,
124306,1993-01-01,,,,,,,
124315,1993-04-10,,,,,,,
12432,2008-01-01,,,,,,,
12435,2007-08-24,2.0E7,4.7738099E7,2.7738099E7,,,,
124393,1981-01-22,,,,,,,
1244,2007-02-01,,,,3.962962962962963,54,0.9155462945533123,2016-08-20
124423,1968-11-09,,,,,,,
12445,2011-07-07,1.25E8,1.342E9,1.217E9,,,,
124459,2013-03-14,,2.7437881E7,,,,,
12446,2008-06-13,,,,,,,
124460,1994-10-27,,,,,,,
12447,1991-05-16,,,,,,,
124470,2014-03-17,,,,,,,
124471,2012-06-28,,,,,,,
124484,1994-06-25,,,,,,,
1245,1993-11-05,1.15E7,2.3237911E7,1.1737911E7,3.8518518518518516,27,1.04527154012371,2012-08-06
12450,2004-06-06,,,,,,,
124501,2012-08-10,482910.0,,,,,,
124504,1972-12-18,,,,,,,
124505,2012-02-18,,,,,,,
124517,1966-01-01,,,,,,,
124521,1952-04-01,,,,,,,
124523,1979-06-01,,,,,,,
124524,1994-05-07,,,,,,,
12453,2004-03-10,,,,,,,
12455,2005-08-31,,,,,,,
124581,2002-06-25,,,,,,,
124582,1983-10-29,,,,,,,
124597,1968-11-09,,,,,,,
1246,2006-12-20,2.4E7,1.55721132E8,1.31721132E8,3.7842105263157895,95,0.947147541751265,2016-07-22
124606,1995-09-09,,,,,,,
124614,1995-09-06,,,,,,,
124619,1995-06-01,,,,,,,
124623,2013-11-06,,,,,,,
124630,2009-12-04,,,,,,,
124632,1995-01-01,,,,,,,
124633,1995-09-09,,,,,,,
124639,1995-08-01,,,,,,,
124642,1995-12-27,,,,,,,
124645,1995-09-10,,,,,,,
124680,1996-09-09,,,,,,,
1247,2006-12-11,,5.9908565E7,,4.123595505617978,89,0.927119497043263,2016-08-05
12471,2008-09-01,,,,,,,
12473,2007-09-07,,9234510.0,,,,,
12475,1994-08-12,,2.8881266E7,,,,,
12476,1987-10-30,,,,,,,
12477,1988-04-16,3700000.0,,,,,,
12478,1989-03-03,,,,,,,
1248,2007-02-06,,8.2169884E7,,4.2368421052631575,19,0.6533762964749499,2012-05-26
12481,1971-10-02,100000.0,,,,,,
12482,1970-01-16,,,,,,,
12483,2004-10-15,5000000.0,,,,,,
124834,1995-06-01,,,,,,,
124837,1996-06-19,,,,,,,
124843,1996-09-10,,,,,,,
124847,1997-11-06,,,,,,,
12485,1999-07-09,,,,,,,
124851,1995-06-08,,,,,,,
124853,1995-04-09,,,,,,,
124857,1996-09-09,,,,,,,
12486,2006-12-01,,,,,,,
12488,1998-01-23,,,,,,,
1249,2006-08-31,,1.6803753E7,,3.91025641025641,39,0.6675938222235024,2015-11-05
12490,2000-01-07,,,,,,,
12491,1961-08-31,,,,,,,
12495,1957-12-13,,,,,,,
12496,2002-11-02,5000000.0,7338987.0,2338987.0,,,,
124979,1937-01-24,,,,,,,
12499,1997-05-09,8.5E7,,,,,,
124993,1927-09-12,,,,,,,
124994,1949-02-13,,,,,,,
12501,1958-09-30,,,,,,,
125021,1997-05-23,,,,,,,
125039,1997-05-04,,,,,,,
12504,1983-10-26,,,,,,,
12505,1988-03-17,,,,,,,
125052,1997-01-21,,,,,,,
125063,1977-01-01,,,,,,,
125077,1994-08-01,,,,,,,
125087,1996-08-01,,,,,,,
12509,2000-09-06,,8.0,,,,,
125093,1997-03-07,,,,,,,
125099,1997-09-10,,,,,,,
1251,2006-12-19,,6.8673228E7,,3.825,20,1.2903997748555942,2016-06-27
125103,1997-09-05,,,,,,,
125109,1994-08-01,,,,,,,
125114,1989-08-15,,,,,,,
125124,1997-10-28,,,,,,,
12513,2002-06-26,,,,,,,
125136,2008-11-08,,,,,,,
125140,2011-10-27,,,,,,,
125148,1995-11-01,,,,,,,
125150,1995-01-01,,,,,,,
125154,1961-04-30,,,,,,,
125164,2012-05-10,,,,,,,
12517,2006-08-11,,,,,,,
12519,1993-10-01,,7770731.0,,,,,
12520,1995-09-08,,442965.0,,,,,
12521,1989-10-27,,1.6554699E7,,,,,
125217,1957-07-14,,,,,,,
125233,2003-03-24,,,,,,,
12524,1999-12-25,,,,,,,
125249,1943-07-16,,,,,,,
12525,1992-08-20,,,,,,,
125257,1981-01-30,,,,,,,
12526,2006-05-19,4000000.0,8059140.0,4059140.0,,,,
125263,1998-04-18,,,,,,,
125264,1951-03-21,,,,,,,
125271,1969-08-27,,,,,,,
125276,1974-09-11,,,,,,,
12528,1981-09-25,,,,,,,
125300,1998-11-27,,,,,,,
125305,1987-08-01,,,,,,,
125316,1998-09-11,,,,,,,
125336,2011-09-03,,,,,,,
125337,1999-06-08,,,,,,,
125360,2001-01-01,,,,,,,
12538,1998-02-20,,1.3035599E7,,,,,
125395,2012-08-20,,,,,,,
12540,2004-01-13,,,,,,,
125409,1996-11-09,,,,,,,
125413,1957-03-20,,,,,,,
125414,2012-05-01,,,,,,,
12543,2004-06-10,,,,,,,
12544,2002-01-01,,,,,,,
125464,1977-12-04,,,,,,,
12547,2005-05-12,,,,,,,
125495,1973-06-14,,,,,,,
125498,2001-12-07,,,,,,,
1255,2006-07-27,1.1E7,8.8489643E7,7.7489643E7,3.5416666666666665,12,1.2873216263610932,2015-06-10
125504,2012-09-06,,,,,,,
125512,1987-01-01,,,,,,,
125520,1999-09-12,,,,,,,
125527,1999-05-26,,,,,,,
125537,1999-09-16,,,,,,,
12554,1995-02-25,,,,,,,
125541,2007-09-18,,,,,,,
125548,1999-01-29,,,,,,,
12555,2006-12-19,,,,,,,
125550,1999-01-01,,,,,,,
125553,1999-09-09,,,,,,,
125558,2012-07-08,,,,,,,
12556,2009-05-01,,1.02223269E8,,,,,
125578,1934-05-26,,,,,,,
125582,1998-12-25,,,,,,,
12560,1983-09-09,,,,,,,
125607,1969-01-01,,,,,,,
125673,1913-01-01,,,,,,,
125680,2012-09-14,,,,,,,
12569,2009-09-03,8000000.0,1.0848783E7,2848783.0,,,,
125696,2001-11-13,,,,,,,
125709,2000-01-21,,,,,,,
12572,2008-09-06,1.47E7,8049666.0,-6650334.0,,,,
125727,2000-08-30,,,,,,,
12573,2009-10-02,7000000.0,3.1430334E7,2.4430334E7,,,,
12574,1993-04-02,,,,,,,
125742,2004-06-02,,,,,,,
125749,1927-11-21,,,,,,,
12575,1999-07-15,,,,,,,
125759,1998-06-09,,,,,,,
12576,2002-10-06,,2270658.0,,,,,
125762,1998-12-04,,,,,,,
125764,1998-09-10,,,,,,,
12577,2002-05-08,,,,,,,
12578,1978-03-03,,,,,,,
125795,2001-03-31,,,,,,,
12580,2004-08-21,,,,,,,
125806,2001-08-01,,,,,,,
12583,2004-07-10,,,,,,,
125835,2012-08-09,,,,,,,
125858,2002-10-26,,,,,,,
12586,2006-09-09,,,,,,,
125873,1938-08-05,,,,,,,
125882,1991-11-22,,,,,,,
12589,2001-12-21,2.5E7,8.0936232E7,5.5936232E7,,,,
12590,2002-10-11,,605562.0,,,,,
12591,2005-10-25,,,,,,,
125911,2008-06-05,,,,,,,
125926,1984-10-26,,,,,,,
12593,1972-04-12,,,,,,,
12594,1999-03-12,2500000.0,,,,,,
125945,2002-05-05,,,,,,,
125946,2002-05-21,,,,,,,
125948,2002-05-23,,,,,,,
125949,1969-01-01,,,,,,,
125952,2002-05-01,,,,,,,
125953,2002-03-04,,,,,,,
12596,1999-04-23,3.3E7,,,,,,
12597,2000-10-03,2000000.0,,,,,,
12598,1971-08-31,,,,,,,
12599,1999-07-17,3.0E7,1.3394927E8,1.0394927E8,,,,
125990,1999-05-09,,,,,,,
126004,2003-12-01,,,,,,,
12601,2003-03-03,,,,,,,
126015,2009-11-22,,,,,,,
12602,1967-10-05,,,,,,,
126043,2007-04-06,,,,,,,
12605,2005-01-20,,,,,,,
126056,2012-01-01,,,,,,,
12606,1996-08-23,,,,,,,
12607,1982-07-16,,,,,,,
126076,2005-08-17,,,,,,,
12609,2000-10-06,,,,,,,
126104,2003-09-08,,,,,,,
126117,2003-01-01,,,,,,,
126122,1933-04-01,,,,,,,
126127,1933-09-01,,,,,,,
126143,2012-11-01,,,,,,,
126148,2004-02-12,,,,,,,
12615,1985-08-16,,,,,,,
12616,1997-11-14,2.4E7,2642983.0,-2.1357017E7,,,,
126172,2014-08-22,,,,,,,
12618,1999-10-08,6.4E7,7.460857E7,1.060857E7,,,,
12619,2000-08-25,,,,,,,
1262,2006-09-09,,5.3653224E7,,3.9489795918367347,49,1.032013091199992,2016-08-03
126204,1994-01-01,,,,,,,
126208,1993-01-01,,,,,,,
12621,2008-01-21,,,,,,,
126219,1948-09-17,,,,,,,
12622,1989-08-12,,1960.0,,,,,
12623,1987-10-23,,1.87824E7,,,,,
126238,2004-11-21,,,,,,,
12625,1969-07-14,,,,,,,
126250,2012-09-04,,1.0016934E7,,,,,
12626,1987-12-16,2.0E7,5.1249404E7,3.1249404E7,,,,
126277,2012-05-31,,,,,,,
126278,1971-05-17,,,,,,,
12628,1997-10-17,1.2E7,4000000.0,-8000000.0,,,,
12629,1992-09-03,,,,,,,
126300,2005-05-12,,,,,,,
126306,2013-04-06,,,,,,,
126314,2012-02-04,,,,,,,
126315,2012-10-03,,,,,,,
126319,2012-12-12,1.2516654E7,8109160.0,-4407494.0,,,,
12632,1993-09-11,,,,,,,
12633,1983-08-05,,,,,,,
126337,2012-09-21,2000000.0,,,,,,
12634,2004-01-30,5.0E7,6808550.0,-4.319145E7,,,,
12636,2002-11-02,8500000.0,,,,,,
126376,1995-02-10,,,,,,,
12639,1966-10-19,,,,,,,
126402,1975-10-08,,,,,,,
126413,1896-12-30,,,,,,,
126415,1967-12-22,,,,,,,
126418,1933-12-01,,,,,,,
126421,1966-03-16,,,,,,,
126442,2012-07-20,,,,,,,
12645,2010-08-27,1.0E7,55089.0,-9944911.0,,,,
12646,1986-05-12,,,,,,,
126464,2011-10-02,,,,,,,
12650,2000-09-09,,,,,,,
126516,1933-06-08,,,,,,,
126517,1934-04-26,,,,,,,
12653,2004-05-13,4500000.0,,,,,,
126555,1973-01-28,,,,,,,
126563,1971-04-01,,,,,,,
12658,2001-03-30,2.3E7,,,,,,
12659,2001-02-17,,,,,,,
126596,1950-11-28,,,,,,,
126597,1983-10-31,,,,,,,
12660,2001-12-17,,741394.0,,,,,
12661,1993-09-10,,1.2416686E7,,,,,
126610,2007-11-02,,,,,,,
12662,1986-06-27,,1.4481606E7,,,,,
12663,1988-12-24,1.6E7,4192440.0,-1.180756E7,,,,
12664,1993-08-06,,,,,,,
126644,1926-01-01,,,,,,,
126676,2007-08-10,,,,,,,
126692,1962-08-02,,,,,,,
126712,1948-07-15,,,,,,,
126749,2012-06-16,12000.0,,,,,,
126759,1944-06-01,,,,,,,
126781,1959-10-22,,,,,,,
1268,2007-03-22,2.5E7,2.29736344E8,2.04736344E8,3.4705882352941178,17,0.7998161553463027,2006-09-25
126816,1993-02-09,,,,,,,
126841,1994-07-11,,,,,,,
126846,1980-01-01,,,,,,,
12685,2010-11-05,1.0E7,,,,,,
126862,2012-06-14,,,,,,,
126879,2012-11-27,,,,,,,
126881,1998-01-29,,,,,,,
126889,2017-05-09,,2.32380243E8,,,,,
12689,2008-07-25,1.0,,,,,,
12690,2008-09-12,,2.0211394E7,,,,,
126922,1933-01-07,,,,,,,
126925,1916-09-03,,,,,,,
126996,1997-08-29,,,,,,,
127,1987-01-10,,,,,,,
12700,2005-05-20,3.0E7,251495.0,-2.9748505E7,,,,
12702,1991-12-11,,,,,,,
12703,2004-08-27,1.0E7,,,,,,
127040,1937-03-21,,,,,,,
12705,1980-08-15,,6.6132626E7,,,,,
12706,1998-06-25,,,,,,,
12707,1977-07-22,6000000.0,1.4717854E7,8717854.0,,,,
12708,1962-06-14,,,,,,,
12709,1996-05-09,3000000.0,2503829.0,-496171.0,,,,
127091,1974-07-12,,,,,,,
127097,1903-01-01,,,,,,,
127098,1903-01-01,,,,4.0,1,,2015-07-20
12714,1988-02-05,,,,,,,
127144,2011-07-25,,,,,,,
127148,1963-01-09,,,,,,,
127150,2005-01-01,,,,,,,
12717,1990-10-26,,,,,,,
12718,2002-04-03,,,,,,,
127186,1959-06-28,,,,,,,
12719,1990-02-02,,6488144.0,,,,,
12720,2001-10-29,,,,,,,
127236,2012-09-07,,,,,,,
12724,2000-01-21,,,,,,,
127259,1956-01-01,,,,,,,
127286,2001-12-07,,,,,,,
1273,2007-03-23,3.4E7,9.5608995E7,6.1608995E7,3.736842105263158,19,1.1591234841301372,2016-08-19
127304,2002-01-01,,,,,,,
127326,2006-08-10,,,,,,,
127363,2012-11-15,,,,,,,
127367,2012-08-17,,,,,,,
127369,2012-08-03,,,,,,,
127372,2012-09-14,,3346265.0,,,,,
127373,2013-05-02,6000000.0,1066471.0,-4933529.0,,,,
127375,,20.0,,,,,,
127391,1898-01-01,,,,,,,
127413,2011-07-08,,,,,,,
127445,2008-03-28,,,,,,,
127468,1999-04-22,,,,,,,
127471,1998-01-15,,,,,,,
127475,1972-06-21,,,,,,,
127493,2012-05-17,3.5E7,2106557.0,-3.2893443E7,,,,
127495,2012-04-20,,,,,,,
127501,2012-09-14,4437508.0,2804874.0,-1632634.0,,,,
127505,2012-09-21,,14056.0,,,,,
127531,2004-06-25,,,,,,,
127533,2012-08-25,,6.17E7,,,,,
127544,2012-10-27,,,,,,,
127546,1988-09-10,,,,,,,
127560,2013-12-26,1.8E7,2.2309223E7,4309223.0,,,,
127564,1956-04-30,,,,,,,
127585,2014-05-15,2.5E8,7.47862775E8,4.97862775E8,,,,
12759,2005-01-01,,,,,,,
12764,1985-03-01,2410000.0,1.0755447E7,8345447.0,,,,
127642,2004-09-18,,,,,,,
12767,2003-09-19,,2.1384035E7,,,,,
127687,2010-09-28,,,,,,,
127688,1959-12-01,,,,,,,
12770,2002-09-13,,,,,,,
127700,2012-08-28,,,,,,,
127702,2007-09-13,,,,,,,
12771,2002-08-20,2.9E7,1.6930185E7,-1.2069815E7,,,,
127728,2011-09-11,,,,5.0,1,,2015-08-15
12774,1989-10-11,,,,,,,
12776,1991-10-23,,,,,,,
12777,2003-01-10,,,,,,,
127770,2012-02-20,750000.0,,,,,,
127776,1960-04-01,,,,,,,
12779,2002-10-11,,598645.0,,,,,
127798,1940-12-25,,,,,,,
12780,1993-09-03,,1.4681661E7,,,,,
127803,2011-01-01,,,,,,,
12781,1954-09-02,,,,,,,
12783,2008-09-05,,,,,,,
127846,2012-02-26,,,,,,,
127849,2000-05-27,,,,,,,
127856,2012-11-07,,,,,,,
127862,2012-09-09,,,,,,,
127864,2012-09-21,,279735.0,,,,,
127867,2012-09-08,,,,,,,
127884,2012-09-13,,,,,,,
127894,2012-10-03,,,,,,,
1279,2004-02-10,1000000.0,,,3.75,12,0.6571287406727709,2012-08-05
12790,2005-10-03,,,,,,,
12791,2007-10-14,,,,,,,
127916,2012-09-09,,,,,,,
127918,2012-07-09,,,,,,,
127929,2012-08-17,,,,,,,
12793,1997-02-15,,,,,,,
12794,2005-01-01,,,,,,,
12796,1968-01-24,,,,,,,
127987,1972-09-20,,,,,,,
12799,1996-09-25,,,,,,,
128,1997-07-12,,1.59375308E8,,,,,
12800,2001-11-20,,,,,,,
128042,1978-04-15,,,,,,,
128043,1981-01-01,,,,,,,
128048,1953-05-23,,,,,,,
12806,2000-05-18,,,,,,,
128061,2012-09-09,,,,,,,
12807,2005-04-01,,,,,,,
128070,2012-12-26,,,,,,,
128089,2012-04-12,,,,,,,
1281,1997-07-03,1.8E7,2.5121267E8,2.3321267E8,4.043478260869565,23,0.8907739673281686,2015-07-16
12812,2004-02-08,,,,,,,
128120,2012-08-06,,,,,,,
128121,2012-09-11,,,,,,,
128129,2012-08-03,,,,,,,
128133,2012-08-08,,,,,,,
128135,2012-09-21,,,,,,,
128140,2012-09-10,,,,,,,
128152,1988-07-02,,,,,,,
128154,2012-09-09,,,,,,,
128169,2009-10-31,,,,,,,
128177,1997-06-22,,,,,,,
12818,2007-09-18,,,,,,,
128190,2012-09-07,,,,,,,
128201,2013-04-12,,,,,,,
128203,2012-08-24,,,,,,,
128209,2012-05-19,,,,,,,
128215,2012-09-10,,,,,,,
128229,1927-03-26,,,,,,,
128237,2012-09-09,,,,,,,
128246,2012-10-31,,,,,,,
128248,2012-09-09,,,,,,,
128250,2014-06-06,,,,,,,
128268,2005-09-30,,,,,,,
128270,2012-12-21,2.0E7,610792.0,-1.9389208E7,,,,
128276,2013-01-11,,,,,,,
12828,2006-02-16,,,,,,,
128280,2012-08-28,,,,,,,
128298,1927-12-23,,,,,,,
128353,1968-05-25,,,,,,,
12839,2006-10-21,,,,,,,
1284,2001-03-30,,,,3.984375,32,0.90236584205256,2012-08-20
128410,1976-01-01,,,,,,,
128412,1966-01-01,,,,,,,
128414,1988-05-01,,,,,,,
128442,1970-01-01,,,,,,,
1285,2005-09-30,,,,3.80327868852459,61,0.8229959929255941,2016-08-17
128508,2012-09-06,,,,,,,
12855,2007-04-27,,,,,,,
128555,1980-01-01,,,,,,,
128571,2011-04-29,,,,,,,
128598,2007-03-04,,,,,,,
128612,1997-06-02,,,,,,,
128639,1996-11-15,,,,,,,
128644,1993-01-17,,,,,,,
128657,1992-01-01,,,,,,,
128669,1940-08-28,,,,,,,
128679,1949-01-01,,,,,,,
128682,1958-04-07,,,,,,,
128714,1998-03-08,,,,,,,
128733,1980-02-09,,,,,,,
128748,1999-07-11,,,,,,,
128766,2012-11-23,,,,,,,
128767,2012-10-11,,,,,,,
12877,2004-09-29,,,,,,,
128779,1963-06-01,,,,,,,
128780,1966-11-23,,,,,,,
128795,1991-10-28,,,,,,,
128842,2012-08-16,,,,,,,
128854,1948-11-25,,,,,,,
128856,2004-02-06,,,,,,,
128862,2000-08-19,,,,,,,
128866,2003-08-05,,,,,,,
128873,1959-06-27,,,,,,,
12889,2008-06-24,,,,,,,
12890,2008-04-11,7000000.0,1.0569964E7,3569964.0,,,,
128946,1956-10-29,,,,,,,
128960,1961-12-31,,,,,,,
128990,2009-10-01,,,,,,,
129,2001-07-20,1.5E7,2.74925095E8,2.59925095E8,3.0,1,,2001-07-16
12900,2001-05-19,,,,,,,
129009,1963-04-24,,,,4.0,1,,2015-09-20
12901,2007-07-27,2000000.0,1431623.0,-568377.0,,,,
12902,2004-06-21,,,,,,,
129089,1938-03-21,,,,,,,
12911,2001-01-24,,,,,,,
129112,2012-08-31,,1347747.0,,,,,
129115,2012-09-03,,,,,,,
12912,2008-03-14,,240476.0,,,,,
129139,2013-07-24,1500000.0,3566225.0,2066225.0,,,,
12914,2008-07-29,7000000.0,,,,,,
12920,2005-09-10,,,,,,,
12921,1983-08-26,,,,,,,
129229,1981-12-31,,,,,,,
129237,2011-04-22,,,,,,,
129303,1968-01-01,,,,,,,
129359,1957-09-02,,,,,,,
129360,2012-07-27,,,,,,,
129400,2011-09-23,,,,,,,
129415,2012-08-25,,,,,,,
129418,2012-09-03,,,,,,,
129432,2012-08-31,,,,,,,
129455,1986-09-02,,,,,,,
129467,1975-12-06,,,,,,,
129518,2005-10-04,,,,,,,
129530,2012-08-21,,,,,,,
129533,2012-09-13,,,,,,,
129542,1991-10-31,,,,,,,
129552,2008-01-01,,,,,,,
129577,1966-09-09,,,,,,,
129627,1966-03-18,,,,,,,
129628,1988-03-18,,,,,,,
129670,2013-09-21,1.2E7,1.7654912E7,5654912.0,,,,
129689,1982-04-17,,,,,,,
129728,2012-09-14,,,,,,,
129734,2012-08-29,,6508.0,,,,,
129745,2012-04-21,,,,,,,
129798,2011-10-31,,,,,,,
129820,1968-06-12,,,,,,,
129830,1974-05-08,,,,,,,
129847,1971-04-08,,,,,,,
129851,1971-09-23,,,,,,,
129882,2007-01-01,,,,,,,
129933,2006-11-02,,,,,,,
129942,1973-01-01,,,,,,,
129943,1972-01-01,,,,,,,
129945,1982-01-01,,,,,,,
129966,2012-08-29,8806000.0,,,,,,
129974,1943-05-14,,,,,,,
13,1994-07-06,,6.77945399E8,,3.9375,8,0.9797047660246574,2016-08-03
130002,2002-01-14,,,,,,,
130015,1909-01-01,,,,,,,
13002,2006-09-19,,,,,,,
13003,2008-07-04,,,,,,,
13005,1980-04-25,,6659377.0,,,,,
130055,2012-09-05,,,,,,,
130062,1922-08-22,,,,,,,
13009,2008-04-18,,,,,,,
13013,1974-04-12,,,,,,,
130134,1958-03-01,,,,,,,
13014,2005-05-21,,,,,,,
13015,2005-11-05,,,,,,,
130150,2013-12-27,1.8E7,2.0275812E7,2275812.0,,,,
13016,2007-06-01,7000000.0,,,,,,
13019,2007-09-05,,,,,,,
13020,2005-04-22,,,,,,,
13023,2007-01-19,,,,,,,
130233,2012-07-12,,,,,,,
130267,2012-11-04,,,,,,,
130269,1988-01-01,,,,,,,
130278,2008-12-30,,,,,,,
130296,1969-02-10,,,,,,,
130300,2005-07-23,,,,,,,
130322,1968-12-31,,,,,,,
130358,2012-11-25,,,,,,,
130374,1945-07-27,,,,,,,
130401,1962-07-01,,,,,,,
130450,1911-03-23,,,,1.5,1,,2016-09-27
130458,2005-09-21,,,,,,,
13053,2008-11-21,1.5E8,3.09979994E8,1.59979994E8,,,,
13054,2007-09-07,4000000.0,,,,,,
13055,2002-09-22,75000.0,,,,,,
13056,2008-12-05,2.05E7,1.0089373E7,-1.0410627E7,,,,
13058,2008-06-16,,,,,,,
130593,2012-05-31,,,,,,,
13061,2007-11-06,,,,,,,
13062,2003-11-04,,,,,,,
130627,2010-02-01,,,,,,,
130633,1938-01-23,,,,,,,
130638,1963-07-25,,,,,,,
130639,1974-01-01,,,,,,,
13064,1993-09-17,2600000.0,2850263.0,250263.0,,,,
130650,1954-12-22,,,,,,,
13066,2006-01-01,,,,,,,
13067,2007-04-16,1.0E7,1.75E7,7500000.0,,,,
130677,2012-11-11,,,,,,,
13068,2007-01-19,,,,,,,
130694,2012-11-21,,,,,,,
130717,1929-05-27,1000000.0,,,,,,
130719,1981-09-03,,,,,,,
13072,2007-04-30,8000000.0,458232.0,-7541768.0,,,,
130736,2012-10-03,,,,,,,
130739,2012-07-03,300000.0,2750275.0,2450275.0,,,,
13074,2007-06-14,,,,,,,
130745,2012-09-23,,,,,,,
130747,2012-09-18,,,,,,,
130750,2012-03-11,,,,,,,
130754,2012-06-01,100000.0,,,,,,
130798,2013-01-31,,,,,,,
130802,2012-09-07,,,,,,,
130805,2009-01-10,,,,,,,
130813,1929-10-16,,,,,,,
130816,1930-11-08,,,,,,,
130824,2000-07-19,,,,,,,
130885,1953-06-19,,,,,,,
130900,1950-03-10,,,,,,,
130925,2012-09-14,,,,,,,
130957,1966-02-18,,,,,,,
130980,1959-07-24,,,,4.5,1,,2015-07-16
13099,1999-06-18,,,,,,,
130993,2012-06-21,,,,,,,
131027,1980-10-02,,,,,,,
131039,2009-12-24,1.9E7,,,,,,
131074,1952-03-17,,,,,,,
131116,2006-09-07,,,,,,,
131172,1977-03-18,,,,,,,
13119,2008-01-01,,,,,,,
131194,1979-11-23,,,,,,,
13121,2007-01-19,,,,,,,
131220,2012-03-03,,,,,,,
131232,2002-03-20,,,,,,,
13128,2008-04-22,,,,,,,
131313,1971-06-04,,,,,,,
13132,2003-08-01,,,,,,,
131343,2012-09-07,1500000.0,,,,,,
131351,1992-05-30,,,,,,,
131360,1927-01-30,,,,,,,
131366,1921-12-11,,,,,,,
13137,2007-07-17,,,,,,,
131398,1998-01-01,,,,,,,
131434,1965-01-01,,,,,,,
131455,1931-12-10,,,,,,,
131475,2012-07-31,,,,,,,
13150,2008-09-09,3.0E7,3.1148328E7,1148328.0,,,,
131503,2012-08-15,,,,,,,
131504,1956-03-09,,,,,,,
131507,1968-12-22,,,,,,,
13154,1991-08-23,8000000.0,2275557.0,-5724443.0,,,,
13156,2003-09-19,,,,,,,
131585,1969-01-29,,,,,,,
13163,2002-01-14,,,,,,,
131631,2014-11-18,1.25E8,7.52100229E8,6.27100229E8,,,,
131634,2015-11-18,1.6E8,6.53428261E8,4.93428261E8,,,,
131653,1975-09-29,,,,,,,
13166,2001-04-18,,,,,,,
13167,2007-12-14,,,,,,,
13168,2007-01-21,,8768.0,,,,,
13169,2005-04-24,,,,,,,
13172,2008-06-06,,,,,,,
131729,1998-03-04,,,,,,,
13173,2007-08-03,,,,,,,
131732,1934-03-18,,,,,,,
131737,2012-09-07,,,,,,,
131770,1940-11-08,,,,,,,
131781,1951-07-09,,,,,,,
13179,2008-10-27,4.8E7,,,,,,
131815,1984-12-31,,,,,,,
131822,2012-09-28,431274.0,,,,,,
13183,2009-03-05,1.3E8,1.85258983E8,5.5258983E7,,,,
131830,1980-03-14,,,,4.0,1,,2015-07-27
131836,1961-05-17,,,,,,,
131837,1962-12-03,,,,,,,
13185,2006-03-03,994000.0,165000.0,-829000.0,,,,
13186,2007-08-25,4000000.0,,,,,,
131861,1966-08-31,,,,,,,
13188,1951-10-31,,,,,,,
131880,2010-06-16,,,,,,,
131887,2012-10-24,,,,,,,
13189,1984-12-17,,,,,,,
131897,1980-10-30,,,,,,,
131903,1993-01-01,,,,,,,
13191,2008-04-28,5000000.0,1296184.0,-3703816.0,,,,
131914,1996-10-29,,,,,,,
13193,2004-01-21,,,,,,,
131932,2004-06-04,,928391.0,,,,,
131934,1995-05-15,,,,,,,
13194,2007-06-05,,,,,,,
131944,1939-07-22,,,,,,,
131958,1987-06-06,,,,,,,
13196,2007-09-07,,,,,,,
131966,1975-04-12,,,,,,,
13197,2006-02-19,8000000.0,143451.0,-7856549.0,,,,
13198,2006-01-24,,,,,,,
13199,1992-03-13,,,,,,,
131997,1979-10-10,,,,,,,
13201,2002-05-03,,,,,,,
13203,1993-07-02,,3.64482E7,,,,,
132030,1999-01-01,,,,,,,
13205,2006-01-26,,,,,,,
13206,2008-01-19,,,,,,,
132064,2011-08-25,,,,,,,
13207,2009-02-11,,9.1379051E7,,,,,
13209,2006-05-26,2500.0,,,,,,
13210,1955-05-16,,,,,,,
132133,1957-01-17,,,,,,,
132137,2012-10-09,5000000.0,,,,,,
132141,1958-01-19,,,,,,,
132144,1975-03-18,,,,,,,
132150,1979-03-15,,,,,,,
13220,2008-10-31,,124191.0,,,,,
13221,2008-01-18,7300000.0,,,,,,
132227,2008-09-08,,,,,,,
132232,2013-01-17,1.5E7,1.46497771E8,1.31497771E8,,,,
132236,2013-05-14,,,,,,,
13225,1992-04-10,,3.2710894E7,,,,,
132263,1935-12-17,,,,,,,
132320,2011-08-19,,,,,,,
132328,1974-02-22,,,,,,,
132379,1906-10-01,,,,,,,
132392,1945-12-31,,,,,,,
132397,1915-01-01,,,,,,,
13241,2007-09-07,,,,,,,
13243,2007-09-07,5000000.0,346592.0,-4653408.0,,,,
13245,2002-02-01,1934000.0,3786801.0,1852801.0,,,,
13249,2006-09-13,1.8E7,1196307.0,-1.6803693E7,,,,
13250,2007-07-27,,,,,,,
132518,2012-08-16,,,,,,,
13253,2008-11-03,,,,,,,
13254,2006-09-23,,,,,,,
132540,2012-03-10,,,,,,,
13256,2008-08-07,8000000.0,2033165.0,-5966835.0,,,,
13257,2007-09-14,2.2E7,,,,,,
13259,2008-07-25,5000000.0,,,,,,
132597,1936-09-25,,,,,,,
132601,2012-10-30,,,,,,,
132608,2012-02-17,,,,,,,
132641,1953-04-29,,,,,,,
132654,1952-08-14,,,,,,,
132705,2012-08-03,,1612100.0,,,,,
132709,2011-08-31,,,,,,,
132712,2012-11-30,,,,,,,
132714,1934-05-19,,,,,,,
132725,2000-05-05,,,,,,,
13274,2005-09-13,,,,,,,
132744,2001-03-29,,,,,,,
132759,2012-10-04,2800000.0,1.321898E7,1.041898E7,,,,
132765,2008-01-08,560.0,,,,,,
13280,2007-04-27,,,,,,,
13285,2006-03-14,,,,,,,
132859,1938-11-21,,,,,,,
132883,1934-03-31,,,,,,,
132887,2012-10-09,,,,,,,
132894,2012-09-15,,,,,,,
132923,2011-11-14,,,,,,,
132928,1940-09-14,,,,,,,
132957,2012-05-30,,,,,,,
132961,1988-05-08,,,,3.0,1,,2016-03-21
13300,2008-08-08,,194287.0,,,,,
133008,1977-05-01,,,,,,,
133021,1995-10-24,,,,,,,
13305,1979-07-05,,,,,,,
133108,2011-11-15,,,,,,,
13311,2006-01-19,,,,,,,
133115,2000-10-10,,,,,,,
133131,1990-03-16,,,,,,,
133137,2001-09-25,,,,,,,
133148,1975-02-22,,,,,,,
133160,2010-10-27,,,,,,,
13318,2006-05-26,,,,,,,
133183,2012-09-18,,,,,,,
13319,2006-02-24,,,,,,,
13320,1957-02-13,,,,,,,
13321,1944-01-11,,,,,,,
133213,1915-01-01,5000.0,,,,,,
133255,1939-02-01,,,,,,,
133328,1973-12-21,,,,,,,
13333,1978-03-22,,,,,,,
13336,2007-06-25,,,,,,,
133365,2009-01-09,,,,2.0,1,,2016-06-05
133369,2012-08-23,,,,,,,
133373,1965-11-18,,,,,,,
13338,2006-03-29,,,,,,,
133396,2012-12-20,,,,,,,
133411,2012-09-14,,,,,,,
133446,2012-06-02,,,,,,,
133458,2012-09-28,,,,,,,
133463,2012-11-03,,1000000.0,,,,,
133469,2012-09-24,,,,,,,
13348,2007-09-12,,,,,,,
133485,2012-02-11,,,,,,,
133491,2012-06-01,,,,,,,
13351,1994-09-03,,,,,,,
13353,1966-10-27,,,,,,,
13354,2007-09-04,,,,,,,
13355,2006-01-01,,,,,,,
133557,2012-10-22,,,,,,,
133560,1960-08-30,,,,,,,
133563,1961-02-19,,,,,,,
13360,2007-02-06,,,,,,,
133601,2012-08-22,,,,,,,
133603,2012-08-28,,,,,,,
13362,2007-04-30,1000000.0,274661.0,-725339.0,,,,
13363,2007-06-10,,,,,,,
13364,2006-06-24,,201275.0,,,,,
133643,1920-02-02,,,,,,,
13365,2005-09-15,,238073.0,,,,,
133684,2007-10-04,,,,,,,
133694,2012-09-23,,8138788.0,,,,,
13370,2003-04-16,6000000.0,1.8750246E7,1.2750246E7,,,,
133716,1953-07-29,,,,,,,
13373,2005-04-08,,6584159.0,,,,,
133736,2012-11-20,,,,,,,
133738,2012-09-21,,,,,,,
133741,2012-09-19,,,,,,,
133750,1983-05-01,,,,,,,
13376,2002-11-27,,2.3833131E7,,,,,
133764,2012-06-29,,,,,,,
13377,1966-12-18,,,,,,,
13378,2004-01-01,,,,,,,
133783,2012-09-26,,,,,,,
133786,2012-09-19,,,,,,,
133790,2013-08-10,,,,,,,
133792,1957-09-26,,,,,,,
13380,1985-11-22,,,,,,,
133805,2013-10-16,3.0E7,8.2394288E7,5.2394288E7,,,,
133823,2012-02-11,,,,,,,
133827,1964-09-04,,,,,,,
13383,1959-11-26,,,,,,,
13384,1969-11-18,,,,,,,
13386,1981-03-05,,,,,,,
13387,2008-11-26,3.0E7,1.08979549E8,7.8979549E7,,,,
13389,2008-09-11,6.0E7,7.3174566E7,1.3174566E7,,,,
13390,2008-09-10,,,,,,,
13391,2007-08-18,,,,,,,
133919,1973-04-11,150000.0,,,,,,
13394,2007-11-28,6.0E7,,,,,,
133964,2012-10-05,,,,,,,
13397,1974-12-10,,,,,,,
133977,2012-03-03,,,,,,,
13398,2003-12-29,,,,,,,
134,2000-08-30,,7.1868327E7,,,,,
13400,1970-12-14,,,,,,,
13401,2008-02-29,,2.2707064E7,,,,,
134012,2005-11-25,,,,,,,
13402,2006-01-01,,,,,,,
13403,2001-07-20,,,,,,,
13408,2001-11-16,7000000.0,1.0229331E7,3229331.0,,,,
13409,2005-04-13,,1691706.0,,,,,
134096,2012-08-16,,,,,,,
13411,2003-04-10,,,,,,,
13412,2007-01-01,,,,,,,
13413,2008-11-17,,,,,,,
134144,1915-01-01,,,,,,,
13415,1975-01-09,,,,,,,
134153,1987-03-13,,,,,,,
134155,1916-12-17,,,,,,,
134158,1978-06-09,,,,1.5,1,,2016-04-02
13416,2004-10-08,3.0E7,6.1255921E7,3.1255921E7,,,,
13417,2005-12-05,,,,,,,
134209,1976-01-01,,,,,,,
134215,2012-09-21,,,,,,,
134238,1936-02-28,,,,,,,
13434,2003-01-01,,,,,,,
13435,2002-12-19,1.25E7,2.3367586E7,1.0867586E7,,,,
134355,1957-06-20,500000.0,,,,,,
13436,2006-10-04,,,,,,,
134360,1931-12-09,,,,,,,
134366,2012-10-12,,,,,,,
13437,2002-08-30,,,,,,,
134371,2012-10-12,,,,,,,
134374,2013-04-18,2.5E7,8.6175291E7,6.1175291E7,,,,
134375,2012-11-25,,,,,,,
134390,1992-05-29,,,,,,,
13440,2002-10-25,,,,,,,
134409,2012-03-11,,,,,,,
134446,1997-12-19,,,,,,,
134458,1997-07-11,,,,,,,
134463,1993-02-10,,,,,,,
134472,2010-10-06,,,,,,,
134474,1991-03-03,18000.0,700000.0,682000.0,,,,
13448,2009-05-13,,3.56613439E8,,,,,
134481,2011-10-26,,,,,,,
13455,2009-02-06,3.8E7,4.5465299E7,7465299.0,,,,
134569,2011-03-17,,,,3.5,1,,2015-09-27
13459,2008-07-01,,4496912.0,,,,,
13461,2005-11-18,,5151936.0,,,,,
134632,2012-10-09,,,,,,,
134656,2008-01-01,,,,,,,
13466,1999-02-19,,,,,,,
134662,2012-08-08,,,,,,,
134679,1976-10-08,,,,,,,
13468,2004-09-03,,,,,,,
134688,2012-07-14,,,,,,,
134693,2012-08-01,,,,,,,
13470,2007-05-27,,,,,,,
134705,1990-12-14,,,,,,,
134732,1958-03-01,,,,,,,
134738,1977-10-02,,,,,,,
13474,2007-11-09,8000000.0,7766240.0,-233760.0,,,,
134743,1982-02-02,,,,,,,
13475,2009-05-06,1.5E8,3.85680446E8,2.35680446E8,,,,
134750,1906-04-05,,,,,,,
134756,2012-10-09,,,,,,,
13477,2010-01-29,,3.6699403E7,,,,,
134777,2006-12-09,,,,,,,
134782,2011-05-14,1800000.0,,,,,,
13480,2008-11-15,,,,,,,
13481,1978-08-12,,,,,,,
134812,2013-05-09,,,,,,,
13482,1988-03-18,,,,,,,
13484,2006-06-24,,245000.0,,,,,
134841,2002-11-22,,,,,,,
13486,2008-07-19,,,,,,,
13488,2008-11-11,,,,,,,
134881,2007-06-17,,,,4.0,2,0.0,2016-08-26
13490,2008-02-08,3.5E7,4.3650785E7,8650785.0,,,,
134901,2006-12-24,,,,,,,
134908,2013-02-13,,,,,,,
13493,2008-03-07,,6.8397662E7,,,,,
13495,2006-09-01,2.4E7,2.3321954E7,-678046.0,,,,
13496,2001-08-17,3.5E7,1.3678913E7,-2.1321087E7,,,,
13497,2002-12-13,2.0E7,5.7588485E7,3.7588485E7,,,,
13499,2005-11-23,4.5E7,7.2028752E7,2.7028752E7,,,,
135,1967-05-17,,,,3.0,27,1.176696810829104,2012-05-02
13503,2001-11-30,,,,,,,
135047,2012-10-09,,,,,,,
13505,2004-01-30,,,,,,,
13507,2007-01-01,9780000.0,,,,,,
13508,2006-08-04,1000000.0,1678874.0,678874.0,,,,
13509,1987-08-14,1.2E7,3769990.0,-8230010.0,,,,
135097,2012-09-27,,,,,,,
13510,2008-09-12,,3983997.0,,,,,
13511,1986-10-01,,,,,,,
13514,1979-11-22,,,,,,,
13515,2008-08-15,3.5E7,7.2436439E7,3.7436439E7,,,,
13516,2007-09-27,,,,,,,
13517,2006-09-10,,,,,,,
13519,1994-01-01,2.8E7,,,,,,
135195,2005-01-01,,,,,,,
135198,1997-06-12,,,,,,,
135199,2004-01-16,,,,,,,
135210,2006-03-26,3000000.0,,,,,,
135214,2012-12-07,,,,,,,
13523,2008-10-16,,1.8755936E7,,,,,
13524,1965-04-02,,,,,,,
13526,2000-09-25,,109130.0,,,,,
135275,1917-06-24,,,,,,,
135281,2012-09-12,,,,,,,
13529,2006-03-24,,,,,,,
135309,2012-09-29,,,,,,,
135312,1998-01-01,,,,,,,
135317,2012-09-28,,,,,,,
135335,1934-05-11,,,,,,,
135337,1968-09-16,,,,,,,
13535,2005-06-20,,,,,,,
135362,2006-06-02,1000000.0,,,,,,
135368,2012-09-28,,,,,,,
13537,2003-11-14,6000000.0,2944752.0,-3055248.0,,,,
13538,2007-04-27,,,,,,,
135390,1975-03-17,,,,,,,
135397,2015-06-09,1.5E8,1.51352881E9,1.36352881E9,,,,
13541,2008-03-23,,,,,,,
13542,2004-01-01,,,,,,,
135465,2012-05-28,,,,,,,
135482,1996-01-01,,,,,,,
13549,1976-10-18,,,,,,,
13550,1980-03-27,,1.2E7,,,,,
13551,2006-11-07,,,,,,,
13553,1979-06-15,,,,,,,
135536,1963-12-05,,,,3.0,1,,2016-08-06
135547,2012-09-28,,,,,,,
13555,1981-03-13,,,,,,,
13557,2005-11-03,,,,,,,
135579,2012-10-10,,,,,,,
13558,2004-01-01,,,,,,,
13559,1995-03-03,,,,,,,
135598,2012-01-28,,,,,,,
13560,2002-09-10,1.1E7,,,,,,
13561,2007-01-01,190000.0,,,,,,
13562,1936-09-17,,,,,,,
135647,2012-11-02,,,,,,,
135652,2012-11-09,,,,,,,
135659,2012-10-09,,,,,,,
13567,1983-11-18,350000.0,,,,,,
135670,2012-11-02,,,,,,,
135679,2008-01-15,,,,,,,
135686,1997-01-01,,,,,,,
13569,2006-12-01,,,,,,,
135695,2012-11-14,,,,,,,
135696,2004-12-03,,3367646.0,,,,,
135697,1957-01-01,,,,,,,
135714,2011-10-16,,,,,,,
135718,2012-09-28,,,,,,,
13573,2003-01-18,,343816.0,,,,,
13574,2007-04-13,,,,,,,
13577,2008-10-10,,,,,,,
135787,1997-11-01,,,,,,,
13579,2008-08-22,,,,,,,
135799,2012-11-17,,,,,,,
1358,1991-10-01,,,,3.8863636363636362,66,1.1792939691757378,2016-06-27
135800,2003-07-01,,,,,,,
13581,1945-09-04,,,,,,,
135832,2012-12-19,12000.0,,,,,,
13585,2008-11-10,,,,,,,
13586,2006-11-13,,,,,,,
1359,2000-04-13,,3.4266564E7,,2.1363636363636362,11,1.026910636104941,2016-08-09
13590,1997-11-17,,,,,,,
135921,2012-10-05,,,,,,,
135938,1995-12-14,,,,,,,
13597,1986-06-27,2.5E7,1.2729917E7,-1.2270083E7,,,,
1360,2002-08-29,1.2E7,5.6298474E7,4.4298474E7,,,,
136058,1983-10-04,,,,,,,
136080,2012-09-28,,,,,,,
136087,2012-10-04,,,,,,,
136109,1931-11-21,,,,,,,
13611,2007-01-01,250000.0,,,,,,
13612,1980-07-18,,4.1675194E7,,,,,
13613,2008-04-08,1.8E7,,,,,,
136141,1929-10-15,,,,,,,
136146,2002-06-01,,,,,,,
13616,2006-10-23,,,,,,,
13617,2008-02-15,2200000.0,,,,,,
13618,2004-01-07,,,,,,,
1362,1977-11-27,3000000.0,,,,,,
136215,1987-01-01,,,,,,,
136278,2012-10-09,,,,,,,
136294,2010-05-05,,,,,,,
1363,1998-12-30,,,,3.357142857142857,7,0.6267831705280087,2005-01-26
13630,2003-08-22,,,,,,,
136311,1996-09-12,,1910.0,,,,,
13632,1994-11-24,,,,,,,
13633,1983-03-25,,9190819.0,,,,,
136336,1951-02-06,,,,,,,
136345,2006-08-31,,,,,,,
13637,2007-09-15,3800000.0,2725258.0,-1074742.0,,,,
136386,2012-10-05,,,,,,,
13639,2008-07-16,,,,,,,
1364,2001-08-24,,2628241.0,,,,,
13641,2007-02-07,,,,,,,
136418,2013-05-07,2.0E7,8352885.0,-1.1647115E7,,,,
13643,2008-03-01,,,,,,,
13644,1991-11-08,,1.4812E7,,,,,
13646,2008-01-30,560000.0,1500000.0,940000.0,,,,
13649,2007-08-17,,7000000.0,,,,,
13650,2006-09-26,,,,,,,
13651,1985-05-06,,,,,,,
13653,2005-09-15,,,,,,,
136553,2012-10-06,,,,,,,
136558,2011-01-01,,,,,,,
136572,2007-10-07,,,,,,,
136576,1973-08-30,,,,,,,
136582,2012-09-19,,,,,,,
136585,2013-05-16,,,,,,,
1366,1976-11-21,1000000.0,1.17235147E8,1.16235147E8,3.9615384615384617,13,0.7762500258061849,2012-02-11
136627,1955-01-01,,,,,,,
13666,1941-12-12,,,,,,,
13668,2006-10-20,,1.6158487E7,,,,,
13669,1945-12-17,,,,,,,
13671,1962-06-19,,8000000.0,,,,,
136716,1976-11-01,,,,,,,
136727,2012-09-14,,,,,,,
13673,2004-11-24,6.0E7,,,,,,
136735,2012-11-11,,,,,,,
136741,2012-04-25,10.0,,,,,,
136743,2012-09-27,,,,,,,
13675,1969-12-07,,,,,,,
136752,2012-06-22,,,,,,,
136786,2012-09-28,,,,,,,
136793,2012-12-07,,,,,,,
1368,1982-10-22,1.5E7,1.25212904E8,1.10212904E8,,,,
13680,2007-09-28,2.2E7,1.47880543E8,1.25880543E8,,,,
13682,2005-02-11,,,,,,,
13685,1996-02-21,,560069.0,,,,,
13688,2008-01-30,,4.7301471E7,,,,,
1369,1985-05-21,4.4E7,3.00400432E8,2.56400432E8,2.5,2,0.7071067811865476,2000-11-22
136902,2012-11-15,,,,,,,
13691,2003-03-16,,,,,,,
136911,2012-10-19,2.5E7,,,,,,
13692,2008-05-16,,,,,,,
13696,1938-11-26,,,,,,,
136966,1952-07-25,,,,,,,
13697,1991-12-25,,,,,,,
13698,1986-03-13,,3.661161E7,,,,,
13699,2005-12-02,5.3E7,,,,,,
137,1993-02-11,1.46E7,7.0906973E7,5.6306973E7,1.0,1,,2000-11-22
1370,1988-05-24,6.3E7,1.89015611E8,1.26015611E8,3.287878787878788,66,0.9448671296927905,2016-10-07
137008,2011-09-03,,,,,,,
13703,1987-11-06,1.0,1.2396383E7,1.2396382E7,,,,
13704,1988-07-06,,2.2433275E7,,,,,
13707,1916-07-10,,,,,,,
137093,2013-10-31,2.8E7,1.3440245E8,1.0640245E8,,,,
137094,2014-01-15,,5.0549107E7,,,,,
137106,2014-02-06,6.0E7,4.69160692E8,4.09160692E8,,,,
137116,2017-03-23,6.0E7,1.97183546E8,1.37183546E8,,,,
137144,2012-10-07,,,,,,,
13715,1986-04-18,6500000.0,2347000.0,-4153000.0,,,,
137180,2012-10-12,,,,,,,
137193,2012-10-23,,,,,,,
137200,2012-01-27,,,,,,,
13721,2007-05-11,1500000.0,,,,,,
13722,2006-04-25,1.5E7,,,,,,
137221,2012-09-30,,,,,,,
13723,2007-11-29,,,,,,,
137236,2000-09-08,,,,,,,
13728,2006-04-05,,,,,,,
137285,2012-10-18,,,,,,,
1373,2001-10-01,,,,2.78,25,0.8548879068821441,2009-06-16
13730,2005-11-02,,,,,,,
13732,2007-12-05,,,,,,,
137321,2014-02-13,6.0E7,3.0800231E7,-2.9199769E7,,,,
13733,2005-12-14,,,,,,,
13734,2007-10-24,,,,,,,
137357,1947-01-07,,,,,,,
137366,2012-10-17,,,,,,,
137381,2012-04-20,,,,,,,
13739,2005-01-01,,,,,,,
1374,1985-11-21,,3.00473716E8,,3.75,72,0.8599050062177274,2015-11-22
137400,2012-01-13,1.2E7,,,,,,
13741,2008-06-25,,,,,,,
13742,2006-02-01,,,,,,,
13746,2005-03-23,,,,,,,
137474,2012-04-14,,,,,,,
13748,2006-01-16,,2.0,,,,,
137484,2011-03-13,,,,,,,
137491,2001-08-12,,,,,,,
137499,2012-06-15,,,,,,,
137504,1953-08-19,,,,,,,
13751,2006-04-28,8000000.0,1.8948425E7,1.0948425E7,,,,
137563,2013-06-27,,125.0,,,,,
137566,2012-09-13,,,,,,,
137587,1983-09-05,,,,,,,
13759,1990-01-01,,,,,,,
137599,1980-01-04,121.0,,,,,,
1376,2002-05-21,,,,3.5,65,1.114534656257938,2016-08-17
13761,1998-08-04,,,,,,,
137619,1972-01-01,,,,,,,
137646,2012-05-14,,,,,,,
13765,1970-11-05,,,,,,,
137651,2012-01-01,,,,,,,
13766,1986-06-06,1.8E7,9697739.0,-8302261.0,,,,
13767,2006-11-01,1.2E7,8.4500122E7,7.2500122E7,,,,
13770,1977-06-27,,,,,,,
137700,2012-05-08,,,,,,,
137726,1967-03-06,,,,,,,
13774,2008-08-29,,,,,,,
137746,2008-01-01,,,,,,,
137757,1906-01-01,,,,,,,
13776,1982-04-02,,,,,,,
137769,2011-11-18,,,,,,,
137776,2012-09-29,,,,,,,
13778,2003-09-05,,,,,,,
13783,1980-05-15,,,,,,,
13784,1940-04-12,,,,,,,
13785,2000-09-19,,,,,,,
137853,2012-04-20,,,,,,,
13787,1999-09-04,,,,,,,
137876,2014-08-06,,,,,,,
13788,2009-01-09,1.6E7,7.651405E7,6.051405E7,,,,
13791,2002-02-22,,,,,,,
13792,2006-09-14,,,,,,,
137955,2012-01-01,1200000.0,,,,,,
137960,2014-05-16,,,,,,,
137968,2013-07-23,1.1E7,,,,,,
13798,1974-09-26,,,,,,,
1380,1989-01-13,,2777280.0,,3.477777777777778,90,1.0491063910420826,2016-07-19
13802,2005-01-01,,,,,,,
138022,1991-02-27,,,,,,,
13803,2008-10-09,6000000.0,,,,,,
13804,2009-04-02,8.5E7,3.63164265E8,2.78164265E8,,,,
138061,2011-09-25,,,,,,,
13807,2006-09-06,4500000.0,,,,,,
1381,2006-09-06,3.5E7,1.530489E7,-1.969511E7,2.4473684210526314,19,1.153433724461508,2012-11-12
13811,2009-03-19,5.0E7,1.55446362E8,1.05446362E8,,,,
138115,2012-11-06,,,,,,,
138118,2012-11-21,,,,,,,
13812,2008-10-10,,4.0855419E7,,,,,
138122,2012-10-19,,,,,,,
13816,2006-08-25,,,,,,,
13818,1986-07-25,,,,,,,
13819,2002-05-18,,,,,,,
138191,2012-01-17,,,,,,,
1382,2005-06-17,,,,2.0,2,1.4142135623730951,2000-03-17
138217,2013-02-01,,,,,,,
138222,2012-10-20,1500000.0,1938.0,-1498062.0,,,,
13823,1992-09-17,,,,,,,
13825,2008-10-21,9750000.0,558000.0,-9192000.0,,,,
13827,2008-09-05,6000000.0,69497.0,-5930503.0,,,,
138273,1971-09-04,,,,,,,
13830,2002-02-27,200000.0,,,,,,
13834,2005-01-01,,,,,,,
138341,1932-09-18,,,,,,,
138357,1955-05-06,,,,,,,
13836,2009-03-12,5.0E7,1.06303988E8,5.6303988E7,,,,
138372,2012-12-07,,,,,,,
138376,2012-11-29,,5750.0,,,,,
13842,2006-09-08,,251775.0,,,,,
138449,2003-01-01,,,,,,,
13848,2007-05-21,5000000.0,,,,,,
138486,1954-04-25,,,,,,,
13849,2008-02-07,,,,,,,
138496,2012-05-01,,,,,,,
138502,2012-11-14,,,,,,,
138513,1997-06-05,,,,,,,
138535,1977-04-16,,,,,,,
138543,2012-03-28,,,,,,,
138544,2012-10-13,,,,,,,
13855,2008-02-14,,,,,,,
138550,2012-08-30,,,,,,,
13856,2006-01-30,1000000.0,7202.0,-992798.0,,,,
138574,2012-12-14,,,,,,,
13861,1940-03-22,,,,,,,
138665,2012-10-18,,,,,,,
138667,2012-10-17,,,,,,,
138686,2012-10-18,,,,,,,
138697,2013-07-26,6000000.0,,,,,,
138699,1957-05-03,,,,,,,
138705,2012-03-16,,,,,,,
138719,2011-11-05,,,,,,,
138752,1923-09-06,,,,,,,
138767,2012-10-12,,,,,,,
138832,2013-08-07,3.7E7,2.69994119E8,2.32994119E8,,,,
138843,2013-07-18,,3.18000141E8,,,,,
13885,2007-12-20,5.0E7,1.52E8,1.02E8,,,,
138853,2010-11-13,,9833553.0,,,,,
13888,1991-08-02,1.1E7,2807854.0,-8192146.0,,,,
1389,1998-06-26,4.8E7,7.7745568E7,2.9745568E7,1.7916666666666667,12,0.9404624909956254,2006-12-30
138906,1969-03-21,,,,,,,
138907,2012-10-26,,,,,,,
13891,1996-12-13,3000000.0,153155.0,-2846845.0,,,,
13892,1999-08-05,,,,,,,
13894,2006-09-11,,,,,,,
138943,2012-01-01,,,,,,,
138977,2012-06-05,1500000.0,,,,,,
13898,2000-09-08,,,,,,,
13899,2000-12-02,,,,,,,
138990,1963-11-13,,,,,,,
13905,2004-01-01,,,,,,,
13907,1998-02-27,,,,,,,
139075,1998-10-20,,,,,,,
13908,2002-08-02,,,,,,,
1391,2001-06-08,5000000.0,3.3616692E7,2.8616692E7,2.99375,80,1.1037730171632758,2016-08-17
13911,1931-09-19,,,,,,,
13912,1932-08-19,,,,,,,
13914,2007-01-18,,,,,,,
13915,2000-01-01,555000.0,,,,,,
139156,2012-10-24,,,,,,,
139159,2012-04-04,,,,,,,
13919,2005-06-08,,,,,,,
139195,1972-10-04,,,,,,,
1392,2004-12-08,350000.0,3515061.0,3165061.0,3.375,8,0.9161253813129043,2005-12-05
139212,2008-09-19,,,,,,,
139215,2009-07-01,,,,,,,
13922,2005-08-12,8.0E7,1.0166502E7,-6.9833498E7,,,,
139230,2008-10-13,,,,,,,
139238,1915-10-10,,,,,,,
13924,1984-12-17,,,,,,,
139251,2012-10-20,,,,,,,
13926,1987-08-17,,,,,,,
13927,1988-08-01,,,,,,,
139270,2012-09-19,,,,,,,
139276,2012-10-19,,,,,,,
13928,1989-01-01,,,,,,,
1393,2005-07-27,,,,3.69811320754717,106,0.919832400062561,2016-08-17
13930,2000-11-01,,,,,,,
139302,2012-06-15,250000.0,,,,,,
139329,2012-11-01,,311.0,,,,,
13933,2005-06-21,,,,,,,
139334,1960-10-05,,,,,,,
139349,1976-05-19,,,,,,,
139357,2012-10-19,240000.0,2800000.0,2560000.0,,,,
13936,1955-10-10,,,,,,,
139374,2012-12-02,9000000.0,,,,,,
139380,2012-11-21,,,,,,,
13939,1974-07-24,3000000.0,2.2E7,1.9E7,,,,
139405,1995-10-20,,,,,,,
139406,2010-01-01,,,,,,,
13942,2008-11-07,,,,,,,
13943,2006-10-26,,,,,,,
139433,2011-01-01,,,,,,,
13944,2008-09-26,,2000000.0,,,,,
139445,1998-05-26,,,,,,,
13945,1982-04-01,4000000.0,3.9103425E7,3.5103425E7,,,,
139455,2012-11-30,,14567.0,,,,,
13946,2007-12-01,,,,,,,
139467,1977-01-28,,,,,,,
13948,2008-10-03,,7000000.0,,,,,
13949,2007-04-01,,,,,,,
139504,2012-10-18,,,,,,,
139519,2013-07-26,,,,,,,
139521,2013-01-11,,,,,,,
139563,1974-11-15,,,,,,,
139567,2012-08-31,2.0E7,4636169.0,-1.5363831E7,,,,
139571,2012-10-11,,,,,,,
139572,2013-08-02,,,,,,,
139579,1980-06-30,,,,,,,
13958,2007-08-17,,,,,,,
139582,2012-10-24,,,,,,,
1396,1975-03-07,,,,3.6176470588235294,51,0.711254070597263,2016-05-08
139609,1962-12-21,,,,,,,
13962,1994-02-11,1.3E7,,,,,,
139646,2012-10-26,,,,,,,
139651,2012-09-17,,1.1384015E7,,,,,
13967,2006-12-03,3.0E7,3.5078241E7,5078241.0,,,,
13969,2004-09-24,3.0E7,,,,,,
139712,2011-01-01,,,,,,,
13975,2009-04-15,,,,,,,
13976,2004-11-15,,,,,,,
139777,2012-01-01,,,,,,,
13980,2007-09-29,,,,,,,
13981,2007-10-19,,,,,,,
13982,1997-04-18,,,,,,,
139826,1995-03-18,,,,,,,
139851,1974-05-15,,,,,,,
139854,2007-04-30,200000.0,,,,,,
139856,2011-11-06,,,,,,,
139862,2012-06-06,,,,,,,
139929,2012-09-28,,,,,,,
13993,2008-05-09,,,,,,,
139930,2012-07-13,,,,,,,
139945,1985-03-09,62500.0,,,,,,
139948,2012-11-01,,111300.0,,,,,
13998,2007-08-31,1.0E7,,,,,,
14,1999-09-15,1.5E7,3.56296601E8,3.41296601E8,3.4516129032258065,31,0.7784047652054962,2012-11-12
140003,1984-11-05,,,,,,,
140008,1964-03-08,,,,,,,
14001,2007-03-16,2.0E7,2.2217407E7,2217407.0,,,,
14002,1992-09-15,4000000.0,,,,,,
140036,1976-12-17,,,,,,,
14005,1999-10-29,,,,,,,
140054,2012-03-17,,,,,,,
140101,2000-08-28,,,,,,,
14011,2008-02-26,3500000.0,5231128.0,1731128.0,,,,
14012,2006-10-20,1.5E7,2.1E7,6000000.0,,,,
14013,1998-07-28,,7027290.0,,,,,
14014,2007-04-01,,,,,,,
14016,2007-11-29,,,,,,,
140161,1984-05-06,,,,,,,
140172,2006-11-03,1.0,,,,,,
14019,2007-01-31,,,,,,,
14021,2005-02-05,,,,,,,
140212,2012-11-08,,,,,,,
14022,1990-07-27,,,,,,,
140222,2013-03-22,,,,,,,
14025,2007-11-09,,,,,,,
140276,1936-09-04,,,,,,,
140278,2004-06-27,,,,,,,
140281,1945-11-29,,,,,,,
14029,1985-10-04,1800000.0,,,,,,
1403,1966-06-15,,,,,,,
14035,1979-06-28,,,,,,,
140383,1949-12-16,,,,,,,
14040,1985-08-16,,1400000.0,,,,,
140420,2012-11-02,,,,,,,
14044,2007-10-09,1.6E7,3.478696E7,1.878696E7,,,,
140441,2012-05-12,,,,,,,
140443,2012-01-15,,,,,,,
140447,2012-02-15,,,,,,,
140448,2012-06-15,,,,,,,
140470,1939-07-12,,,,,,,
140472,1937-12-16,,,,,,,
14048,2008-07-25,,2957978.0,,,,,
140481,2012-01-01,,,,,,,
140485,2012-05-18,,,,,,,
140513,1968-07-12,,,,,,,
14052,1984-07-20,,,,,,,
14054,2008-03-07,,414404.0,,,,,
14055,2006-09-13,,21.0,,,,,
140554,2012-11-06,,,,,,,
14057,2005-09-01,9000000.0,,,,,,
1406,1991-06-07,2.7E7,1.79033791E8,1.52033791E8,3.25,4,1.707825127659933,2000-11-22
140605,1985-03-01,,,,,,,
140607,2015-12-15,2.45E8,2.068223624E9,1.823223624E9,,,,
14062,2006-11-30,5000000.0,,,,,,
14063,2007-01-10,,,,,,,
140632,1972-06-21,,,,,,,
14064,2006-06-29,2000000.0,300000.0,-1700000.0,,,,
140652,2012-03-13,,,,,,,
14066,2007-05-19,,,,,,,
14069,2006-07-15,,3800000.0,,,,,
14070,2008-12-25,9100000.0,7.6E7,6.69E7,,,,
140708,2012-03-09,,,,,,,
14071,2008-11-13,1.0E7,2.0E7,1.0E7,,,,
14073,2008-02-15,,1.3E7,,,,,
140733,2005-03-17,,,,,,,
14074,2008-04-04,,,,,,,
140750,2012-11-13,100000.0,,,,,,
14078,2008-02-22,,,,,,,
140781,2011-07-17,,,,,,,
140783,2009-01-01,,,,,,,
140823,2013-11-16,3.5E7,1.1254458E8,7.754458E7,,,,
140825,1971-06-09,,,,,,,
140849,1955-11-28,,,,,,,
14086,2004-04-27,,,,,,,
14087,1983-07-21,,,,,,,
140873,2012-01-01,,,,,,,
14088,1986-06-14,,,,,,,
140883,1991-01-01,,,,,,,
140887,1933-04-07,,,,,,,
140894,2012-09-25,,,,,,,
140897,1998-12-18,,,,,,,
14091,2000-04-25,,,,,,,
14092,2008-07-12,,,,,,,
14096,2005-06-18,,,,,,,
140966,1980-07-14,,,,,,,
14098,2008-07-22,1.0E7,,,,,,
141,2001-01-18,6000000.0,1270522.0,-4729478.0,3.5806451612903225,93,0.9620243674618969,2016-05-08
1410,1974-04-01,,,,2.75,4,0.9574271077563382,2000-12-10
141003,2000-08-13,,,,,,,
141010,1971-08-11,,,,,,,
14103,2008-04-29,50000.0,,,,,,
141052,2017-11-15,,,,,,,
141055,1992-01-01,,,,,,,
141063,2008-09-02,5000.0,,,,,,
1411,1991-10-04,1227401.0,1277401.0,50000.0,4.16,25,0.8981462390204987,2011-01-28
14112,2002-10-18,7000000.0,2062066.0,-4937934.0,,,,
141131,1979-09-20,,,,,,,
141152,2012-11-02,,,,,,,
14117,1953-11-04,,,,,,,
14120,2005-12-02,,,,,,,
14123,2007-08-03,,,,,,,
14125,2007-03-09,1.7E7,2626800.0,-1.43732E7,,,,
141262,1975-12-27,,,,,,,
141267,2013-03-15,,,,,,,
14128,2002-02-23,5000000.0,,,,,,
1413,1993-09-09,,1499795.0,,3.5,4,1.2909944487358056,2004-02-01
141319,2000-10-16,3500000.0,,,,,,
14134,2004-04-30,,,,,,,
14136,1968-12-22,,,,,,,
14137,2006-09-15,,,,,,,
14138,2007-06-01,700.0,,,,,,
14140,1977-06-24,,,,,,,
141419,1960-12-31,,,,,,,
14142,2008-08-29,,,,,,,
141423,2012-01-01,,,,,,,
14143,2008-05-19,,,,,,,
14144,2007-08-08,6000000.0,1.8197398E7,1.2197398E7,,,,
14145,2008-02-06,4300000.0,,,,,,
141461,1981-03-06,,,,,,,
14147,2005-05-31,,,,,,,
141476,2011-11-23,,,,,,,
14148,2007-08-04,,,,,,,
141489,1964-09-23,,,,,,,
1415,2003-09-05,5000000.0,742898.0,-4257102.0,3.5,2,0.7071067811865476,2000-11-20
141520,2012-11-01,200000.0,486937.0,286937.0,,,,
14154,2008-07-29,,,,,,,
14158,2007-12-18,,,,,,,
14160,2009-05-13,,7.35099082E8,,,,,
141603,1998-09-04,,,,,,,
14161,2009-10-10,2.0E8,7.69653595E8,5.69653595E8,,,,
141613,1996-08-23,,,,,,,
14163,2007-08-10,,1.93E7,,,,,
141640,2001-12-25,,,,,,,
14166,2005-01-22,,,,,,,
14167,2005-01-02,,12762.0,,,,,
141679,2012-10-11,,,,,,,
14168,1957-08-07,,,,,,,
14169,1966-08-27,,,,,,,
1417,2006-05-27,1.9E7,8.3258226E7,6.4258226E7,2.0,1,,1998-06-16
14170,1988-06-03,,,,,,,
14171,2006-12-15,,,,,,,
14172,2004-12-28,,,,,,,
141733,2013-03-13,,,,,,,
14174,2005-09-10,2200000.0,,,,,,
141757,1984-07-05,,,,,,,
141760,2012-10-14,,,,,,,
14177,2005-06-02,2.5E7,3.635135E7,1.135135E7,,,,
14180,2005-05-06,,,,,,,
141803,2012-10-26,,,,,,,
14181,2000-02-18,2.6E7,2.8780255E7,2780255.0,,,,
141810,2012-01-01,,,,,,,
141819,2013-09-13,,,,,,,
141884,2012-04-29,,,,,,,
141901,2012-11-02,,,,,,,
14191,2006-03-03,1.2E7,2.3006849E7,1.1006849E7,,,,
14193,2008-04-25,,,,,,,
14194,2006-11-24,1.1E7,4.6396427E7,3.5396427E7,,,,
14195,2000-05-17,1.0E7,,,,,,
14196,2008-07-11,,,,,,,
14197,2008-05-26,,,,,,,
141971,2008-12-26,,,,,,,
141976,2011-11-06,,,,,,,
141978,1954-12-04,,,,,,,
142,2005-09-02,,1.78043761E8,,,,,
1420,2005-09-03,,,,5.0,1,,2000-05-10
142012,1996-09-08,,,,,,,
14202,2006-12-09,1.94E7,,,,,,
142023,2006-01-26,,,,,,,
142026,1907-08-10,,,,,,,
14205,2007-06-16,,,,,,,
142051,2001-01-09,,,,,,,
142064,1975-02-21,,,,,,,
14207,2004-12-05,,,,,,,
14208,2006-10-09,,,,,,,
142084,2009-09-15,,,,,,,
142106,2013-06-28,,,,,,,
142118,2011-12-30,,,,,,,
142119,2010-10-09,,,,,,,
14212,2008-09-30,,,,,,,
142150,1995-11-05,,,,,,,
142168,2002-07-13,,,,,,,
1422,2006-10-05,9.0E7,2.89847354E8,1.99847354E8,3.1,15,0.8493695140682713,2016-05-07
142208,2012-11-14,,,,,,,
14226,2005-12-22,7500000.0,3752325.0,-3747675.0,,,,
14229,2005-03-19,,,,,,,
142293,2012-01-01,,,,,,,
142308,2012-11-20,,,,,,,
142320,2012-10-25,,,,,,,
14234,2007-05-21,2000000.0,,,,,,
142373,1994-02-09,,,,,,,
142374,1994-02-09,,,,,,,
14239,1992-07-10,3.0E7,1.4110589E7,-1.5889411E7,,,,
142391,2013-02-14,750.0,,,,,,
14240,1988-05-13,1100000.0,,,,,,
142406,1969-10-10,,,,,,,
142408,2000-12-27,,,,,,,
142412,1999-02-26,,,,,,,
14242,1999-11-05,,,,,,,
14245,2002-12-28,5000000.0,,,,,,
142478,2000-01-01,,,,,,,
14249,1990-02-16,,1.5645616E7,,,,,
142499,1999-03-27,,,,,,,
142507,2011-01-01,,,,3.0,1,,2016-06-13
14251,2007-10-12,,,,,,,
142533,2011-02-01,,,,,,,
14254,2009-01-30,,4.1624046E7,,,,,
142563,2012-03-02,,,,,,,
14257,1971-04-01,,,,,,,
142573,2012-02-29,,,,,,,
14258,2003-07-17,,,,,,,
142585,1972-11-01,,,,,,,
142611,2016-05-05,,,,,,,
14263,2006-01-01,,,,,,,
142631,2001-06-21,,,,,,,
142635,2012-11-04,,,,,,,
142656,1956-02-26,,,,,,,
14268,2001-01-01,,,,,,,
14273,2000-08-30,,,,,,,
14274,2005-01-01,,,,,,,
142746,1981-10-01,,,,,,,
14275,1994-09-12,,7830611.0,,,,,
142758,2010-01-09,,,,,,,
14277,2006-06-01,,,,,,,
142770,1954-04-20,,,,,,,
14278,2005-07-22,300000.0,1750211.0,1450211.0,,,,
14279,2007-01-01,,,,,,,
142797,1957-04-27,,,,,,,
142802,1992-01-01,,,,,,,
14282,1993-06-05,,,,,,,
14283,1998-09-10,1.8E7,9495408.0,-8504592.0,,,,
142830,1988-01-01,,,,,,,
14284,2007-01-19,2000000.0,,,,,,
14285,1988-08-28,,,,,,,
14287,2004-09-16,,38585.0,,,,,
142881,1958-02-03,,,,,,,
142897,2005-07-13,,,,,,,
142914,2013-08-16,,,,,,,
14292,2004-02-06,2.8E7,6.4445708E7,3.6445708E7,,,,
14293,2002-06-07,,,,,,,
142946,1990-04-20,,,,,,,
142966,2006-04-20,,,,,,,
14297,2006-01-09,,,,,,,
142971,1983-02-21,,,,,,,
142979,1961-05-11,,,,,,,
142982,1963-11-22,,,,,,,
142984,1977-12-30,,,,,,,
14299,2008-12-05,1.2E7,,,,,,
143,1930-04-29,1250000.0,,,,,,
1430,2002-10-09,4000000.0,3.5564473E7,3.1564473E7,2.5,1,,2005-03-23
143005,2001-01-01,,,,,,,
14301,2008-07-15,200000.0,3.0,-199997.0,,,,
14306,2008-12-25,6.0E7,2.44082376E8,1.84082376E8,,,,
143068,1972-08-25,,,,,,,
14308,2002-06-21,,,,,,,
143098,1998-10-29,,,,,,,
14310,2003-12-12,,,,,,,
143117,1989-02-03,,,,,,,
143146,2013-12-31,,,,,,,
14320,1946-12-26,,,,,,,
14325,2008-10-10,4.0E7,9793496.0,-3.0206504E7,,,,
14326,2008-09-26,,8.4375061E7,,,,,
143277,1919-08-31,,,,,,,
14328,1973-10-16,,,,,,,
143299,1999-04-18,,,,,,,
14330,1997-09-26,1.5E7,,,,,,
143322,1977-01-31,,,,,,,
143336,2008-02-15,,,,,,,
14334,1994-01-01,,,,,,,
143344,2008-11-07,,404075.0,,,,,
143355,1973-07-31,,,,,,,
14336,1977-12-15,,,,,,,
143380,1991-06-06,,,,,,,
143431,2008-02-10,,,,,,,
143437,1972-02-10,,,,,,,
143451,1972-04-06,,,,,,,
14346,2004-01-01,,,,,,,
14347,1984-02-17,,1.86E7,,,,,
143525,1982-03-26,,,,,,,
143534,1924-05-05,,,,,,,
143546,2004-10-07,,,,,,,
143547,1993-01-28,,,,,,,
143563,2012-11-19,,,,,,,
14358,2005-05-13,,,,,,,
14359,2008-11-27,2.0E7,5.0907234E7,3.0907234E7,,,,
143602,2012-12-12,,,,,,,
14362,1991-04-12,,3.9673161E7,,,,,
14365,2002-05-10,,,,,,,
14370,1985-08-07,,1.3E7,,,,,
14372,1989-03-17,2.5E7,1.5704614E7,-9295386.0,,,,
14373,1982-02-20,,4.5E7,,,,,
143747,1966-12-18,,,,,,,
143754,1966-08-06,,,,,,,
143769,1978-03-07,,,,,,,
143796,1966-02-25,,,,,,,
143800,2012-11-09,,,,,,,
143801,1903-12-31,,,,,,,
143838,1932-05-07,,,,,,,
143839,1964-03-10,,,,,,,
143841,1964-01-01,,,,,,,
143881,1994-10-20,,,,,,,
143887,1970-12-29,,,,,,,
14389,2003-05-16,,,,,,,
14390,2001-01-20,,,,,,,
143946,1956-11-21,,,,,,,
143959,2012-02-20,,,,,,,
14396,2007-01-05,,1.0337477E7,,,,,
143966,2007-08-06,,,,,,,
14397,2007-11-27,,5285197.0,,,,,
143983,1970-11-26,,,,,,,
144,1987-01-01,,3200000.0,,3.326923076923077,26,1.0093790932281854,2007-01-10
1440,2006-10-06,2.6E7,1.4821658E7,-1.1178342E7,3.0,4,0.0,2001-06-07
144008,2004-11-23,,,,,,,
14405,2008-10-03,2.0E7,1.49281606E8,1.29281606E8,,,,
14408,2008-06-18,,,,,,,
144092,2012-11-10,,,,,,,
144097,2007-12-01,,,,,,,
1441,2006-04-05,2.5E7,5549200.0,-1.94508E7,3.375,28,0.6328214305496954,2015-06-15
14410,2009-01-16,,4.3051547E7,,,,,
144105,2012-11-18,,,,,,,
14411,2003-07-02,6.0E7,2.628832E7,-3.371168E7,,,,
14412,1981-08-28,,2.4058838E7,,,,,
144121,1951-08-09,,,,,,,
14415,2008-10-01,,,,,,,
144183,1995-12-24,,,,,,,
14421,2006-09-26,,,,,,,
144229,1978-11-01,,,,,,,
14423,2008-01-11,,3.8804615E7,,,,,
144231,1985-10-04,,,,,,,
14424,2007-06-15,,,,,,,
144288,2013-02-01,,,,,,,
1443,1999-04-21,6000000.0,1.0409377E7,4409377.0,,,,
14430,1999-11-09,,,,,,,
144331,2012-11-16,,,,,,,
14434,2007-03-16,1.1E7,1.3196245E7,2196245.0,,,,
144340,2013-03-21,1.3E7,1.8E7,5000000.0,,,,
144341,1968-05-16,,,,,,,
144344,1967-08-17,,,,,,,
14435,2009-01-16,1.5E7,1.00734718E8,8.5734718E7,,,,
144393,1894-11-01,,,,,,,
14440,2007-11-28,3000000.0,,,,,,
14441,1988-08-10,,8674093.0,,,,,
144410,1895-04-01,,,,,,,
14442,2004-04-09,,2.7388767E7,,,,,
144421,1895-11-01,,,,,,,
144430,1978-01-01,,,,,,,
144444,1905-06-05,,,,,,,
144454,1909-04-09,,,,,,,
144464,1903-01-12,,,,,,,
144465,1932-07-12,,,,,,,
14447,2008-12-03,,,,,,,
144471,1958-03-30,,,,,,,
144475,1934-09-22,,,,,,,
14448,2007-05-23,,,,,,,
14451,2009-01-09,800000.0,1984662.0,1184662.0,,,,
14456,2007-08-16,,4910682.0,,,,,
14457,2005-03-13,,,,,,,
14458,2006-01-01,8000000.0,,,,,,
144580,2001-08-17,,,,,,,
144595,2012-11-21,,,,,,,
144610,1989-11-18,,,,,,,
144611,1924-10-31,,,,,,,
14463,2004-10-08,,,,,,,
14464,1987-05-08,,4215859.0,,,,,
14467,2008-07-04,2300000.0,1.11E7,8800000.0,,,,
144676,1998-01-01,,,,,,,
14469,1996-03-01,,,,,,,
144712,2011-12-24,,,,,,,
144724,1969-03-07,,,,,,,
144726,1976-04-23,,,,,,,
144728,1962-04-21,,,,,,,
14474,2006-03-30,5000000.0,,,,,,
14475,1980-07-11,8000000.0,1.1715321E7,3715321.0,,,,
144784,1933-06-29,,,,,,,
144792,1930-10-05,,,,,,,
14482,1971-06-03,,,,,,,
14484,1999-10-07,,239894.0,,,,,
144852,1955-12-25,,,,,,,
144910,1970-09-11,,,,,,,
144939,1998-01-01,,,,,,,
14499,1987-07-01,7200000.0,2300000.0,-4900000.0,,,,
145,1996-05-13,,3803298.0,,3.2790697674418605,43,0.8331118199500117,2016-08-17
1450,2009-04-02,,,,5.0,1,,2002-08-21
145002,1968-08-24,,,,,,,
14505,2006-04-25,,,,,,,
145051,2009-01-01,,,,,,,
145059,2007-01-01,,,,,,,
14506,1988-12-07,4.663E7,8083123.0,-3.8546877E7,,,,
145066,1992-08-21,,,,,,,
145075,1989-01-01,,,,,,,
145081,1995-01-11,,,,,,,
14510,1986-06-05,4500000.0,1261000.0,-3239000.0,,,,
145132,2010-12-10,,,,,,,
145135,2013-02-21,3500000.0,2.5174316E7,2.1674316E7,,,,
145154,2008-09-11,,,,,,,
145162,1970-06-05,,,,,,,
14517,2005-01-25,4000000.0,866999.0,-3133001.0,,,,
14518,2006-09-23,,,,,,,
145191,2003-05-16,,,,,,,
145194,1996-10-24,,,,,,,
145197,2013-04-05,100000.0,444098.0,344098.0,,,,
14521,1999-08-29,,,,,,,
145217,2004-09-25,,,,,,,
14522,1994-07-29,,,,,,,
145220,2014-03-20,,8.038329E7,,,,,
145221,2014-10-09,,,,,,,
14524,2008-01-08,,,,,,,
145244,1968-04-25,,,,,,,
145247,2013-12-25,9250000.0,,,,,,
145259,2001-03-09,,,,,,,
14527,2003-10-03,8256269.0,460978.0,-7795291.0,,,,
14531,2008-11-25,,,,,,,
145312,2011-08-11,,,,,,,
145316,2011-08-04,,,,,,,
14533,1998-01-31,,,,,,,
145337,1944-12-31,,,,,,,
14534,1993-09-17,1.2E7,2.2750363E7,1.0750363E7,,,,
14536,2009-01-30,,2.9010817E7,,,,,
14537,1962-09-15,,,,,,,
14538,2008-04-03,,,,,,,
145385,2002-03-31,,,,,,,
14540,2007-09-17,,,,,,,
14541,2008-11-16,,,,,,,
14542,2006-04-11,,,,,,,
14543,2001-11-19,,,,,,,
14544,2005-09-23,,,,,,,
14546,2008-10-29,,,,,,,
145474,2012-01-01,,,,,,,
145481,1973-03-09,,,,,,,
14550,1989-04-07,,2.889024E7,,,,,
14551,1950-07-12,,,,,,,
14553,1996-03-29,,,,,,,
14555,2008-06-11,,,,,,,
14556,2008-12-03,1.0E7,,,,,,
14557,1998-08-21,,,,,,,
14558,2008-02-01,,,,,,,
145593,2012-11-24,,,,,,,
145594,2003-09-12,,,,,,,
14561,2006-01-01,,,,,,,
14564,2017-02-01,2.5E7,8.308089E7,5.808089E7,,,,
145677,1975-09-20,,,,,,,
14569,2006-03-08,,,,,,,
145691,1957-07-19,,,,,,,
14570,1985-05-03,8500000.0,5730596.0,-2769404.0,,,,
14571,1989-01-01,,,,,,,
14574,2008-05-07,1.25E7,2.0416563E7,7916563.0,,,,
14575,2008-10-01,3600000.0,,,,,,
14576,2003-05-18,6800000.0,,,,,,
14577,1998-06-12,,,,,,,
14579,2008-01-01,,,,,,,
14580,1953-10-14,,,,,,,
145813,1950-09-23,,,,,,,
14584,1978-06-23,,,,,,,
145840,2012-11-25,,,,,,,
14585,1997-01-19,,,,,,,
14587,1994-01-21,,,,,,,
145872,2011-09-06,,,,,,,
145874,2009-03-15,,,,,,,
145878,1956-06-29,,,,,,,
14588,1936-12-25,,,,,,,
145902,2004-11-26,,,,,,,
14591,2004-01-01,,,,,,,
145925,1993-01-01,,,,,,,
145926,1999-03-20,,,,,,,
14594,1945-01-25,,,,,,,
14595,1947-08-28,,,,,,,
145963,1942-03-26,,,,,,,
14597,2005-12-16,,,,,,,
145977,1942-08-30,,,,,,,
145995,1944-12-05,,,,,,,
146015,2014-04-04,,200406.0,,,,,
14605,1940-06-21,,,,,,,
14606,2007-02-09,,,,,,,
146072,1943-06-18,,,,,,,
146075,1955-08-24,,,,,,,
14612,1977-12-16,,,,,,,
14614,2004-12-03,,,,,,,
146198,2016-02-19,2.0E7,1.2639297E7,-7360703.0,,,,
14620,2006-10-10,,,,,,,
146203,2013-02-28,5000000.0,1.5179302E7,1.0179302E7,,,,
14621,1989-03-03,,,,,,,
146216,2013-07-18,,,,,,,
146227,2013-08-29,1.8E7,1.0501938E7,-7498062.0,,,,
146231,2000-11-24,,,,,,,
146233,2013-09-18,4.6E7,1.22126687E8,7.6126687E7,,,,
146239,2013-10-10,2.6E7,5.1164106E7,2.5164106E7,,,,
14624,2006-10-20,,,,,,,
146243,2014-02-19,,,,,,,
14626,2000-05-03,,,,,,,
146269,2000-03-12,,,,,,,
146270,1999-10-07,,,,,,,
14629,2000-09-22,8000000.0,,,,,,
14631,2005-10-21,6500000.0,2025032.0,-4474968.0,,,,
146313,2012-12-10,,,,,,,
14633,2002-05-20,,105656.0,,,,,
146341,1995-09-12,,,,,,,
14635,2002-03-25,2.0E7,7.5597042E7,5.5597042E7,,,,
146364,2012-11-29,,,,,,,
14638,1946-08-28,,,,,,,
146380,2007-02-27,,,,,,,
146381,2013-08-09,2.2E7,,,,,,
146404,2012-08-16,,,,,,,
146405,1999-12-12,,,,,,,
146416,1966-01-01,,,,,,,
146428,1971-10-25,,,,,,,
146449,1930-02-02,,,,,,,
14646,1996-11-06,,,,,,,
146473,1969-03-28,,,,,,,
14651,2001-01-14,,,,,,,
14652,2003-04-16,,,,,,,
146521,1967-12-31,,,,,,,
14655,2008-11-07,,,,,,,
146563,1960-09-15,,,,,,,
146578,2013-02-09,,1469.0,,,,,
14660,2008-01-01,,,,,,,
146631,2012-12-14,,,,,,,
14664,1981-12-18,,3.56101E7,,,,,
14666,2007-01-01,,,,,,,
146679,2001-11-20,,,,,,,
14670,1986-09-23,,,,,,,
14671,1987-07-22,,3.5114428E7,,,,,
146712,2012-11-23,,,,,,,
146724,2012-12-19,,,,,,,
14673,1984-08-30,,,,,,,
146730,1923-01-01,,,,,,,
14675,1937-01-01,,,,,,,
14677,1959-07-29,,,,,,,
146778,2012-12-11,,,,,,,
146783,1946-10-05,,,,,,,
14683,1974-09-18,,,,,,,
146837,2012-10-30,,,,,,,
14684,1992-09-18,,1.4715067E7,,,,,
14688,2009-02-18,,,,,,,
14689,1966-10-10,1.5E7,3.4562222E7,1.9562222E7,,,,
146893,2012-06-04,,,,,,,
146905,1963-05-03,,,,,,,
146926,1995-06-27,,,,,,,
14694,2003-01-01,,,,,,,
146946,2011-11-01,,,,,,,
146970,1973-05-03,,,,,,,
14698,1959-12-22,3000000.0,,,,,,
14703,1964-08-06,3000000.0,1.2E7,9000000.0,,,,
147050,1929-10-31,,,,,,,
14709,1999-01-15,,,,,,,
14710,1940-09-18,,,,,,,
147105,1972-02-21,,,,,,,
14711,2009-01-25,,,,,,,
147129,2012-11-28,,,,,,,
147132,2012-12-01,,,,,,,
14726,2009-01-28,,,,,,,
147264,2005-12-04,,,,,,,
14729,1980-05-12,1.0E7,1.5795189E7,5795189.0,,,,
147307,1970-12-31,,,,,,,
14735,2007-05-18,,,,,,,
147360,1955-03-18,,,,,,,
147367,2013-09-03,,,,,,,
147371,1965-07-01,,,,,,,
147397,1897-05-31,,,,,,,
147405,2012-12-21,,,,,,,
14741,1977-11-30,,1.02E8,,,,,
14742,1982-07-30,,2.1095683E7,,,,,
147441,2014-12-03,1.4E8,2.68031828E8,1.28031828E8,,,,
14746,1984-06-01,,8089290.0,,,,,
14748,2007-10-28,,1200398.0,,,,,
14749,2009-02-02,,,,,,,
147496,1999-01-01,,,,,,,
14750,1985-02-08,,8692426.0,,,,,
14751,2008-11-07,,,,,,,
14752,2001-07-24,2079000.0,4099000.0,2020000.0,,,,
14753,2007-09-14,2.0E7,,,,,,
147538,2012-10-05,,,,,,,
14755,1966-05-13,,,,,,,
14759,2003-01-01,,,,,,,
147590,1986-09-24,,,,,,,
14761,2006-04-26,,163000.0,,,,,
147621,1914-03-23,,,,,,,
147643,1982-10-22,,,,,,,
14765,2007-01-01,,,,,,,
14766,2008-12-28,,,,,,,
147683,1978-02-12,,,,,,,
147692,1981-01-12,,,,,,,
14771,2008-05-31,,,,,,,
14772,2008-04-12,,,,,,,
147722,1937-05-28,,,,,,,
147726,1936-04-10,,,,,,,
147729,1974-11-14,,,,,,,
14773,2007-01-01,,,,,,,
14774,1984-07-27,,,,,,,
147764,2012-04-27,,,,,,,
147778,2014-10-17,,,,,,,
147815,2013-02-01,,,,,,,
147843,1947-12-31,,,,,,,
147846,1929-03-17,,,,,,,
14785,1994-09-09,,399.0,,,,,
14786,1996-08-17,,,,,,,
14787,2002-03-12,,,,,,,
147876,1933-10-07,421496.0,,,,,,
147882,1952-04-22,,,,,,,
147886,1949-06-29,,,,,,,
1479,1993-09-05,,,,3.0714285714285716,35,1.0581814112710843,2016-05-08
147903,1951-04-01,,,,,,,
14791,2007-11-21,,,,,,,
147923,2011-01-01,,,,,,,
14793,2007-09-27,,,,,,,
14794,1968-12-19,,500000.0,,,,,
14799,2006-11-22,1.2E7,5542025.0,-6457975.0,,,,
148,2005-12-15,5000000.0,,,4.0,1,,2002-02-02
1480,1958-04-23,829000.0,2247465.0,1418465.0,3.5833333333333335,6,1.0206207261596574,2004-06-01
14801,1970-04-08,,,,,,,
148034,1984-01-30,,,,,,,
14804,2006-02-02,,,,,,,
148044,1943-06-25,,,,,,,
14805,2000-09-14,3.5E7,,,,,,
14806,2008-04-15,2000000.0,,,,,,
148077,2007-09-14,1400000.0,435000.0,-965000.0,,,,
1481,1994-02-21,,,,,,,
14812,2004-09-24,,,,,,,
14813,1983-10-19,,2.1E7,,,,,
148175,1986-05-11,,,,,,,
14818,2006-11-09,,,,,,,
14820,2007-01-05,,153205.0,,,,,
14823,2006-12-01,,,,,,,
148265,2012-06-06,5990000.0,1.945E7,1.346E7,,,,
14829,1999-04-24,,,,,,,
14830,2007-08-14,,,,,,,
14831,1965-07-29,1500000.0,,,,,,
148318,2004-04-27,,,,,,,
148327,2005-08-26,,,,,,,
148331,2012-11-22,,5.0,,,,,
14834,2009-01-09,,,,,,,
148357,1916-04-16,,,,,,,
14837,1957-09-01,,,,,,,
148371,1965-11-23,,,,,,,
148380,1990-05-23,,,,,,,
1484,1995-11-23,,,,3.8333333333333335,3,1.0408329997330665,2003-05-17
148408,1967-02-16,,,,,,,
148410,1936-08-15,,,,,,,
148411,1970-01-01,,,,,,,
148434,1970-11-27,,,,,,,
148435,1958-12-08,,,,,,,
14845,2006-10-21,,,,,,,
148451,1991-04-18,,,,,,,
14846,2004-08-06,3.5E7,2.2034832E7,-1.2965168E7,,,,
14848,2006-09-11,,,,,,,
148482,1981-09-11,,,,,,,
14850,2008-03-25,,,,,,,
14851,2008-06-20,,,,,,,
148536,1939-09-12,,,,,,,
148558,1932-12-16,,,,,,,
14857,2009-02-06,,,,,,,
14859,2008-09-13,,,,,,,
148597,1987-01-01,,,,,,,
148615,1979-03-04,,,,,,,
148617,1935-10-05,,,,,,,
14862,2008-01-01,2000000.0,,,,,,
14863,2008-01-01,,,,,,,
148636,1997-03-16,,,,,,,
14864,1990-10-12,,1293976.0,,,,,
148652,2012-11-03,,,,2.5,1,,2016-05-11
148675,1938-10-28,,,,,,,
14869,2009-08-04,1.75E8,3.02469017E8,1.27469017E8,,,,
14871,2008-08-08,,,,,,,
14873,2003-02-07,2.0E7,1.3568E8,1.1568E8,,,,
148757,1991-03-01,,,,,,,
14877,2007-05-17,1.1E7,,,,,,
14878,2008-04-28,,,,,,,
148784,1959-11-11,,,,,,,
148807,1976-09-14,,,,,,,
14882,2007-01-22,,,,,,,
148820,1971-02-09,,,,,,,
14883,2004-12-03,,,,,,,
148833,1986-03-31,,,,,,,
14885,2005-09-13,,,,,,,
148853,2006-09-20,,,,,,,
14886,1973-12-11,,,,,,,
14893,2001-11-16,,,,,,,
14898,2007-08-22,,,,,,,
149,1988-07-16,8000000.0,553171.0,-7446829.0,4.333333333333333,6,0.8164965809277259,2004-01-27
14900,1981-06-26,,,,,,,
14902,1972-11-09,,,,,,,
149023,2012-08-12,,,,,,,
14905,1997-05-09,,,,,,,
149085,2012-10-25,,,,,,,
149087,2013-11-05,,,,,,,
1491,2006-08-18,4.0E7,8.6915017E7,4.6915017E7,,,,
149101,2012-12-05,,,,,,,
149117,2008-01-01,,,,,,,
14912,2009-01-20,,,,,,,
14913,2007-10-20,4500000.0,,,,,,
14914,2008-09-07,,,,,,,
149149,1984-09-01,,,,,,,
149150,2009-06-21,,,,,,,
149180,1969-09-22,,,,,,,
149190,1950-02-11,,,,,,,
149206,2012-11-19,,,,,,,
149218,2012-12-08,,,,,,,
14923,2002-09-16,,,,,,,
149235,2012-12-09,,,,,,,
149255,2012-12-08,,,,,,,
14928,2007-06-14,,,,,,,
1493,2000-12-14,4.5E7,2.12E8,1.67E8,4.0,1,,2000-11-22
14931,1990-04-20,,,,,,,
149326,1972-01-01,,,,,,,
149347,1976-01-01,,,,,,,
14942,2003-01-01,,,,,,,
14945,2006-01-07,,,,,,,
149455,1965-01-01,,,,,,,
149459,1989-04-11,,,,,,,
149465,1966-07-23,,,,,,,
149469,2001-10-26,,,,,,,
149474,1997-08-05,,,,,,,
1495,2005-05-03,1.3E8,2.11643158E8,8.1643158E7,1.0,2,0.0,2001-06-07
149507,1977-01-01,,,,,,,
149515,1925-10-15,,,,,,,
149586,2004-03-01,,,,,,,
149600,2012-03-10,,,,,,,
14962,1999-11-02,,,,,,,
149645,1982-09-20,,,,,,,
149657,2010-10-25,,,,,,,
14968,2005-08-04,8.0,3.3579813E7,3.3579805E7,,,,
149690,1970-12-04,,,,,,,
149691,1971-02-05,,,,,,,
149708,1958-12-31,,,,,,,
149712,1990-01-01,,,,,,,
149763,2012-10-10,,,,,,,
149786,2012-12-09,,,,,,,
14979,2009-01-09,2.5E7,,,,,,
149793,1939-01-27,,,,,,,
1498,1990-03-30,1.35E7,2.02E8,1.885E8,3.0,7,1.0,2003-03-04
14981,2008-05-06,,,,,,,
149832,1976-11-01,,,,,,,
149851,1991-05-17,,,,,,,
149854,2012-12-28,,,,,,,
149856,1992-12-28,,,,,,,
149862,2012-01-01,,,,,,,
149895,1952-05-24,,,,,,,
1499,1993-03-17,,4.2E7,,2.017857142857143,28,1.1261384598209185,2016-05-07
149910,2013-08-07,,,,,,,
149911,2012-04-15,,,,,,,
149955,1936-03-06,,,,,,,
149957,1954-06-01,,,,,,,
150,1982-12-07,1.2E7,7.8868508E7,6.6868508E7,3.9025,200,0.7695484220433089,2016-10-07
150004,2002-12-02,,,,,,,
150010,1955-09-08,,,,,,,
150029,1971-03-05,,,,,,,
15003,2008-02-06,,,,,,,
15004,2009-02-03,,,,,,,
150041,2012-12-18,,,,,,,
150054,2010-05-10,,,,,,,
150056,2012-12-20,,,,,,,
150065,2012-12-14,,,,,,,
15007,1932-07-18,,,,,,,
15008,2006-08-16,,,,,,,
15011,2008-08-22,,,,,,,
150124,2011-10-08,,,,,,,
15013,2005-08-17,,,,,,,
15015,2002-10-01,,,,,,,
150161,2011-10-13,,,,,,,
15017,2007-12-21,1.0E7,,,,,,
15018,1973-05-01,,,,,,,
15019,2007-05-11,2.4E7,9576495.0,-1.4423505E7,,,,
150191,1977-09-23,,,,,,,
150201,2016-06-23,,,,,,,
150202,2013-02-01,,,,,,,
150208,2012-10-05,,,,,,,
15021,2006-07-31,,,,,,,
150211,2012-10-10,,,,,,,
150218,1964-04-16,,,,,,,
150223,1977-08-23,,,,,,,
150224,1971-11-25,,,,,,,
150226,1971-04-17,,,,,,,
150229,2012-10-31,,,,,,,
150230,2012-12-11,,,,,,,
15026,1991-01-01,,,,,,,
15028,2002-03-17,2.6E7,3.8793283E7,1.2793283E7,,,,
15030,2006-12-15,,,,,,,
15033,2008-04-18,,,,,,,
150338,1969-02-17,,,,,,,
15035,1983-03-25,,760883.0,,,,,
15036,2009-02-11,,,,,,,
15044,2008-11-29,,,,,,,
15045,2004-12-12,,,,,,,
15049,2006-07-06,8000000.0,1.26713E7,4671300.0,,,,
15050,1983-09-30,,1.021946E7,,,,,
150523,1989-09-28,334077.0,,,,,,
15053,2007-11-29,,,,,,,
150540,2015-06-09,1.75E8,8.57611174E8,6.82611174E8,,,,
15056,2006-04-11,1.4E7,,,,,,
15058,2004-01-20,1000000.0,,,,,,
15059,1999-04-29,4000000.0,,,,,,
15060,2009-02-23,,,,,,,
150605,1965-04-25,,,,,,,
150657,2012-12-08,,,,,,,
15067,2008-07-16,1.0E7,,,,,,
150677,1971-05-18,,,,,,,
15068,2008-09-02,,,,,,,
150689,2015-03-12,9.5E7,5.43514353E8,4.48514353E8,,,,
15069,2007-05-19,,,,,,,
150704,1971-05-29,,,,,,,
150708,1971-06-26,,,,,,,
150712,1937-05-07,,,,,,,
15073,2005-12-26,,,,,,,
150736,,,,,,,,
15074,2002-11-27,4.0E7,1.0959475E7,-2.9040525E7,,,,
15075,2005-01-01,,,,,,,
15080,1991-07-20,,,,,,,
15081,1963-12-11,,,,,,,
150823,1997-10-23,,,,,,,
15083,2004-07-11,,,,,,,
150838,1952-12-31,,,,,,,
15084,2005-09-09,2500000.0,,,,,,
15086,1998-11-01,,,,,,,
15088,2008-03-16,,,,,,,
15089,2004-12-02,,,,,,,
15090,2000-01-01,,,,,,,
150912,1963-12-03,,,,,,,
15092,2009-04-16,,3.4560577E7,,,,,
150922,2003-01-01,,,,,,,
150938,1986-12-09,,,,,,,
15096,1957-02-08,,,,,,,
15097,1994-03-09,,,,,,,
15102,2009-01-18,,,,,,,
151043,1966-03-16,,,,,,,
151044,2012-04-26,,,,,,,
151068,1929-01-01,,,,,,,
151069,2005-09-11,,,,,,,
151086,1916-11-02,,,,,,,
151123,2010-02-01,,,,,,,
151136,2012-11-11,,,,,,,
151168,1956-07-31,,,,,,,
15120,1983-08-12,,5678950.0,,,,,
15122,1999-09-10,,,,,,,
151232,1992-01-14,,,,,,,
15124,2005-12-26,1.2E7,,,,,,
15126,2008-06-04,,,,,,,
15128,1994-12-16,,,,,,,
151310,1950-01-13,,,,,,,
15136,2002-08-22,,,,,,,
15139,1994-11-23,2.7E7,1.3670688E7,-1.3329312E7,,,,
15142,1989-03-03,,,,,,,
151423,1971-09-06,,,,,,,
15143,1987-02-27,,1.8553948E7,,,,,
151431,1956-01-20,,,,,,,
15144,1984-05-04,6500000.0,2.3686027E7,1.7186027E7,,,,
151489,1992-01-01,,,,,,,
15149,2008-08-15,1720666.0,,,,,,
15152,2006-04-05,,,,,,,
15155,2002-05-10,,3020784.0,,,,,
15157,2008-09-16,5000000.0,,,,,,
151590,1931-10-10,,,,,,,
15162,1998-12-26,,,,,,,
15163,2006-09-16,,,,,,,
15165,2004-09-28,,,,,,,
151652,2012-01-01,,,,,,,
15166,2007-01-01,2500000.0,,,,,,
15167,2001-09-30,,,,,,,
15170,1997-06-06,,,,,,,
151727,2001-12-06,,,,,,,
151730,1963-12-31,,,,,,,
151731,1944-04-10,,,,,,,
151732,1972-12-22,,,,,,,
15182,2007-09-09,,,,,,,
151826,2012-12-26,,,,,,,
151831,1919-05-01,,,,,,,
15184,2004-01-01,,,,,,,
15186,2002-08-02,2000000.0,2506446.0,506446.0,,,,
151870,2012-12-23,,,,,,,
15189,2009-01-16,3.5E7,7.303446E7,3.803446E7,,,,
151911,1938-06-17,,,,,,,
151933,2013-10-01,5200000.0,,,,,,
151937,1986-04-13,,,,,,,
15196,1985-12-13,1.5E7,1.4643997E7,-356003.0,,,,
151960,2013-08-09,,2.19788712E8,,,,,
15198,1999-10-01,2.8E7,8888143.0,-1.9111857E7,,,,
15199,2008-09-24,,,,,,,
152,1979-12-06,3.5E7,1.39E8,1.04E8,3.8333333333333335,3,0.2886751345948129,2006-12-05
152023,2001-02-01,,,,,,,
152042,2012-10-05,,,,,,,
152044,2012-10-13,,,,,,,
15208,2008-07-04,,,,,,,
152100,2012-12-20,,,,,,,
152113,2012-06-18,,,,,,,
15213,2006-09-15,,1.6627188E7,,,,,
152155,2012-12-09,,14353.0,,,,,
15216,2006-01-01,,,,,,,
152206,1995-11-12,,,,,,,
152259,2013-01-03,1.0E7,1034589.0,-8965411.0,,,,
15227,1979-08-04,,,,,,,
152273,2013-03-27,,,,,,,
1523,2006-09-01,6000000.0,4.802797E7,4.202797E7,4.0,2,0.0,2001-01-22
152393,1968-12-08,,,,,,,
152426,1995-05-14,,,,,,,
15244,1956-11-11,,,,,,,
15247,1965-03-18,,,,,,,
15251,1983-08-17,,,,,,,
152532,2013-09-07,5000000.0,5.5198285E7,5.0198285E7,,,,
152539,1995-01-01,,,,,,,
15255,2006-04-11,,,,,,,
15256,1999-02-26,6000000.0,6852450.0,852450.0,,,,
152584,2013-10-09,,1.0165694E7,,,,,
152599,2013-07-03,1.6E7,5867686.0,-1.0132314E7,,,,
15260,2007-09-07,,,,,,,
152601,2013-12-18,2.3E7,4.7351251E7,2.4351251E7,,,,
152603,2013-12-12,7000000.0,,,,,,
15261,2007-12-12,,,,,,,
152611,2003-01-01,,,,,,,
152618,2004-04-01,,,,,,,
152625,1990-01-01,,,,,,,
15263,1963-11-13,,,,,,,
15264,1944-09-29,,,,,,,
152653,1997-06-25,,,,,,,
15267,1988-09-14,,,,,,,
15268,2009-02-27,,1.2764201E7,,,,,
152737,2013-12-26,2.5E7,7.4188937E7,4.9188937E7,,,,
152742,2013-01-01,1.35E7,1.9255873E7,5755873.0,,,,
15276,2003-05-15,,,,,,,
15278,1993-03-12,,1.7953778E7,,,,,
152780,2013-05-17,1.1E7,1.0631747E7,-368253.0,,,,
152795,2013-05-16,,455815.0,,,,,
152797,1957-12-31,,,,,,,
15281,2007-10-12,,81368.0,,,,,
15285,2008-11-21,,,,,,,
15286,2009-02-05,,3923970.0,,,,,
15289,2007-07-31,,,,,,,
152912,1988-12-05,,,,,,,
15292,2003-08-05,,,,,,,
152938,2009-01-01,,,,,,,
152943,1979-02-01,,,,,,,
152948,1935-03-25,,,,,,,
152992,1957-05-27,,,,,,,
153,2003-08-31,4000000.0,1.19723856E8,1.15723856E8,2.7829457364341086,129,1.0016489553955326,2016-08-17
15300,1992-04-10,1.5E7,,,,,,
15301,1983-06-24,1.0E7,2.9450919E7,1.9450919E7,,,,
15302,2007-08-28,,,,,,,
153021,2012-12-26,,,,,,,
15303,2002-01-01,,,,,,,
153073,1999-03-25,,,,,,,
15310,1980-12-17,,,,,,,
153100,1982-05-21,,,,,,,
153102,2005-07-05,,,,,,,
153118,2004-12-31,,,,,,,
153133,2012-04-15,,,,,,,
153153,2012-10-17,,,,,,,
15316,2008-10-28,,,,,,,
153162,1939-04-28,,,,,,,
153170,1990-05-07,,,,,,,
15319,1999-10-25,3800000.0,,,,,,
153196,2009-10-31,,,,,,,
15320,2008-01-19,,,,,,,
153228,1953-09-19,,,,,,,
15323,2007-12-28,,,,,,,
153266,1997-09-27,,,,,,,
153272,1994-01-01,,,,,,,
15329,2000-11-15,,,,,,,
15338,2009-03-03,7500000.0,,,,,,
1534,2007-01-11,,3.0822861E7,,,,,
153410,1963-12-31,,,,,,,
15342,2008-08-20,,,,,,,
153423,1997-10-25,,,,,,,
153444,1931-03-06,,,,,,,
15346,2008-12-11,8000000.0,,,,,,
15347,1966-06-22,,,,,,,
153532,2009-01-01,,,,,,,
153541,2011-04-13,,,,,,,
153556,2012-08-11,,,,,,,
15356,2007-07-19,,,,,,,
15357,2009-02-18,1.5E7,8786375.0,-6213625.0,,,,
15359,2009-03-03,,,,,,,
15360,1972-01-11,,,,,,,
153609,1999-01-01,,,,,,,
15361,2007-03-17,,,,,,,
15363,2006-01-29,,1.14E7,,,,,
153652,1961-06-07,,,,,,,
15366,2005-01-01,,,,,,,
1537,2002-04-07,4.5E7,9.4935764E7,4.9935764E7,3.9722222222222223,18,0.97727445453011,2014-02-02
15370,2002-07-19,,522911.0,,,,,
15371,1979-12-15,,,,,,,
153717,2010-12-24,,,,,,,
15372,2007-11-05,,,,,,,
15373,2008-02-03,2.8E7,9.2380927E7,6.4380927E7,,,,
153737,1953-01-29,,,,,,,
153738,2013-01-24,,,,,,,
15375,1960-06-28,,,,,,,
153750,2013-05-13,,,,,,,
15377,1956-01-01,,,,,,,
153779,2010-10-06,5000000.0,,,,,,
15378,2007-06-07,5400000.0,,,,,,
15379,1984-11-16,,2.2812411E7,,,,,
153795,2013-01-16,7000000.0,,,,,,
1538,2004-08-04,6.5E7,2.17764291E8,1.52764291E8,,,,
153845,1928-05-14,,,,,,,
15387,1999-04-08,,,,,,,
15391,2005-10-21,,,,,,,
153936,2003-08-19,,,,,,,
15401,1945-11-22,,,,,,,
15402,2005-09-14,,1410778.0,,,,,
154028,1994-01-01,,,,,,,
154030,2012-12-25,,,,,,,
154073,1973-01-31,,,,,,,
154093,1954-04-01,,1400000.0,,,,,
154105,2001-01-23,1400000.0,,,,,,
15411,2007-04-13,,,,,,,
154115,1993-10-14,,,,,,,
15413,1991-06-07,1.0E7,2.5196249E7,1.5196249E7,,,,
15414,2006-01-01,,,,,,,
154188,1990-09-27,,,,,,,
15419,1993-01-01,,,,,,,
1542,1999-02-19,1.0E7,1.2827813E7,2827813.0,3.8,5,1.0954451150103321,2005-10-07
15421,1964-03-11,,,,,,,
15422,2006-10-20,,,,,,,
15423,2006-06-27,5000000.0,25900.0,-4974100.0,,,,
15426,2007-01-01,,,,,,,
154276,1984-04-04,,,,,,,
154282,2013-01-19,,35022.0,,,,,
15429,2008-11-03,,,,,,,
154339,1894-01-01,,,,,,,
15434,2007-04-27,1.0E7,,,,,,
154371,1956-01-01,,,,,,,
15440,2008-10-09,,,,,,,
154413,1981-01-01,,,,,,,
15443,2003-05-18,,48000.0,,,,,
154430,2005-09-08,2075374.0,,,,,,
154442,1986-11-15,,,,,,,
15449,2001-03-28,,,,,,,
15450,2008-09-12,,,,,,,
154501,1992-12-12,,,,,,,
15451,2008-05-16,,,,,,,
154515,1931-02-07,,,,,,,
154537,2012-02-13,,,,,,,
154575,1973-09-29,,,,,,,
1546,2005-01-23,,1919197.0,,2.5,2,2.1213203435596424,2001-08-16
15462,1976-10-22,,,,,,,
154622,1994-12-31,,,,,,,
154623,1946-01-01,,,,,,,
15464,2008-11-07,,,,,,,
154653,1966-05-09,,,,,,,
15468,1982-01-27,,,,,,,
15469,1962-12-12,,,,,,,
1547,1987-07-31,,3.2222567E7,,,,,
15473,2003-02-23,,,,,,,
15476,2007-05-16,,,,,,,
154779,2010-10-09,,,,,,,
154786,2013-07-06,,,,,,,
154795,1993-05-26,,,,,,,
1548,2001-07-20,7000000.0,,,,,,
154821,1998-01-07,,,,,,,
15483,2004-01-02,,1479042.0,,,,,
15484,1959-11-11,,,,,,,
15486,2001-09-06,,,,,,,
154879,1946-01-01,,,,,,,
15493,2005-08-20,16398.0,,,,,,
15495,2006-11-19,,,,,,,
154972,2012-12-19,,,,,,,
154980,1993-01-20,,,,,,,
15501,2006-09-04,,,,,,,
155011,1999-03-26,,,,,,,
155055,1997-04-04,,,,,,,
15506,1999-11-08,,,,,,,
155107,1894-09-23,,,,,,,
15512,2009-03-19,1.75E8,3.8150987E8,2.0650987E8,,,,
155128,1974-03-06,,,,,,,
155130,1961-01-01,,,,,,,
15516,1972-08-30,90000.0,,,,,,
155169,1987-01-01,,,,,,,
1552,1989-07-31,,1.2629783E8,,3.26271186440678,59,1.1038956574074452,2016-08-17
155217,2011-12-09,,,,,,,
15525,2003-04-24,,,,,,,
155288,2013-01-10,,,,,,,
1553,2005-02-17,,,,,,,
155308,1998-12-14,,,,,,,
155325,1989-10-30,,,,,,,
15534,2006-09-12,,,,,,,
155397,1979-10-23,,,,,,,
155399,1959-10-15,,,,,,,
15542,2008-04-29,,,,,,,
155426,2002-09-20,,,,,,,
15543,2006-11-10,,,,,,,
155445,2006-10-31,,,,,,,
1555,2002-05-17,5300000.0,3897799.0,-1402201.0,4.0,1,,2002-02-02
15556,1999-01-15,,,,,,,
15558,2006-04-21,,,,,,,
15559,1994-01-17,,,,,,,
155605,1952-06-25,,,,,,,
15564,1999-03-01,,5471376.0,,,,,
15566,2004-09-21,4.5E7,1.4793624E7,-3.0206376E7,,,,
15568,2007-06-01,9000000.0,2955039.0,-6044961.0,,,,
155685,1964-11-26,,,,,,,
1557,1998-07-02,,,,,,,
15570,2007-04-27,,,,,,,
155706,2011-01-06,,,,,,,
155714,1997-10-02,,,,,,,
155724,1996-12-15,,,,,,,
15573,1972-01-13,,7500000.0,,,,,
155751,1937-03-12,,,,,,,
15577,2009-02-27,2.5E7,1037335.0,-2.3962665E7,,,,
155796,2007-07-20,,,,,,,
155797,1979-04-13,,,,,,,
15580,2008-01-01,,,,,,,
15582,1987-11-20,,,,,,,
15584,2008-10-31,,,,,,,
15587,2009-04-01,,,,,,,
15588,2009-04-14,3.11652E7,,,,,,
155887,2013-01-07,,214000.0,,,,,
155890,2013-01-07,,,,,,,
15592,1988-12-21,,5.7041866E7,,,,,
155939,2007-10-19,,,,,,,
155941,2005-12-29,,,,,,,
155953,1921-09-04,,,,,,,
155956,1954-12-20,,,,,,,
15596,1986-06-13,,9.1258E7,,,,,
15598,1966-03-29,,,,,,,
156,2002-11-08,,,,3.9545454545454546,11,1.059588256223743,2006-02-05
1560,1990-09-13,,,,,,,
15600,1982-02-12,,1.4E7,,,,,
156015,1972-01-01,,,,,,,
156022,2014-09-24,5.5E7,1.92330738E8,1.37330738E8,,,,
15603,2003-04-10,400000.0,7888102.0,7488102.0,,,,
156045,1981-11-05,,,,,,,
1561,1967-03-28,,,,,,,
15613,1993-03-12,1.9885552E7,1.9724334E7,-161218.0,,,,
156135,1958-09-06,,,,,,,
15614,1997-05-04,,,,,,,
156140,1974-08-22,,,,,,,
156141,1989-01-01,,,,,,,
156145,1975-10-02,,,,,,,
156180,2011-06-07,,,,,,,
156201,1990-11-23,,,,,,,
156220,2012-11-15,,,,,,,
15624,2006-06-07,450000.0,973525.0,523525.0,,,,
156268,2013-03-22,,228.0,,,,,
156284,2013-09-06,,,,,,,
156306,1932-09-17,,,,,,,
156317,1932-03-06,,,,,,,
156320,1930-07-19,,,,,,,
156326,1931-11-04,,,,,,,
156335,1931-06-01,,,,,,,
156339,1932-03-26,,,,,,,
156356,1931-03-14,,,,,,,
156360,1931-02-08,,,,,,,
15638,2009-03-03,,,,,,,
156389,1932-04-11,,,,,,,
15641,2008-10-24,3000000.0,,,,,,
15642,2006-12-28,,,,,,,
15644,2004-09-03,,1.6605763E7,,,,,
15648,2005-06-17,,,,,,,
15651,2007-10-05,,312751.0,,,,,
156529,1932-04-17,,,,,,,
15653,2000-02-29,,,,,,,
15657,2005-06-13,,,,,,,
15659,1978-07-14,,,,,,,
15660,1981-09-18,,,,,,,
15661,2008-05-09,,,,,,,
15662,2008-06-13,,,,,,,
156627,1975-06-03,,,,,,,
15665,2000-01-25,,,,,,,
15667,2006-09-11,,,,,,,
15668,1980-08-08,2.0E7,2.2471595E7,2471595.0,,,,
15669,2007-10-12,,,,,,,
1567,1998-05-16,,,,,,,
15671,2008-07-13,,,,,,,
156711,2013-08-15,4900000.0,2159041.0,-2740959.0,,,,
156717,2013-01-04,6500000.0,,,,,,
15674,1996-04-07,,,,,,,
15681,2009-02-06,1.0E7,,,,,,
15689,2004-10-01,,,,,,,
156896,1994-12-26,,,,,,,
156908,2009-03-01,,,,,,,
15691,1996-03-31,5000000.0,4.2E7,3.7E7,,,,
156917,1960-03-11,,,,,,,
156954,1986-09-25,,,,,,,
15696,1944-08-21,,,,,,,
156965,2013-04-04,,,,,,,
15697,1957-11-08,,,,,,,
156988,1972-08-30,,,,,,,
156995,1973-01-18,,,,,,,
157,1984-05-31,1.8E7,8.7E7,6.9E7,2.375,8,1.1877349391654206,2006-03-28
157016,2013-01-23,,,,,,,
157033,2013-01-24,,,,,,,
157045,2013-06-14,,,,,,,
15705,2008-01-20,1.0E7,,,,,,
157050,2013-01-13,,,,,,,
15706,2008-11-06,,,,,,,
15708,2003-07-10,850000.0,819939.0,-30061.0,,,,
1571,2007-06-20,1.1E8,3.83531464E8,2.73531464E8,1.0,1,,2002-08-21
15711,2006-03-11,,,,,,,
157117,2013-01-18,,,,,,,
15712,2009-03-11,,,,,,,
157129,2013-01-03,,,,,,,
15714,2006-08-10,,,,,,,
157152,2003-04-04,,,,,,,
15716,1983-02-18,,694497.0,,,,,
15717,1978-01-01,,,,,,,
157178,1995-11-07,,,,,,,
15718,1985-10-30,,,,,,,
15719,1999-11-04,,,,,,,
15723,2000-04-28,7000000.0,3728888.0,-3271112.0,,,,
157239,2000-11-21,,,,,,,
15725,2007-01-19,,,,,,,
157283,1949-10-12,,,,,,,
157289,2012-01-01,,,,,,,
157293,2013-02-07,,222000.0,,,,,
1573,1990-07-02,7.0E7,2.40031094E8,1.70031094E8,3.4518072289156625,83,1.0780924262136804,2016-09-07
15730,1993-05-20,,,,,,,
157301,2013-02-01,,,,,,,
157305,2012-05-24,10400.0,,,,,,
157320,1998-11-01,,,,,,,
157336,2014-11-05,1.65E8,6.75120017E8,5.10120017E8,,,,
157343,1933-01-28,,,,,,,
157350,2014-03-14,8.5E7,2.88747895E8,2.03747895E8,,,,
157351,2013-04-26,,,,,,,
157353,2014-04-16,1.0E8,1.03039258E8,3039258.0,,,,
157354,2013-07-25,,1.738583E7,,,,,
15736,1990-01-25,,,,,,,
157375,2013-08-30,,,,,,,
157386,2013-08-02,2500000.0,6854611.0,4354611.0,,,,
1574,2002-12-26,4.5E7,3.06776732E8,2.61776732E8,,,,
15740,1991-02-03,,,,,,,
157409,2013-07-12,,,,,,,
157414,2012-11-16,,,,,,,
15742,2006-08-23,,,,,,,
157420,2013-01-22,,,,,,,
157449,2012-12-28,,,,,,,
15745,2001-07-13,5000000.0,5476060.0,476060.0,,,,
157515,1947-06-13,,,,,,,
157544,2015-07-24,1.3E7,1784763.0,-1.1215237E7,,,,
157547,2013-09-08,5000000.0,4.4030246E7,3.9030246E7,,,,
157559,1975-11-19,,,,,,,
15761,2002-04-15,1500000.0,6000000.0,4500000.0,,,,
15764,1982-12-08,1.2E7,3.0036E7,1.8036E7,,,,
157641,2000-07-01,,,,,,,
15765,1993-06-09,,,,,,,
157655,2001-07-16,,,,,,,
15766,1964-12-20,,,,,,,
15767,2004-12-04,1.95E7,,,,,,
157674,2013-01-07,150000.0,,,,,,
157676,2001-06-11,,,,,,,
157690,2013-05-16,,,,,,,
15772,2007-01-12,4700000.0,3.1E7,2.63E7,,,,
157723,2012-09-27,,,,,,,
157724,1974-04-27,,,,,,,
15774,2004-12-17,,,,,,,
15775,2004-01-23,,,,,,,
15776,2007-03-17,,,,,,,
157779,1978-05-25,,,,,,,
157787,2012-12-04,,,,,,,
1578,1980-11-14,,2.3E7,,,,,
157803,2012-11-22,,,,,,,
157827,2015-05-18,1.1E7,161789.0,-1.0838211E7,,,,
157832,2014-04-11,,,,,,,
157834,2014-01-02,8500000.0,770706.0,-7729294.0,,,,
157841,2013-10-16,3.3E7,9494789.0,-2.3505211E7,,,,
157849,2014-07-25,1.5E7,3.1554855E7,1.6554855E7,,,,
15785,1987-11-12,1.0E7,14000.0,-9986000.0,,,,
157856,1922-10-02,,,,,,,
15788,1960-07-20,900000.0,1.0E7,9100000.0,,,,
15789,1995-04-07,,3.5348597E7,,,,,
157903,1917-08-27,,,,,,,
157919,2013-01-25,7000000.0,,,,,,
157924,2013-03-27,,,,,,,
15794,1949-09-02,,,,,,,
157964,1969-02-06,,,,,,,
158,1997-02-20,,,,2.8706896551724137,58,1.070171099730377,2016-05-08
158009,1992-07-02,,,,,,,
158011,2013-03-14,,6.8572378E7,,,,,
15803,1995-01-01,3000.0,,,,,,
15804,1991-07-27,,,,,,,
15805,1998-03-17,,,,,,,
158068,1968-08-13,,,,,,,
15807,1943-03-20,,,,,,,
158079,1965-11-18,,,,,,,
158091,2013-01-20,,,,,,,
1581,2006-12-08,8.5E7,1.941687E8,1.091687E8,2.0,5,1.224744871391589,2000-11-22
15810,2008-09-18,,,,,,,
158113,1937-06-08,,,,,,,
158114,1936-10-31,,,,,,,
15813,2001-05-17,5000000.0,,,,,,
158150,2012-07-21,4000000.0,,,,,,
158182,2013-01-21,,,,,,,
158217,1995-04-29,,,,,,,
158219,1928-10-24,,,,,,,
15822,2005-01-28,,,,,,,
158231,2012-10-10,,,,,,,
158232,2013-01-18,,,,,,,
158238,2013-01-18,,,,3.75,2,0.3535533905932738,2016-08-09
158273,2004-09-11,,,,,,,
1583,2001-08-23,,,,1.5,2,0.7071067811865476,2000-11-28
15834,2008-12-19,,,,,,,
15838,2008-09-07,,,,,,,
158386,2012-01-21,,,,,,,
15840,2005-08-26,,,,,,,
15842,2001-10-26,,,,,,,
158426,2013-01-29,7700000.0,,,,,,
158431,2000-09-12,1.0E7,,,,,,
158445,2013-01-23,,,,,,,
15846,2008-09-09,7000000.0,,,,,,
158483,2002-01-01,,,,,,,
15849,1932-12-22,196000.0,,,,,,
158519,2012-11-02,,,,,,,
15855,1943-08-27,1500000.0,,,,,,
15856,1959-02-17,200000.0,,,,,,
158589,2012-06-06,,,,,,,
15859,2004-11-05,,,,,,,
158598,1970-02-03,,,,,,,
1586,2004-03-12,4.0E7,9.2913171E7,5.2913171E7,2.759259259259259,27,1.0594843663344553,2016-05-08
15860,2006-07-27,,8685526.0,,,,,
15865,2007-09-01,,,,,,,
15866,2008-09-02,,,,,,,
15867,1978-08-02,,,,,,,
158675,2010-10-03,,,,,,,
1587,1993-12-17,1.1E7,1.0032765E7,-967235.0,3.3333333333333335,24,1.1000658741803746,2012-11-28
15873,1969-06-25,,,,,,,
158741,1975-03-17,,,,,,,
158743,2013-07-17,,,,,,,
15875,1963-06-12,2686000.0,6600000.0,3914000.0,,,,
158750,1996-11-26,,,,,,,
15876,1957-12-25,,,,,,,
15877,2008-08-02,,,,,,,
158780,2004-01-29,,,,,,,
1588,2000-08-25,2.8E7,9.0449929E7,6.2449929E7,3.088235294117647,17,1.202020358054085,2016-05-08
158811,1937-12-31,,,,,,,
158828,1972-01-01,,,,,,,
158848,2012-01-12,,,,,,,
158852,2015-05-19,1.9E8,2.09154322E8,1.9154322E7,,,,
158864,2013-09-06,,,,,,,
158884,2013-09-06,100000.0,,,,,,
158903,2008-07-07,,,,,,,
158907,2013-01-18,,15000.0,,,,,
158908,2013-10-11,,,,,,,
158914,2013-04-26,,,,,,,
158916,2013-01-24,7000000.0,6147.0,-6993853.0,,,,
158920,1998-10-04,,,,,,,
158921,2010-08-19,,,,,,,
158928,2003-05-04,,,,,,,
158936,2013-01-18,,,,,,,
158942,2013-01-22,,,,,,,
158947,2013-04-11,,,,,,,
158959,2006-06-06,,,,,,,
158967,2013-03-05,,,,,,,
15898,2008-01-01,,,,,,,
158997,2013-10-18,,,,,,,
159,1994-10-05,,,,3.9375,8,0.6781013409302689,2006-08-21
1590,2006-09-10,,,,2.9565217391304346,23,1.521908516829063,2016-05-08
15900,1981-11-10,,,,,,,
159002,2013-08-16,,,,,,,
159004,2013-01-18,,,,,,,
159005,2013-01-21,,,,,,,
159006,2013-10-11,,,,,,,
159008,2013-01-19,,,,,,,
159009,2013-10-21,,,,,,,
15901,1985-03-10,,,,,,,
159012,2013-11-22,,,,,,,
159015,2013-01-19,,,,,,,
159032,2013-06-10,,,,,,,
159037,2013-06-07,,,,,,,
159039,2011-09-17,26700.0,,,,,,
15904,1996-10-04,,,,,,,
15906,2005-10-05,,,,,,,
159069,2004-10-22,,,,,,,
15909,2002-09-03,,,,,,,
159092,2013-09-06,2500000.0,,,,,,
1591,2001-12-11,,,,2.7,15,0.9783367810436533,2013-02-05
159109,2013-01-21,,,,,,,
15911,2008-01-01,,,,,,,
159117,2013-06-06,,21833.0,,,,,
15912,2008-06-15,,,,,,,
159121,2013-01-16,,29494.0,,,,,
159128,2013-09-27,,81381.0,,,,,
159137,2013-03-25,,,,,,,
159138,2013-06-10,,,,,,,
159140,2013-01-19,,,,,,,
15915,2001-09-08,1500000.0,,,,,,
159151,2013-09-27,,,,,,,
159152,2013-06-12,,,,,,,
159153,2013-01-20,,,,,,,
159154,2013-05-24,,602042.0,,,,,
159160,2013-01-21,,,,,,,
159167,2013-01-18,,,,,,,
15917,2002-07-12,1.25E7,,,,,,
159185,1994-10-14,,,,,,,
15919,1955-04-11,343000.0,3000000.0,2657000.0,,,,
159207,2012-11-29,,30292.0,,,,,
159230,2012-11-15,,1261947.0,,,,,
159245,1933-01-02,,,,,,,
15925,1964-04-06,,,,,,,
15926,2008-08-08,,666045.0,,,,,
15927,1984-12-14,8000000.0,2.7187653E7,1.9187653E7,,,,
15930,2007-12-14,,,,,,,
15932,2008-08-29,,,,,,,
1594,1964-06-23,,1.2368234E7,,3.4285714285714284,14,0.9168747682531899,2016-08-17
15940,2000-08-23,,,,,,,
159412,1956-10-31,,,,,,,
159414,1962-02-16,,,,,,,
15943,1976-12-17,,,,,,,
159432,2012-09-13,,,,,,,
159434,2007-05-10,4.0,,,,,,
159436,2002-08-16,,,,,,,
159447,2012-12-27,2000000.0,1.1666088E7,9666088.0,,,,
159464,2006-01-01,,,,,,,
159474,1961-06-13,,,,,,,
159480,1999-04-15,,,,,,,
1595,2004-09-10,,,,1.8333333333333333,3,1.8929694486000912,2009-10-15
159514,2013-01-24,,,,,,,
15952,2008-07-15,,179943.0,,,,,
159538,1979-04-09,,,,,,,
159550,2001-09-23,8000000.0,,,,,,
15956,2007-03-30,,,,,,,
159569,1998-10-14,,,,,,,
15957,2007-10-26,,,,,,,
15959,2007-01-26,,,,,,,
1596,2006-07-04,,,,2.3333333333333335,3,1.1547005383792517,2002-05-29
15961,2004-08-10,,,,,,,
159615,1959-03-27,,,,,,,
15962,2005-10-07,,,,,,,
159638,2013-01-20,,9195.0,,,,,
159652,2014-04-11,,,,,,,
159657,1995-04-05,,,,,,,
159667,2013-01-06,,,,,,,
15969,1994-12-15,,,,,,,
1597,2000-10-06,5.5E7,3.30444045E8,2.75444045E8,3.352272727272727,44,0.9249735725611707,2016-05-08
159701,2013-05-31,,,,,,,
159704,1991-12-22,,,,,,,
159727,1936-08-16,,,,,,,
15975,2008-11-28,,,,,,,
159763,2012-10-20,,,,,,,
159770,2013-10-04,,,,,,,
15978,2005-05-20,500000.0,,,,,,
15979,2008-08-22,,2760000.0,,,,,
15981,2004-01-16,,,,,,,
159810,2007-07-03,,,,,,,
159824,2015-09-21,8.0E7,4.73226958E8,3.93226958E8,,,,
15983,1985-09-27,,,,,,,
159849,1943-01-01,,,,,,,
159878,1913-11-26,,,,,,,
159897,1887-08-18,,,,,,,
159898,1894-07-16,,,,,,,
1599,2004-09-10,,,,1.75,4,0.9574271077563382,2009-10-15
159910,1894-10-05,,,,,,,
15993,2000-10-30,,,,,,,
159942,2013-10-10,,,,,,,
15997,1994-12-12,,,,,,,
159988,2013-10-11,,,,,,,
15999,2000-08-25,,,,,,,
1600,1991-05-15,,1999955.0,,2.125,4,1.4361406616345072,2003-08-28
160008,2011-12-30,,,,,,,
16004,2009-01-01,,,,,,,
160046,1965-01-01,,,,,,,
16005,2008-09-26,,,,,,,
16007,2006-06-17,2.0E7,2.77932E7,7793200.0,,,,
160075,2013-02-28,,,,,,,
16008,2007-08-10,,,,,,,
160085,2013-01-10,,,,,,,
16010,2006-07-03,,,,,,,
160106,2010-01-18,,,,,,,
160118,2013-03-08,1104000.0,,,,,,
160128,2012-08-22,,,,,,,
16013,2006-08-11,,,,,,,
160139,2013-03-07,7700000.0,,,,,,
16014,2006-08-25,,,,,,,
16015,2008-02-22,,,,,,,
160155,2005-01-13,,,,,,,
16016,2008-09-26,,,,,,,
16019,2008-07-03,,,,,,,
160194,1995-01-01,,,,,,,
16022,2005-01-24,,,,,,,
16023,2008-03-11,,,,,,,
16026,1980-08-22,,5010362.0,,,,,
160261,1996-01-19,,,,,,,
160265,1997-04-06,,,,,,,
16029,1981-06-06,,,,,,,
160297,2006-01-03,,,,,,,
160329,2009-08-04,,,,,,,
160372,1994-04-13,,,,,,,
16039,1983-03-04,,,,,,,
160399,1989-01-01,,,,,,,
16048,2005-11-24,,,,,,,
16049,2007-12-21,,,,,,,
16056,2008-06-24,,,,,,,
160564,2013-03-05,,,,,,,
16058,2003-08-14,,,,,,,
160588,2013-07-25,1.8E7,9.9206215E7,8.1206215E7,,,,
16059,2008-09-18,,,,,,,
16061,2008-10-03,,,,,,,
16066,2005-06-30,,,,,,,
160660,1945-11-09,,,,,,,
16068,2002-01-19,,,,,,,
16070,2006-01-26,,302179.0,,,,,
160704,2013-01-30,,4.896521E7,,,,,
16071,2007-04-29,,,,,,,
16076,1999-04-22,,,,,,,
16077,2002-10-04,3000000.0,,,,,,
160783,1950-11-03,,,,,,,
16079,1988-04-29,,,,,,,
160793,1948-08-13,,,,,,,
16080,2006-10-31,,,,,,,
16082,1985-11-22,,4.2160849E7,,,,,
160833,2012-11-15,,,,,,,
16084,1976-12-17,,,,,,,
160844,2012-09-21,,,,,,,
160874,2010-12-14,,,,,,,
16089,1951-10-10,,,,,,,
160897,2012-01-12,,,,,,,
16090,1946-04-19,,,,,,,
16091,2008-03-09,,,,,,,
16095,2008-09-26,,,,,,,
16096,1991-10-23,,,,,,,
161,2001-12-07,8.5E7,4.5071715E8,3.6571715E8,3.83125,80,0.7833058393594955,2012-05-02
161006,2008-06-17,,82.0,,,,,
16103,1962-09-20,,,,,,,
161073,2013-01-23,,,,,,,
161076,1969-09-14,,,,,,,
161080,2000-10-29,,4275.0,,,,,
16112,1999-10-01,,,,,,,
16113,1986-02-14,,1.77689E7,,,,,
161158,1994-02-04,,,,,,,
16116,2009-04-07,,,,,,,
161179,2002-09-19,,,,,,,
161187,2013-02-15,700000.0,,,,,,
16119,2007-02-06,,,,,,,
161212,2005-11-03,,,,,,,
161226,1999-05-27,,,,,,,
161227,1999-04-01,,,,,,,
16123,2008-07-29,,,,,,,
161238,1997-02-07,,,,,,,
161243,2012-02-21,,,,,,,
161246,2009-10-15,1000000.0,,,,,,
16126,2007-04-06,,,,,,,
161273,1969-02-07,,,,,,,
161277,2003-01-01,,,,,,,
161297,1932-03-05,,,,,,,
161299,1975-11-13,,,,,,,
16130,1993-12-30,,,,,,,
161303,2013-02-06,,,,,,,
16132,2002-12-11,,,,,,,
161321,2013-02-15,,,,,,,
161337,2011-10-19,,,,,,,
161359,1991-02-20,,,,,,,
161361,1993-04-08,,,,,,,
16137,2008-01-01,,,,,,,
16138,2004-08-13,,,,,,,
16140,2006-10-28,,5.07104E7,,,,,
161422,1985-10-01,,,,,,,
16143,2006-12-31,,,,,,,
16146,1998-07-31,650000.0,,,,,,
161463,2004-01-01,,,,,,,
16147,2005-07-08,6000000.0,,,,,,
161491,2013-04-17,,,,,,,
1615,2002-06-20,,4508104.0,,3.65,10,0.944281031614353,2007-01-16
16150,2006-09-12,,,,,,,
16151,2005-03-03,,,,,,,
161565,1970-03-10,,,,,,,
16157,1988-03-12,,,,,,,
16158,1999-07-16,,2.505964E7,,,,,
16159,1989-05-18,2800000.0,,,,,,
161602,1951-12-14,,,,,,,
161620,1974-03-12,,,,,,,
16164,2008-11-13,,2960993.0,,,,,
16167,2009-03-31,,66456.0,,,,,
161687,2000-01-26,,,,,,,
16171,2000-03-01,,,,,,,
16174,2002-01-04,,,,,,,
16175,2003-05-12,,,,,,,
161795,1998-04-22,,,,,,,
161796,1933-04-17,,,,,,,
1618,1998-10-30,,,,,,,
161806,1996-10-18,,,,,,,
161816,2003-08-14,,,,,,,
161880,1933-02-04,,,,,,,
161885,1933-11-03,,,,,,,
161898,1933-05-01,,,,,,,
1619,2000-09-08,8500000.0,1.9125401E7,1.0625401E7,3.4473684210526314,19,0.9558988911273406,2015-07-28
16190,2005-11-18,,,,,,,
16191,1991-11-21,9000000.0,26055.0,-8973945.0,,,,
161915,1970-10-15,,,,,,,
16197,1996-09-19,,,,,,,
16198,1999-07-17,,,,,,,
162006,2012-07-12,,,,,,,
16201,2004-10-01,,,,,,,
16205,2007-10-09,,,,,,,
162056,1981-12-30,,,,,,,
162059,1935-07-11,,,,,,,
16209,2001-06-10,,,,,,,
1621,1983-06-07,4.06E7,9.04E7,4.98E7,3.0,2,0.0,2004-07-27
162145,2012-11-24,,,,,,,
16217,1990-09-20,,,,,,,
16219,1992-03-06,,9.0,,,,,
1622,2005-05-11,,793604.0,,,,,
16220,1977-02-09,1200000.0,9000000.0,7800000.0,,,,
16221,2007-03-15,,,,,,,
162234,1999-02-12,,,,,,,
16224,1994-03-20,,,,,,,
16226,2004-10-05,,,,,,,
16227,1947-09-27,,,,,,,
16229,2001-09-08,,,,,,,
16232,2004-06-15,3.0E7,2.1800302E7,-8199698.0,,,,
16233,1996-05-13,350000.0,,,,,,
16235,1982-09-24,,1.2534817E7,,,,,
16237,2006-09-15,,,,,,,
162382,1963-12-22,,,,,,,
162383,1999-04-06,,,,,,,
16239,2009-03-14,,,,,,,
162396,1998-06-11,,,,,,,
16241,1978-10-05,,,,,,,
16242,1994-06-01,,,,,,,
162435,1996-01-01,,,,,,,
162437,1994-05-22,,,,,,,
162442,1995-06-06,,,,,,,
162458,2002-10-25,,,,,,,
16247,1967-10-22,,,,,,,
162472,1968-02-13,,,,,,,
16248,1985-06-14,,7840873.0,,,,,
16249,1968-02-08,,,,,,,
162494,1963-10-21,,,,,,,
162510,1964-08-09,,,,,,,
162512,1929-04-29,,,,,,,
162532,1986-07-01,,,,,,,
16257,2009-02-17,,,,,,,
162592,1996-07-18,,,,,,,
1626,1962-09-20,,24517.0,,1.6666666666666667,3,1.1547005383792517,2002-04-06
16268,2008-01-01,,,,,,,
162686,1937-01-01,,,,,,,
16269,1989-12-14,,4762337.0,,,,,
1627,1970-02-26,,,,2.8636363636363638,11,1.026910636104941,2012-08-06
16270,1991-03-29,,,,,,,
16274,1938-06-15,,,,,,,
16276,2006-04-14,,,,,,,
16279,2008-01-18,,900689.0,,,,,
1628,1962-01-23,,,,,,,
16280,2008-10-28,,,,,,,
16281,1982-11-12,,2.1028755E7,,,,,
16283,2007-11-07,,,,,,,
162862,1933-05-26,,,,,,,
162864,2011-09-21,,,,,,,
162874,1930-05-31,,,,,,,
162880,2010-03-31,,,,,,,
1629,1967-08-30,,30857.0,,3.4,5,1.51657508881031,2000-12-10
16290,2010-10-15,2.0E7,1.17224271E8,9.7224271E7,,,,
162903,2013-10-11,2.8E7,8555008.0,-1.9444992E7,,,,
162934,1990-01-01,,,,,,,
162954,1930-03-01,,,,,,,
16296,1988-05-27,1800000.0,,,,,,
162987,1967-01-01,,,,,,,
16299,1996-08-30,,,,,,,
16300,2001-02-16,,,,,,,
16301,2003-01-19,,,,,,,
163042,2007-05-19,3000000.0,,,,,,
16305,1941-11-30,689665.0,,,,,,
163053,1896-10-30,,,,,,,
163068,1969-01-01,,,,,,,
16307,1973-12-01,,,,,,,
16308,1991-03-16,,,,,,,
1631,1976-01-01,,,,3.5,2,0.7071067811865476,2001-01-12
16311,2002-05-30,,,,,,,
16313,2008-10-28,,,,,,,
16315,1997-05-16,,,,,,,
16318,2002-12-12,,,,,,,
1632,1988-12-08,1.5E7,3.4604E7,1.9604E7,2.5,1,,2005-03-23
16323,1979-11-07,9250000.0,2.9174648E7,1.9924648E7,,,,
16324,2008-10-24,,,,,,,
163250,2011-10-03,,,,,,,
16328,1971-08-04,,,,,,,
16331,1999-04-17,,,,,,,
163312,2009-09-01,,,,,,,
163313,2013-03-15,,,,,,,
163333,1954-09-30,,,,,,,
163343,1958-01-01,,,,,,,
163366,1971-01-01,,,,,,,
16337,1986-08-22,4700000.0,8025872.0,3325872.0,,,,
163376,1967-07-26,,1000000.0,,,,,
163392,1972-06-01,,,,,,,
1634,1993-07-16,2.0E7,1.53698625E8,1.33698625E8,,,,
163406,2007-01-28,,,,,,,
163431,2013-01-24,,,,,,,
16344,2009-03-27,,,,,,,
16346,2008-10-30,,,,,,,
16347,1958-12-27,,,,,,,
16350,2008-08-30,,,,,,,
16351,2002-05-20,,,,,,,
16355,1996-05-31,,,,,,,
16356,2003-03-22,,,,,,,
163590,2012-12-24,,,,,,,
16363,1982-07-23,3.5E7,6.9701637E7,3.4701637E7,,,,
163659,2007-04-24,,,,,,,
163676,2003-05-26,,,,,,,
163706,1987-05-07,,,,,,,
16371,1999-11-13,,,,,,,
163710,2014-03-25,,,,,,,
16372,1961-12-25,,,,,,,
16373,1944-02-18,,,,,,,
16375,1996-09-13,,,,,,,
16378,1978-03-22,,,,,,,
16379,1999-03-26,,1.326005E7,,,,,
163795,2011-04-27,,,,,,,
16382,2008-09-12,,,,,,,
16383,2008-12-05,,,,,,,
163837,1967-10-12,,,,,,,
163839,1942-02-23,,,,,,,
16384,1990-08-17,,,,,,,
16385,2007-03-23,,,,,,,
16387,1966-01-01,797681.0,,,,,,
163890,2005-11-07,,,,,,,
16390,2009-01-01,,,,,,,
163907,1979-07-26,,,,,,,
16395,1980-02-07,3000000.0,,,,,,
16398,2009-03-31,,,,,,,
1640,2004-01-13,6500000.0,9.8410061E7,9.1910061E7,1.0,1,,2000-11-21
16403,2008-01-30,,,,,,,
164045,1979-01-01,,,,,,,
16405,2001-08-29,,,,,,,
16406,1999-08-04,1.3E7,2.75E7,1.45E7,,,,
164073,1949-02-15,,,,,,,
16409,2008-12-25,,1.4879423E7,,,,,
16410,1954-04-19,,,,,,,
16412,2005-12-04,,,,,,,
164120,2012-09-14,,,,,,,
164134,,,,,,,,
16417,1993-12-01,,,,,,,
16418,2009-02-24,,,,,,,
164184,2013-02-22,,1553826.0,,,,,
16420,1995-12-15,,,,,,,
16423,2004-10-01,,,,,,,
164251,2014-10-12,,176391.0,,,,,
16427,2004-08-06,,,,,,,
16428,2004-05-14,,,,,,,
164286,2014-02-14,,,,,,,
164288,2004-09-03,,,,,,,
1643,1972-10-14,1250000.0,3.6144E7,3.4894E7,4.05,10,0.49721446300587674,2004-10-28
16432,2006-06-27,,,,,,,
164331,2013-02-08,7000000.0,,,,,,
16435,2001-10-18,,,,,,,
164353,1958-01-31,,,,,,,
16436,2008-10-23,,927704.0,,,,,
164366,2013-02-04,,,,,,,
164372,2012-10-11,7000000.0,1.24E7,5400000.0,,,,
164379,2007-07-11,,,,,,,
16439,2008-03-20,,,,,,,
16440,2009-03-24,,,,,,,
16441,1982-08-20,,1.4056528E7,,,,,
164419,2009-01-23,,,,,,,
16442,1941-07-02,1400000.0,1.6361885E7,1.4961885E7,,,,
164421,1958-04-30,,,,,,,
16444,1942-09-14,,,,,,,
16447,2004-05-14,,,,,,,
16448,1996-01-31,,,,,,,
164502,2012-12-25,2000000.0,,,,,,
164504,1933-08-24,,,,,,,
16453,2007-03-06,,,,,,,
16455,2005-01-19,2.0E7,,,,,,
16456,2005-05-13,,,,,,,
1646,2007-01-05,2.1E7,4.1170784E7,2.0170784E7,2.5714285714285716,7,0.9759000729485332,2002-04-18
16460,2007-09-30,,,,,,,
16464,1888-10-15,,,,,,,
16465,1903-10-17,,,,,,,
164652,1998-10-04,,,,,,,
164687,1935-08-23,,,,,,,
1647,2003-01-31,,1.01191884E8,,2.6666666666666665,6,1.0327955589886444,2000-12-10
164741,2000-02-20,,,,,,,
164777,1964-10-19,,,,,,,
164827,1971-09-23,,,,,,,
16486,1992-12-01,,,,,,,
16487,1995-01-01,,,,,,,
1649,1991-07-19,,,,3.8333333333333335,6,1.1690451944500122,2011-01-28
164954,1947-12-26,,,,,,,
164990,1974-12-27,,,,,,,
165,1989-11-20,,3.32E8,,3.443661971830986,142,0.8145367903286634,2016-10-07
165023,1968-10-05,,,,,,,
165027,2009-06-04,,,,,,,
165066,1999-01-01,,,,,,,
16509,2007-11-02,,,,,,,
165095,1983-01-31,,,,,,,
165108,1984-08-06,,,,,,,
16513,2008-04-27,,,,,,,
16514,1955-09-22,,,,,,,
16520,1956-06-29,4550000.0,2.13E7,1.675E7,,,,
165213,2013-02-21,,,,,,,
1653,2004-02-06,,1.6756372E7,,3.6785714285714284,84,0.9171815692550016,2016-05-25
16530,1997-03-25,,,,,,,
165300,1945-03-02,,,,,,,
165321,2012-09-01,,,,,,,
16538,2009-03-20,4.1E7,9.1636986E7,5.0636986E7,,,,
16539,2001-01-01,,,,,,,
165401,1990-05-11,,,,,,,
165402,2003-06-26,,,,,,,
165432,1979-01-04,,,,,,,
165463,2013-01-02,,,,,,,
165477,2012-04-21,,,,,,,
16550,2001-11-08,,,,,,,
16551,1984-06-22,2.8E7,2.1435321E7,-6564679.0,,,,
16555,2007-02-14,1.0E7,3.1609243E7,2.1609243E7,,,,
165550,1998-05-19,,,,,,,
16559,1945-03-01,,,,,,,
1656,2005-10-24,7.5E7,1.42400065E8,6.7400065E7,,,,
16560,1989-02-12,,9114702.0,,,,,
16562,1992-03-27,,2.5105517E7,,,,,
165621,2001-01-01,,,,,,,
16563,1954-07-22,,5000000.0,,,,,
16564,2008-11-17,4000000.0,530048.0,-3469952.0,,,,
165644,1979-03-03,,,,,,,
16566,2004-02-27,,,,,,,
165718,2013-05-01,201164.0,,,,,,
165739,2013-04-23,,,,,,,
165790,1994-01-01,,,,,,,
165904,2013-02-07,7100000.0,1.8E7,1.09E7,,,,
1660,1976-03-17,,,,3.0,2,0.0,2002-05-29
166076,2013-05-06,,2915767.0,,,,,
1661,1999-09-30,,,,3.125,4,1.4361406616345072,2005-03-23
16614,2009-04-03,,1.7164377E7,,,,,
166161,2011-09-30,900000.0,,,,,,
16618,1952-12-19,,,,,,,
1662,1990-09-14,,,,,,,
16620,1987-07-24,6500000.0,5.4215416E7,4.7715416E7,,,,
166204,1962-05-11,,,,,,,
166207,1998-12-18,,,,,,,
166221,1994-03-15,,,,,,,
166225,2003-11-11,,,,,,,
16624,1893-05-08,,,,,,,
166253,2001-01-01,,,,,,,
166256,,,,,,,,
166258,2002-09-27,,,,,,,
166271,2013-10-25,,,,,,,
16632,2004-01-16,3200000.0,,,,,,
16633,1980-10-02,5100000.0,,,,,,
16634,2009-04-03,,,,,,,
16635,2004-05-04,1.2E7,163536.0,-1.1836464E7,,,,
166393,1981-11-13,,,,,,,
16642,1978-09-13,,,,,,,
166452,2012-10-11,,,,,,,
16646,2002-05-22,,6723732.0,,,,,
166472,1922-09-24,,,,,,,
16657,2007-04-13,,,,,,,
1666,2006-10-27,,,,,,,
166607,1964-08-14,,,,,,,
16661,1927-01-17,,,,,,,
166610,1942-08-01,,,,,,,
166621,1930-09-20,,,,,,,
166624,2013-09-13,,,,,,,
166643,1930-02-08,,,,,,,
16665,1949-06-16,,,,,,,
16666,2007-11-09,,,,,,,
166660,2012-02-22,,,,,,,
166671,2003-01-01,,,,,,,
166677,2004-12-31,,,,,,,
166680,1978-09-29,6500000.0,,,,,,
1667,2005-01-26,8000000.0,1.27392239E8,1.19392239E8,2.75,8,0.8864052604279182,2003-04-07
16672,1964-02-15,,,,,,,
166733,2005-10-04,,,,,,,
166747,2013-02-01,,,,,,,
166770,2001-02-09,,,,,,,
166798,1958-05-23,,,,,,,
166822,2013-10-17,,,,,,,
16687,2008-10-23,4000000.0,,,,,,
166874,1969-10-04,,,,,,,
166879,2013-02-14,,7965.0,,,,,
166883,1934-05-02,,,,,,,
166886,2013-02-11,,,,,,,
16692,1962-04-18,,,,,,,
167,2001-10-22,4.8E7,5.031514E7,2315140.0,4.0,1,,1996-06-30
16700,2006-09-11,,,,,,,
16702,2007-01-01,,,,,,,
167032,2013-10-04,5000000.0,,,,,,
167073,2015-10-20,1.1E7,6.2076141E7,5.1076141E7,,,,
167087,2000-02-04,,,,,,,
167153,2013-02-09,,,,,,,
16716,1999-12-05,,,,,,,
167190,2008-04-26,,,,,,,
1672,1981-10-21,,,,3.6666666666666665,15,0.48795003647426655,2011-01-28
167221,2013-02-13,5000000.0,48125.0,-4951875.0,,,,
167262,1981-04-24,,,,,,,
167267,1969-10-14,,,,,,,
16727,2006-09-02,1.2E7,2.0138836E7,8138836.0,,,,
167313,2011-12-21,,,,,,,
167330,2013-01-30,,,,,,,
167364,2013-02-13,,,,,,,
167408,1975-01-27,,,,,,,
167494,1974-01-01,,,,,,,
1675,1973-05-24,,17808.0,,,,,
167556,1976-12-10,,,,,,,
167575,2013-06-14,,,,,,,
167583,1978-01-02,,,,,,,
167618,2013-01-17,,,,,,,
16763,2008-10-07,,,,,,,
16764,2004-11-12,,,,,,,
167649,2012-01-01,,,,,,,
16765,2003-01-18,,,,,,,
16766,2006-07-15,,4.7636016E7,,,,,
167666,2012-02-16,,,,,,,
167683,2013-02-09,,,,,,,
1677,2004-10-29,4.0E7,1.24731534E8,8.4731534E7,,,,
167726,2013-02-20,,,,,,,
167738,1997-12-17,,,,,,,
16774,2006-10-28,,,,,,,
16781,2006-02-24,,5.7231524E7,,,,,
167810,2015-04-08,2000000.0,45431.0,-1954569.0,,,,
16783,2007-11-09,,,,,,,
16784,2004-02-24,,1.4E7,,,,,
167858,1983-09-04,,,,,,,
167874,1984-02-23,,,,,,,
16790,1991-08-09,,,,,,,
16791,2004-10-15,,,,,,,
167919,2012-09-29,,,,,,,
167935,2013-05-10,,,,,,,
167938,1985-01-30,,,,,,,
167948,2012-10-26,,,,,,,
167951,1981-01-01,,,,,,,
167960,2013-03-01,,,,,,,
167963,2013-01-17,,,,,,,
1680,1962-08-11,,,,3.6923076923076925,26,1.1838658967714464,2015-07-02
16800,2008-01-18,,,,,,,
168022,2013-04-10,,,,,,,
168027,2012-04-22,,,,,,,
16803,2007-11-08,,,,,,,
168031,1937-05-07,,,,,,,
168051,2013-05-03,,,,,,,
168055,2013-04-02,,7636.0,,,,,
168056,2013-01-02,,,,,,,
16806,1984-12-21,,,,,,,
168079,1993-05-07,,,,,,,
168098,2016-07-06,,1133031.0,,,,,
168112,2013-03-29,4200000.0,,,,,,
168114,2013-02-14,,,,,,,
168138,2013-03-27,,,,,,,
16814,1990-04-13,,,,,,,
168164,2013-02-13,,,,,,,
168179,1975-01-01,,,,,,,
1682,1964-04-29,,,,3.886861313868613,137,0.7717262466330784,2016-08-30
168219,2012-10-16,,,,,,,
168235,2012-03-15,,,,,,,
168245,2013-02-13,,,,,,,
16825,1971-08-16,,,,,,,
168259,2015-04-01,1.9E8,1.50624936E9,1.31624936E9,,,,
168261,2007-11-24,,,,,,,
168295,1963-08-10,,,,,,,
1683,2007-04-05,4.0E7,6.2771059E7,2.2771059E7,3.75,10,1.2304019216861166,2006-05-21
168300,1944-06-08,,,,,,,
168361,1991-09-23,,,,,,,
168375,1987-05-21,,,,,,,
168379,2012-11-27,,,,,,,
16839,1999-10-01,,,,,,,
168399,2013-08-30,7500000.0,,,,,,
168408,1960-11-18,,,,,,,
168421,1997-02-25,,,,,,,
168426,2013-03-15,,,,,,,
16843,2004-02-01,,,,,,,
16846,2008-07-04,,,,,,,
168485,1999-04-17,,,,,,,
1685,1970-05-01,3000000.0,1.8999718E7,1.5999718E7,,,,
16851,2006-09-30,,,,,,,
168530,2014-01-07,2.5E7,1.53997819E8,1.28997819E8,,,,
168535,1996-09-11,,,,,,,
168538,1983-06-13,,,,,,,
16854,2006-11-22,,,,,,,
16857,2002-06-14,,,,,,,
16858,1979-12-20,,3.7823676E7,,,,,
16859,1989-07-29,6900000.0,1.8172849E7,1.1272849E7,,,,
168607,2005-09-16,,,,,,,
168643,2008-09-24,,,,,,,
168676,2013-02-25,,,,,,,
1687,1971-05-20,,1.2348905E7,,2.9523809523809526,21,1.1169686869465265,2016-05-08
168705,2005-10-22,2.5E7,2405420.0,-2.259458E7,,,,
16871,2009-03-15,3.0E7,9.0810892E7,6.0810892E7,,,,
168712,2006-10-13,,,,,,,
16873,2007-09-06,4000000.0,6101046.0,2101046.0,,,,
168742,2013-02-10,,,,,,,
16877,2008-12-28,,,,,,,
16878,2008-10-14,,,,,,,
1688,1972-06-29,1700000.0,9700000.0,8000000.0,3.6818181818181817,22,0.7798878818298873,2016-05-08
168806,2013-09-13,,,,,,,
168819,2001-01-18,,,,,,,
16882,2008-04-03,,,,,,,
16885,1998-05-01,,1214198.0,,,,,
168864,2013-09-13,,,,,,,
16889,1987-07-10,,2.2642033E7,,,,,
16890,2008-11-07,,,,,,,
168903,2013-02-14,,,,,,,
168994,1944-12-07,,,,,,,
1690,2005-01-06,4800000.0,8.0578934E7,7.5778934E7,3.033333333333333,45,0.9851165136442215,2016-05-08
16900,2008-11-06,,,,,,,
169009,1985-02-04,,,,,,,
169020,2013-02-19,,,,,,,
169066,1965-12-22,,,,,,,
169068,2011-10-20,,,,,,,
169069,2013-02-06,,,,,,,
169091,1983-05-03,,,,,,,
1691,2007-06-08,1.02E7,3.5619521E7,2.5419521E7,,,,
16911,2008-12-18,3.65E7,2.1834845E7,-1.4665155E7,,,,
16915,2008-01-01,,,,,,,
169158,1998-01-11,,,,,,,
16919,2008-06-20,,,,,,,
169209,2013-09-03,1.1E7,3639345.0,-7360655.0,,,,
169219,2013-02-27,,,,,,,
169250,1976-10-26,,,,,,,
16926,2008-03-29,,,,,,,
169310,2013-09-13,,,,,,,
169314,2012-02-01,,,,,,,
16932,2003-12-17,,,,,,,
169343,2013-02-07,,,,,,,
169355,1934-12-28,,,,,,,
169364,1972-11-23,39000.0,,,,,,
169382,2005-04-25,,,,,,,
1694,1985-10-18,900000.0,2023414.0,1123414.0,3.8125,16,0.8341662504161466,2001-08-16
16941,2003-08-29,5000000.0,4856298.0,-143702.0,,,,
169496,1965-01-01,,,,,,,
169541,1986-07-11,,,,,,,
16958,1950-05-22,,,,,,,
169594,1993-10-14,,,,,,,
16962,2007-01-01,,,,,,,
169634,2013-11-14,1000000.0,,,,,,
169644,2013-08-24,,,,,,,
169683,2013-04-20,,,,,,,
16969,1984-12-05,2.5E7,3.8348988E7,1.3348988E7,,,,
16972,1979-07-06,9200000.0,9346177.0,146177.0,,,,
169721,2011-10-22,,,,,,,
169726,1958-01-15,,,,,,,
16973,2003-04-05,,,,,,,
169758,2013-05-01,800000.0,,,,,,
169782,2012-12-19,,,,,,,
169788,1963-08-29,,,,,,,
169794,2013-03-10,,,,,,,
169798,2013-07-27,,,,,,,
169800,2013-03-11,,,,,,,
169813,2013-08-23,,1600000.0,,,,,
169836,1991-09-23,,,,,,,
169840,2009-06-01,,,,,,,
169844,1988-12-16,,,,,,,
16985,2009-04-28,,,,,,,
169860,2013-06-07,,,,,,,
169864,2013-09-20,,,,,,,
169865,2013-03-01,,,,,,,
169869,1968-05-09,112.0,,,,,,
16987,2000-01-14,,,,,,,
169877,2012-02-22,,,,,,,
169883,1941-04-07,,,,,,,
169885,2012-10-01,,,,,,,
169917,2014-09-18,2.8E7,5.31816E7,2.51816E7,,,,
16993,1972-07-26,,,,,,,
169934,2013-04-24,,,,,,,
16995,2009-04-17,6.0E7,8.7784194E7,2.7784194E7,,,,
169962,1967-03-03,,,,,,,
16997,2008-02-08,,,,,,,
16998,2005-05-15,,,,,,,
16999,2008-09-18,,,,,,,
170,2002-10-31,,8.2719885E7,,3.2884615384615383,26,0.8387261403232513,2016-05-08
1700,1990-11-28,2.0E7,6.1276872E7,4.1276872E7,,,,
17003,2009-04-03,,,,,,,
170033,1985-08-21,,,,,,,
170039,2013-02-16,2000000.0,,,,,,
17005,2008-06-29,,,,,,,
17006,1988-11-10,,,,,,,
17007,2001-12-02,,,,,,,
17008,2008-10-16,,,,,,,
1701,1997-06-01,7.5E7,2.24012234E8,1.49012234E8,3.5,16,1.0954451150103321,2011-01-28
17010,2004-01-24,2.0,,,,,,
17015,1995-09-27,,,,,,,
170178,2013-03-15,,,,,,,
170194,2013-01-10,7000000.0,,,,,,
1702,1994-12-23,,1422749.0,,2.90625,16,0.9868932735272509,2016-05-08
17022,2003-11-18,,,,,,,
170261,1980-10-31,,,,,,,
17027,2008-03-08,,,,,,,
170279,2013-02-13,,,,,,,
17028,2006-01-01,,,,,,,
17030,1936-02-08,,,,,,,
170309,1934-03-29,,,,,,,
17035,2005-02-06,,,,,,,
17037,1998-11-12,3.0E7,,,,,,
170399,1991-08-23,,,,,,,
17043,2002-07-26,,3.3082548E7,,,,,
170430,1997-11-18,,,,,,,
170455,2012-09-08,,,,,,,
17046,2009-04-12,,,,,,,
17047,2004-06-24,2.6E7,2.8818995E7,2818995.0,,,,
170477,1958-11-01,,,,,,,
17048,1986-02-28,,,,,,,
170522,2014-11-26,3.0E7,,,,,,
170548,1962-01-01,,,,,,,
17057,1950-05-17,,,,,,,
170582,1934-10-22,,,,,,,
170603,1992-09-02,,,,,,,
170632,2013-02-23,,,,,,,
170657,2013-02-01,,,,,,,
170687,2014-09-10,6.0E7,1.0825577E8,4.825577E7,,,,
170689,2013-02-27,,,,,,,
17073,2008-01-01,,,,,,,
17074,1998-08-18,,,,,,,
170740,2003-01-13,,,,,,,
170750,2013-03-04,,,,,,,
170759,2013-01-27,,,,,,,
17078,1999-02-08,,,,,,,
170845,1986-02-23,,,,,,,
170856,1968-02-01,,,,,,,
170898,2012-07-20,,,,,,,
17091,1965-12-26,,,,,,,
170934,1995-02-05,,,,,,,
170967,2010-05-05,,,,,,,
170998,1999-11-04,,,,,,,
1710,1995-10-27,,,,,,,
171019,1952-04-01,,,,,,,
171032,1935-09-01,,,,,,,
171045,2012-03-08,,,,,,,
17108,2008-02-07,1.0E7,2.2896728E7,1.2896728E7,,,,
17110,2004-03-19,,,,,,,
171108,1990-08-14,,,,,,,
17111,2004-09-09,,,,,,,
17113,2005-03-25,1500000.0,712294.0,-787706.0,,,,
171130,1951-12-14,,,,,,,
171160,2013-02-21,,,,,,,
171174,1977-06-06,,,,,,,
1712,1956-10-10,5400000.0,3.5E7,2.96E7,,,,
171229,1999-12-13,,,,,,,
171232,1973-05-25,,,,,,,
17126,1988-02-12,,8.0,,,,,
17127,1998-04-17,,4.6905889E7,,,,,
171274,2014-12-25,2.0E7,1.1110975E7,-8889025.0,,,,
171277,2015-04-10,,,,,,,
17129,1974-02-09,,,,,,,
171292,1982-11-15,,,,,,,
1713,1991-06-07,1.4E7,3.2482682E7,1.8482682E7,2.5,16,1.0488088481701516,2012-02-11
17130,2002-02-15,,6.114103E7,,,,,
171308,1973-01-29,,,,,,,
17131,1942-10-14,,,,,,,
17132,1982-01-01,,,,,,,
17133,1998-01-01,,271375.0,,,,,
171337,2013-02-27,,,,,,,
17134,2009-03-19,2.0E7,1.7280326E7,-2719674.0,,,,
171346,1938-05-07,,,,,,,
17135,1996-01-01,,,,,,,
17136,1944-11-03,,,,,,,
171363,2011-06-30,,,,,,,
17139,1997-04-17,4500000.0,,,,,,
1714,1966-09-14,,,,,,,
171424,2014-09-04,5000000.0,6833445.0,1833445.0,,,,
171427,2013-04-19,,,,,,,
171429,2004-01-01,,,,,,,
17143,2008-02-21,,,,,,,
171432,1922-04-01,,,,,,,
17144,2008-08-26,,,,,,,
171446,1929-02-10,,,,,,,
171492,1974-07-20,,,,,,,
1715,1999-12-17,2.4E7,8.8545092E7,6.4545092E7,3.0,1,,2000-11-20
17153,2007-10-04,,,,,,,
171540,2013-04-21,,33232.0,,,,,
17156,2007-08-30,,,,,,,
17157,2008-05-06,,,,,,,
17158,2007-09-06,,,,,,,
171587,2012-12-05,,,,,,,
171594,1944-11-24,,,,,,,
171597,2012-01-29,,,,,,,
1716,1980-09-17,,,,,,,
171648,2013-03-22,,,,,,,
17165,2008-12-13,,,,,,,
17166,2008-07-15,,,,,,,
171688,2013-11-01,,,,,,,
17169,1980-12-17,,7.0687344E7,,,,,
1717,2006-09-10,5.5E7,9450897.0,-4.5549103E7,3.0,32,1.121634751658949,2016-08-17
17170,1988-04-01,,,,,,,
17172,1988-12-25,,,,,,,
17174,2008-11-28,,,,,,,
17175,2008-04-20,,,,,,,
171755,2013-03-01,,,,,,,
171769,2010-11-20,,,,,,,
171795,2013-10-18,,,,,,,
1718,1940-12-13,,,,,,,
17181,2007-02-10,,,,,,,
171826,2013-02-28,,,,,,,
171840,2000-11-07,,,,,,,
171846,2014-02-01,,,,,,,
17185,1962-06-06,,,,,,,
171857,1995-02-24,,,,,,,
17186,2005-08-16,,3102550.0,,,,,
171861,1961-09-01,,,,,,,
17187,2002-11-22,,,,,,,
1719,1964-05-05,,,,4.195652173913044,23,0.6526019675600443,2011-06-04
17190,1989-10-20,,,,,,,
171908,1967-08-02,,,,,,,
171910,2013-03-09,,,,,,,
171952,2012-11-09,,,,,,,
171961,1993-03-26,,,,,,,
17198,1999-09-03,,,,,,,
171982,2012-10-09,,,,,,,
17199,2000-09-13,,,,,,,
171993,1990-09-20,,,,,,,
172,1989-06-09,3.0E7,7.02E7,4.02E7,2.5729166666666665,48,0.9999445906634843,2016-05-08
1720,2003-02-28,,,,,,,
17200,1976-04-01,,,,,,,
172008,2013-02-16,,,,,,,
17202,2007-10-12,1.5E7,5.5184721E7,4.0184721E7,,,,
17203,2001-03-01,,637769.0,,,,,
17204,1996-12-03,,,,,,,
17205,1981-07-17,,,,,,,
17208,2000-07-28,,,,,,,
17209,2004-07-30,,,,,,,
17210,2008-12-06,,,,,,,
17212,1978-10-01,,,,,,,
172120,2009-04-20,,,,,,,
17216,2005-04-21,,,,,,,
17218,1949-04-02,,,,,,,
172226,2013-09-17,,,,,,,
172259,1995-05-09,,,,,,,
17229,2007-07-21,,,,,,,
172295,1942-02-28,,,,,,,
1723,1976-09-17,,,,,,,
17234,2007-07-28,,,,,,,
17236,2006-05-02,,,,,,,
172386,2013-03-15,,,,,,,
172390,2014-10-23,,,,,,,
1724,2008-06-12,1.5E8,1.63712074E8,1.3712074E7,,,,
17240,2009-01-09,,,,,,,
17241,2008-06-28,,,,,,,
172413,2002-12-14,,,,,,,
172443,1916-02-13,,,,,,,
172445,1916-12-16,,,,,,,
17245,2006-05-23,,,,,,,
172457,2013-09-13,,,,,,,
17247,2005-05-15,,253527.0,,,,,
172474,2008-03-31,,,,,,,
172499,2012-11-28,,,,,,,
1725,1961-10-18,6000000.0,4.3656822E7,3.7656822E7,,,,
172533,2013-08-23,,343341.0,,,,,
172542,2013-11-08,,,,,,,
172545,1996-11-08,,,,,,,
172548,2013-03-08,,,,,,,
17258,1987-09-18,,1.3290368E7,,,,,
1726,2008-04-30,1.4E8,5.85174222E8,4.45174222E8,1.9285714285714286,7,1.0177004891982149,2016-05-08
172631,2013-03-28,,,,,,,
17266,1997-05-18,,,,,,,
172673,2006-01-01,,,,,,,
1727,1990-05-18,2.0E7,,,3.0,7,0.5773502691896257,2004-06-24
172705,2012-12-19,,,,,,,
172721,2013-02-22,,,,,,,
172747,1961-10-19,,,,,,,
172767,2013-02-28,3000000.0,,,,,,
17277,1964-03-24,1.9E7,4750000.0,-1.425E7,,,,
17278,1967-03-08,,,,,,,
172782,1991-12-19,,,,,,,
172803,2013-11-29,4000000.0,,,,,,
17281,1958-04-15,,,,,,,
172817,2013-03-08,,,,,,,
17282,1987-02-01,,,,,,,
17285,2007-03-23,,,,,,,
172908,1953-02-05,,,,,,,
172913,1926-05-17,,,,,,,
172923,1995-05-26,,,,,,,
17295,1966-09-08,,921548.0,,,,,
172973,1998-05-26,,,,,,,
173,1954-12-23,5000000.0,2.82E7,2.32E7,2.5642857142857145,70,1.0212291137112726,2016-05-08
1730,2006-09-06,,849055.0,,3.9,5,0.7416198487095664,2006-03-31
17302,2007-01-01,,,,,,,
17306,2007-01-01,2000000.0,,,,,,
1731,2009-01-06,,,,1.0,1,,2000-11-22
173168,2013-04-04,,,,,,,
17317,2007-01-01,,,,,,,
173177,1990-03-03,,,,,,,
173189,2013-03-01,,,,,,,
173192,2013-03-11,,,,,,,
1732,1979-08-17,,,,3.995833333333333,120,0.9246753537344454,2016-10-06
173205,2013-03-07,,,,,,,
173224,2013-02-28,,,,,,,
173288,2006-10-25,45000.0,,,,,,
173294,2012-12-20,,,,,,,
173300,,,,,,,,
173301,2013-09-06,,135039.0,,,,,
173327,2014-10-03,,,,,,,
17334,2008-10-29,1.4E7,,,,,,
173340,1956-04-18,,,,,,,
17335,2009-04-24,2.0E7,7.383034E7,5.383034E7,,,,
17336,2009-04-24,,3.247412E7,,,,,
17337,1998-12-01,,,,,,,
173385,2001-03-02,,,,,,,
17339,1978-11-01,5000000.0,7230000.0,2230000.0,,,,
17342,2008-01-23,,,,,,,
173421,2007-05-09,,,,,,,
173433,,,,,,,,
17345,2003-01-01,,,,,,,
17346,1975-09-27,,,,,,,
173467,2013-03-09,,,,,,,
173480,2013-07-23,,,,,,,
173491,2013-03-09,,,,,,,
173494,1929-01-01,,,,,,,
173497,2014-01-08,,,,,,,
173499,2013-03-10,,,,,,,
17352,1958-03-18,,3.68E7,,,,,
173557,2012-10-13,,,,,,,
173580,1929-12-13,,,,,,,
173587,2003-11-06,,,,,,,
17359,1999-04-14,,,,,,,
1736,2007-05-02,,,,,,,
17360,1981-06-17,1.0E7,2.7453418E7,1.7453418E7,,,,
17362,1989-04-28,,3960327.0,,,,,
173631,1972-12-12,,,,,,,
173635,1948-05-07,,,,,,,
173638,1989-03-28,,,,,,,
17367,2006-09-08,,,,,,,
173672,2009-05-12,,,,,,,
173728,1980-01-30,,,,,,,
173732,1971-01-01,,,,,,,
173739,1974-01-01,,,,,,,
173761,2005-10-18,,,,,,,
173793,1996-04-03,,,,,,,
173796,2013-12-13,,,,,,,
173805,1971-06-15,,,,,,,
17381,1983-12-29,980385.0,,,,,,
17382,1941-11-01,,,,,,,
173865,1994-11-10,3120375.0,,,,,,
17388,2005-09-21,,,,,,,
173893,1952-04-26,,,,,,,
173908,2013-04-20,,,,,,,
173912,2013-04-10,,,,,,,
173914,2013-03-07,520.0,,,,,,
173928,2007-05-03,,,,,,,
173938,2011-01-11,,,,,,,
173962,1968-12-25,,,,,,,
173980,2013-03-06,,,,,,,
17399,2007-10-05,,,,,,,
174000,1996-06-01,,,,,,,
17409,1950-06-23,,,,,,,
174122,1998-04-23,,,,,,,
17417,2009-04-29,,,,,,,
174187,1915-03-14,,,,,,,
174188,2013-06-07,,,,,,,
174195,1953-12-06,,,,,,,
174271,1996-10-13,,,,,,,
17431,2009-06-12,5000000.0,9760104.0,4760104.0,,,,
174311,2013-09-10,,,,,,,
174316,2013-11-06,,4187.0,,,,,
174319,2013-04-09,,,,,,,
174321,2013-05-16,,104810.0,,,,,
174324,2013-08-04,,,,,,,
174337,2014-02-07,,13769.0,,,,,
174340,2015-02-03,,,,,,,
174341,2013-12-10,,6420.0,,,,,
174343,2013-04-20,,,,,,,
174358,2013-02-13,,,,,,,
174369,2013-04-19,,,,,,,
174374,2013-12-06,,,,,,,
17439,2006-01-01,,,,,,,
17445,2009-07-28,3500000.0,,,,,,
17447,1995-08-18,,,,,,,
174487,1997-05-22,,,,,,,
17456,2007-09-18,1.0E7,,,,,,
17457,2003-03-08,,,,,,,
174593,1916-09-24,,,,,,,
174594,1916-06-03,,,,,,,
174645,2013-03-06,,,,,,,
17467,1991-10-05,,,,,,,
174678,2013-05-02,,,,,,,
174688,2013-08-23,,,,,,,
17469,2007-07-31,,,,,,,
17470,2006-10-20,,,,,,,
174712,1993-12-19,,,,,,,
174720,1955-12-12,,,,,,,
17473,2003-06-27,,,,,,,
17474,1991-09-30,,2853801.0,,,,,
174748,1984-12-30,,,,,,,
174751,2016-01-01,2.5E7,1397284.0,-2.3602716E7,,,,
174762,1930-12-06,,,,,,,
174769,1947-11-10,,,,,,,
174772,2013-06-27,125687.0,,,,,,
17478,2004-08-27,,1.2E7,,,,,
174784,1939-05-05,,,,,,,
17483,2007-06-16,,,,,,,
17485,2009-03-22,,,,,,,
17486,2009-04-29,,,,,,,
174865,1966-11-10,4000000.0,,,,,,
17487,1947-11-09,,,,,,,
174895,1918-05-14,,,,,,,
174905,1918-05-01,,,,,,,
17494,1992-06-26,,5.7138719E7,,,,,
17495,2007-12-11,,,,,,,
174958,1919-12-18,,,,,,,
17496,1980-06-06,,,,,,,
174988,1935-02-22,,,,,,,
175,1988-05-11,,,,3.9565217391304346,23,0.9759965009980693,2016-08-17
175005,1919-10-11,,,,,,,
17501,2006-10-20,7100000.0,,,,,,
175027,1933-07-21,,,,,,,
175035,1933-06-23,,,,,,,
175112,2014-02-13,,2.03E7,,,,,
175116,2013-03-14,,,,,,,
175171,1943-11-01,,,,,,,
175226,1920-11-28,,,,,,,
175245,2013-03-07,,,,,,,
17529,1969-06-11,,1.425E7,,,,,
175291,2013-03-08,,,,,,,
17532,2009-04-28,4000000.0,4100000.0,100000.0,,,,
175339,1921-09-09,,,,,,,
175386,1947-06-06,,,,,,,
175427,2013-11-01,,,,,,,
175461,1921-04-26,,,,,,,
175528,2013-09-27,,2.2456509E7,,,,,
175553,1922-04-01,,,,,,,
175606,2013-03-20,,,,,,,
17566,2006-05-22,,,,,,,
175681,1959-09-04,,,,,,,
17575,1998-08-24,,,,,,,
17577,2009-05-26,,,,,,,
175774,2013-03-14,,,,,,,
17578,2011-10-25,,3.71940071E8,,,,,
17582,2008-10-08,,,,,,,
175822,1932-09-08,,,,,,,
17585,1994-04-15,7400000.0,7690013.0,290013.0,,,,
17589,1997-07-18,,,,,,,
17590,1982-03-19,,,,,,,
175910,2002-09-06,,,,,,,
17592,2003-10-09,,,,,,,
17595,2003-01-01,,,,,,,
175953,1979-10-30,,,,,,,
175998,1962-02-01,,,,,,,
176,2004-10-01,1200000.0,1.03911669E8,1.02711669E8,3.7777777777777777,18,1.0178151661369075,2016-06-27
17600,1994-01-15,200000.0,,,,,,
17602,2009-01-01,,,,,,,
176032,1990-10-14,,,,,,,
176037,2012-12-28,,,,,,,
17604,1965-04-10,,,,,,,
17606,2008-12-25,1.5E7,1143856.0,-1.3856144E7,,,,
176077,2013-03-11,,,,,,,
176085,2013-12-06,,,,,,,
176088,2013-04-05,,,,,,,
17609,2009-05-18,1.1E7,791867.0,-1.0208133E7,,,,
17610,2009-06-18,6.0E7,6.23579E7,2357900.0,,,,
17612,2001-01-21,,,,,,,
176143,1943-08-01,,,,,,,
176167,1982-04-30,,,,,,,
17622,2008-09-10,,,,,,,
176238,2013-03-11,,,,,,,
176241,2009-05-26,,,,,,,
176273,1924-05-14,,,,,,,
17628,2005-10-14,,,,,,,
17629,1998-01-30,,,,,,,
176298,1924-03-11,,,,,,,
17632,2009-05-04,5000.0,,,,,,
17635,2008-08-29,,,,,,,
176389,1924-02-14,,,,,,,
176403,2013-02-10,,,,,,,
176407,1924-03-11,,,,,,,
17641,1944-12-14,,,,,,,
17642,1996-09-27,,,,,,,
17644,1998-01-01,,,,,,,
17653,1993-03-04,,3956913.0,,,,,
176535,2007-10-05,,,,,,,
176570,2013-03-17,,,,,,,
176627,1933-07-22,,,,,,,
17663,1985-12-01,,,,,,,
17664,1959-06-11,,,,,,,
17665,1968-01-01,,,,,,,
176651,1999-11-26,,,,,,,
17667,1984-06-08,,,,,,,
176670,1957-05-04,,,,,,,
17669,2009-01-01,,,,,,,
176720,2013-03-05,,,,,,,
17677,1959-01-01,,,,,,,
17680,2009-01-20,1700000.0,1007962.0,-692038.0,,,,
176810,1935-05-07,,,,,,,
17684,2003-03-19,,,,,,,
17685,1966-12-21,,,,,,,
176867,1938-12-10,,,,,,,
17687,1931-04-23,,,,,,,
176896,2010-03-07,,,,,,,
17691,1963-12-25,,,,,,,
176915,2012-09-09,,,,,,,
17695,2007-01-23,,,,,,,
176983,2012-12-15,,,,,,,
17700,2006-03-03,,,,,,,
177043,1970-11-13,,,,,,,
17708,2001-10-12,1.1E7,2.3978402E7,1.2978402E7,,,,
17709,1999-08-27,7.0E7,,,,,,
1771,2011-07-22,1.4E8,3.70569774E8,2.30569774E8,5.0,1,,2000-11-20
17711,2000-06-30,7.6E7,3.513482E7,-4.086518E7,,,,
177117,2012-10-05,,,,,,,
17712,2007-01-28,,,,,,,
177155,2004-08-20,,,,,,,
177190,1932-04-02,,,,,,,
17720,1958-03-20,,,,,,,
177203,2013-03-18,,,,,,,
177216,1992-09-18,,,,,,,
177234,1955-07-31,,,,,,,
17725,2007-06-15,,,,,,,
17728,2008-06-03,,,,,,,
17729,1954-01-08,,,,,,,
177317,1937-10-30,,,,,,,
17734,2001-09-02,,,,,,,
177354,2012-03-22,,,,,,,
177358,2013-03-15,,,,,,,
1774,1997-09-06,,720074.0,,,,,
17740,2009-05-08,,,,,,,
177436,1938-10-14,,,,,,,
177440,1952-10-08,,,,,,,
17745,1994-08-26,,,,,,,
177494,2014-03-13,6000000.0,3485127.0,-2514873.0,,,,
177522,1995-04-21,,,,,,,
177552,2013-03-21,,,,,,,
177564,1969-05-09,,,,,,,
177572,2014-10-24,,6.52105443E8,,,,,
177580,1953-08-14,,,,,,,
1776,2006-09-15,,,,,,,
17761,1954-07-03,,,,,,,
17768,1966-10-16,,,,,,,
177697,2009-10-14,,,,,,,
17771,1999-09-13,,,,,,,
177714,1973-06-09,,,,,,,
1778,2002-03-08,,,,,,,
177865,2013-05-23,3700000.0,,,,,,
177869,2013-03-17,,,,,,,
1779,1989-09-01,160000.0,6706368.0,6546368.0,2.736842105263158,19,0.7882544191057644,2016-05-08
17792,1991-05-19,,,,,,,
177950,2005-04-05,,,,,,,
177979,1987-04-15,,,,,,,
178,1994-07-01,,3.0156002E7,,4.7,5,0.6708203932499369,2012-08-06
17803,1993-07-05,,,,,,,
17804,1948-12-24,,,,,,,
17806,2000-01-01,,,,,,,
17808,2008-09-25,,,,,,,
1781,2006-01-24,1000000.0,4.6243E7,4.5243E7,,,,
17810,1972-06-01,,,,,,,
17811,1993-07-30,,2967668.0,,,,,
17813,2003-06-16,3.0E7,1.5368897E7,-1.4631103E7,,,,
178146,2013-03-17,,,,,,,
17819,1989-02-03,,,,,,,
17820,1951-07-13,2300000.0,1.1E7,8700000.0,,,,
17821,1996-10-30,,,,,,,
17824,1985-05-03,,331816.0,,,,,
17829,1948-10-19,,,,,,,
178290,2013-11-29,,,,,,,
178314,2013-02-22,,,,,,,
178341,1934-02-10,,,,,,,
178446,2013-03-17,1.2E7,,,,,,
178447,1930-02-01,,,,,,,
178469,2004-12-28,,,,,,,
1785,1990-01-24,,,,3.8,5,0.2738612787525831,2013-05-26
178535,1973-07-01,,,,,,,
178541,2001-01-20,,,,,,,
178595,2011-09-01,,,,,,,
178603,2013-03-29,,,,,,,
178614,1974-11-19,,,,,,,
178687,2013-02-12,,,,,,,
1787,1968-03-22,,,,,,,
17871,2004-04-17,,,,,,,
178736,1991-05-10,,,,,,,
17874,1978-03-01,,,,,,,
178755,1896-01-01,,,,,,,
17880,2005-02-18,1.4E7,3.2645546E7,1.8645546E7,,,,
178862,2013-02-20,,,,,,,
17887,1967-05-25,,,,,,,
17889,1945-07-14,,,,,,,
1789,1959-12-16,,,,,,,
178915,2013-03-19,,9500000.0,,,,,
178927,1931-05-01,,,,,,,
17893,2008-10-16,,,,,,,
17894,1997-02-07,,,,,,,
17895,1983-07-23,,,,,,,
1790,1969-05-20,,,,,,,
17902,2006-01-01,,,,,,,
179057,1950-04-27,,,,,,,
17906,2002-09-12,,,,,,,
179066,1935-10-04,,,,,,,
17909,1980-01-01,120000.0,,,,,,
179105,2013-03-21,,,,,,,
17911,2009-05-19,,,,,,,
17912,1993-12-12,,,,,,,
179144,2013-05-21,1.24E7,8371085.0,-4028915.0,,,,
179146,2013-05-20,,,,,,,
17915,1998-08-21,,15.0,,,,,
179150,2014-08-28,,,,,,,
179178,1974-08-14,,,,,,,
179179,2013-03-18,,,,,,,
179188,1959-12-16,,,,,,,
17920,2003-05-09,,,,,,,
17922,1983-05-07,,,,,,,
179235,1900-08-01,,,,,,,
17925,2007-09-07,,,,,,,
179251,1934-11-01,,,,,,,
17926,2005-08-26,9000000.0,1046166.0,-7953834.0,,,,
179267,2013-04-20,,,,,,,
17927,2009-02-20,2.0E7,1.8599102E7,-1400898.0,,,,
179270,2010-01-01,,,,,,,
179302,2012-05-02,,,,,,,
179308,2010-06-29,,,,,,,
179366,2011-09-12,,,,,,,
179375,2013-03-22,,,,,,,
179398,2013-04-14,,,,,,,
17940,2006-06-24,1000000.0,,,,,,
17941,1998-03-06,,,,,,,
17949,1997-02-07,,,,,,,
179519,1979-02-05,,,,,,,
17952,2005-11-23,,,,,,,
17956,1991-02-22,,,,,,,
179573,2012-12-04,,,,,,,
17960,2005-11-30,,,,,,,
179603,1934-11-08,,,,,,,
17962,1998-09-11,11791.0,,,,,,
17963,2002-10-21,,,,,,,
17966,1931-07-11,,,,,,,
179715,2005-02-03,,,,,,,
17974,1965-01-01,,,,,,,
17978,1970-10-11,,,,,,,
17979,2009-11-04,2.0E8,3.25233863E8,1.25233863E8,,,,
179799,2013-04-04,,,,,,,
179805,2013-04-05,,,,,,,
179812,2013-02-22,,,,,,,
179818,1930-12-30,,,,,,,
179822,2013-03-22,,,,,,,
179826,2013-04-16,2.7E7,,,,,,
179837,1985-01-01,,,,,,,
17984,1961-03-16,,,,,,,
179847,1974-07-01,,,,,,,
17985,1999-08-06,,,,,,,
179868,1967-05-13,,,,,,,
17988,1944-04-13,,,,,,,
17991,1992-01-01,,,,,,,
17993,1990-09-28,,1.1567449E7,,,,,
17994,1986-12-31,,,,,,,
179966,2015-05-08,,,,,,,
180,2002-06-20,1.02E8,3.58372926E8,2.56372926E8,3.3068181818181817,44,0.8505532337147769,2016-08-17
180093,1997-05-23,,,,,,,
180095,2013-03-22,100000.0,,,,,,
18011,2000-03-28,,,,,,,
180114,1943-08-24,,,,,,,
180132,1992-06-24,,,,,,,
180147,2013-03-28,2000000.0,,,,,,
18015,2002-11-26,,,,,,,
180152,1987-01-18,,,,,,,
18016,2009-09-05,,,,,,,
180162,1992-10-09,,,,,,,
18017,2001-03-22,,671.0,,,,,
18019,1953-06-04,,,,,,,
1802,1995-08-30,,,,,,,
180244,2009-09-09,,,,,,,
1803,1984-04-19,,,,,,,
180305,2014-10-07,,,,,,,
180318,2011-06-04,,,,,,,
18032,2008-09-06,,7070330.0,,,,,
18033,2007-02-05,,,,,,,
18034,2008-11-17,,,,,,,
180363,2001-01-19,,,,,,,
18038,2003-11-23,,,,,,,
180383,2012-10-04,500000.0,,,,,,
180399,2002-04-13,,,,,,,
18040,2007-01-23,,,,,,,
18041,2000-04-21,1.4E7,5108820.0,-8891180.0,,,,
180420,2012-11-16,,,,,,,
18044,2008-03-08,,,,,,,
18045,2005-03-11,500000.0,,,,,,
18046,2008-10-09,100000.0,,,,,,
18047,1971-11-30,,,,,,,
18050,1944-12-15,3000000.0,,,,,,
18051,2003-09-30,,,,,,,
180514,1969-04-06,,,,,,,
18056,2007-01-01,,,,,,,
18060,2008-11-27,,,,,,,
180607,2011-01-06,,,,,,,
180624,1933-08-04,,,,,,,
180635,1933-09-01,,,,,,,
180651,2013-04-10,,,,,,,
180680,2013-03-29,,,,,,,
180685,2013-04-03,,,,,,,
180688,2013-04-23,,,,,,,
180695,1997-06-14,,,,,,,
1807,2003-05-18,,1.0012022E7,,2.25,2,1.0606601717798212,2004-08-21
18072,2002-09-13,,102471.0,,,,,
18074,2000-09-09,,,,,,,
180759,2012-01-06,,,,,,,
180794,2013-03-16,,,,,,,
18080,1997-07-02,,,,,,,
180810,2013-05-10,,,,,,,
18082,2006-12-20,,,,,,,
180850,2014-02-14,,,,,,,
180856,2013-04-26,,,,,,,
180879,1969-12-20,,,,,,,
18089,2008-02-03,,,,,,,
18093,2007-03-25,,,,,,,
180948,2013-03-07,,,,,,,
18095,1997-03-26,,,,,,,
18096,2007-08-30,,,,,,,
180970,2006-07-20,,,,,,,
18098,2000-04-30,,,,,,,
1810,1952-02-07,,,,3.533333333333333,15,0.7187952884282609,2011-01-28
181009,2013-04-04,,,,,,,
181083,1982-01-01,,,,,,,
1811,1997-05-09,,27354.0,,,,,
181104,2008-01-01,,,,,,,
18112,2008-09-26,,,,,,,
18116,2007-01-18,,,,,,,
18117,2008-12-12,,,,,,,
18118,1969-03-18,,,,,,,
18122,2009-04-23,,5873871.0,,,,,
181267,2005-01-01,,,,,,,
181269,1984-09-24,,,,,,,
18128,1996-06-01,,,,,,,
181283,2015-03-15,,3324330.0,,,,,
1813,1997-10-17,5.7E7,1.5294466E8,9.594466E7,,,,
181330,2013-07-03,,3.2230907E7,,,,,
18141,1991-08-01,,,,,,,
181426,1935-01-01,,,,,,,
18143,1999-01-01,,,,,,,
181454,2013-04-28,,,,,,,
181456,1984-02-27,,,,,,,
18148,1953-11-03,,,,,,,
1815,1978-03-13,,,,,,,
18151,2006-03-01,,,,,,,
18153,2000-08-18,,,,,,,
181533,2014-12-17,1.27E8,3.49424282E8,2.22424282E8,,,,
18158,1956-07-04,,,,,,,
181628,1997-01-01,,,,,,,
18164,2005-09-11,400000.0,95687.0,-304313.0,,,,
181649,1934-05-01,,,,,,,
18165,2004-05-06,,,,,,,
181656,2012-09-29,,,,,,,
18166,2005-09-09,,,,,,,
18167,1997-06-12,,,,,,,
18168,2000-01-28,,151559.0,,,,,
18169,1986-07-02,,3.870231E7,,,,,
1817,2002-09-09,1.3E7,9.7837138E7,8.4837138E7,,,,
18172,1983-10-21,,1.7233166E7,,,,,
181753,1988-06-21,,,,,,,
1818,1960-10-21,,,,,,,
18181,2007-01-20,,,,,,,
18183,1992-04-16,2000000.0,2.1665468E7,1.9665468E7,,,,
18187,2008-09-12,,,,,,,
18188,1973-12-01,,,,,,,
181886,2013-12-31,,3396726.0,,,,,
18189,2005-09-23,,,,,,,
1819,2006-07-14,5.4E7,1.30431368E8,7.6431368E7,5.0,1,,2002-08-21
18190,1993-10-24,,,,,,,
18192,2001-10-19,,,,,,,
18193,1968-11-06,,,,,,,
18196,1977-01-07,,3.0,,,,,
18197,1988-09-07,,2835116.0,,,,,
18198,2008-02-08,,,,,,,
182,2006-12-08,3.2E7,5914908.0,-2.6085092E7,,,,
18202,2006-04-14,1.2E7,,,,,,
18203,1996-09-20,,,,,,,
182030,1965-12-22,,,,,,,
18205,1995-05-05,,,,,,,
18206,2006-04-28,1000000.0,10018.0,-989982.0,,,,
182067,1966-08-12,,,,,,,
18208,2006-11-10,,,,,,,
18209,1967-10-30,,,,,,,
182099,1963-04-24,,,,,,,
18212,1999-02-14,,,,,,,
182127,2013-03-22,,37884.0,,,,,
18215,1993-06-18,,1796389.0,,,,,
18218,2008-01-01,,,,,,,
18220,1996-01-16,,,,,,,
182217,1988-04-05,,,,,,,
182228,2013-03-29,500000.0,,,,,,
18229,1944-02-16,,,,,,,
18230,2005-03-13,,,,,,,
18231,2007-12-22,,,,,,,
182349,2012-11-15,,,,,,,
18238,2009-03-16,,,,,,,
18239,2009-03-15,5.0E7,7.09827462E8,6.59827462E8,,,,
1824,2004-02-13,7.5E7,1.96482882E8,1.21482882E8,3.0,3,2.0,2000-05-31
18240,2009-06-01,,3.17375031E8,,,,,
182415,2013-04-02,,,,,,,
18242,1993-12-10,,,,,,,
182424,2004-09-26,,,,,,,
1825,1987-02-13,2.5E7,1.605758E7,-8942420.0,,,,
18252,1985-08-09,,4122748.0,,,,,
18254,1981-12-25,3.2E7,4.0382659E7,8382659.0,,,,
182545,2013-03-26,,,,,,,
182548,2008-08-29,250000.0,,,,,,
18256,1995-08-04,,,,,,,
1826,2005-06-15,1.3E7,2.3727301E7,1.0727301E7,0.75,2,0.3535533905932738,2011-04-30
18264,1955-08-31,,,,,,,
18265,1992-09-09,,,,,,,
18269,2001-02-18,,,,,,,
18274,1972-03-10,,,,,,,
182756,1945-10-15,,,,,,,
182768,1985-01-16,,,,,,,
18278,2009-01-09,,,,,,,
18279,2005-01-14,,,,,,,
182799,2000-04-03,,,,,,,
18282,1986-08-08,,,,,,,
18287,1971-05-26,,,,,,,
182873,2013-01-01,,,,,,,
18290,2007-03-10,,,,,,,
18292,2000-10-01,,,,,,,
182950,1950-02-12,,,,,,,
182972,2013-04-02,,,,,,,
182979,2007-10-07,,,,,,,
182991,2003-05-22,,,,,,,
1830,2005-09-16,4.2E7,2.4127895E7,-1.7872105E7,,,,
18300,2002-10-30,,,,,,,
18302,2002-05-10,,,,,,,
183073,1962-10-11,,,,,,,
183088,1990-01-22,,,,,,,
1831,2000-03-03,2.5E7,2.4362772E7,-637228.0,2.1346153846153846,26,1.2046384711413818,2016-05-08
183108,1999-01-01,,,,,,,
18311,1990-12-15,,141864.0,,,,,
183111,1988-01-01,,,,,,,
183119,1986-01-01,,,,,,,
18317,1990-11-10,,,,,,,
183171,1934-12-04,,,,,,,
183176,2013-04-04,,,,,,,
18320,2009-03-04,3.5E7,2.7409889E7,-7590111.0,,,,
18323,2002-04-19,,1347988.0,,,,,
183252,1991-02-15,,,,,,,
18331,1963-06-04,,,,,,,
183339,2007-03-24,,,,,,,
183383,1966-02-20,,,,,,,
183386,1993-09-17,,,,,,,
183412,2012-10-11,,,,,,,
18352,1969-03-14,,,,,,,
18355,1997-09-28,,,,,,,
18357,2002-07-26,3.5E7,,,,,,
183654,1973-01-05,,,,,,,
183662,2013-03-13,,,,,,,
183672,2003-06-12,,,,,,,
1837,2000-06-21,,,,2.0,3,1.0,2002-04-18
18373,1966-12-18,,,,,,,
18374,2009-04-04,,,,,,,
18375,2007-05-05,,,,,,,
18377,2006-12-14,,,,,,,
1838,2006-03-24,,,,,,,
18380,2008-11-28,,,,,,,
18381,2008-09-26,,,,,,,
183825,1941-07-26,,,,,,,
183832,1930-10-18,,,,,,,
183836,2013-04-17,,,,,,,
183855,1981-01-02,,,,,,,
183859,1971-02-25,,,,,,,
183894,2009-10-11,,,,,,,
18391,1983-08-19,,,,,,,
183910,2013-04-05,5000.0,,,,,,
18392,1995-05-30,500000.0,,,,,,
18394,2000-07-14,,,,,,,
183946,1998-05-29,,,,,,,
183962,1970-04-07,,,,,,,
18398,1954-10-07,,,,,,,
1840,1947-02-06,,,,2.875,4,0.6291528696058958,2010-04-27
18402,1995-08-04,,5.089216E7,,,,,
18404,2006-06-01,,,,,,,
18406,1983-05-27,,,,,,,
184080,2012-06-17,,,,,,,
18410,1987-04-17,1.8E7,1.8532286E7,532286.0,,,,
184125,2013-06-30,,,,,,,
184129,1948-07-17,,,,,,,
18414,1996-04-02,,,,,,,
184143,1993-02-28,,,,,,,
18415,1997-10-17,1300000.0,,,,,,
184155,2013-04-17,7720000.0,,,,,,
1842,1972-08-01,,2.2E7,,,,,
18420,1997-03-14,8000000.0,,,,,,
184219,2013-03-28,,,,,,,
18425,2007-08-03,,,,,,,
18426,2006-03-09,,,,,,,
184260,1922-10-09,,,,,,,
18428,2005-01-01,,,,,,,
1843,2004-05-14,,127067.0,,,,,
184328,1950-08-13,,,,,,,
18434,2008-03-02,,,,,,,
184345,2014-04-17,,,,,,,
184346,2014-07-01,,,,,,,
18435,2001-08-19,,,,,,,
184351,1953-11-28,,,,,,,
184352,2014-04-16,,,,,,,
18437,2006-07-05,,,,,,,
1844,1999-04-29,6.6E7,2.12404396E8,1.46404396E8,4.0,3,0.0,2000-11-20
18440,2007-01-01,,,,,,,
18441,2007-10-28,,,,,,,
18447,1959-05-01,,,,,,,
184507,1925-12-14,,,,,,,
184522,1935-04-09,,,,,,,
184530,2003-10-23,,,,,,,
184561,2005-06-18,,,,,,,
18457,2002-04-10,,,,,,,
184578,1974-06-16,,,,,,,
1846,1969-09-19,,,,4.5,2,0.7071067811865476,2004-11-22
18467,2007-01-01,1500000.0,,,,,,
184681,2012-04-13,,,,,,,
184710,2013-03-09,1200000.0,,,,,,
18472,2009-05-01,1.0E7,,,,,,
18475,2004-09-03,,12.0,,,,,
18477,1984-06-01,,,,,,,
184781,1979-03-14,,,,,,,
184795,1968-12-23,,,,,,,
184799,1980-01-18,,,,,,,
1848,1998-07-25,,,,2.7,10,1.1595018087284057,2016-05-08
184802,1952-10-01,,,,,,,
184819,1925-12-22,,,,,,,
184824,1933-04-14,,,,,,,
184835,2002-03-29,,28149.0,,,,,
184846,2013-11-15,,,,,,,
18486,2003-10-03,,,,,,,
184862,1925-11-15,,,,,,,
184866,2013-04-05,,,,,,,
18487,2009-06-11,,1.50166126E8,,,,,
184885,1926-07-29,,,,,,,
1849,1963-04-30,,,,,,,
18491,1997-07-19,,2.0E7,,,,,
18493,1985-05-10,,,,,,,
18495,1992-05-01,,6132924.0,,,,,
184958,1935-04-11,,,,,,,
18497,2004-05-19,,,,,,,
18498,1984-11-08,1000000.0,3.5E7,3.4E7,,,,
18499,1986-06-19,,,,,,,
1850,1999-12-22,,4.743443E7,,,,,
18500,2005-05-03,,,,,,,
18501,2009-09-03,5.0E7,4.082854E7,-9171460.0,,,,
185078,1948-08-04,,,,,,,
18508,2004-09-10,,,,,,,
18511,1963-08-10,,,,,,,
185111,1969-04-11,,,,,,,
18512,1962-02-10,,,,,,,
185153,1983-01-01,,,,,,,
185154,1975-10-05,,,,,,,
185156,1980-07-01,,,,,,,
18516,2008-08-08,1.0E7,,,,,,
18517,2006-12-26,,,,,,,
18519,1997-08-08,,,,,,,
185191,1993-05-20,,,,,,,
1852,2006-08-09,6.3E7,1.62945894E8,9.9945894E7,3.0,1,,1998-12-15
185207,2014-05-31,,,,,,,
185267,2013-04-10,,,,,,,
185289,1950-10-29,,,,,,,
18529,2008-01-01,,,,,,,
1853,2004-01-01,,,,,,,
18530,2009-02-07,1.15E7,,,,,,
185341,2014-09-09,,190000.0,,,,,
18535,1957-07-09,,,,,,,
185444,2013-06-07,300000.0,,,,,,
185460,2013-05-02,,,,,,,
185465,2002-01-15,,,,,,,
18547,2007-01-01,,,,,,,
185476,1992-08-13,,,,,,,
185497,2013-04-22,4000000.0,,,,,,
18550,1996-07-19,2.5E7,1.7193231E7,-7806769.0,,,,
18553,1999-12-09,,,,,,,
185562,2013-03-12,,,,,,,
185564,2011-06-11,,,,,,,
18557,2008-09-20,,,,,,,
185574,2013-04-13,,,,,,,
185579,1926-12-31,,,,,,,
18558,2006-11-03,,,,,,,
185591,1948-09-21,,,,,,,
18561,1999-11-12,,,,,,,
18562,1943-12-20,,,,,,,
185644,2004-03-11,,,,,,,
18568,1972-12-08,,,,,,,
18569,1939-02-10,,,,,,,
18571,2009-01-01,,,,,,,
18573,1953-04-10,658000.0,2.38E7,2.3142E7,,,,
185768,2009-01-26,,,,,,,
185789,1999-01-01,,,,,,,
185843,1970-09-11,,,,,,,
18585,2008-02-08,,,,,,,
18586,2006-09-02,,,,,,,
18588,1986-11-07,,5186646.0,,,,,
18589,1972-01-28,,,,,,,
1859,1939-10-06,1365000.0,2279000.0,914000.0,5.0,2,0.0,2001-08-16
18590,2006-12-01,,,,,,,
18591,1995-01-04,,,,,,,
185934,1949-11-25,,,,,,,
18595,2007-10-05,,,,,,,
18597,2004-11-08,,,,,,,
185987,1989-05-13,,,,,,,
186,2006-02-24,2.7E7,5.6308881E7,2.9308881E7,2.875,48,0.8088605066072494,2011-11-21
186019,1894-05-18,,,,,,,
186066,1972-12-28,,,,,,,
18612,1955-10-05,,,,,,,
18614,1989-12-13,,,,,,,
18615,2006-08-30,1.68E7,2281089.0,-1.4518911E7,,,,
18616,2008-05-01,2000000.0,,,,,,
186161,2013-04-19,,,,,,,
186201,1924-09-08,,,,,,,
186227,1935-03-01,,,,,,,
186254,2013-04-23,,,,,,,
186279,2013-01-18,,,,,,,
18628,1968-02-09,,,,,,,
186292,1997-01-01,,,,,,,
18631,1992-04-22,,,,,,,
18632,2007-03-03,,,,,,,
18633,2007-02-10,,27769.0,,,,,
18635,2008-09-08,,,,,,,
186372,1977-10-11,,,,,,,
18638,2005-05-30,,,,,,,
18644,1958-07-02,,,,,,,
18649,1947-04-04,,,,,,,
18650,1951-06-28,,,,,,,
18651,1939-03-29,,,,,,,
18652,2006-08-07,,,,,,,
186532,1977-11-18,,,,,,,
18658,1994-05-06,,7355425.0,,,,,
186584,1977-05-03,,,,,,,
18660,1975-07-01,,,,,,,
186606,2013-04-14,,,,,,,
186630,1964-01-01,,,,,,,
186634,1992-01-01,,,,,,,
18665,1995-07-12,,,,,,,
18666,1976-07-08,,,,,,,
18670,1994-02-05,,,,,,,
18671,1950-01-20,,,,,,,
18672,1992-06-26,,,,,,,
186729,2013-11-06,,,,,,,
186759,2016-03-25,,,,,,,
186766,1952-07-10,,,,,,,
186775,1949-06-06,,,,,,,
18680,1984-07-18,,,,,,,
186809,1992-09-11,,,,,,,
18681,1999-09-04,1.5E7,,,,,,
18682,1965-04-14,,,,,,,
186845,2013-10-11,,,,,,,
186869,1992-05-15,,,,,,,
186881,1981-07-09,,,,,,,
18690,1966-12-14,,,,,,,
18692,1963-01-01,,,,,,,
18693,1968-01-01,,,,,,,
18694,1969-02-02,,,,,,,
18696,1959-12-03,,,,,,,
186971,2013-08-14,,,,,,,
186988,2013-05-01,,,,,,,
186992,2013-05-17,,,,,,,
18701,2004-09-03,,,,,,,
187010,2013-04-01,,,,,,,
18702,1941-04-03,,,,,,,
187022,2013-10-04,,154120.0,,,,,
187028,2013-05-21,,,,,,,
18703,1949-01-12,,,,,,,
18704,2001-04-28,,,,,,,
18707,1985-08-15,9023199.0,,,,,,
18711,2004-09-17,,,,,,,
18712,1949-12-14,1000000.0,7800000.0,6800000.0,,,,
18713,1995-02-03,,,,,,,
187156,2009-09-30,,,,,,,
1872,2007-04-28,,,,,,,
18721,1955-02-12,,,,,,,
18722,1992-10-01,,2.0E7,,,,,
187238,2012-12-05,,,,,,,
18724,1958-05-19,88000.0,480000.0,392000.0,,,,
187263,2012-10-13,,,,,,,
187276,2005-10-01,,,,,,,
18729,1985-11-03,,,,,,,
1873,1995-05-24,,,,3.6538461538461537,13,0.8752289077867806,2016-01-15
18731,1993-04-01,,,,,,,
18736,2003-04-25,1.7E7,5.5534455E7,3.8534455E7,,,,
18741,1983-03-04,,,,,,,
187442,2013-04-11,700000.0,,,,,,
187447,1973-11-29,,,,,,,
187462,2013-04-01,,,,,,,
18747,2005-05-14,,,,,,,
1875,1967-03-16,,,,3.0,6,1.4142135623730951,2001-01-22
187537,1991-01-01,,,,,,,
187579,2007-06-01,,,,,,,
18758,1977-07-22,,,,,,,
18759,2009-02-27,,,,,,,
18760,1978-11-23,,,,,,,
18762,1995-09-15,,,,,,,
18767,1990-01-01,,,,,,,
18773,1993-03-01,,,,,,,
18776,1957-04-19,,,,,,,
18777,2005-09-12,1.55E7,1237615.0,-1.4262385E7,,,,
187782,1993-09-11,,,,,,,
187790,1956-06-01,,,,,,,
1878,1998-05-22,1.85E7,1.0680275E7,-7819725.0,3.0,1,,1998-08-29
18784,1958-03-27,,,,,,,
18785,2009-06-05,3.5E7,4.59270619E8,4.24270619E8,,,,
187851,1996-01-01,,,,,,,
1879,1967-12-11,4000000.0,5.6666667E7,5.2666667E7,,,,
18790,1942-09-05,,,,,,,
187993,1931-05-01,,,,,,,
18803,2007-01-19,,,,,,,
18804,2004-04-29,,,,,,,
188066,1926-04-04,,,,,,,
18809,1969-01-21,,,,,,,
188102,2002-07-16,4411044.0,,,,,,
18816,2005-11-10,,,,,,,
188166,2014-04-25,,258384.0,,,,,
18817,1993-08-26,,,,,,,
188180,2012-12-20,,,,,,,
18819,2006-01-17,,,,,,,
188207,2014-01-10,,6.1279452E7,,,,,
18823,2010-04-01,1.25E8,2.32713139E8,1.07713139E8,,,,
18825,2005-02-02,,,,,,,
18826,2009-05-22,1.23E7,,,,,,
18828,2001-01-12,,,,,,,
1883,1992-11-18,3.4E7,4.8169908E7,1.4169908E7,3.2903225806451615,31,1.188656058667288,2011-01-28
18835,1983-07-29,,,,,,,
188357,2013-02-09,,,,,,,
18837,1995-10-06,,,,,,,
188392,1954-08-27,,,,,,,
18841,2001-09-12,,,,,,,
188421,2010-10-25,,,,,,,
188468,1935-09-07,,,,,,,
188489,2013-04-09,,,,,,,
1885,1984-06-22,,9.0815558E7,,3.6666666666666665,24,1.090140264874869,2015-08-23
188507,2013-04-26,,,,,,,
188509,2013-04-23,,,,,,,
188521,2013-01-01,,,,,,,
188529,2009-01-17,1.0,,,,,,
188538,2013-04-21,,,,,,,
188540,2013-10-31,9200000.0,2.1E7,1.18E7,,,,
18856,2001-02-23,,,,,,,
188588,1995-11-22,,,,,,,
188589,1994-05-04,,,,,,,
18862,1996-08-14,,,,,,,
188640,2013-05-03,,,,,,,
18872,1995-10-01,,,,,,,
188758,2013-09-28,,,,,,,
18879,1967-06-09,,,,,,,
18881,1998-02-25,,,,,,,
188839,2012-08-24,,,,,,,
18884,2000-07-16,,,,,,,
18885,1994-05-06,,,,,,,
188858,2006-09-28,,,,,,,
18886,1991-01-18,3.5E7,,,,,,
18887,1959-06-29,,,,,,,
18892,1999-01-30,3000000.0,3076820.0,76820.0,,,,
18893,2007-05-18,,,,,,,
18897,2009-05-16,1.3E7,,,,,,
18898,2009-05-27,,,,,,,
188984,2012-04-04,,,,,,,
189,2014-08-20,6.5E7,3.9407616E7,-2.5592384E7,4.0,1,,2000-11-22
1890,1986-09-13,,3.185308E7,,,,,
189005,1936-11-25,,,,,,,
18904,1959-11-18,,,,,,,
189054,1894-01-01,,,,,,,
18906,2008-11-19,,,,,,,
189076,1998-02-09,,,,,,,
18908,1999-04-01,,5405313.0,,,,,
1891,1980-05-17,1.8E7,5.384E8,5.204E8,2.0,1,,2000-11-20
18910,1980-02-29,,,,,,,
189133,1976-11-12,,,,,,,
189151,2012-08-31,,,,,,,
18916,2008-01-01,3.0E7,,,,,,
18917,1988-08-03,,,,,,,
1892,1983-05-23,3.235E7,5.727E8,5.4035E8,3.260869565217391,23,1.0646122343304938,2016-05-08
189204,2013-04-21,,,,,,,
189215,2012-11-12,,,,,,,
189225,1970-08-24,,,,,,,
189227,2013-05-01,310000.0,1.2E7,1.169E7,,,,
189243,1956-12-14,,,,,,,
18926,1947-02-28,,,,,,,
18927,2003-01-01,,31651.0,,,,,
189279,1938-01-22,,,,,,,
18928,1968-08-29,,,,,,,
18930,1958-12-01,,,,,,,
18932,2008-03-14,,,,,,,
189332,2003-09-26,,,,,,,
189334,2003-01-30,,,,,,,
18935,1987-05-22,3000000.0,2.3509382E7,2.0509382E7,,,,
189364,2007-02-02,,,,,,,
18937,1998-05-15,,3.81725E7,,,,,
1894,2002-05-15,,6.49398328E8,,2.9130434782608696,23,0.8346498165132091,2016-05-08
18940,2008-12-10,1.5E7,,,,,,
18943,1990-04-06,,,,,,,
18944,1996-10-16,,,,,,,
189472,2006-03-24,,,,,,,
18948,1998-03-17,,,,,,,
189498,2011-12-10,,,,,,,
1895,2005-05-17,1.13E8,8.5E8,7.37E8,3.0714285714285716,14,0.9972489631508747,2016-07-24
18955,2009-07-21,,,,,,,
189556,2005-11-27,10000.0,,,,,,
189584,1910-05-05,,,,,,,
189586,1910-06-13,,,,,,,
1896,2006-05-23,,,,3.0,1,,2001-05-06
189650,1940-06-14,,,,,,,
18966,1979-04-26,,4.3885E7,,,,,
189682,1927-05-10,,,,,,,
18969,2005-06-01,,,,,,,
18971,1991-02-08,,,,,,,
189723,1962-09-16,,,,,,,
18973,1960-12-18,3000000.0,7100000.0,4100000.0,,,,
189747,2013-05-03,,,,,,,
18975,1996-07-26,,,,,,,
189755,2013-05-05,,,,,,,
18976,2001-01-01,,,,,,,
189803,2011-03-18,,,,,,,
189807,1896-11-02,,,,,,,
18983,1956-04-27,650000.0,,,,,,
18984,2001-11-07,,,,,,,
18987,1923-09-06,,,,,,,
18988,1968-01-01,,,,,,,
189888,1980-03-31,,,,,,,
18989,1996-06-14,,,,,,,
18994,1934-04-20,,,,,,,
18995,1950-04-30,,,,,,,
18998,1995-07-11,,,,,,,
189996,1951-04-06,,,,,,,
19,1927-01-10,9.262E7,650422.0,-9.1969578E7,2.597826086956522,92,1.0798838216785085,2016-08-17
1900,2000-12-27,4.8E7,2.07515725E8,1.59515725E8,3.7,5,0.758287544405155,2010-09-03
190000,1928-11-09,,,,,,,
19004,1995-03-16,,,,,,,
19008,1995-06-09,,,,,,,
190091,1929-02-26,,,,,,,
19010,2004-06-25,,,,,,,
190148,2011-12-19,,,,,,,
190163,1926-12-06,,,,,,,
190167,2009-11-15,,,,,,,
19017,1974-05-17,,,,,,,
1902,1997-12-19,2900000.0,368234.0,-2531766.0,1.0,2,0.0,2002-08-21
190213,1980-01-01,,,,,,,
19025,2007-10-12,,,,,,,
190250,2013-04-16,,,,,,,
19026,2006-10-25,,,,,,,
19029,2007-08-02,,,,,,,
190326,1929-07-29,,,,,,,
19033,2006-01-01,,,,,,,
19034,1981-01-01,,,,,,,
19035,1983-01-01,,,,,,,
190352,1929-10-11,,,,,,,
19039,2006-10-07,4000000.0,,,,,,
190407,1954-01-29,,,,,,,
190410,2012-04-19,,,,,,,
190474,1961-11-27,,,,,,,
19053,1983-04-08,,1.7343596E7,,,,,
190605,1901-11-11,,,,,,,
19064,1985-11-15,3200000.0,1.0E7,6800000.0,,,,
19065,1991-08-09,1.701E7,2.4941969E7,7931969.0,,,,
19066,2008-09-30,,,,,,,
190683,1903-11-07,,,,,,,
1907,2000-02-11,4.0E7,1.44056873E8,1.04056873E8,3.607142857142857,42,0.9405221323993929,2016-10-15
19072,1945-05-14,,,,,,,
19075,1935-10-09,,,,,,,
190754,2013-05-23,1052753.0,466088.0,-586665.0,,,,
19079,2008-02-07,,,,,,,
190824,2013-05-06,,,,,,,
19083,1997-01-18,,,,,,,
19084,2004-04-07,,3.1179516E7,,,,,
190847,2013-08-11,,24084.0,,,,,
190853,2013-12-17,,,,,,,
190859,2014-12-11,5.88E7,5.42307423E8,4.83507423E8,,,,
19086,1990-08-24,,6698361.0,,,,,
190876,2013-05-17,,,,,,,
190880,2013-11-20,1.0735974E7,,,,,,
190913,1985-08-09,,,,,,,
19094,2001-05-11,,1079726.0,,,,,
190945,2013-05-02,,,,,,,
190946,2011-05-06,,,,,,,
190955,2013-08-22,2.55E7,2415472.0,-2.3084528E7,,,,
19096,1945-05-30,,,,,,,
190967,2013-05-22,,,,,,,
19099,2003-04-02,,,,,,,
19101,1995-05-10,1.7E7,,,,,,
191024,2013-05-02,,,,,,,
19103,2006-01-01,,,,,,,
191037,2013-04-28,,,,,,,
19105,2009-04-21,,,,,,,
19106,2009-06-17,,,,,,,
191068,1912-11-24,,,,,,,
19108,1977-04-01,,,,,,,
191112,2013-02-01,,,,,,,
191120,2012-08-04,,,,,,,
191121,2013-06-21,6400000.0,1.8E7,1.16E7,,,,
19114,1981-07-17,,3.2492674E7,,,,,
19116,2008-03-20,2.2E7,,,,,,
19118,1989-08-18,,,,,,,
191185,2013-04-19,,,,,,,
191186,1957-05-02,,,,,,,
19119,1950-04-01,,,,,,,
1912,2007-09-11,2500000.0,,,3.7586206896551726,29,0.922154790763502,2016-08-19
19120,1965-10-22,,,,,,,
19123,1981-03-01,,,,,,,
19126,2006-03-01,,,,,,,
191293,2013-09-25,,,,,,,
191294,2013-03-28,,180590.0,,,,,
1913,2004-09-03,1.2806E7,3.8535221E7,2.5729221E7,3.7857142857142856,7,0.9940297973880049,2011-06-04
19133,1976-06-23,,,,,,,
19137,1966-01-01,,,,,,,
1914,2006-04-26,,,,3.6538461538461537,13,0.8510928118360385,2003-06-01
19140,1942-07-14,,,,,,,
191402,2007-08-02,35.0,,,,,,
19142,1989-05-11,,192816.0,,,,,
19143,1992-08-14,1.7E7,4836637.0,-1.2163363E7,,,,
191465,1975-03-07,,,,,,,
191476,2010-09-15,,,,,,,
191486,1986-05-12,,,,,,,
191487,1945-11-27,,,,,,,
191489,2012-08-16,,,,,,,
19150,2000-08-21,,,,,,,
191502,2013-12-13,,,,,,,
191515,2013-04-28,,,,,,,
19152,2008-06-27,796442.0,,,,,,
19153,2003-04-23,,,,,,,
191536,1971-12-30,,,,,,,
19154,1998-11-06,,,,,,,
19155,1994-06-09,,763847.0,,,,,
19156,1982-01-21,,,,,,,
191562,2013-05-10,,,,,,,
191566,2013-05-31,,,,,,,
19157,1989-05-11,,,,,,,
19158,1990-10-26,1.05E7,1.1582891E7,1082891.0,,,,
19159,1997-10-10,,,,,,,
191599,2005-10-21,,23578.0,,,,,
191600,1989-01-01,,,,,,,
191619,2013-07-19,,,,,,,
19164,1996-12-10,,,,,,,
19165,1997-09-12,,,,,,,
19166,2005-01-01,6000000.0,,,,,,
19167,2006-05-02,,,,,,,
1917,2003-12-24,,,,3.0442477876106193,113,1.1812476797480873,2016-10-07
19171,1952-08-01,,,,,,,
191718,2013-05-13,,,,,,,
191726,2013-05-17,,,,,,,
19174,1975-04-26,,,,,,,
19176,1994-06-03,,,,,,,
19178,1956-10-26,,,,,,,
191824,2013-06-21,,,,,,,
191829,2013-05-10,,,,,,,
19183,2005-07-04,,4000000.0,,,,,
19185,1990-10-18,4200000.0,5835247.0,1635247.0,,,,
19187,2003-01-01,1000000.0,,,,,,
191874,1997-01-01,,,,,,,
19199,1965-08-25,,,,,,,
192,1986-09-24,,7.72E7,,,,,
1920,1957-01-09,,,,2.764705882352941,17,1.2389214949254193,2016-05-08
19200,1991-12-05,1.4E7,2735731.0,-1.1264269E7,,,,
192028,2013-04-06,,,,,,,
19203,2007-04-24,,,,,,,
192040,2006-12-10,,,,,,,
19205,2007-03-31,,,,,,,
19209,1987-07-10,,300859.0,,,,,
192097,2013-06-28,,,,,,,
19213,2006-12-01,,,,,,,
192134,2013-11-15,,523511.0,,,,,
192136,2013-12-06,3.5E7,2.733E7,-7670000.0,,,,
192137,2012-06-06,,,,,,,
192143,2005-06-24,,,,,,,
192145,2013-09-09,2.8E7,1749201.0,-2.6250799E7,,,,
192149,2014-05-16,,4507463.0,,,,,
19215,2005-10-23,,,,,,,
192160,2013-03-01,,,,,,,
192184,2007-09-19,,,,,,,
1922,2007-02-13,,,,3.6666666666666665,3,0.5773502691896258,2001-12-01
192210,2013-04-12,3000000.0,,,,,,
19222,2008-10-17,,,,,,,
192236,1979-05-08,,,,,,,
1923,1992-06-03,,4160851.0,,3.5528455284552845,123,1.0593320818088696,2016-08-17
19235,2008-01-01,,,,,,,
19236,1989-05-01,787000.0,,,,,,
192371,1953-08-14,,,,,,,
19238,2009-01-01,,,,,,,
192393,2012-03-09,,,,,,,
1924,1978-12-13,5.5E7,3.00218018E8,2.45218018E8,3.5555555555555554,9,1.1303883305208782,2012-08-05
19241,2008-01-03,,,,,,,
192431,2005-02-04,,,,,,,
19247,1980-02-01,,,,,,,
192480,2006-12-06,,,,,,,
19252,1972-12-01,,,,,,,
19254,1963-06-01,,,,,,,
19255,2009-06-05,1.7E7,1.4899417E7,-2100583.0,,,,
19258,1983-07-01,,,,,,,
192623,2012-03-07,,,,,,,
19265,2009-06-19,,3.5097815E7,,,,,
19267,1980-09-10,,,,,,,
192712,2014-06-13,,,,,,,
19275,2006-06-10,250000.0,,,,,,
19276,2009-03-06,,,,,,,
192767,2014-09-19,,,,,,,
19277,2003-11-24,,,,,,,
192813,2013-05-11,,,,,,,
192868,1971-02-28,,,,,,,
19287,1996-12-25,,,,,,,
19288,2003-12-30,,,,,,,
19293,1969-12-05,,,,,,,
19294,2004-05-07,,,,,,,
19297,1971-12-10,,,,,,,
192990,1965-08-31,,,,,,,
193,1994-11-17,3.8E7,1.2E8,8.2E7,2.3142857142857145,35,1.2781288844941074,2014-02-02
19300,1975-12-01,,,,,,,
193040,2012-04-29,,,,,,,
19305,2009-09-24,,,,,,,
193065,1937-05-21,,,,,,,
19307,1969-05-29,,,,,,,
193154,2013-04-10,4520000.0,,,,,,
19316,2004-09-12,,,,,,,
19317,1981-07-17,,,,,,,
19318,2009-06-19,,,,,,,
19322,1982-08-26,,,,,,,
193223,2014-11-03,,,,,,,
19324,1987-08-21,,,,,,,
19325,2003-09-15,,,,,,,
19326,1995-04-12,,1.7014653E7,,,,,
193284,1947-07-15,,,,,,,
193288,2007-06-03,,,,,,,
1933,2001-08-02,,,,5.0,1,,2000-11-20
193309,2009-01-16,,,,,,,
193315,1938-05-11,,,,,,,
193346,2013-07-03,,,,,,,
193348,1965-06-10,,,,,,,
19335,1947-01-23,,,,,,,
193380,2000-09-03,,,,,,,
193387,1993-10-22,,,,,,,
1934,1998-12-11,2.5E7,2.89317794E8,2.64317794E8,4.166666666666667,9,0.8291561975888498,2012-06-23
193418,2013-06-18,,,,,,,
19344,2006-03-08,900000.0,,,,,,
19345,1987-02-06,,2.520546E7,,,,,
193450,1966-12-29,,,,,,,
193460,1949-03-17,,,,,,,
19348,2000-05-01,,,,,,,
19349,2000-12-02,,,,,,,
19350,2009-09-07,,,,,,,
193502,2013-04-26,,,,,,,
19354,1926-09-03,,,,,,,
193547,1951-06-20,,,,,,,
193595,1962-06-01,,,,,,,
193603,2012-10-13,60000.0,,,,,,
19361,1994-01-01,,161410.0,,,,,
193613,2013-09-25,1.8E7,7972967.0,-1.0027033E7,,,,
19362,1998-01-01,,,,,,,
193638,1930-11-01,,,,,,,
19365,2008-09-09,1000000.0,,,,,,
193650,1986-01-17,,,,,,,
19366,2001-04-06,2.2E7,,,,,,
1937,1958-03-17,,,,3.5,4,0.5773502691896257,2004-08-03
193704,2005-02-02,500.0,41.0,-459.0,,,,
193717,2013-03-06,,,,,,,
193726,2014-10-02,,7171.0,,,,,
19373,1982-09-10,,,,,,,
19375,2008-06-24,,119563.0,,,,,
193756,2013-12-24,4.0E7,1.49295601E8,1.09295601E8,,,,
19378,1978-06-09,,,,,,,
19379,1981-07-02,,,,,,,
193793,1899-01-01,,,,,,,
19381,1998-08-21,,,,,,,
193827,1912-05-26,,,,,,,
19386,1985-01-01,,7.0,,,,,
193878,1951-09-02,,,,,,,
1939,1944-10-11,,2000000.0,,4.636363636363637,11,0.8090398349558904,2012-06-23
19392,2008-12-12,,,,,,,
193976,1995-01-01,,,,,,,
193977,1910-11-16,,,,,,,
19398,2004-09-30,,,,,,,
194,2001-04-25,,1.73921954E8,,4.291666666666667,24,0.440273301155254,2015-08-15
194040,1909-01-01,,,,,,,
194097,1977-11-30,,,,,,,
194099,2011-10-25,,,,,,,
194101,2013-05-16,,,,,,,
194104,2013-12-05,,,,,,,
194121,2013-01-01,,,,,,,
19413,1976-09-23,,,,,,,
19414,1960-03-31,,,,,,,
194144,2013-05-12,,,,,,,
19415,1982-07-16,,,,,,,
19416,2004-03-13,,,,,,,
19418,2007-09-14,,,,,,,
194188,2016-02-11,,,,,,,
19422,2008-01-01,,,,,,,
19429,1981-12-18,,4.0716963E7,,,,,
194310,1931-04-29,,,,,,,
19433,2001-01-01,,,,,,,
19434,1983-02-15,,,,,,,
1944,2004-07-18,,,,3.925,20,0.7122056178557309,2012-06-23
19445,2003-10-18,,,,,,,
19446,2005-11-25,,,,,,,
19448,2002-01-10,,,,,,,
194481,1966-12-01,,,,,,,
1945,1994-12-23,3.1E7,1.06683817E8,7.5683817E7,4.448275862068965,29,0.5565330754226642,2016-08-03
194509,1943-01-22,,,,,,,
194523,2013-07-04,,,,,,,
194537,2013-05-17,,,,,,,
19457,2000-04-27,,,,,,,
19458,2009-06-18,,,,,,,
19459,1992-04-27,,,,,,,
19460,2001-08-16,,,,,,,
19463,1944-07-28,,,,,,,
194662,2014-08-27,1.8E7,1.03215094E8,8.5215094E7,,,,
194720,1976-05-18,,,,,,,
194722,2013-05-17,,,,,,,
194736,2002-01-14,,,,,,,
194757,1970-12-01,,,,,,,
1948,2006-08-31,1.2E7,4.2931041E7,3.0931041E7,4.458333333333333,12,0.498102459947811,2004-07-23
194817,1970-12-16,,,,,,,
19486,2008-05-31,8500000.0,,,,,,
19489,1999-10-08,,,,,,,
1949,2007-03-02,6.5E7,8.4785914E7,1.9785914E7,3.6,10,0.7378647873726218,2011-01-28
19490,1947-12-09,,,,,,,
19492,1986-01-01,,,,,,,
19493,1998-10-07,,,,,,,
19494,1980-12-18,,,,,,,
19495,2005-07-17,2.5E7,,,,,,
1950,2007-05-01,,5761917.0,,3.909090909090909,22,0.8815079563204615,2014-10-12
19501,2009-04-18,,,,,,,
195020,1979-05-05,,,,,,,
195022,2012-12-05,90.0,,,,,,
195029,2013-08-30,,,,,,,
195056,1965-07-01,,,,,,,
19506,2008-10-25,,,,,,,
195065,1968-01-01,,,,,,,
195068,1936-06-20,,,,,,,
19507,1981-12-18,8500000.0,2.9916207E7,2.1416207E7,,,,
19509,2007-04-01,,,,,,,
1951,2005-05-16,1.42E7,674918.0,-1.3525082E7,3.5714285714285716,14,0.7559289460184544,2008-08-23
19513,2001-01-20,,,,,,,
195269,2013-06-01,4000000.0,,,,,,
195276,2013-05-16,,,,,,,
19528,2007-01-01,,,,,,,
195311,1899-05-20,,,,,,,
195382,1949-03-13,,,,,,,
195405,1945-07-14,,,,,,,
195413,1960-01-20,,,,,,,
19542,1948-07-20,500000.0,,,,,,
195423,2013-05-31,,,,,,,
19545,1965-12-19,,,,,,,
195450,1964-06-19,,,,,,,
19548,1966-01-01,,,,,,,
1955,1980-10-02,5000000.0,2.6010864E7,2.1010864E7,3.838709677419355,31,0.6375355777548621,2015-09-10
195503,1982-11-01,,,,,,,
195516,1935-01-19,,,,,,,
195522,1936-07-15,,,,,,,
195535,1900-01-01,,,,,,,
19554,2007-03-10,,,,,,,
195542,1900-09-21,,,,,,,
19555,2003-09-19,,,,,,,
195557,1900-01-01,,,,,,,
195562,1900-08-21,,,,,,,
195589,2014-05-08,1.8E7,2.681574E8,2.501574E8,,,,
195590,2016-08-04,2.15E7,4811525.0,-1.6688475E7,,,,
19560,2009-02-15,,,,,,,
195645,1900-08-21,,,,,,,
195713,1901-10-21,,,,,,,
195732,1901-01-21,,,,,,,
195752,1989-04-15,,,,,,,
195763,2003-08-06,,,,,,,
195768,1974-10-23,,,,,,,
195796,2013-05-13,,,,,,,
19580,2007-03-04,,,,,,,
195804,1988-12-31,,,,,,,
195833,2004-01-01,,,,,,,
195834,2007-01-01,3550000.0,,,,,,
19585,2009-07-21,1.5E8,2.92817841E8,1.42817841E8,,,,
195867,1995-11-26,,,,,,,
19590,1953-03-26,,,,,,,
19593,1990-02-18,,,,,,,
19598,2008-04-29,,,,,,,
196,1990-05-25,,2.44527583E8,,2.809090909090909,55,0.7232316178541789,2016-05-08
19600,2000-01-01,,,,,,,
19601,1997-11-26,,,,,,,
196027,2013-09-27,,,,,,,
19604,1998-01-01,,,,,,,
196065,1979-12-30,,,,,,,
1961,2007-10-01,,173066.0,,3.966386554621849,119,0.7442750210347878,2016-10-16
19616,2009-06-26,,,,,,,
19618,1954-01-12,,,,,,,
19620,2005-01-01,1823152.0,7133082.0,5309930.0,,,,
19621,1984-09-12,,,,,,,
19623,2008-10-02,,3250000.0,,,,,
196235,2007-11-15,,,,,,,
19624,2008-10-29,5000000.0,,,,,,
19625,2003-12-19,,,,,,,
196254,2013-08-26,,,,,,,
196257,1995-05-06,,,,,,,
196280,2000-04-13,,,,,,,
1963,2005-05-12,10.0,,,4.15,10,0.7472170590486632,2005-03-29
196324,2008-08-14,,,,,,,
196325,2013-05-18,,8.8E7,,,,,
196328,1996-10-31,,,,,,,
196355,2013-10-04,,,,,,,
19636,2005-11-03,,,,,,,
19637,2006-06-09,,,,,,,
196421,1969-11-06,,,,,,,
19644,2003-12-24,8000000.0,,,,,,
196469,1998-01-06,,,,,,,
196508,1907-07-24,,,,,,,
19657,1993-11-12,,,,,,,
1966,2004-11-21,1.55E8,1.67298192E8,1.2298192E7,3.5833333333333335,12,1.2401124093721454,2011-01-28
196633,1982-06-06,,,,,,,
196649,1984-06-06,,,,,,,
1967,2006-02-02,,,,3.625,36,0.9053412931833259,2016-05-07
19670,2006-07-14,,,,,,,
19673,1984-05-13,,,,,,,
196738,2000-05-04,,,,,,,
19676,2005-09-10,,,,,,,
196761,2013-06-08,,,,,,,
196784,1971-11-19,,,,,,,
1968,1997-02-14,,2.9481428E7,,3.982905982905983,117,0.8065775502286571,2016-08-17
196852,2004-07-22,,,,,,,
196859,2001-07-26,,43719.0,,,,,
196862,1950-08-19,,,,,,,
19688,2008-09-06,,,,,,,
1969,2006-01-18,3.5E7,1.0496317E7,-2.4503683E7,2.6875,8,1.2799972098183876,2016-08-17
196918,1993-05-26,,,,,,,
196940,1992-05-26,,,,,,,
197,1995-05-24,7.2E7,2.1E8,1.38E8,,,,
1970,2004-10-22,1.0E7,1.83474602E8,1.73474602E8,2.6,5,1.140175425099138,2005-04-05
19703,2008-09-05,1400000.0,3500000.0,2100000.0,,,,
197033,2013-05-22,,,,,,,
197057,2003-12-04,,234748.0,,,,,
197089,2013-10-30,,,,,,,
19713,2008-01-17,500000.0,,,,,,
19715,1959-06-26,,,,,,,
197175,1971-02-15,,,,,,,
197177,1975-09-03,,,,,,,
19719,2004-11-21,2000.0,,,,,,
197210,1977-05-25,,,,,,,
19724,2009-06-19,5.5E7,,,,,,
19725,1992-10-02,,,,,,,
19727,2009-07-13,,,,,,,
19728,1966-06-21,5000000.0,,,,,,
197297,1966-10-04,,,,,,,
19736,1985-03-22,,,,,,,
19738,1999-08-14,998000.0,,,,,,
19740,1975-03-13,,2.0642922E7,,,,,
19742,1956-12-26,,,,,,,
197481,1979-11-23,,,,,,,
197489,1978-01-01,,,,,,,
197491,1935-09-20,,,,,,,
1975,2006-10-13,,3.9143839E7,,1.9444444444444444,9,0.982485510212633,2016-08-17
197528,1989-05-30,,,,,,,
19753,1970-08-14,,,,,,,
197537,1994-05-28,,,,,,,
19754,1993-01-03,,,,,,,
197562,1990-01-19,,,,,,,
197563,2002-05-28,,,,,,,
197583,2014-03-21,,1064454.0,,,,,
19759,1958-08-21,,,,,,,
197599,2013-05-25,,,,,,,
19760,1996-01-12,,,,,,,
19761,1980-02-15,,,,,,,
197611,1976-03-01,,,,,,,
19762,1963-01-16,,,,,,,
197624,2013-05-28,1000000.0,,,,,,
197647,1951-06-11,,,,,,,
19765,2003-09-04,,,,,,,
19766,2003-03-11,1.2E7,,,,,,
197696,2014-05-17,,,,,,,
197723,2001-11-19,,,,,,,
197725,2000-05-27,,,,,,,
197726,2000-10-23,,,,,,,
197785,1951-03-01,,,,,,,
197788,1951-03-15,,,,,,,
197790,1985-01-01,,,,,,,
197796,2014-02-12,3.3E7,4.91E7,1.61E7,,,,
197854,1989-09-25,,,,,,,
197864,1965-08-10,,,,,,,
1979,2007-06-13,,2.89047763E8,,2.25,4,0.9574271077563381,2016-08-17
197919,2013-05-28,,,,,,,
197926,1955-11-05,,,,,,,
19794,2009-07-19,,,,,,,
197950,2014-12-03,2.6E7,,,,,,
19797,1998-04-10,,344.0,,,,,
19803,2005-09-02,,,,,,,
198044,1970-10-07,,,,,,,
198057,2012-06-02,,,,,,,
198062,2013-07-09,,,,,,,
19809,1983-01-01,,,,,,,
19812,2005-01-10,,,,,,,
198130,2013-06-05,,,,,,,
198171,1972-01-01,,,,,,,
198182,2014-01-13,,,,,,,
19819,1994-02-18,,,,,,,
198210,2013-07-19,,,,,,,
198225,1961-01-01,,,,,,,
198227,1930-05-17,,,,,,,
19823,2009-10-23,,,,,,,
19824,2009-06-02,,,,,,,
198277,2013-09-07,,6.3464861E7,,,,,
19828,2001-01-01,,,,,,,
198287,2013-07-06,,,,,,,
19829,2008-05-10,,,,,,,
198306,2003-11-17,,,,,,,
198307,2004-11-15,,,,,,,
198308,2007-11-12,,,,,,,
198317,1975-01-27,850000.0,,,,,,
198326,1995-07-29,,,,,,,
19833,2009-01-22,,6149791.0,,,,,
198342,2011-08-10,,,,,,,
19837,2009-04-16,,,,,,,
198375,2013-05-31,,,,,,,
198436,2013-09-07,,,,,,,
198450,1988-06-02,,,,,,,
198460,1986-10-14,,,,,,,
198466,1986-05-14,,,,,,,
198474,1985-06-03,,,,,,,
198491,1982-06-04,,,,,,,
1985,2005-08-31,2.5E7,8.246667E7,5.746667E7,2.2,5,1.3509256086106296,2016-08-17
19850,1997-12-13,,,,,,,
198518,1976-06-06,,,,,,,
198521,1976-06-06,,,,,,,
19855,1994-11-04,,,,,,,
198558,1963-01-10,,,,,,,
198567,1965-05-06,,,,,,,
1986,2005-03-30,,,,3.5,2,0.7071067811865476,2000-11-21
198646,1972-06-06,,,,,,,
198652,1970-05-01,,,,,,,
198661,1970-06-02,,,,,,,
19874,2009-05-29,,,,,,,
198782,1968-06-08,,,,,,,
198783,1967-01-16,,,,,,,
198820,1965-06-08,,,,,,,
19884,1966-02-25,,,,,,,
198890,1960-08-31,,,,,,,
1989,2007-05-16,1.0E7,2.1786738E7,1.1786738E7,2.0,1,,2000-11-20
198951,1984-06-06,,,,,,,
19899,2009-09-19,7.0E7,1.7184484E8,1.0184484E8,,,,
1990,2007-05-21,,486021.0,,3.0,1,,2000-11-20
19900,2009-07-10,,,,,,,
19904,2009-10-16,,,,,,,
199056,2014-05-30,,,,,,,
1991,2007-05-21,2.5E7,2.5037897E7,37897.0,2.95,10,0.9846036991827953,2016-08-17
19912,2009-08-26,4.0E7,1.86167139E8,1.46167139E8,,,,
19913,2009-07-17,7500000.0,6.0722734E7,5.3222734E7,,,,
199155,1959-08-09,,,,,,,
19918,2009-01-16,,1.2032983E7,,,,,
199184,1958-03-29,,,,,,,
199196,1956-06-25,,,,,,,
1992,2007-04-06,,,,2.0,5,1.224744871391589,2016-08-17
199219,1956-05-01,,,,,,,
19929,2008-08-24,,,,,,,
1993,2006-09-22,,,,2.0,4,0.816496580927726,2015-06-15
199327,2013-06-05,7000000.0,,,,,,
199336,1969-01-01,,,,,,,
199373,2013-07-18,,5496951.0,,,,,
199374,2013-01-30,,,,,,,
1994,1932-09-16,200000.0,,,3.723684210526316,38,0.7506516846286608,2016-06-01
199415,2013-06-14,,,,,,,
199420,2013-07-12,,,,,,,
199423,2013-09-08,,,,,,,
199456,1954-03-01,,,,,,,
19946,1977-08-13,,,,,,,
19947,1985-03-01,,849915.0,,,,,
19950,2009-03-06,,,,,,,
199512,1951-06-08,,,,,,,
19953,1964-03-28,,,,,,,
199534,2013-08-30,8000000.0,9630444.0,1630444.0,,,,
199556,2013-06-10,5000000.0,,,,,,
199565,2012-11-30,,,,,,,
19957,1953-12-22,,,,,,,
199575,2014-07-31,,,,,,,
199578,2013-10-15,,,,,,,
199584,2013-06-05,,,,,,,
19959,2009-09-24,8.0E7,1.22444772E8,4.2444772E7,,,,
199591,2013-04-17,,,,,,,
1996,2003-07-21,9.5E7,1.56505388E8,6.1505388E7,1.75,4,0.9574271077563381,2002-02-03
199602,2013-08-22,1000000.0,,,,,,
199615,2013-07-03,,66559.0,,,,,
19962,2001-09-28,,,,,,,
199644,2013-08-22,,,,,,,
199647,2012-11-16,,,,,,,
199661,2013-06-19,,,,,,,
19969,2009-01-01,,,,,,,
1997,2004-04-07,7.45E7,6.217205E7,-1.232795E7,3.7265625,64,1.0687839384753388,2016-10-07
19971,1976-12-25,,,,,,,
199715,1976-07-09,,,,,,,
19972,1962-08-01,,,,,,,
199740,2013-11-08,,,,,,,
19975,1986-03-21,,,,,,,
199753,2013-08-04,,,,,,,
19976,2006-09-13,,,,,,,
19978,2005-06-17,,8500000.0,,,,,
199782,2013-07-22,,,,,,,
1998,2004-10-16,,,,3.5,2,0.7071067811865476,2003-02-25
19980,2009-05-15,3000000.0,6600000.0,3600000.0,,,,
199851,2013-04-12,,,,,,,
199879,2005-09-11,,,,,,,
199883,1987-01-01,,,,,,,
199887,2013-01-04,,,,,,,
1999,2001-11-23,1700000.0,,,2.6666666666666665,3,0.5773502691896257,2000-11-20
199916,1980-12-17,959300.0,,,,,,
199925,2014-08-23,,,,,,,
199929,2013-06-27,,,,,,,
19993,2007-02-24,,,,,,,
199933,2014-09-12,5000000.0,846704.0,-4153296.0,,,,
199934,1998-02-06,,,,,,,
19994,2009-09-18,1.6E7,3.1556061E7,1.5556061E7,,,,
19997,1953-01-26,1250000.0,8500000.0,7250000.0,,,,
19998,1949-07-09,,,,,,,
199989,1914-12-07,,,,,,,
19999,2006-02-24,,,,,,,
2,1988-10-21,,,,3.4018691588785046,107,0.8807138301648417,2016-08-02
20,2003-03-07,,9726954.0,,2.5384615384615383,13,1.2659242088545835,2016-08-19
20000,1946-06-12,,,,,,,
200016,1997-12-18,,,,,,,
20002,2009-01-16,1.05E7,9400000.0,-1100000.0,,,,
20004,2001-11-24,,,,,,,
200044,2012-06-06,,,,,,,
200051,2012-09-25,,,,,,,
20006,1989-05-26,,,,,,,
200063,2012-03-16,,,,,,,
200066,1988-01-01,,,,,,,
20007,1979-09-30,,,,,,,
200085,2013-08-14,,,,,,,
2001,2007-05-25,2.1E7,5.4926886E7,3.3926886E7,3.210526315789474,57,0.8234691881056622,2016-08-17
200114,1982-11-01,,,,,,,
200117,1961-12-26,,,,,,,
20012,2001-01-01,,,,,,,
200145,2013-02-23,,,,,,,
20015,2006-10-19,,,,,,,
200157,2001-12-21,,,,,,,
20016,2008-10-21,,,,,,,
20017,1975-01-01,,,,,,,
20021,2005-01-01,,,,,,,
200236,1971-02-03,,,,,,,
20025,1949-10-10,,,,,,,
20027,2009-02-20,,8250000.0,,,,,
20028,1946-09-14,,,,,,,
2003,2004-01-28,,,,3.1702127659574466,47,0.8161188355543149,2016-08-03
200311,2001-09-08,,,,,,,
200325,1998-02-20,,,,,,,
20034,2008-08-13,,,,,,,
200358,2013-01-26,,,,,,,
20036,2008-10-28,,,,,,,
2004,2004-04-21,,,,2.5714285714285716,21,1.143303484269534,2016-08-17
20044,2008-08-09,,,,,,,
200450,1993-02-05,,,,,,,
200462,2013-01-07,,,,,,,
20047,2009-03-01,,,,,,,
20049,2009-04-03,3230939.0,1.8E7,1.4769061E7,,,,
200505,2014-04-11,,2.8831145E7,,,,,
20051,1971-03-12,,,,,,,
20053,2002-07-23,,,,,,,
200547,1978-05-11,,,,,,,
200549,2012-10-28,,,,,,,
20055,2008-09-27,3500000.0,,,,,,
200580,2013-06-06,,,,,,,
200645,2013-07-09,,,,,,,
200654,1939-12-29,,,,,,,
200655,1974-10-18,,,,,,,
20069,2007-01-01,,,,,,,
2007,1992-12-30,,7286388.0,,2.0,1,,2000-12-10
20071,2009-07-02,,2012927.0,,,,,
200713,2013-10-16,,,,,,,
20072,2008-11-11,,,,,,,
20077,2005-10-18,,,,,,,
200796,2003-03-19,,,,,,,
2008,2005-12-15,,,,1.0,1,,2002-08-21
200823,2013-10-30,,,,,,,
20083,2009-03-22,1.5E7,,,,,,
200862,1940-02-05,,,,,,,
200863,1966-08-12,,,,,,,
200867,1975-11-12,,,,,,,
200868,1968-04-02,,,,,,,
20089,1998-01-21,,,,,,,
20092,2006-07-07,,,,,,,
200938,2008-06-12,,,,,,,
2010,2007-05-24,,,,3.980769230769231,26,0.8886030523329215,2015-11-20
201006,2012-04-01,,,,,,,
201018,2013-07-10,,,,,,,
20105,1906-12-26,,,,,,,
20106,2003-06-04,,,,,,,
20108,1966-05-25,,39388.0,,,,,
201085,2015-10-13,5.5E7,7.4679822E7,1.9679822E7,,,,
201088,2015-01-13,7.0E7,1.775294E7,-5.224706E7,,,,
201099,1995-02-17,,,,,,,
2011,2007-05-23,7300000.0,,,3.4797979797979797,99,0.9972390250371783,2016-10-16
20110,2005-03-05,,,,,,,
20115,1987-12-19,8000000.0,,,,,,
201198,2002-03-18,,,,,,,
20120,1983-05-20,,,,,,,
20121,1974-02-02,,,,,,,
201214,2007-01-08,,,,,,,
20122,1988-10-20,,,,,,,
201223,2012-12-28,,,,,,,
20123,1988-12-21,,,,,,,
20127,1954-01-18,,,,,,,
201277,2013-05-04,200000.0,,,,,,
20128,2004-05-14,,,,,,,
201283,1975-12-25,,,,,,,
201284,2011-06-24,,,,,,,
201360,2013-06-15,,,,,,,
201361,2013-06-16,,,,,,,
201365,2012-11-29,,,,,,,
201386,2013-12-17,3849796.0,7471304.0,3621508.0,,,,
20139,1961-01-01,,,,,,,
201429,1964-10-02,,,,,,,
20147,2004-09-04,,,,,,,
20148,2003-05-14,2000000.0,33700.0,-1966300.0,,,,
201485,2013-06-18,,,,,,,
2015,2007-05-23,,,,3.263157894736842,19,0.8227396822782537,2016-08-03
20153,1950-07-14,,,,,,,
201550,2013-06-22,,,,,,,
20156,1994-09-24,,,,,,,
201561,2005-04-14,,,,,,,
20160,2000-01-28,,,,,,,
20163,2007-02-23,,,,,,,
201633,1984-01-01,,,,,,,
201639,2008-10-01,,,,,,,
201643,2010-11-30,,,,,,,
201676,2013-06-15,,,,,,,
201724,2000-09-22,,,,,,,
201729,2013-06-12,,,,,,,
20174,1955-02-15,66000.0,250000.0,184000.0,,,,
201752,2013-09-05,,,,,,,
201765,2013-12-05,,,,,,,
201777,2013-06-21,,,,,,,
20181,2008-05-31,8000000.0,,,,,,
201847,2013-06-21,4000000.0,,,,,,
201859,1983-01-01,,,,,,,
20187,1975-05-21,,1.42E7,,,,,
201913,,,,,,,,
20196,1988-08-12,,5935269.0,,,,,
20197,1982-08-04,,2.1134374E7,,,,,
20200,2004-12-01,,823258.0,,,,,
202043,1993-12-19,,,,,,,
2021,1995-06-02,,218626.0,,3.0833333333333335,30,1.0834438493584444,2014-09-23
20210,2003-08-15,,,,,,,
20211,2002-07-14,,,,,,,
202125,1931-06-06,,,,,,,
20213,1929-01-21,,,,,,,
202132,2013-04-07,,,,,,,
202140,1996-06-06,,,,,,,
202141,2013-06-14,,,,,,,
20216,2001-04-23,,,,,,,
202172,2009-08-11,,,,,,,
202198,1955-12-23,,,,,,,
2022,2002-06-28,,1.71269535E8,,3.423076923076923,13,1.0963225241337864,2012-08-06
20220,1990-04-11,,,,,,,
20221,2006-08-31,,,,,,,
202214,2013-08-28,704460.0,,,,,,
20223,2007-03-09,,,,,,,
202239,1983-03-12,,,,,,,
202241,2011-03-27,,,,,,,
202244,2013-03-12,,,,,,,
202253,1996-08-27,,,,,,,
20227,1992-10-01,,,,,,,
2023,2004-03-05,1.0E8,1.0810345E8,8103450.0,3.4,35,1.069634352037566,2012-11-24
2024,2000-06-28,,2.15294342E8,,3.3333333333333335,3,2.0816659994661326,2000-11-22
20242,1987-01-30,,,,,,,
202425,1987-11-17,,,,,,,
202436,1957-11-06,,,,,,,
202456,2014-05-04,,,,,,,
202475,2003-01-17,,,,,,,
202495,2013-03-31,,,,,,,
202570,2013-06-20,,,,,,,
202575,2013-12-24,3.4E7,,,,,,
20263,2008-11-27,,,,,,,
202637,1974-03-26,,,,,,,
202639,1974-09-10,,,,,,,
202662,1963-02-28,,,,,,,
20270,2005-01-01,,,,,,,
20271,1961-12-20,,,,,,,
202722,2012-01-26,,,,,,,
202727,1952-09-06,,,,,,,
202744,1985-05-01,,,,,,,
202764,1966-01-11,,,,,,,
202768,1965-05-12,,,,,,,
20277,1966-02-16,,,,,,,
202831,1993-04-20,,,,,,,
202839,1936-06-26,,,,,,,
20287,1987-04-24,,,,,,,
202885,2011-06-17,,,,,,,
20289,1991-12-22,,,,,,,
2029,2001-11-21,,,,4.2,5,0.8366600265340756,2015-08-15
202941,1964-03-10,,,,,,,
202984,2010-06-22,,,,,,,
20301,1947-12-25,,,,,,,
203024,1928-12-01,,,,,,,
20303,2003-02-28,,,,,,,
20304,2004-03-26,3000000.0,5923000.0,2923000.0,,,,
20306,1994-09-10,,,,,,,
203062,2013-02-01,,,,,,,
203071,2000-09-25,,,,,,,
20309,2001-03-12,2.5E7,,,,,,
20310,2000-01-01,,,,,,,
203119,1996-05-03,,,,,,,
203124,2013-06-16,,,,,,,
203217,2013-06-21,,,,,,,
20322,2001-03-23,,,,,,,
20323,2009-08-14,,,,,,,
20324,1952-06-02,,,,,,,
203252,2003-06-20,,,,,,,
203273,2010-10-01,,,,,,,
20329,2008-01-31,,3.02312E7,,,,,
2033,1996-10-04,,,,3.0416666666666665,12,0.7821396449755148,2011-04-22
20330,1956-09-05,,,,,,,
203321,2013-10-11,,,,,,,
20334,1940-01-11,,,,,,,
203351,2013-07-09,,,,,,,
20337,2002-08-01,,1.9184015E7,,,,,
20339,1993-04-02,,3200000.0,,,,,
20342,2007-07-27,,,,,,,
20343,1946-04-26,68.0,,,,,,
20345,1970-02-19,500000.0,,,,,,
20347,2005-09-02,,,,,,,
20348,1985-01-25,,,,,,,
203534,2013-07-12,,,,,,,
203547,2009-10-18,,,,,,,
20357,2004-09-17,,,,,,,
20359,2006-06-09,,,,,,,
20360,2007-03-27,,,,,,,
20362,1948-09-29,,,,,,,
203665,2013-07-15,,,,,,,
20367,1945-11-30,30.0,,,,,,
203696,2013-08-20,,,,,,,
203715,2013-07-17,,,,,,,
203739,2014-02-07,,,,,,,
203766,2004-10-03,,,,,,,
20377,1998-05-19,,,,,,,
20378,1997-11-01,,,,,,,
203780,2013-07-01,,,,,,,
20379,1966-12-21,,,,,,,
2038,1992-01-09,,,,3.5625,8,0.6232117273791125,2004-10-11
203801,2015-08-13,7.5E7,1.08145109E8,3.3145109E7,,,,
20381,2003-07-15,,,,,,,
203819,2014-03-06,,4878242.0,,,,,
203833,2013-11-08,,7.6586316E7,,,,,
203834,2014-08-29,,,,,,,
203835,2017-06-30,,,,,,,
20388,2005-03-16,,,,,,,
203890,2012-09-29,,,,,,,
2039,1987-12-18,,8.0640528E7,,3.5,1,,2003-09-04
203901,1955-11-01,,,,,,,
20391,1969-10-15,,3.1678778E7,,,,,
203912,2011-03-17,,,,,,,
204,1953-04-22,,,,3.0,31,1.0327955589886446,2016-08-17
204007,1971-07-01,,,,,,,
204053,2013-02-09,,,,,,,
20406,2007-07-07,,,,,,,
20407,2009-01-18,,,,,,,
20408,1946-02-01,,,,,,,
204113,1987-09-15,,,,,,,
204128,1986-03-14,,,,,,,
20413,2007-09-07,,,,,,,
20416,1977-06-17,,,,,,,
20417,1946-06-07,,,,,,,
2042,1998-11-20,1.0E7,,,2.75,10,1.2527746981977423,2016-08-17
204213,1957-09-13,,,,,,,
20424,1953-04-22,,,,,,,
204255,2014-04-25,,,,,,,
204260,2013-06-27,,,,,,,
204269,1975-01-17,,,,,,,
2043,2001-04-06,6.0E7,1.05178561E8,4.5178561E7,3.5625,8,0.9038607667745545,2008-01-06
20430,2004-01-29,,,,,,,
204344,2010-01-01,,,,,,,
204349,2013-07-07,,,,,,,
20436,2005-12-02,,739690.0,,,,,
204372,2002-06-12,,,,,,,
20439,2002-06-06,,,,,,,
2044,2006-06-16,4.0E7,1.14830111E8,7.4830111E7,2.25,4,0.5,2000-11-22
20443,1988-03-22,,,,,,,
204435,2013-11-01,,,,,,,
20444,1970-05-28,,,,,,,
2045,1996-02-23,1.8E7,,,3.4,5,0.5477225575051662,2003-05-28
204506,2014-09-30,,,,,,,
20454,2007-09-28,,,,,,,
204553,2013-07-03,,,,,,,
20457,1997-10-03,,,,,,,
204582,2013-07-02,,,,,,,
204611,1989-01-01,,,,,,,
20465,1987-02-08,1000000.0,,,,,,
204668,2013-12-18,,,,,,,
20468,1999-01-01,,,,,,,
204686,1957-04-03,,,,,,,
204690,2013-09-11,,,,,,,
2047,1993-09-10,,,,4.0,1,,2000-11-22
204709,2013-10-16,,,,,,,
204712,2002-12-04,,,,,,,
204755,2012-10-20,,,,,,,
204765,2014-01-21,,,,,,,
204784,2013-06-29,,,,,,,
204802,1937-11-07,,,,,,,
204810,2013-07-03,,4500000.0,,,,,
204821,1994-09-02,,,,,,,
20483,2004-02-06,1.8E7,1.6702864E7,-1297136.0,,,,
204839,2000-10-31,,,,,,,
2049,2007-05-10,,,,2.5,1,,2008-01-04
204904,2013-01-30,,,,,,,
204912,1993-09-22,,,,,,,
204922,2014-09-03,2.2E7,1.5447154E7,-6552846.0,,,,
20493,2008-07-04,,5000000.0,,,,,
20494,2006-03-10,,204.0,,,,,
20495,2004-07-30,,,,,,,
20499,2005-11-21,6000000.0,,,,,,
205004,1967-05-01,,,,,,,
205005,2011-01-01,,,,,,,
205022,2013-08-09,1.8E7,6.2E7,4.4E7,,,,
20504,2010-01-14,8.0E7,1.57107755E8,7.7107755E7,,,,
205055,2014-05-13,,,,,,,
20506,1997-05-12,,,,,,,
20507,2009-08-07,,,,,,,
20511,2004-05-16,,299261.0,,,,,
20513,2008-01-01,,,,,,,
205221,1994-12-10,,,,,,,
205236,1973-05-31,,,,,,,
20525,2006-06-02,,,,,,,
205263,1992-10-01,,,,,,,
20527,2006-12-01,,,,,,,
20532,1954-03-31,,,,,,,
20534,2004-04-02,,,,,,,
205349,1968-07-02,,,,,,,
205361,2001-02-24,,,,,,,
205384,2003-03-21,,,,,,,
20539,1996-11-27,2.5E7,,,,,,
2054,1995-12-29,,1.06269971E8,,2.7434210526315788,76,0.8962641762807497,2016-08-17
20540,1965-04-20,500000.0,,,,,,
20542,2008-12-12,4.0E7,,,,,,
20543,2006-10-21,,,,,,,
20545,1983-11-04,,,,,,,
205466,2013-01-15,,,,,,,
20548,2008-01-10,,,,,,,
205481,2002-06-06,,,,,,,
2055,2003-08-29,2.2E7,6.8296293E7,4.6296293E7,4.0,1,,2000-11-22
205504,1912-10-16,,,,,,,
20553,1977-01-01,,,,,,,
205557,1971-07-05,,,,,,,
20558,2005-11-24,,,,,,,
205587,2014-10-08,,8.3719388E7,,,,,
205588,2016-05-05,,9930095.0,,,,,
205601,2013-09-08,,1.650546E7,,,,,
20561,1984-11-20,,,,,,,
20565,1998-07-28,,,,,,,
20567,1973-02-17,,,,,,,
2057,2001-08-03,4.2E7,3.540232E7,-6597680.0,3.75,4,0.28867513459481287,2008-01-04
205749,2013-07-05,,,,,,,
205775,2015-11-20,1.0E8,9.3820758E7,-6179242.0,,,,
205798,1989-11-23,,,,,,,
205818,2011-03-12,,,,,,,
205819,2012-10-11,,,,,,,
20583,2005-12-03,,,,,,,
205864,2013-07-07,,,,,,,
205891,2013-07-30,,,,,,,
2059,2004-11-19,1.0E8,3.47451894E8,2.47451894E8,3.2222222222222223,18,1.087661039086954,2016-08-17
205908,2004-05-22,100000.0,,,,,,
20591,2001-07-04,,,,,,,
205939,2013-07-25,,,,,,,
205943,2013-08-20,,,,,,,
206042,2002-02-16,,,,,,,
206052,1946-12-15,,,,,,,
20607,1989-01-17,,,,,,,
206099,1954-04-01,,,,,,,
2061,1996-08-30,,,,,,,
206145,1949-02-05,,,,,,,
206155,2006-09-05,,,,,,,
206157,1991-07-24,,,,,,,
20616,2002-09-06,8500000.0,3.441124E7,2.591124E7,,,,
20618,2009-08-11,,,,,,,
206183,2002-07-23,,,,,,,
206197,2015-04-10,,,,,,,
20620,1966-10-05,,,,,,,
20622,1968-11-29,,,,,,,
206237,1933-08-25,,,,,,,
20625,1929-08-03,,,,,,,
206260,2013-07-19,,,,,,,
20628,1971-09-30,,,,,,,
206284,2013-10-04,,,,,,,
20629,1964-10-16,,,,,,,
206324,2013-07-12,4600000.0,2.5E7,2.04E7,,,,
206328,1998-06-27,,,,,,,
20639,1976-07-07,,,,,,,
206390,1917-09-09,,,,,,,
2064,1995-04-21,,1.82057016E8,,4.392857142857143,42,0.5899122949044567,2016-08-17
20640,1942-01-19,3000000.0,,,,,,
206408,2013-12-04,,,,,,,
20641,2004-11-20,,,,,,,
206412,2000-05-14,,,,,,,
20644,1941-05-23,,,,,,,
20646,2002-06-22,,,,,,,
206461,1960-10-08,,,,,,,
20648,2002-10-18,,,,,,,
206480,1938-12-28,,,,,,,
206487,2014-08-28,,3000000.0,,,,,
20651,2005-06-10,6250000.0,,,,,,
20656,2002-12-20,,,,,,,
206563,2014-10-09,,,,,,,
206574,2011-02-26,15000.0,,,,,,
206577,2007-05-18,,,,,,,
206581,1928-01-13,,,,,,,
20661,1984-12-26,,,,,,,
20662,2010-05-12,2.0E8,3.1066954E8,1.1066954E8,,,,
20663,1947-01-16,,,,,,,
206630,1973-11-24,,,,,,,
206647,2015-10-26,2.45E8,8.80674609E8,6.35674609E8,,,,
206657,2011-11-15,,,,,,,
2067,2000-03-10,9.0E7,6.0874615E7,-2.9125385E7,3.659090909090909,22,1.0163703350691902,2011-01-28
206725,1942-05-11,,,,,,,
20676,1992-04-15,,,,,,,
20678,1994-08-19,,,,,,,
206789,1980-12-18,,,,,,,
20679,2001-11-17,,,,,,,
206796,2008-07-11,,,,,,,
20681,1980-12-17,,,,,,,
206822,1980-07-18,,,,,,,
20683,2006-01-18,,,,,,,
20688,2009-08-14,9000000.0,1.813E7,9130000.0,,,,
20693,2008-10-10,,,,,,,
20694,2003-06-13,,,,,,,
20695,2004-05-16,,,,,,,
206953,2011-04-03,,,,,,,
20697,2000-04-07,2.4E7,1.237241E7,-1.162759E7,,,,
206997,2011-09-03,,,,,,,
20700,2009-07-07,,,,,,,
20701,1990-05-03,3500000.0,1.6324573E7,1.2824573E7,,,,
2071,1991-10-11,2.2E7,1.1511031E7,-1.0488969E7,3.75,8,1.2817398889233114,2001-07-16
20712,1991-06-21,,1008404.0,,,,,
20713,1989-03-03,1.6E7,2420917.0,-1.3579083E7,,,,
20715,2008-10-30,,,,,,,
2072,1995-09-19,2000000.0,,,3.0526315789473686,19,0.8643355965085627,2016-08-17
20721,1985-05-03,,2.0345361E7,,,,,
20726,1994-10-14,,,,,,,
207263,2013-04-03,,,,,,,
207270,2015-05-21,,,,,,,
207323,2013-10-09,,,,,,,
20735,1997-02-14,,,,,,,
20737,1997-08-01,3000000.0,2.3144499E7,2.0144499E7,,,,
2074,1996-03-22,7000000.0,1.4702438E7,7702438.0,4.0,1,,2000-06-04
207413,2013-09-06,,,,,,,
20742,2007-05-25,,1.2E7,,,,,
207441,2001-01-01,,,,,,,
207454,2003-08-31,,,,,,,
207459,2008-08-10,,,,,,,
207541,2000-09-11,,,,,,,
20755,2001-06-29,,,,,,,
207558,1992-01-29,,,,,,,
20758,1950-06-16,,,,,,,
20762,1996-04-19,,,,,,,
207625,1998-09-13,,,,,,,
20766,2009-11-25,3.2E7,2.7635305E7,-4364695.0,,,,
207680,2017-01-15,,,,,,,
20769,2001-09-28,,,,,,,
207696,1961-12-31,,,,,,,
207699,1990-05-01,,,,,,,
20770,1999-09-12,,2600000.0,,,,,
207766,2013-07-25,,,,,,,
207769,2013-08-26,950000.0,,,,,,
207774,2013-08-24,,,,,,,
20778,1963-01-18,,,,,,,
2078,1916-10-02,,,,3.739130434782609,46,0.8802722459859449,2016-07-22
20781,2009-07-07,,,,,,,
20782,2008-11-10,,,,,,,
207850,2013-09-06,,,,,,,
20787,1982-11-04,,,,,,,
20789,2008-08-15,,,,,,,
207909,2013-07-04,,,,,,,
207933,2014-09-11,,,,,,,
207937,2000-04-08,,,,,,,
20794,2001-11-23,6000000.0,2025238.0,-3974762.0,,,,
2080,2009-04-28,,3.73062864E8,,3.6862745098039214,51,0.7480694106413222,2016-08-17
20802,1974-12-25,,,,,,,
208028,2013-08-09,,,,,,,
20803,1973-09-17,,,,,,,
208035,2009-01-01,,,,,,,
208039,1997-01-01,,,,,,,
20806,1956-06-19,,,,,,,
208091,2013-05-25,,,,,,,
20811,1992-05-29,,8096542.0,,,,,
208134,2013-10-22,1.5E7,1.51831537E8,1.36831537E8,,,,
208173,1988-09-08,,,,,,,
208182,1997-05-09,,,,,,,
208198,1975-03-29,,,,,,,
2082,2007-08-31,1.5E7,8.0253908E7,6.5253908E7,2.727272727272727,22,1.2414207752110247,2016-08-17
20825,2009-06-27,,,,,,,
208286,2014-01-19,,,,,,,
20829,2009-07-31,7.5E7,6.1458982E7,-1.3541018E7,,,,
20832,2008-04-11,,8000000.0,,,,,
208333,1973-08-01,,,,,,,
208366,1987-07-30,,,,,,,
20837,2009-03-29,,,,,,,
208385,2007-01-01,,,,,,,
2084,2001-09-06,1.3E7,,,2.9375,8,1.1475906437899734,2013-06-21
208436,1983-02-26,,,,,,,
208447,2013-07-26,2500000.0,,,,,,
20847,1988-09-16,,,,,,,
20848,1970-03-30,,,,,,,
20850,1975-10-01,,,,,,,
208517,1915-11-14,,,,,,,
208556,2012-03-24,,,,,,,
20857,2001-09-14,3.2E7,4.0222729E7,8222729.0,,,,
20859,1993-04-01,,,,,,,
20860,1994-12-05,,,,,,,
20862,1998-01-16,,,,,,,
20863,1978-12-20,,,,,,,
2087,1994-02-11,,30.0,,3.6315789473684212,38,1.069757553527243,2016-05-08
20870,1975-10-13,,,,,,,
208700,2013-03-22,,,,,,,
20873,1968-04-27,,,,,,,
20874,1986-12-01,,,,,,,
208756,2013-01-18,,,,,,,
208763,2014-01-30,2.6E7,3.4592118E7,8592118.0,,,,
20878,1967-04-03,,,,,,,
20879,1967-06-06,,,,,,,
20880,2008-01-01,,,,,,,
20884,2003-01-01,,,,,,,
20885,1966-01-01,,,,,,,
20886,1964-10-07,,,,,,,
2089,2000-08-26,9.0,,,3.5416666666666665,12,0.6556860852757533,2016-05-08
20893,2009-08-04,,,,,,,
208947,1999-01-01,,,,,,,
20898,1967-12-30,,,,,,,
208982,2011-11-08,,,,,,,
209049,2013-06-27,,79.0,,,,,
20907,2007-01-01,,,,,,,
209091,2013-07-22,,,,,,,
209185,2014-05-30,1.27E7,3430018.0,-9269982.0,,,,
209189,2013-09-14,1.2E7,265452.0,-1.1734548E7,,,,
20919,2007-09-12,,,,,,,
209209,1967-07-22,,,,,,,
20921,2004-05-29,,,,,,,
209232,2013-07-31,,,,,,,
209244,2013-09-07,,,,,,,
209248,1958-12-17,,,,,,,
209262,2013-10-02,1.0E7,653651.0,-9346349.0,,,,
209263,2013-09-18,,2.5288872E7,,,,,
209266,2013-06-28,6000000.0,,,,,,
20927,1996-01-26,,1.9030691E7,,,,,
209274,2013-10-25,2159280.0,1.5298355E7,1.3139075E7,,,,
209276,2013-09-09,,54915.0,,,,,
209282,2013-09-06,,,,,,,
20929,1999-08-13,,,,,,,
209293,2013-07-12,8500000.0,,,,,,
2093,1988-02-11,,,,3.5555555555555554,9,1.130388330520878,2014-07-24
209312,2003-09-18,,,,,,,
20932,1964-05-05,,,,,,,
209345,1998-05-08,,,,,,,
209350,2013-10-04,,2225098.0,,,,,
209361,2013-09-09,,1.0900434E7,,,,,
209369,1992-01-01,,,,,,,
209379,2008-02-17,,,,,,,
209385,2013-09-05,,,,,,,
209401,2014-03-21,,,,,,,
209403,2013-09-06,,7800000.0,,,,,
20941,2004-11-05,,837000.0,,,,,
209413,2013-09-06,,,,,,,
209414,2004-11-17,,,,,,,
20942,1955-07-01,,,,,,,
20943,2009-07-24,3.8E7,2.05298907E8,1.67298907E8,,,,
20945,1943-08-21,,,,,,,
20946,1964-01-01,,,,,,,
20947,1973-09-23,,,,,,,
2095,2002-03-10,,,,2.25,4,1.5,2000-11-22
209504,2013-09-05,,,,,,,
209556,2013-06-06,,,,,,,
20963,2007-01-01,,,,,,,
20967,1993-11-26,,,,,,,
20968,2005-07-01,1900000.0,5900000.0,4000000.0,,,,
209764,2013-07-31,,,,,,,
209780,2013-01-03,,,,,,,
209799,2013-08-29,,,,,,,
209802,1997-07-24,,,,,,,
20981,2005-01-01,50000.0,,,,,,
20983,2009-01-01,,,,,,,
209840,2014-02-21,,,,,,,
20992,1997-01-01,,,,,,,
209920,2013-05-18,,,,,,,
209921,2010-10-01,,,,,,,
20993,2000-01-01,1500000.0,,,,,,
20994,2005-05-26,,,,,,,
20996,2008-11-11,,,,,,,
21,1966-06-15,,,,3.536842105263158,95,1.0112192589629847,2016-08-05
21001,1998-04-17,,,,,,,
210019,1952-05-11,,,,,,,
210024,2013-11-21,,,,,,,
210050,2011-01-01,,,,,,,
210068,2001-05-25,,,,,,,
210079,2013-06-21,,,,,,,
210092,1982-01-07,,,,,,,
21014,2006-05-12,,,,,,,
210250,2007-02-04,,,,,,,
21028,1980-02-11,,,,,,,
210288,2012-10-17,,,,,,,
21029,1994-05-09,,,,,,,
2103,2002-11-27,4.7E7,3.0002758E7,-1.6997242E7,3.0,1,,2000-01-18
210302,2013-06-19,,,,,,,
210306,2004-01-01,,,,,,,
210307,1999-03-25,,,,,,,
21032,1995-12-22,,1.1348324E7,,,,,
210320,2002-09-28,,,,,,,
21033,2009-04-27,1500000.0,56000.0,-1444000.0,,,,
21036,1972-12-17,,,,,,,
210365,1978-01-01,,,,,,,
21038,1996-03-03,,,,,,,
21039,1999-01-01,,,,,,,
2104,2001-12-28,,60700.0,,3.6666666666666665,3,0.5773502691896257,2000-11-22
21043,2005-09-22,,,,,,,
21044,2008-10-20,,,,,,,
210479,2014-04-10,2000000.0,4635300.0,2635300.0,,,,
210487,1969-02-20,,,,,,,
2105,1999-07-09,1.1E7,2.35483004E8,2.24483004E8,3.478723404255319,47,0.9380683599389724,2016-08-03
21052,2003-03-16,7500000.0,209151.0,-7290849.0,,,,
21055,2001-03-07,,1051948.0,,,,,
21056,2000-04-18,,512451.0,,,,,
210577,2014-10-01,6.1E7,3.69330363E8,3.08330363E8,,,,
21062,2003-09-18,,,,,,,
210621,1936-01-01,,,,,,,
210653,1950-07-29,,,,,,,
2107,1991-02-08,,,,3.2,10,0.9189365834726815,2012-08-09
21070,1962-04-16,,,,,,,
210708,2013-05-24,,,,,,,
21072,1999-10-29,,,,,,,
210728,2002-06-21,,,,,,,
21073,2005-04-13,,,,,,,
210734,2012-08-13,,,,,,,
21074,2007-11-16,,,,,,,
210842,2013-10-23,,,,,,,
210860,2015-01-21,6.0E7,3.041856E7,-2.958144E7,,,,
2109,1998-09-18,,2.44386864E8,,3.696078431372549,51,0.9903455526862784,2013-02-19
210908,2013-10-31,,,,,,,
210910,2013-09-19,,,,,,,
210937,2001-01-17,,,,,,,
210938,1996-05-10,,,,,,,
211,2001-11-01,,,,3.3333333333333335,3,0.5773502691896258,2006-10-31
211005,2013-08-29,,,,,,,
211017,1965-07-29,,,,,,,
211024,2013-11-08,,,,,,,
211052,2013-09-09,,,,,,,
211065,2013-09-19,,,,,,,
211067,2013-09-02,4000000.0,9221.0,-3990779.0,,,,
211076,2014-08-15,,,,,,,
211078,2013-11-14,,,,,,,
211085,2013-04-25,,,,,,,
211086,2013-11-21,550000.0,,,,,,
211125,2012-08-25,,,,,,,
211139,1964-06-27,,,,,,,
21115,2004-08-12,6000000.0,,,,,,
211166,2014-09-12,,,,,,,
2112,1999-02-05,9.0E7,1.61626121E8,7.1626121E7,3.2941176470588234,17,1.0467035087808378,2004-02-18
211220,2011-01-01,1500000.0,,,,,,
211331,1998-07-25,,,,,,,
211337,1970-08-01,,,,,,,
21135,1962-04-12,,,,,,,
211354,2012-01-03,,,,,,,
21136,2005-10-25,,,,,,,
21137,1981-07-01,100000.0,,,,,,
2114,2001-07-02,1.37E8,8.513183E7,-5.186817E7,3.652173913043478,23,0.8974051305733918,2014-08-26
21141,2006-01-01,,,,,,,
211411,2012-11-13,,,,,,,
21142,1971-08-02,,,,,,,
21145,2008-09-23,,,,,,,
21147,1976-02-05,,,,,,,
211505,2012-08-02,,,,,,,
211528,2013-08-08,,,,,,,
21156,2005-11-17,,,,,,,
211579,2013-08-10,,,,,,,
211587,2013-08-01,,,,,,,
2116,2003-10-03,5.0E7,5.5495563E7,5495563.0,3.4210526315789473,19,0.8860517588144867,2014-08-26
21167,2009-03-11,,,,,,,
211672,2015-06-17,7.4E7,1.156730962E9,1.082730962E9,,,,
21168,1990-08-28,,,,,,,
2117,2005-02-13,,,,3.923076923076923,13,0.7865047638697069,2015-07-02
211710,1958-12-31,,,,,,,
211711,2013-08-07,,47.0,,,,,
211714,2008-10-23,,,,,,,
211729,1988-09-02,,,,,,,
21173,2006-10-27,,167000.0,,,,,
21175,2004-06-18,483719.0,,,,,,
21176,2001-06-08,,,,,,,
211798,2002-10-15,,,,,,,
21182,2008-10-02,,,,,,,
211830,2013-08-01,,,,,,,
211845,2013-03-03,,,,,,,
21185,1988-08-05,1884000.0,1883811.0,-189.0,,,,
211879,2013-09-19,,,,,,,
2119,1990-06-27,6.0E7,1.57920733E8,9.7920733E7,3.0,6,1.4142135623730951,2006-08-21
21191,2009-03-20,,5101756.0,,,,,
21193,1984-03-14,,,,,,,
21194,2008-08-21,,,,,,,
21198,2004-06-23,,,,,,,
212,1944-09-23,1120175.0,,,,,,
21202,1995-11-22,,,,,,,
212051,1991-01-01,,,,,,,
212058,2001-10-21,,,,,,,
212063,2013-12-06,,,,,,,
21208,2009-07-24,2.0E7,4.1596251E7,2.1596251E7,,,,
21214,2008-04-10,,,,,,,
212167,2013-11-09,,,,,,,
21219,1991-07-26,2.3E7,2.024679E7,-2753210.0,,,,
2122,2004-04-07,,2.6155781E7,,2.3181818181818183,11,0.9020179397530649,2016-08-17
21231,2007-01-01,,,,,,,
21236,2009-01-01,,,,,,,
2124,1994-08-19,4.0E7,1.972605E7,-2.027395E7,3.2857142857142856,35,0.7304884977726557,2016-08-17
21240,1960-02-22,,,,,,,
21241,1976-07-06,780000.0,1500000.0,720000.0,,,,
21242,1971-04-09,,,,,,,
21244,2001-01-01,,,,,,,
21245,2002-02-01,,,,,,,
212455,2013-07-23,,,,,,,
21246,2005-10-21,,,,,,,
212470,2013-10-08,,,,,,,
212481,2013-08-08,,,,,,,
2125,1991-05-10,,,,3.75,28,0.9953596037316064,2016-05-08
212508,2001-06-17,,,,,,,
21251,1976-10-01,,,,,,,
21253,1997-05-01,,310724.0,,,,,
212530,1942-03-02,,,,,,,
21256,1971-12-01,,,,,,,
212606,2013-08-31,,,,,,,
212622,1969-11-11,,,,,,,
21266,1961-02-20,,,,,,,
212713,1964-08-21,,,,,,,
212716,2013-09-07,1.1E7,7847000.0,-3153000.0,,,,
212747,2013-11-01,1105736.0,,,,,,
212748,2013-09-09,,,,,,,
212752,2013-09-06,,,,,,,
212753,2013-11-22,,,,,,,
212754,2013-10-10,,,,,,,
212756,2013-09-08,,,,,,,
212762,2013-07-27,,,,,,,
212769,2013-08-07,,122.0,,,,,
212778,2014-05-08,1.1E7,4.5967935E7,3.4967935E7,,,,
21282,1983-01-01,,,,,,,
212836,2013-12-20,,,,,,,
212843,2014-06-06,,,,,,,
212846,2013-09-09,,,,,,,
212849,2013-09-07,,,,,,,
212865,1997-01-18,,,,,,,
21291,1989-10-27,1.9E7,1.9738015E7,738015.0,,,,
212926,1945-12-24,,,,,,,
212927,2011-06-18,,,,,,,
21293,2009-04-17,,,,,,,
212934,2005-04-14,,,,,,,
21295,2005-06-10,2.7E7,,,,,,
21297,2009-10-02,,1.1E7,,,,,
21299,1987-06-17,,,,,,,
212994,2013-08-07,,,,,,,
212996,1991-09-18,,,,,,,
213,1959-07-07,4000000.0,1.3275E7,9275000.0,4.222222222222222,9,0.97182531580755,2003-03-20
213015,2013-08-15,,,,,,,
213095,1979-03-08,,,,,,,
213121,2013-10-15,,,,,,,
21317,2008-10-25,,,,,,,
2132,2001-01-01,,,,4.195652173913044,23,1.0306565695841061,2013-02-19
213204,2013-08-09,,,,,,,
21325,2001-10-06,,,,,,,
213270,2011-11-17,,,,,,,
2133,2000-03-15,,3.25756637E8,,3.1136363636363638,22,1.2044739830139861,2016-08-17
21332,1986-02-14,,,,,,,
213321,1986-01-01,,,,,,,
21335,1969-03-10,,,,,,,
213373,2013-08-08,,,,,,,
21338,1991-05-17,,,,,,,
213386,2013-03-25,,,,,,,
2134,1960-08-17,,,,3.138888888888889,36,0.7802116115068773,2016-08-17
213417,2013-08-10,,,,,,,
213443,1938-01-07,,,,,,,
21348,1998-12-09,,,,,,,
213496,2001-11-21,,,,,,,
2135,2002-03-04,8.0E7,1.23729176E8,4.3729176E7,3.0,12,1.0660035817780522,2014-07-22
213556,1979-01-01,,,,,,,
21356,1983-04-15,8000000.0,,,,,,
213603,2004-01-01,,,,,,,
21362,1988-11-18,,7399763.0,,,,,
213635,1974-01-21,,,,,,,
21366,1943-02-11,,,,,,,
213681,2016-09-29,,2.92E7,,,,,
213683,1998-12-30,,,,,,,
213684,2013-08-12,,,,,,,
21370,2000-10-05,,,,,,,
21371,2008-08-09,,,,,,,
21375,1983-02-03,,,,,,,
213755,1992-11-22,,,,,,,
21381,1988-01-01,,,,,,,
213831,2013-08-16,,,,,,,
21385,2004-08-04,,,,,,,
21386,1987-12-21,,,,,,,
213927,2014-03-20,,,,,,,
213938,1984-01-01,,,,,,,
21394,1986-12-05,,,,,,,
213950,1987-08-12,,,,,,,
21398,2009-08-14,,,,,,,
213985,1999-04-29,,,,,,,
214069,2013-08-09,,,,,,,
214074,2013-09-05,,,,,,,
214081,2013-09-04,,,,,,,
214091,2013-09-06,,,,,,,
214093,2013-09-07,,,,,,,
2141,2001-08-04,,,,3.3653846153846154,26,1.015457456594734,2016-05-08
214100,2013-10-03,,,,,,,
214129,2013-08-14,,,,,,,
21413,2003-08-22,1000000.0,,,,,,
214134,2012-01-12,,,,,,,
214135,2013-10-03,,,,,,,
214137,2014-08-13,,,,,,,
214138,2013-09-07,,,,,,,
214146,2003-03-31,,,,,,,
214157,1994-01-01,,,,,,,
214181,1980-10-24,,,,,,,
2142,1997-08-15,,4.4862187E7,,3.25,12,0.9885710532241612,2012-02-11
214215,2013-11-27,,,,,,,
214217,2013-10-18,1650000.0,,,,,,
214218,2013-07-19,,,,,,,
214219,2013-09-12,747487.0,,,,,,
214250,2013-08-08,80000.0,,,,,,
214264,2013-08-15,,,,,,,
21427,2006-03-29,,2.9326868E7,,,,,
214280,1908-05-15,,,,,,,
2143,1996-09-20,,,,3.3666666666666667,15,1.0431180365113233,2016-05-08
21431,2008-01-01,,,,,,,
214314,2014-04-17,,,,,,,
21433,1990-09-21,,,,,,,
214348,2014-07-10,,,,,,,
21435,2006-01-01,,,,,,,
214355,2013-08-09,,4900000.0,,,,,
214418,2013-11-26,,,,,,,
21442,2004-07-30,,,,,,,
214430,2007-07-21,7500.0,,,,,,
214436,2003-11-21,,,,,,,
214446,1988-04-21,,,,,,,
214464,2013-08-22,,,,,,,
21447,2007-08-31,,,,,,,
214472,1907-08-02,,,,,,,
21450,1993-09-14,,,,,,,
21451,1944-10-15,,,,,,,
21454,1947-08-27,,,,,,,
21461,2006-01-01,,,,,,,
21462,1983-01-10,,,,,,,
21463,1992-08-15,,,,,,,
214641,1979-12-22,,,,,,,
214671,2013-10-25,,,,,,,
21469,2009-08-27,,,,,,,
214717,1997-08-26,,,,,,,
214735,1998-10-08,,2303.0,,,,,
214753,1993-01-01,,,,,,,
214756,2015-06-25,6.8E7,2.17022588E8,1.49022588E8,,,,
214761,2013-09-05,,,,,,,
21490,1955-11-22,,,,,,,
214910,2013-10-09,,,,,,,
21494,2007-01-31,,,,,,,
215,2005-10-28,4000000.0,1.52925093E8,1.48925093E8,3.7222222222222223,18,1.1659661762602749,2016-02-21
21501,2007-11-16,,,,,,,
215012,2012-11-28,,,,,,,
215016,1993-07-18,,,,,,,
215042,2013-10-11,,,,,,,
21506,2005-08-20,2000000.0,,,,,,
215061,1971-01-01,,,,,,,
21508,2007-11-23,,,,,,,
21509,2008-04-01,210000.0,,,,,,
2151,2005-04-03,,,,3.7,5,1.0368220676663862,2006-02-04
215134,1994-09-15,,,,,,,
21518,2002-06-18,,,,,,,
21519,1983-12-22,,,,,,,
2152,2006-10-27,,,,2.25,2,1.7677669529663689,2010-10-02
21521,1987-08-19,,,,,,,
215211,2014-05-14,3.0E7,,,,,,
21525,2003-01-23,,7808524.0,,,,,
215299,1944-12-18,,,,,,,
2153,1978-06-08,,,,2.1538461538461537,13,1.2646576510498697,2014-07-22
215302,1945-11-21,,,,,,,
21533,2001-01-01,,,,,,,
21537,1973-01-12,,,,,,,
215373,1997-01-18,,,,,,,
215379,2014-06-28,,,,,,,
21539,1996-12-13,4.0E7,4.8093211E7,8093211.0,,,,
2154,1990-05-30,,,,2.6666666666666665,6,1.2110601416389966,2001-01-23
215405,1993-10-27,,,,,,,
215408,2009-06-19,,,,,,,
21542,2003-12-12,,,,,,,
215478,1976-12-17,,,,,,,
215538,1971-08-14,,,,,,,
21554,1976-04-07,,,,,,,
21555,2005-03-04,,,,,,,
215562,1990-02-09,,,,,,,
215579,1985-09-22,,,,,,,
21564,1954-08-05,,,,,,,
215657,1966-05-31,,,,,,,
215658,2013-10-10,,,,,,,
21567,2005-08-26,,,,,,,
215711,2012-10-20,,,,,,,
215736,1939-02-03,,,,,,,
215739,2013-11-01,,,,,,,
215741,2013-09-12,,,,,,,
215743,2013-09-05,,2340.0,,,,,
21578,2005-07-30,,,,,,,
21580,2003-01-01,,,,,,,
21581,2009-03-13,,,,,,,
215814,2013-08-16,,,,,,,
21583,2009-02-08,,2434658.0,,,,,
215830,2013-08-13,,,,,,,
215848,2013-09-13,,,,,,,
21585,1982-01-01,,,,,,,
21586,1986-08-09,,,,,,,
21587,1996-01-01,,,,,,,
21588,1994-03-25,4000000.0,,,,,,
215881,2013-09-13,,,,,,,
21589,1996-10-25,,,,,,,
215924,2013-08-10,1300000.0,,,,,,
215928,2013-09-06,,,,,,,
215935,2013-09-01,,,,,,,
21594,1953-03-23,,,,,,,
21596,2000-09-03,,,,,,,
215962,2013-09-10,600000.0,,,,,,
215976,2014-10-14,500000.0,,,,,,
215993,1992-12-05,,,,,,,
215999,1995-10-08,,,,,,,
216,1974-03-05,130000.0,,,3.0238095238095237,42,1.2588824939467629,2016-08-17
2160,1961-07-12,,7000000.0,,3.736111111111111,36,0.9818794740635439,2016-08-17
216016,2013-06-03,20000.0,,,,,,
216035,1995-05-07,,,,,,,
216037,1996-08-20,,,,,,,
216043,2001-03-01,,,,,,,
21605,2002-05-24,,,,,,,
216068,1936-10-05,,,,,,,
21614,2000-03-31,,,,,,,
216156,2013-11-28,,,,,,,
216163,1987-02-01,,,,,,,
21620,2000-10-13,,,,,,,
216203,2012-01-01,,,,,,,
21625,2009-03-13,,,,,,,
21627,1985-09-19,3000000.0,,,,,,
216282,2014-08-06,5.0E7,1.60602194E8,1.10602194E8,,,,
21629,1980-12-12,,1.013E8,,,,,
21634,2009-02-27,,,,,,,
216363,1958-10-28,,,,,,,
216374,2012-12-20,5000000.0,,,,,,
21641,2009-03-27,1.0E7,,,,,,
21644,2002-06-20,,,,,,,
216440,2013-11-30,,,,,,,
216457,2013-10-03,,,,,,,
216472,1986-05-30,,,,,,,
216521,2013-09-26,,,,,,,
216529,2015-07-10,50000.0,,,,,,
216539,2013-08-22,,,,,,,
216541,2013-09-21,,,,,,,
216546,2013-09-05,,,,,,,
216550,,,,,,,,
21657,2009-03-21,,,,,,,
216580,2014-08-06,,,,,,,
2166,1998-06-09,,,,3.6875,8,0.7989949043284675,2004-02-08
21661,1998-08-14,,1.0224116E7,,,,,
216647,1989-01-01,,,,,,,
21665,2004-01-23,,,,,,,
216652,2013-08-22,,,,,,,
21666,1979-09-01,,,,,,,
216790,2013-09-19,,,,,,,
216794,1999-05-25,,,,,,,
2168,2006-05-26,850000.0,,,3.375,4,1.1086778913041726,2005-01-26
216876,1955-08-25,,,,,,,
217,2008-05-21,1.85E8,7.86636033E8,6.01636033E8,2.7142857142857144,7,0.7559289460184544,2003-04-07
217038,1990-02-01,,,,,,,
21705,2005-12-31,,,,,,,
21707,2001-09-28,,,,,,,
2171,2001-07-27,5000000.0,295206.0,-4704794.0,3.875,4,0.25,2005-01-23
21710,2005-11-07,,19791.0,,,,,
217129,2013-09-12,,,,,,,
217172,1945-11-14,,,,,,,
217185,1950-10-02,,,,,,,
21719,1999-02-25,,370668.0,,,,,
217197,1980-11-10,,,,,,,
2172,1987-09-01,,,,,,,
21721,1983-09-23,,4786789.0,,,,,
21724,2009-05-22,,,,,,,
217268,1924-01-01,,,,,,,
217316,2013-09-30,,,,,,,
217324,1952-02-15,,,,,,,
21733,1988-02-11,,,,,,,
21734,1943-01-16,,,,,,,
217341,2013-08-26,,,,,,,
21735,1941-11-24,,,,,,,
21736,1998-03-06,,7.644742E7,,,,,
217414,2013-11-15,,850259.0,,,,,
21742,1994-11-02,,,,,,,
217477,1977-01-01,,,,,,,
21752,2009-02-01,,,,,,,
21753,2005-01-01,,,,,,,
21754,2004-10-05,,,,,,,
21755,2008-09-09,2.0E7,5530764.0,-1.4469236E7,,,,
217576,2013-02-27,,,,,,,
2176,2001-09-14,3.0E7,2.3619609E7,-6380391.0,3.8333333333333335,12,0.8616404368553294,2016-08-03
217605,2010-01-01,,,,,,,
21764,1981-04-23,,,,,,,
217648,1957-02-21,,,,,,,
217672,1936-04-04,,,,,,,
21769,2002-03-22,,,,,,,
217708,2013-08-30,10.0,11.0,1.0,,,,
217719,2013-09-06,,,,,,,
217724,2004-09-17,,,,,,,
21775,2006-11-15,2.2E7,,,,,,
21776,2004-04-14,,,,,,,
217775,2013-10-02,,,,,,,
21778,2004-01-28,,1.4054361E7,,,,,
217787,2013-07-24,,,,,,,
21781,2004-09-03,,,,,,,
21786,2006-10-13,,,,,,,
217896,2013-08-08,,,,,,,
217919,2013-08-10,,,,,,,
217925,2013-10-11,,,,,,,
21793,1987-05-22,,,,,,,
217948,1951-04-05,,,,,,,
21798,2008-08-12,,,,,,,
218043,2014-10-03,1.6E7,1.9682924E7,3682924.0,,,,
218098,1944-06-21,,,,,,,
21811,1990-01-01,,,,,,,
218150,1999-09-05,,,,,,,
2182,1978-10-01,90000.0,,,4.0,2,0.0,2000-11-28
21822,2009-08-28,,,,,,,
218221,1954-03-16,,,,,,,
218238,1999-01-01,,,,,,,
218275,2015-12-04,1.0,1.0,0.0,,,,
218277,2008-06-01,,,,,,,
21828,1991-03-20,,2415396.0,,,,,
218305,1941-02-27,,,,,,,
21832,1997-03-15,,,,,,,
218329,2013-09-04,,,,,,,
218351,1937-09-18,,,,,,,
21836,2009-01-01,,,,,,,
21837,2008-01-01,,,,,,,
218389,1935-11-29,,,,,,,
218393,2013-11-08,,,,,,,
21842,2000-11-10,,,,,,,
218425,2013-09-27,,,,,,,
21843,2004-11-12,,,,,,,
21846,1995-09-29,,,,,,,
21847,2006-03-18,,,,,,,
218473,1994-01-01,,,,,,,
218482,2014-04-01,,,,,,,
21849,1957-10-17,,,,,,,
218508,1997-03-15,,,,,,,
21851,2009-01-01,,,,,,,
218582,1941-05-03,,,,,,,
2186,1978-11-23,1600.0,,,4.260869565217392,23,0.7518094115561123,2016-07-07
21867,1986-02-07,8500000.0,,,,,,
218670,2014-10-24,1000000.0,,,,,,
21871,1984-03-16,,1.4134877E7,,,,,
218713,1935-09-10,,,,,,,
218728,2006-11-10,,,,,,,
21873,1980-07-11,,2.2482952E7,,,,,
21874,1981-10-30,,,,,,,
21876,1965-06-23,,,,,,,
218772,1979-09-02,,,,,,,
21878,2008-11-04,7500000.0,,,,,,
218784,2015-10-30,,70958.0,,,,,
21882,1976-08-25,,,,,,,
21886,1970-10-23,,,,,,,
218898,2013-09-05,,,,,,,
2189,1985-11-14,,1.41E7,,4.0,1,,2000-11-20
218901,2011-09-04,,,,,,,
218909,2013-04-21,,,,,,,
218931,2002-10-13,,,,,,,
21905,2005-02-04,2500000.0,3100000.0,600000.0,,,,
21906,1997-07-04,,,,,,,
219067,2012-03-26,,,,,,,
21910,2008-08-07,,,,,,,
21915,1997-02-26,,2.0060051E7,,,,,
2192,1964-03-28,,,,,,,
21921,1983-10-28,,,,,,,
21923,1982-03-12,,,,,,,
219248,1999-12-21,,,,,,,
21927,2006-05-10,,,,,,,
2193,1983-03-04,,2.2587E7,,3.2023809523809526,42,1.2100167495793126,2016-05-07
21930,1965-11-27,,,,,,,
219302,1968-03-08,,,,,,,
219318,2013-10-02,,,,,,,
219335,1952-12-05,,,,,,,
219435,1999-09-08,,,,,,,
219466,2013-02-04,,,,,,,
21948,1977-10-14,5000000.0,,,,,,
2195,2008-01-31,,,,2.7857142857142856,7,1.14953406710222,2011-05-03
21954,2009-08-18,,,,,,,
219553,2013-10-05,,,,,,,
21956,2003-01-01,,,,,,,
219572,2013-12-24,,8.117E7,,,,,
21959,2006-01-01,,,,,,,
2196,2007-02-09,9000000.0,46.0,-8999954.0,,,,
21964,1972-05-26,,,,,,,
219645,1994-09-21,,,,,,,
219666,2013-08-28,,,,,,,
219674,2013-02-28,,,,,,,
219693,2010-07-09,,,,,,,
2197,2007-05-02,5000000.0,,,3.0,1,,2002-04-13
21972,2002-07-03,3.0E7,,,,,,
219781,2013-01-01,,,,,,,
219808,2003-04-15,,,,,,,
21982,2002-03-27,,,,,,,
219823,1971-09-07,,,,,,,
21988,2009-04-01,,,,,,,
219924,1945-06-12,,,,,,,
220,1955-03-09,1.0,5.0,4.0,3.0,2,1.4142135623730951,2000-11-20
220002,1975-09-07,65700.0,214600.0,148900.0,,,,
220005,2003-09-25,,,,,,,
22007,2008-10-16,,,,,,,
220075,2014-09-25,,,,,,,
220106,2006-05-23,1.0,,,,,,
220124,1973-10-17,,,,,,,
22013,1960-06-19,,1.04E7,,,,,
22016,2002-09-02,,,,,,,
2202,1943-10-07,,,,4.363636363636363,11,0.8090398349558906,2005-11-27
22020,1976-03-05,,,,,,,
220200,1974-10-01,,,,,,,
22021,1973-06-13,500000.0,,,,,,
22023,1982-01-29,2.2E7,,,,,,
220287,2013-05-18,5000.0,,,,,,
220289,2013-09-19,,102617.0,,,,,
22033,1970-07-22,500000.0,,,,,,
22034,2006-03-15,,,,,,,
2204,1974-05-17,,,,4.166666666666667,3,0.2886751345948129,2005-09-23
220436,1969-10-02,,,,,,,
220443,2013-10-11,,,,,,,
220471,2014-10-10,7000000.0,,,,,,
22048,1974-04-05,500000.0,,,,,,
220494,2013-11-22,,,,,,,
220504,1952-11-15,,,,,,,
22051,2009-07-29,,2277396.0,,,,,
220514,2013-08-16,,,,,,,
22058,1973-12-01,,,,,,,
22060,2005-08-12,4500000.0,,,,,,
220620,2013-12-26,,,,,,,
220653,1944-09-18,,,,,,,
22066,2006-05-18,,,,,,,
220669,2007-10-29,6000000.0,31000.0,-5969000.0,,,,
22067,1994-09-28,7000000.0,2.0851521E7,1.3851521E7,,,,
220690,1988-11-11,,,,,,,
2207,2006-03-01,,6.5664721E7,,4.0,1,,2003-08-20
220714,2013-09-13,5500000.0,4.7E7,4.15E7,,,,
22072,2007-01-01,,,,,,,
22074,2009-09-06,2.0E7,1.7436509E7,-2563491.0,,,,
22075,2001-11-02,,,,,,,
220782,2011-11-10,,,,,,,
220809,2013-10-01,,,,,,,
220903,2009-12-14,,,,,,,
22093,2006-02-14,,,,,,,
22094,1975-09-04,2700000.0,5000000.0,2300000.0,,,,
220949,2000-10-21,,,,,,,
22100,2007-05-01,2000000.0,,,,,,
22105,2006-01-01,,,,,,,
221112,2013-08-29,,,,,,,
22112,1949-01-12,,,,,,,
221135,1975-10-05,,,,,,,
22114,1980-01-01,,,,,,,
221161,2012-05-05,,,,,,,
2212,1997-01-31,,1179002.0,,4.0,1,,2000-11-20
221241,1970-11-26,,,,,,,
221346,1936-09-12,,,,,,,
22135,2009-09-11,,,,,,,
22137,1994-11-23,,,,,,,
22140,1997-11-01,,,,,,,
221418,2013-09-01,,,,,,,
221444,2013-09-20,,,,,,,
221510,2013-09-06,,,,,,,
221527,1963-09-14,,,,,,,
22156,2002-01-01,,,,,,,
22164,2009-02-07,3700000.0,,,,,,
22165,2009-08-17,,,,,,,
221656,1932-02-26,,,,,,,
22166,2010-02-03,,,,,,,
221667,2014-09-23,,,,,,,
22171,1981-04-24,62000.0,,,,,,
22172,1987-05-09,,,,,,,
221732,2014-09-13,,,,,,,
22176,1968-07-31,,,,,,,
22177,2009-01-01,,,,,,,
22178,1943-04-15,,,,,,,
22182,2007-11-23,,,,,,,
22189,1990-12-11,4.0E7,9243140.0,-3.075686E7,,,,
221902,2014-05-21,,6860853.0,,,,,
221917,1995-09-22,,,,,,,
22194,1999-06-25,,,,,,,
221981,1999-01-04,,,,,,,
222,1927-09-23,,,,3.9318181818181817,22,0.8632090535495269,2005-04-11
22200,2002-09-06,,,,,,,
22201,1957-05-30,,1.175E7,,,,,
22211,2005-04-01,,,,,,,
22213,1993-04-16,,,,,,,
222297,2013-09-25,,7424.0,,,,,
22230,2000-01-25,,688510.0,,,,,
22233,1963-07-17,,,,,,,
22238,2004-11-11,,,,,,,
222383,1990-01-01,,,,,,,
22240,1990-02-07,,,,,,,
222413,1972-02-17,,,,,,,
22244,1989-05-13,,,,,,,
222461,2013-11-16,,,,,,,
222487,1982-09-13,,,,,,,
222517,1982-04-03,,,,,,,
22259,2009-08-24,,,,,,,
222600,1977-09-18,,,,,,,
22264,2009-01-01,,,,,,,
222731,1936-01-17,,,,,,,
222759,2013-03-14,,,,,,,
222772,2013-08-15,,,,,,,
22279,1995-07-21,4000000.0,851545.0,-3148455.0,,,,
222848,1995-01-01,,,,,,,
222858,1995-09-12,,,,,,,
222870,1996-01-01,,,,,,,
222872,1996-01-01,,,,,,,
22288,1980-07-18,,,,,,,
22289,2003-01-17,,,,,,,
222890,2013-08-31,,,,,,,
222899,2014-02-14,1.25E7,4.9002684E7,3.6502684E7,,,,
222911,2013-10-08,,,,,,,
22292,1947-06-26,,,,,,,
22293,1966-11-15,19000.0,,,,,,
222932,1974-01-01,,,,,,,
222951,2013-08-02,,,,,,,
22302,2009-01-24,,,,,,,
223046,1975-02-19,,,,,,,
22305,1998-01-01,,,,,,,
22307,1973-03-27,500000.0,,,,,,
22311,1978-02-08,,,,,,,
22317,1994-03-11,,,,,,,
22318,1998-09-12,,,,,,,
22319,2008-01-20,,,,,,,
223195,1988-10-01,,,,,,,
2232,1973-03-14,,,,4.119047619047619,21,0.6104253006052811,2015-11-13
223202,2013-09-12,,,,,,,
22323,1985-10-01,,,,,,,
223243,1952-01-01,,,,,,,
223249,2014-05-02,,,,,,,
22328,1979-06-27,,,,,,,
22334,1958-01-21,,,,,,,
223346,2001-09-07,,,,,,,
223485,2015-04-16,,229094.0,,,,,
223519,2013-10-25,,,,,,,
22356,1947-02-15,,,,,,,
223566,2013-10-31,,,,,,,
223574,2012-04-05,,,,,,,
22359,1967-09-26,,,,,,,
223613,1982-03-05,,,,,,,
223632,2014-04-03,,,,,,,
223655,1936-08-24,,,,,,,
223680,2013-09-13,,,,,,,
22371,2008-01-25,,,,,,,
22373,2007-02-23,,,,,,,
22377,1968-07-04,,1.1E7,,,,,
22383,1966-11-01,,,,,,,
22386,1961-01-01,,,,,,,
22387,1942-12-17,,,,,,,
223895,2013-08-01,,,,,,,
2239,2007-02-16,8000000.0,60641.0,-7939359.0,3.0,3,1.0,2001-01-22
22390,1956-08-01,,,,,,,
223954,2014-01-29,,,,,,,
223971,2013-07-14,,,,,,,
22398,2009-01-15,,,,,,,
224040,1947-05-10,,,,,,,
224061,2013-09-27,,,,,,,
224063,1981-06-14,,,,,,,
224079,1978-11-12,,,,,,,
224087,2013-10-10,,,,,,,
2241,1999-10-07,,,,2.8333333333333335,6,0.752772652709081,2000-11-22
22414,1990-09-12,2.2E7,3.9071603E7,1.7071603E7,,,,
224141,2014-12-25,5.0E7,2.12902372E8,1.62902372E8,,,,
22419,2008-04-13,6000000.0,,,,,,
224204,2013-04-25,,,,,,,
22423,1991-03-15,,,,,,,
224243,2013-10-18,,,,,,,
224282,2013-10-18,,,,,,,
224293,2013-09-28,,,,,,,
224303,2013-10-06,,,,,,,
224339,2013-09-27,,,,,,,
22435,1981-12-18,,,,,,,
224404,2012-06-01,,,,,,,
224414,2012-10-19,,,,,,,
22448,2007-06-29,6000000.0,,,,,,
22450,2003-08-17,,,,,,,
22451,2003-12-23,,,,,,,
22452,2007-06-15,,,,,,,
22454,2009-01-28,,,,,,,
2246,1993-09-29,,4.6405336E7,,2.0,1,,1999-10-04
224600,1970-09-06,,,,,,,
224659,2013-09-26,,,,,,,
22471,1994-10-28,,,,,,,
224714,2010-04-09,,,,,,,
22473,2005-09-09,,,,,,,
224746,2012-11-09,2000000.0,,,,,,
22476,2009-02-05,,,,,,,
22477,1987-01-01,,,,,,,
224778,2013-08-23,,,,,,,
22478,1988-10-13,,,,,,,
22479,1996-08-16,,,,,,,
224813,1973-02-27,,,,,,,
224815,2013-10-30,,,,,,,
22485,2006-04-21,,,,,,,
22488,2006-10-06,,,,,,,
224885,2013-10-04,,,,,,,
224894,2014-06-13,,,,,,,
224919,2013-04-06,,,,,,,
22492,2009-08-14,,1896244.0,,,,,
224923,2013-09-23,,,,,,,
224946,2013-02-15,176199.0,,,,,,
224950,2013-08-29,,,,,,,
224972,2015-01-01,,,,,,,
22498,2008-01-01,,,,,,,
224992,2013-04-02,,,,,,,
225,1981-07-27,,,,3.173076923076923,52,0.938734104769297,2006-06-17
22501,1982-03-24,,,,,,,
22502,2003-06-25,,,,,,,
225038,1915-12-02,,,,,,,
22504,1980-03-19,,,,,,,
225044,2014-03-01,,28208.0,,,,,
22515,2008-09-28,,,,,,,
22520,2006-06-28,,,,,,,
22521,2007-06-06,,,,,,,
22522,1969-12-18,,,,,,,
225235,2013-07-26,,4037782.0,,,,,
22527,1956-12-22,1200000.0,2000000.0,800000.0,,,,
225285,2014-08-01,,,,,,,
22536,2009-04-30,5000000.0,,,,,,
22538,2010-07-27,6.0E7,4.7664559E7,-1.2335441E7,,,,
225403,1969-11-26,,,,,,,
225408,1979-02-01,,,,,,,
22549,1995-05-24,,,,,,,
225499,1946-09-26,,,,,,,
2255,1997-04-04,250000.0,1.2021272E7,1.1771272E7,2.4,5,1.140175425099138,2000-11-22
225503,1921-12-01,,,,,,,
22551,2007-06-11,,,,,,,
22553,1939-10-20,,,,,,,
225534,1968-10-19,,,,,,,
22556,2008-12-17,1.5E7,317000.0,-1.4683E7,,,,
225564,2013-12-11,1400000.0,,,,,,
225565,2014-01-29,8000000.0,2.6049082E7,1.8049082E7,,,,
225574,2014-01-26,5.0E7,2.228096E8,1.728096E8,,,,
22559,2005-01-21,,,,,,,
22561,1976-03-12,,,,,,,
225703,2013-11-07,4500000.0,,,,,,
225728,2015-08-16,1.5E7,1.2601706E7,-2398294.0,,,,
22573,2009-05-03,,,,,,,
225745,2013-04-20,,,,,,,
225762,2013-11-22,,,,,,,
22578,2003-09-09,,,,,,,
22579,2008-02-13,,,,,,,
22582,1992-10-01,,,,,,,
225850,2013-09-07,,,,,,,
22588,1994-10-21,,,,,,,
225886,2014-07-17,4.0E7,1.26069509E8,8.6069509E7,,,,
2259,1993-10-19,2.5E7,,,2.5,11,1.2041594578792296,2003-08-20
22592,1922-09-03,,,,,,,
225940,1962-06-06,,,,,,,
22595,1928-04-07,,,,,,,
225951,2002-11-13,,,,,,,
22597,2000-02-01,1000000.0,1744858.0,744858.0,,,,
225975,2013-10-09,,,,,,,
225982,2008-10-17,,,,,,,
22599,2001-06-01,,,,,,,
226,1999-09-02,2000000.0,1.1540607E7,9540607.0,,,,
2260,2003-05-30,,3117985.0,,2.0,2,0.0,2001-02-05
22600,2008-02-11,,,,,,,
22602,1934-06-05,,,,,,,
226072,2004-07-22,,,,,,,
226092,2006-08-31,,,,,,,
2261,1973-02-04,,,,3.75,4,1.2583057392117916,2002-02-21
22613,1943-02-05,,,,,,,
226140,2014-10-20,,,,,,,
22615,2001-11-07,,,,,,,
22616,1991-01-01,,,,,,,
226167,2013-02-08,,,,,,,
2262,1982-02-08,,,,2.7058823529411766,17,0.985184366143778,2004-07-27
22621,1995-01-20,,,,,,,
22623,2003-12-10,,,,,,,
226247,2010-04-02,,,,,,,
22625,1995-03-16,,,,,,,
226268,2015-10-02,,,,,,,
226269,2013-09-30,,,,,,,
226288,1968-12-28,,,,,,,
226354,2013-11-22,,,,,,,
2264,1981-08-20,,,,3.0,4,0.816496580927726,2015-08-23
22642,1959-10-21,50000.0,,,,,,
22643,2001-11-15,,,,,,,
226437,2013-10-11,,,,,,,
226448,2014-04-20,1000000.0,,,,,,
226486,2014-07-02,2.0E7,1.00525432E8,8.0525432E7,,,,
226524,1975-04-11,,,,,,,
22657,1938-06-28,,,,,,,
226594,1996-09-05,,,,,,,
2266,2006-05-16,1.3E7,4857367.0,-8142633.0,2.6666666666666665,6,0.816496580927726,2001-06-07
22660,1957-12-25,,,,,,,
226630,1985-07-28,,,,,,,
226632,2013-10-07,,,,,,,
226679,1995-04-10,,,,,,,
226686,1986-05-29,,,,,,,
226701,2013-07-22,,,,,,,
226702,2013-04-05,,,,,,,
22672,2007-10-11,,,,,,,
226792,2013-10-07,,,,,,,
22682,1967-01-01,,,,,,,
226857,2014-02-12,2.0E7,3.407792E7,1.407792E7,,,,
22689,1933-07-22,,,,,,,
2269,2006-01-01,4200000.0,3.8862717E7,3.4662717E7,2.7,15,0.9023778112773575,2016-06-14
226936,2013-10-10,,,,,,,
22694,1967-08-23,,,,,,,
226948,2013-10-05,,,,,,,
2270,2007-08-09,7.0E7,1.35560026E8,6.5560026E7,,,,
22701,1965-01-01,,,,,,,
22707,2002-09-21,,405331.0,,,,,
227094,2013-11-15,,,,,,,
22711,1989-12-15,,1.9131E7,,,,,
22717,2009-09-18,75.0,134.0,59.0,,,,
22718,1959-10-01,,,,,,,
227200,2013-10-07,,,,,,,
227257,2011-10-31,500000.0,,,,,,
227266,2013-01-01,,,,,,,
22727,1961-06-02,,,,,,,
227300,2014-10-14,,,,,,,
22731,2008-07-31,,,,,,,
227325,2014-04-24,,,,,,,
227383,2008-02-01,,,,,,,
227425,2013-10-08,,,,,,,
22745,2009-09-24,2500000.0,,,,,,
227481,2003-11-10,,,,,,,
22749,1961-09-13,,,,,,,
22750,1941-04-26,5000.0,,,,,,
22752,1941-06-19,,,,,,,
227552,2012-01-07,,,,,,,
22758,1965-11-28,,,,,,,
227600,2006-10-30,,,,,,,
227667,1986-11-08,,,,,,,
227668,1988-05-15,,,,,,,
227690,1976-03-16,,,,,,,
227700,2013-10-13,,1200000.0,,,,,
227707,2013-12-05,2.5E7,6399.0,-2.4993601E7,,,,
227719,2015-01-29,1.2E7,3.2248241E7,2.0248241E7,,,,
227735,2014-09-12,3.6E7,5.2424533E7,1.6424533E7,,,,
22774,2009-01-01,,,,,,,
227783,2014-01-17,,,,,,,
227800,2013-08-30,,,,,,,
22784,1972-06-14,600000.0,,,,,,
22787,2009-09-09,4.0E7,1.2206028E7,-2.7793972E7,,,,
227871,2012-06-09,,,,,,,
227970,2014-05-02,,,,,,,
227973,2015-11-05,9.9E7,2.46233113E8,1.47233113E8,,,,
22798,2009-09-13,1.5E7,1.6633035E7,1633035.0,,,,
228012,1992-02-06,,,,,,,
228028,2014-01-07,,,,,,,
22803,2009-10-15,5.3E7,1.26690726E8,7.3690726E7,,,,
22804,2009-10-22,1.1E7,6.8233629E7,5.7233629E7,,,,
228066,2015-11-10,4.0E7,3.4227298E7,-5772702.0,,,,
228074,1949-03-01,,,,,,,
228109,2014-11-21,,,,,,,
22812,2006-07-07,,,,,,,
228184,2014-12-25,,,,,,,
22819,2008-01-01,,,,,,,
228194,2014-08-06,2.2E7,8.8880821E7,6.6880821E7,,,,
228198,2013-12-20,,,,,,,
22820,2009-09-30,1.0E7,,,,,,
228202,2013-10-25,,,,,,,
228203,2015-02-20,,4.5710059E7,,,,,
228204,2011-11-23,,,,,,,
228216,2007-03-16,,,,,,,
228221,2010-11-12,,,,,,,
22824,2009-11-06,1.0E7,4.2333295E7,3.2333295E7,,,,
22825,2009-09-17,3.0E7,3.3333531E7,3333531.0,,,,
22826,1994-10-22,,,,,,,
228294,2015-11-05,,,,,,,
22832,2009-09-29,4.0E7,6.0462347E7,2.0462347E7,,,,
228339,2013-12-05,,,,,,,
228358,2014-09-05,,,,,,,
228384,2013-11-14,,,,,,,
2284,2007-11-14,,6.9474661E7,,5.0,1,,2000-08-01
228407,2013-04-09,,,,,,,
22842,2004-01-01,,,,,,,
228444,1951-06-01,,,,,,,
228445,2013-10-12,,,,,,,
228455,1973-01-01,,,,,,,
22855,2009-09-29,,,,,,,
2286,2006-11-15,,,,1.6666666666666667,3,1.1547005383792517,2000-11-22
228606,2013-10-18,,,,,,,
228634,2013-03-25,,,,,,,
228642,2000-07-11,1000000.0,,,,,,
228650,1986-12-11,,,,,,,
228692,2013-10-18,,,,,,,
2287,2005-01-15,,,,3.5,6,1.51657508881031,2006-08-21
22871,1943-12-31,,,,,,,
228736,2013-09-29,,,,,,,
22874,1958-06-26,,,,,,,
228813,2013-10-19,,,,,,,
22882,2009-09-24,,,,,,,
228890,2003-01-18,,,,,,,
2289,2003-12-24,7.9E7,1.73013509E8,9.4013509E7,4.204545454545454,44,0.7178632847278468,2013-02-19
228915,2013-10-25,,,,,,,
22892,1914-07-09,,,,,,,
22894,2010-01-21,,6.7918658E7,,,,,
228970,2014-12-05,1.5E7,5.2501541E7,3.7501541E7,,,,
22899,1966-04-17,,,,,,,
22901,2009-02-05,,,,,,,
22905,2006-01-01,,,,,,,
229056,1949-12-25,,,,,,,
229065,2013-08-28,,,,,,,
22908,1999-08-23,,,,,,,
229088,1990-01-21,,,,,,,
229094,1990-09-30,,,,,,,
229097,1989-11-09,,,,,,,
2291,1990-11-02,2.5E7,2.5965144E7,965144.0,3.848314606741573,89,0.8373541066346155,2016-10-16
22911,2007-08-23,,,,,,,
229134,1963-01-12,,,,,,,
229138,2013-10-31,,,,,,,
229154,2013-10-20,,,,,,,
229182,2013-10-19,,,,,,,
2292,1994-09-13,27000.0,3151130.0,3124130.0,4.0,1,,1999-12-17
229221,1930-04-13,,,,,,,
229297,2014-07-25,1.68E7,5.1029361E7,3.4229361E7,,,,
2293,1995-10-20,6000000.0,2122561.0,-3877439.0,,,,
229304,2015-05-08,,,,,,,
22939,2005-03-11,,,,,,,
22949,2009-11-24,3.5E7,9.221931E7,5.721931E7,,,,
2295,2006-05-25,,2.6888376E7,,4.0,2,0.0,2005-03-31
229526,2013-10-18,,,,,,,
229559,2014-04-25,,,,,,,
229582,2013-11-06,,,,,,,
229594,1995-04-25,,,,,,,
229613,2012-03-30,,,,,,,
229638,1937-11-06,,,,,,,
229670,1978-02-24,,,,,,,
2297,1991-11-15,1.1E7,,,3.0384615384615383,13,1.0299987552892655,2014-11-16
22970,2012-04-12,,6.648608E7,,,,,
22971,2010-02-04,2.5E7,1.14977104E8,8.9977104E7,,,,
22972,2010-03-11,,9.4882889E7,,,,,
22975,1979-01-26,,,,,,,
229757,1947-08-04,,,,,,,
22976,1986-05-30,,112132.0,,,,,
22985,1951-05-25,,,,,,,
229878,2013-10-24,,,,,,,
22994,1944-01-27,,,,,,,
22998,1983-12-16,,1.3030214E7,,,,,
230029,2013-10-24,,,,,,,
230031,2012-12-02,,,,,,,
23014,1941-04-25,,,,,,,
230158,2013-11-01,,,,,,,
230170,2013-11-23,,,,,,,
230179,2014-09-05,8500000.0,7500000.0,-1000000.0,,,,
230182,1956-04-27,,,,,,,
2302,1990-10-05,,,,3.5526315789473686,76,0.9294405032721604,2016-08-17
23020,1954-01-01,,,,,,,
230211,2013-12-05,,,,,,,
230217,2013-12-12,,,,,,,
23022,1949-05-28,,,,,,,
23023,2010-01-14,4.8E7,1.12462508E8,6.4462508E7,,,,
230232,2013-10-24,,,,,,,
230235,2014-03-21,,,,,,,
23024,1934-09-28,,,,,,,
230284,1933-08-31,,,,,,,
230295,2000-08-31,,,,,,,
23030,1966-05-04,4800000.0,,,,,,
23033,1942-04-03,,,,,,,
23044,2009-08-28,,,,,,,
230471,1962-09-12,,,,,,,
23048,2010-03-26,3.6E7,6.4572262E7,2.8572262E7,,,,
23051,1943-06-12,,,,,,,
230588,2013-10-28,,,,,,,
230628,2012-02-11,,,,,,,
230680,2004-11-10,,,,,,,
23069,1974-10-17,,,,,,,
2307,1995-04-28,,,,4.0,1,,2000-01-17
230722,2013-11-07,,,,,,,
23077,2006-08-01,,,,,,,
230779,2014-03-28,1.0E7,,,,,,
23082,2009-09-13,1.85E7,3.1912793E7,1.3412793E7,,,,
230864,2013-10-12,,,,,,,
230867,2013-10-15,,,,,,,
23096,1983-05-06,,,,,,,
231,2005-11-23,5.0E7,9.4E7,4.4E7,3.1107594936708862,158,1.1491112845743219,2016-08-17
2310,2007-11-05,,1.95735876E8,,4.0,5,1.224744871391589,2008-12-09
231009,1959-10-28,,,,,,,
23102,1957-07-10,,,,,,,
231020,2013-10-10,,,,,,,
231038,2013-11-13,,,,,,,
23104,1941-05-14,,,,,,,
23107,1942-04-01,,,,,,,
231082,2013-10-29,,,,,,,
23114,1936-03-06,,,,,,,
231145,2013-04-16,,,,,,,
23115,1954-12-16,,,,,,,
23116,2009-09-22,,,,,,,
231176,2013-10-31,,,,,,,
2312,2007-11-29,6.0E7,,,3.7333333333333334,15,0.9036961141150639,2012-06-23
231218,2001-08-16,,,,,,,
23122,1934-09-11,,,,,,,
23126,1945-07-27,,,,,,,
23127,2009-09-12,,,,,,,
23128,2009-07-31,,1162422.0,,,,,
2313,2005-09-21,,,,3.857142857142857,28,0.8591246929842248,2015-06-10
23134,2006-11-07,,,,,,,
231401,2013-12-05,,,,,,,
231472,1996-11-29,,,,,,,
23148,1972-10-12,,,,,,,
23150,2007-12-01,,,,,,,
23151,2007-12-29,,,,,,,
23152,1951-08-29,,,,,,,
23153,2008-02-09,,,,,,,
23154,2008-05-24,,,,,,,
23155,2008-08-16,,,,,,,
231562,2013-02-21,,,,,,,
231565,2013-10-31,,,,,,,
23160,2000-07-12,,25461.0,,,,,
231625,2013-09-28,,,,,,,
23166,2008-12-20,,,,,,,
23167,2009-08-08,,,,,,,
23168,2010-09-15,3.7E7,1.54026136E8,1.17026136E8,,,,
23169,2010-03-12,1.6E7,5.6032889E7,4.0032889E7,,,,
23172,2010-01-15,2.8E7,4.5236543E7,1.7236543E7,,,,
231763,1901-01-01,,,,,,,
231812,2013-09-22,,,,,,,
23196,1992-09-18,4000000.0,,,,,,
2320,1996-03-15,5.5E7,1.21969216E8,6.6969216E7,2.75,4,0.9574271077563381,2004-07-27
23200,2005-05-26,3600000.0,,,,,,
232005,1971-10-03,,,,,,,
232034,1953-05-30,,,,,,,
2321,1988-08-19,,2.1486757E7,,3.625,64,0.9085135251589957,2016-06-27
23210,1993-12-08,,,,,,,
232351,2013-11-13,,,,,,,
23239,1996-01-01,,,,,,,
232496,2000-07-06,,,,,,,
23253,1932-08-19,,,,,,,
232572,2015-09-02,8000000.0,3.5991087E7,2.7991087E7,,,,
232610,2013-11-15,,,,,,,
232672,2014-05-21,4.0E7,1.2349461E8,8.349461E7,,,,
232679,2014-08-22,1.5E7,3.0127963E7,1.5127963E7,,,,
232711,2000-03-02,,,,,,,
232728,1995-07-13,,,,,,,
232731,2013-12-31,,,,,,,
232739,1997-08-01,,,,,,,
232795,2001-04-19,,,,,,,
23280,1939-02-18,,,,,,,
23281,1944-11-24,,,,,,,
232817,2004-01-08,,,,,,,
23282,1920-09-01,,,,,,,
23283,1940-05-24,,,,,,,
232862,1991-03-16,,,,,,,
232866,1966-11-06,,,,,,,
23289,1999-10-15,,,,,,,
232898,2013-10-22,,,,,,,
232943,1908-01-01,,,,,,,
233,1979-07-13,,2.3E7,,4.269230769230769,13,0.599144689515278,2014-07-24
23305,2001-09-23,,,,,,,
233063,2013-11-07,5000000.0,,,,,,
2331,1999-12-25,2.0E7,,,3.7777777777777777,9,0.97182531580755,2001-06-07
233112,2013-11-29,,,,,,,
23312,1977-01-01,,,,,,,
2332,2000-03-24,,6.0726164E7,,,,,
233204,1968-10-16,,,,,,,
233208,2013-10-28,,,,,,,
23325,1950-04-14,,,,,,,
2333,2008-12-25,,,,3.608695652173913,23,0.8112353337955756,2011-01-28
23330,1970-05-13,3716946.0,5000000.0,1283054.0,,,,
23334,1949-11-28,,,,,,,
23336,1942-05-27,,,,,,,
233383,1970-12-10,,,,,,,
23340,1947-01-15,,,,,,,
233438,1966-05-11,,,,,,,
233466,2013-10-01,,,,,,,
233490,2015-06-07,,,,,,,
233639,2013-03-21,,,,,,,
23367,2009-08-06,,5210988.0,,,,,
23377,2004-07-27,,,,,,,
233805,2009-04-04,,,,,,,
23381,2006-04-27,,,,,,,
233841,2013-07-19,,,,,,,
23385,2008-10-28,,,,,,,
23388,1943-07-30,,,,,,,
233880,1999-01-01,,,,,,,
23389,1936-06-04,,,,,,,
233917,2013-11-14,,,,,,,
23397,1978-03-18,,,,,,,
234004,2016-04-13,2.0E7,8821329.0,-1.1178671E7,,,,
23410,2009-01-01,,,,,,,
234154,1997-01-01,,,,,,,
234212,2015-02-12,3000000.0,3387000.0,387000.0,,,,
23423,2001-06-17,,,,,,,
234284,2010-03-05,,,,,,,
23431,2007-01-11,,,,,,,
23438,1991-05-24,,,,,,,
23439,1960-06-21,270000.0,1450000.0,1180000.0,,,,
23449,1996-04-19,,,,,,,
234652,2012-10-12,,,,,,,
23470,1993-09-20,,4916135.0,,,,,
2348,1994-04-08,,616938.0,,3.4545454545454546,11,1.3684762594679063,2012-08-05
23483,2010-03-22,2.8E7,9.6188903E7,6.8188903E7,,,,
234850,1998-12-18,,,,,,,
234868,1957-07-11,,,,,,,
234931,2012-10-01,,,,,,,
234937,2006-10-05,130.0,,,,,,
23495,2006-10-22,,254190.0,,,,,
235,1986-08-22,8000000.0,5.2287414E7,4.4287414E7,3.9038461538461537,78,1.0001872951475763,2016-07-17
235044,2013-11-07,,,,,,,
23508,2008-08-08,,,,,,,
235092,1962-08-31,,,,,,,
235093,2013-11-10,,,,,,,
23518,1964-02-12,,,,,,,
235199,2001-11-10,,,,,,,
23520,2004-10-20,,,,,,,
235201,2007-09-08,,,,,,,
23523,2005-05-20,,,,,,,
23524,2007-04-28,,,,,,,
23525,1957-05-30,,,,,,,
235260,2014-02-28,2.2E7,6.7800064E7,4.5800064E7,,,,
23527,2009-05-13,,,,,,,
235373,2012-07-17,,,,,,,
23538,2006-06-15,4700000.0,,,,,,
23544,1971-02-02,,,,,,,
235450,2010-05-14,,,,,,,
2355,2007-03-23,2.0E7,2.2222308E7,2222308.0,3.6095238095238096,105,0.9224261289501525,2016-08-17
23550,2001-03-16,,215339.0,,,,,
23566,2009-09-15,,,,,,,
235662,2013-11-09,,,,,,,
23567,1949-08-19,,,,,,,
235679,1935-10-18,,,,,,,
23568,2009-10-03,4000000.0,,,,,,
235690,2008-06-04,,,,,,,
23570,1996-05-03,8000000.0,,,,,,
235704,2013-11-05,,,,,,,
235708,2004-10-21,,,,,,,
23574,1964-05-12,2.0E7,,,,,,
23590,1933-12-15,,,,,,,
235932,1952-11-12,,,,,,,
23594,2004-01-01,400000.0,,,,,,
23599,1987-01-16,,,,,,,
236,1994-09-29,3000000.0,1.5119639E7,1.2119639E7,3.3583333333333334,60,0.8591070781639578,2013-06-01
236007,2006-09-07,,,,,,,
23601,2004-01-20,3000000.0,2037545.0,-962455.0,,,,
236035,1997-03-25,,,,,,,
23604,2003-05-01,,,,,,,
236041,1983-02-21,,,,,,,
23606,1991-10-19,,,,,,,
236112,1950-01-20,,,,,,,
23615,1982-11-09,,,,,,,
23618,2000-08-18,,,,,,,
2362,1973-10-22,,,,2.75,4,1.5,2005-12-30
23620,1954-03-14,,,,,,,
23626,2003-03-28,,604856.0,,,,,
23631,2010-09-01,,3.1327899E7,,,,,
236314,2013-10-31,,,,,,,
236317,2013-10-25,,,,,,,
236324,2013-08-31,,,,,,,
236329,2013-11-07,,,,,,,
236368,2013-11-11,,,,,,,
23637,1992-10-01,,,,,,,
236395,1934-03-16,,,,,,,
236399,2014-01-18,,,,,,,
236417,2013-10-16,,,,,,,
23655,2000-06-08,,,,,,,
236570,1965-05-26,,,,,,,
236655,1942-08-21,,,,,,,
236751,2014-04-16,1.2E7,1.01332962E8,8.9332962E7,,,,
236808,2013-11-14,,,,,,,
23683,2008-10-16,,,,,,,
23685,2001-02-23,,5409517.0,,,,,
236873,2013-09-28,,,,,,,
23691,2006-01-01,,,,,,,
237,2003-09-26,6400000.0,2500000.0,-3900000.0,3.1911764705882355,34,1.051800086736968,2006-12-20
2370,1969-12-18,4000000.0,6000000.0,2000000.0,3.3333333333333335,3,1.1547005383792517,2000-11-22
23703,2005-01-01,,,,,,,
23706,2009-09-04,1.5E7,4.0105542E7,2.5105542E7,,,,
237156,1947-04-24,,,,,,,
23717,2007-07-29,,,,,,,
23719,1994-12-02,,5777916.0,,,,,
23720,2009-09-16,,,,,,,
237214,2014-07-19,390000.0,3.0,-389997.0,,,,
23724,1960-11-04,,,,,,,
23736,2009-08-26,,,,,,,
23742,2010-02-26,3.0E7,5.5583804E7,2.5583804E7,,,,
237422,1992-04-04,,,,,,,
237433,1935-05-27,,,,,,,
237506,2002-11-09,,,,,,,
237549,1987-04-12,,,,,,,
237584,2015-04-18,,,,,,,
23759,2010-02-15,1.2E7,6814789.0,-5185211.0,,,,
23761,1976-11-13,340000.0,,,,,,
23764,2007-08-29,,,,,,,
23767,2007-12-14,,,,,,,
237672,1993-04-14,,,,,,,
237692,2013-10-22,,,,,,,
237710,2013-11-16,,,,,,,
237756,2015-04-10,,,,,,,
237796,1998-04-28,,,,,,,
237808,2013-11-12,,,,,,,
237811,2013-11-13,,,,,,,
237957,1989-12-31,,,,,,,
237960,2013-03-13,,,,,,,
237983,2001-09-10,,,,,,,
238,1972-03-14,6000000.0,2.45066411E8,2.39066411E8,3.0,5,1.224744871391589,2001-01-22
238006,2013-11-15,,,,,,,
238008,1945-07-10,,,,,,,
23802,1994-01-01,,,,,,,
23807,1983-07-22,,,,,,,
23808,2009-05-09,,,,,,,
238090,1986-11-02,,,,,,,
23817,2006-01-01,,,,,,,
238177,2013-11-17,,,,,,,
238185,2013-11-25,,,,,,,
238203,1937-05-01,,,,,,,
238206,2013-11-18,,,,,,,
238222,2013-11-19,,,,,,,
23825,2005-02-27,,,,,,,
23827,2007-09-14,15000.0,1.933558E8,1.933408E8,,,,
2383,1988-10-21,,1.38241022E8,,1.7083333333333333,12,1.3048568945104728,2013-04-20
23830,2010-05-11,,7644937.0,,,,,
238302,2013-11-05,7500000.0,,,,,,
238307,1987-04-19,,,,,,,
238362,1941-04-27,,,,,,,
238397,1974-01-01,,,,,,,
238398,2014-03-23,,,,,,,
238399,2013-11-23,,,,,,,
238407,2013-10-19,,,,,,,
238442,2004-11-20,35000.0,,,,,,
238456,1987-01-01,,,,,,,
238458,1993-01-09,,,,,,,
238475,2014-01-31,,,,,,,
238478,2013-12-09,,,,,,,
238529,2011-03-21,,,,,,,
23853,2002-05-21,,,,,,,
23854,2009-10-30,5000000.0,,,,,,
23855,2002-06-28,,,,,,,
23857,2004-09-17,,,,,,,
23861,1948-12-23,,,,,,,
238616,1950-05-26,,,,,,,
238628,2013-10-16,,,,,,,
238713,2015-05-06,6.5E7,2.35666219E8,1.70666219E8,,,,
238869,2013-10-03,,,,,,,
238925,2013-11-21,,,,,,,
238972,1998-11-23,,,,,,,
238997,2011-10-29,,,,,,,
239,1959-03-18,2883848.0,2.5E7,2.2116152E7,2.933333333333333,15,1.237316604977231,2016-05-11
239018,2014-02-19,,,,,,,
239033,1995-04-29,,,,,,,
23908,1992-04-24,,,,,,,
239091,1959-03-01,,,,,,,
239103,2013-11-12,,,,,,,
239123,2007-11-01,,,,,,,
239155,2013-10-16,,,,,,,
23916,1978-09-22,,7185518.0,,,,,
239180,2013-11-23,,,,,,,
23919,1985-03-22,,2.0518905E7,,,,,
23924,1942-12-07,,,,,,,
239367,2014-02-22,,,,,,,
23939,1992-08-14,2.5E7,1.0736401E7,-1.4263599E7,,,,
239417,2005-12-01,,,,,,,
23943,1982-07-23,,,,,,,
239498,2007-06-25,,,,,,,
2395,2008-01-13,9.72504E7,1.329E8,3.56496E7,3.963235294117647,68,0.9155219393451477,2016-08-17
23951,2009-03-14,,,,,,,
239513,2001-05-21,,,,,,,
239534,2011-11-11,,,,,,,
23954,1980-09-02,7200000.0,1.2729678E7,5529678.0,,,,
239563,2014-10-09,1.3E7,5.4837234E7,4.1837234E7,,,,
239566,2014-08-01,,3.1911598E7,,,,,
23957,1979-11-02,,,,,,,
239573,2015-03-05,,1.4431253E7,,,,,
23963,2009-03-06,1500000.0,32000.0,-1468000.0,,,,
23965,2004-11-13,,,,,,,
23967,2002-06-13,,,,,,,
2397,1998-01-01,,,,3.5,2,0.7071067811865476,2000-11-22
239706,2004-07-25,,,,,,,
239747,2011-07-06,,,,,,,
23976,2009-04-24,,26042.0,,,,,
239783,1998-11-27,,,,,,,
23981,1991-02-15,,,,,,,
23986,2002-05-15,,,,,,,
239877,2013-11-28,,,,,,,
23988,2009-10-27,108.0,,,,,,
23990,2000-05-26,,,,,,,
23995,2003-11-07,,,,,,,
23996,2009-04-01,,,,,,,
23997,2009-04-17,,,,,,,
23998,1992-11-27,,,,,,,
23999,1977-11-01,,,,,,,
24,2003-10-10,3.0E7,1.80949E8,1.50949E8,3.0441176470588234,34,1.1439408695437354,2016-05-08
240,1974-12-20,,4.7542841E7,,3.4,5,1.140175425099138,2000-11-22
24002,1951-10-31,,,,,,,
24003,1952-06-16,,,,,,,
24004,1952-07-11,,,,,,,
24005,1952-07-18,,,,,,,
24007,2007-08-14,,,,,,,
24010,1956-08-31,,,,,,,
24012,1957-06-13,,,,,,,
24014,1960-10-07,,,,,,,
240154,2005-11-29,,,,,,,
24019,2003-12-07,6.0E7,,,,,,
24020,1999-07-24,,,,,,,
24021,2010-06-23,6.8E7,6.98491347E8,6.30491347E8,,,,
24023,2009-06-25,,,,,,,
24025,2009-10-06,,,,,,,
240268,2013-11-29,20000.0,,,,,,
24032,1977-10-07,,4.1687243E7,,,,,
240341,2014-06-28,,,,,,,
24037,2008-01-10,,1.1095236E7,,,,,
24041,2006-10-05,,,,,,,
24043,2005-11-04,,,,,,,
24047,1994-10-25,,,,,,,
240478,2008-01-01,,,,,,,
240510,2014-02-20,,,,,,,
24055,2005-01-17,,,,,,,
24056,2009-05-01,8000000.0,,,,,,
24057,1997-05-18,,,,,,,
24060,2007-09-09,,,,,,,
240628,1964-01-02,,,,,,,
240634,2013-11-30,,,,,,,
24065,1992-09-11,800000.0,,,,,,
24066,1999-12-03,1700000.0,1943649.0,243649.0,,,,
240679,2013-10-17,,,,,,,
240723,2013-10-29,,,,,,,
24077,1989-02-01,,,,,,,
240789,2009-10-09,,50656.0,,,,,
240820,2013-12-01,,,,,,,
240832,2014-07-14,4.0E7,1.26546825E8,8.6546825E7,,,,
24084,1972-01-01,,,,,,,
24086,1986-08-15,,7177431.0,,,,,
24091,2009-04-01,,,,,,,
240913,2013-11-29,,,,,,,
240968,1970-12-03,,,,,,,
24097,1973-09-01,,,,,,,
240982,2012-10-12,,,,,,,
24099,1984-08-15,,1.2145169E7,,,,,
240992,1961-01-02,,,,,,,
241,1994-08-25,,5.0282766E7,,3.5,4,1.9148542155126762,2000-11-22
24100,2000-10-27,2.2E7,1.3555988E7,-8444012.0,,,,
241004,1972-12-13,,,,,,,
24102,2000-12-05,,,,,,,
241058,1996-07-12,,,,,,,
24106,1934-05-07,,,,,,,
241071,2014-01-31,,,,,,,
24109,1977-03-18,3000000.0,,,,,,
24113,2001-04-27,,1.0372291E7,,,,,
241140,2013-12-11,,,,,,,
24116,2009-05-01,,,,,,,
241206,1949-04-16,,,,,,,
24122,2009-09-16,,,,,,,
24123,2005-05-12,,,,,,,
241239,2014-12-30,,1.200707E7,,,,,
24124,1981-05-08,1500000.0,,,,,,
241254,2014-08-22,,2.665868E8,,,,,
241257,2015-10-01,,1.7671101E7,,,,,
241258,2016-12-01,5000000.0,6341855.0,1341855.0,,,,
241259,2016-05-25,1.7E8,2.99370084E8,1.29370084E8,,,,
24126,1993-05-01,,,,,,,
24128,1984-11-16,1200000.0,4978922.0,3778922.0,,,,
241287,2013-12-05,,,,,,,
24129,1982-02-12,,,,,,,
24133,2008-11-11,,,,,,,
24134,1965-08-03,,,,,,,
24137,1999-04-15,1.4E7,1.8535191E7,4535191.0,,,,
24140,1981-11-13,,,,,,,
241448,2013-04-15,1059300.0,,,,,,
24149,2008-07-08,,,,,,,
24150,2009-08-28,1.5E7,3.9421467E7,2.4421467E7,,,,
24152,1969-12-12,,,,,,,
24154,2007-08-25,,,,,,,
241562,1988-01-01,,,,,,,
241573,2014-01-10,,,,,,,
241574,1958-08-01,,,,,,,
24159,2006-06-02,,,,,,,
24161,1985-01-01,,,,,,,
241619,2008-10-29,,,,,,,
241620,2008-12-07,,,,,,,
24163,1988-06-09,,,,,,,
241639,2014-02-26,,,,,,,
24166,2001-05-15,,,,,,,
24168,2008-01-01,,,,,,,
241693,2013-11-01,3400000.0,,,,,,
241739,2012-07-07,800000.0,,,,,,
241742,2013-10-04,,,,,,,
241763,1978-03-05,,,,,,,
241765,2014-03-11,4000000.0,,,,,,
24177,2000-09-14,,,,,,,
241797,1967-02-15,,,,,,,
24182,1992-07-30,,,,,,,
241843,2014-10-10,,581011.0,,,,,
241848,2014-09-17,5000000.0,2367161.0,-2632839.0,,,,
24185,2006-04-21,,,,,,,
241855,2014-03-20,,49970.0,,,,,
241863,2014-11-15,,,,,,,
24188,1962-12-04,,,,,,,
241882,2013-12-05,,,,,,,
241885,2013-11-06,,,,,,,
24190,2003-08-28,,,,,,,
24192,1964-09-04,,,,,,,
241927,2015-09-25,,,,,,,
241928,2014-03-06,,,,,,,
241930,2013-12-06,,,,,,,
24195,1999-01-25,,,,,,,
241968,2014-04-30,,,,,,,
24197,1941-01-30,,,,,,,
24198,2007-12-18,,,,,,,
241999,2012-12-02,,,,,,,
242,1990-12-24,5.4E7,1.36766062E8,8.2766062E7,3.75,4,0.5,2000-05-11
24200,2006-09-11,,,,,,,
24202,2007-05-16,,,,,,,
24203,1957-08-02,,,,,,,
242033,2013-11-14,1700000.0,,,,,,
242049,2014-05-17,,,,,,,
24206,1996-06-26,1.5E7,76382.0,-1.4923618E7,,,,
242090,2014-08-08,,,,,,,
242093,2014-05-29,,,,,,,
242102,1975-08-20,1250000.0,,,,,,
242115,1945-06-01,,,,,,,
242131,1933-06-09,,,,,,,
24220,2007-06-01,1600000.0,,,,,,
24223,2004-01-01,,,,,,,
24226,1982-12-08,1.6E7,5.397725E7,3.797725E7,,,,
242262,2013-11-24,,,,,,,
24229,1964-07-07,,,,,,,
24230,1992-12-26,,,,,,,
242310,2014-05-09,2.1E7,,,,,,
242332,1937-09-01,,,,,,,
24235,2005-03-12,,,,,,,
242354,1960-03-18,,,,,,,
24236,1972-07-12,,,,,,,
242376,2013-09-10,,,,,,,
242378,1947-11-01,,,,,,,
24243,2010-05-22,,,,,,,
242452,2013-12-18,,,,,,,
242458,2013-12-11,,,,,,,
242462,2014-03-07,,,,,,,
242466,2013-01-01,,,,,,,
24249,1990-03-09,,,,,,,
24251,2003-12-09,,,,,,,
242512,2014-10-24,5000000.0,1.03590271E8,9.8590271E7,,,,
24253,2009-09-18,,6.6995253E7,,,,,
24254,1989-08-16,,3169719.0,,,,,
242551,2013-08-06,,,,,,,
242575,2013-10-18,4000000.0,,,,,,
242582,2014-10-23,,3.8697217E7,,,,,
24260,1980-12-03,,,,,,,
242629,1957-04-01,,,,,,,
242631,1953-07-15,,,,,,,
24264,1984-08-17,2.5E7,5778353.0,-1.9221647E7,,,,
242643,2014-08-12,,4571025.0,,,,,
24266,1982-03-02,3500000.0,2.0659423E7,1.7159423E7,,,,
242661,2014-01-16,,,,,,,
242683,1938-12-29,,,,,,,
24271,2009-05-09,2.0E7,,,,,,
24272,1999-11-07,,,,,,,
24273,2001-01-21,1.5E7,,,,,,
24276,1987-08-28,4000000.0,1680358.0,-2319642.0,,,,
2428,1965-02-15,2.0E7,1.5473333E7,-4526667.0,2.590909090909091,22,1.0649878563622845,2016-05-08
242835,1963-08-07,,,,,,,
243,2000-03-17,3.0E7,4.7126295E7,1.7126295E7,4.0,1,,1996-10-20
243026,1955-01-01,,,,,,,
243233,2013-10-25,,,,,,,
243279,2011-01-01,,,,,,,
2433,1967-03-08,,,,3.1578947368421053,19,1.0678721258619788,2011-01-28
24331,1991-06-28,,1.4225876E7,,,,,
243312,1966-01-01,,,,,,,
24341,1987-03-01,,,,,,,
243416,1969-01-01,,,,,,,
243462,2006-03-06,,,,,,,
243473,1995-03-29,,,,,,,
24348,1988-04-29,2500000.0,589244.0,-1910756.0,,,,
24349,1971-12-22,,,,,,,
243531,2014-01-17,,,,,,,
243565,1938-07-29,,,,,,,
243568,2014-01-25,,,,,,,
24357,2003-03-21,,,,,,,
243599,2011-11-27,,,,,,,
24363,2005-04-15,,,,,,,
24365,2006-12-13,,,,,,,
243683,2014-07-16,4.5E7,8.6165646E7,4.1165646E7,,,,
243688,2015-05-20,,9.5437994E7,,,,,
243752,2015-04-30,,,,,,,
243764,1986-01-01,,,,,,,
243794,2013-09-01,7000000.0,,,,,,
24381,1953-03-04,,,,,,,
24382,1958-06-06,,,,,,,
243860,1957-08-29,,,,,,,
24388,2007-09-14,,,,,,,
243881,2013-12-08,,,,,,,
24392,2010-01-01,1000000.0,,,,,,
243934,2004-03-31,,,,,,,
243935,2014-03-21,,206909.0,,,,,
243938,2015-02-20,1.4E7,1.2314651E7,-1685349.0,,,,
243940,2015-01-29,,6.4110728E7,,,,,
24395,1965-06-22,,,,,,,
24397,2006-04-28,,,,,,,
243984,1971-01-01,,,,,,,
2440,2000-09-09,,,,4.0,4,0.816496580927726,2012-08-06
24402,1974-06-25,,,,,,,
244046,2014-04-24,,,,,,,
244049,2013-12-19,750000.0,1.2E7,1.125E7,,,,
244063,2014-01-08,,,,,,,
24408,2004-01-01,,,,,,,
244088,2014-01-09,6000000.0,5809330.0,-190670.0,,,,
24409,2006-06-13,,,,,,,
24410,2008-12-20,,,,,,,
244114,2013-12-12,,,,,,,
244117,2015-08-29,,,,,,,
244151,1937-07-17,,,,,,,
24417,2007-10-23,,,,,,,
244182,1972-01-01,,,,,,,
24420,2009-08-14,,1.01229792E8,,,,,
24426,2008-12-03,,,,,,,
244267,2014-07-18,,336472.0,,,,,
244268,2014-02-07,,2262223.0,,,,,
24428,2012-04-25,2.2E8,1.51955791E9,1.29955791E9,,,,
24429,1978-12-08,,,,,,,
24439,2006-09-19,,,,,,,
24440,2006-10-02,,,,,,,
244418,1984-01-01,,,,,,,
24444,1971-01-13,,,,,,,
244447,1935-12-20,,,,,,,
244449,1983-01-01,,,,,,,
244458,2014-01-19,,,,,,,
24450,2009-09-18,,,,,,,
244506,2014-10-17,1000000.0,59744.0,-940256.0,,,,
24452,1960-09-14,,,,,,,
244534,2014-06-26,,,,,,,
244539,2014-01-18,,1430655.0,,,,,
244566,2014-08-15,2400000.0,88273.0,-2311727.0,,,,
244575,1970-12-19,,,,,,,
24458,2009-09-21,,,,,,,
244580,2014-01-19,,,,,,,
24461,2005-09-09,,,,,,,
244610,2013-12-12,,,,,,,
244636,1952-06-20,,,,,,,
24469,2009-05-14,,2357852.0,,,,,
244698,1988-06-10,,,,,,,
24476,2000-07-25,,,,,,,
244761,2014-06-10,,1075178.0,,,,,
244776,2014-01-20,,,,,,,
244786,2014-10-10,3300000.0,1.3092E7,9792000.0,,,,
24481,1950-12-25,,,,,,,
244836,1996-05-01,,,,,,,
244838,1995-01-01,,,,,,,
244852,2014-04-18,,,,,,,
24486,1988-10-21,,,,,,,
24487,2009-08-21,,,,,,,
24488,2002-05-19,,,,,,,
244971,2013-10-24,,,,,,,
24499,2007-05-19,,,,,,,
245,2002-04-26,2.7E7,1.29E8,1.02E8,3.0,1,,2000-01-08
245013,2005-08-19,,,,,,,
245025,2007-01-18,,,,,,,
245073,1971-09-24,,,,,,,
245169,2013-12-06,,,,,,,
245175,2014-01-10,,,,,,,
245184,1989-02-15,,,,,,,
245226,2013-12-22,,,,,,,
24525,1998-12-25,,,,,,,
245260,1998-01-02,,,,,,,
24527,1993-09-29,,,,,,,
245324,1986-10-24,,,,,,,
245367,1996-04-03,,,,,,,
24546,2005-03-08,1.5E7,,,,,,
245473,2014-01-17,,,,,,,
2455,1983-08-10,,,,3.393617021276596,47,1.0050750037595395,2016-01-15
245527,2014-01-23,,,,,,,
24553,2005-09-01,,,,,,,
24556,2005-01-11,,,,,,,
24558,1990-02-09,1500000.0,5585154.0,4085154.0,,,,
245589,2014-01-14,,,,,,,
24560,1998-01-01,,,,,,,
24563,1967-01-01,,,,,,,
24564,2007-05-30,,,,,,,
24566,2008-09-05,,,,,,,
24567,2008-09-08,,,,,,,
24568,1967-09-01,,,,,,,
245692,2014-11-26,2.5E7,,,,,,
245698,2015-09-16,,5578519.0,,,,,
2457,1945-03-15,,,,3.2,5,0.8366600265340756,2003-12-18
24570,1970-09-20,,,,,,,
245703,2016-02-18,1.8E7,6212282.0,-1.1787718E7,,,,
24571,1972-05-05,,,,,,,
245775,2014-01-08,,2.102629E7,,,,,
24578,2007-08-18,,,,,,,
245792,2013-12-08,,,,,,,
24582,2006-09-09,,240239.0,,,,,
24584,1998-08-16,,,,,,,
245844,2014-02-28,,,,,,,
245846,2015-07-01,,17472.0,,,,,
24585,1985-12-04,,3333306.0,,,,,
245855,2014-01-19,,49667.0,,,,,
245891,2014-10-22,,8.8761661E7,,,,,
24590,2006-01-25,,,,,,,
245906,2014-10-27,,111996.0,,,,,
245909,2011-06-19,,,,,,,
245916,2014-10-09,5000000.0,2450846.0,-2549154.0,,,,
245917,2013-07-04,,,,,,,
245950,2014-01-23,14000.0,,,,,,
245963,2014-09-01,,,,,,,
2460,1996-05-20,,,,3.4,5,1.51657508881031,2015-09-06
246011,2014-06-06,,25781.0,,,,,
246013,2014-01-19,,,,,,,
24603,2009-10-16,7500000.0,,,,,,
246049,1974-06-04,,,,,,,
246080,2014-12-05,,1171559.0,,,,,
246127,2015-04-02,,8034.0,,,,,
24615,2005-01-01,,,,,,,
24617,2002-06-09,,,,,,,
24618,2005-09-03,1.4E7,6856989.0,-7143011.0,,,,
24619,2003-12-14,5000000.0,,,,,,
2462,1969-09-10,,,,2.125,4,0.8539125638299665,2005-03-22
246213,1947-01-01,,,,,,,
246218,2013-12-19,,,,,,,
24624,2006-04-25,1.5E7,,,,,,
24625,2001-01-01,,,,,,,
246252,2011-01-20,,,,,,,
24626,1988-10-23,,,,,,,
246299,1932-04-07,,,,,,,
246308,2013-11-07,,,,,,,
246314,2013-12-20,,,,,,,
24632,2007-05-22,,,,,,,
246320,2014-02-12,1.364E7,,,,,,
246355,2003-01-01,,,,,,,
246400,2014-07-05,,,,,,,
246417,1991-12-29,,,,,,,
24645,1992-01-01,,,,,,,
246457,1977-02-06,,,,,,,
24646,1991-12-25,,,,,,,
24649,2002-09-25,,,,,,,
24650,1949-07-02,,,,,,,
24653,2004-09-24,,,,,,,
24655,1977-05-12,,,,,,,
246594,2014-01-28,,,,,,,
24663,2009-02-07,,,,,,,
246648,1964-01-01,,,,,,,
246654,2000-01-01,,,,,,,
246655,2016-05-18,1.78E8,5.43934787E8,3.65934787E8,,,,
246699,2013-12-02,,,,,,,
24671,2005-09-12,,,,,,,
246743,2014-01-18,,,,,,,
24675,2003-06-03,,,,,,,
24676,2006-05-09,,,,,,,
24678,2001-02-12,,,,,,,
24679,1988-07-01,,,,,,,
24681,2009-01-01,,,,,,,
24683,2007-01-01,,,,,,,
24685,2004-10-06,,,,,,,
24686,2009-03-05,3500000.0,9112193.0,5612193.0,,,,
2469,1989-12-12,,,,3.3181818181818183,22,0.9579921282290986,2015-08-23
246917,2004-07-15,,,,,,,
24696,2007-10-02,,,,,,,
247,1956-05-08,320000.0,,,3.6511627906976742,43,1.0664520825132222,2015-06-11
24707,2008-10-04,,,,,,,
24709,1990-01-01,,,,,,,
247112,1977-10-01,,,,,,,
24712,2009-11-04,,,,,,,
247158,2011-03-31,,,,,,,
247182,2014-08-29,,,,,,,
247218,2014-01-01,,,,,,,
24731,1990-05-04,,,,,,,
24732,1995-08-13,,,,,,,
24734,1991-10-09,,3106559.0,,,,,
24735,1985-08-21,,,,,,,
24739,1989-05-19,3000000.0,1145404.0,-1854596.0,,,,
247414,2003-12-10,,,,,,,
247436,1996-01-01,,,,,,,
247446,1965-11-05,,,,,,,
247447,2000-01-01,,,,,,,
24745,1982-09-12,,,,,,,
247451,1953-02-10,,,,,,,
24746,1998-09-18,2000000.0,124494.0,-1875506.0,,,,
24747,2004-04-30,,,,,,,
24748,1963-05-29,2500000.0,1.0E7,7500000.0,,,,
247488,2004-05-26,,,,,,,
247500,2008-05-16,,,,,,,
247504,2014-01-10,5900000.0,1.9E7,1.31E7,,,,
24751,1956-03-28,,,,,,,
24756,2009-01-01,,,,,,,
24757,2009-01-01,2000000.0,,,,,,
247604,1938-06-04,,,,,,,
247645,2014-02-27,,,,,,,
24768,1996-02-02,,,,,,,
24769,1994-04-05,,,,,,,
247691,1956-12-01,,,,,,,
247695,1998-09-20,,,,,,,
247720,2012-10-30,,,,,,,
24775,2004-01-01,,,,,,,
247780,1932-11-18,,,,,,,
24782,1988-09-16,,,,,,,
24784,2009-11-02,,,,,,,
24786,2007-05-16,,,,,,,
24789,1991-08-08,,,,,,,
24791,1998-01-01,,,,,,,
24792,2008-01-01,,,,,,,
24795,1994-07-15,,5.0236831E7,,,,,
24797,2009-11-04,,,,,,,
24798,1986-10-10,,,,,,,
248001,1939-04-10,,,,,,,
24801,2006-03-24,,,,,,,
24803,2009-08-06,4.0E7,1.29540499E8,8.9540499E7,,,,
24804,2009-10-16,2900000.0,296557.0,-2603443.0,,,,
24808,1983-04-29,,5656087.0,,,,,
24810,2007-02-19,,,,,,,
24816,1967-07-17,,,,,,,
24821,2009-03-04,,,,,,,
248211,2014-01-18,,,,,,,
248212,2014-08-07,,,,,,,
24825,1980-08-14,,1.8971E7,,,,,
24826,1987-07-14,,1.0348437E7,,,,,
248268,2014-01-10,,,,,,,
24827,2009-11-05,,2.6E7,,,,,
24831,1978-08-03,660000.0,,,,,,
24837,2003-01-01,300.0,,,,,,
248379,2013-07-12,,,,,,,
248390,2014-02-19,1.0916704E7,,,,,,
248417,2014-01-04,,,,,,,
248424,2013-12-20,,,,,,,
248469,1961-06-21,,,,,,,
248503,2013-10-11,,,,,,,
248504,2014-07-30,,,,,,,
248513,1998-12-12,,,,,,,
248553,1928-08-28,,,,,,,
248574,2015-04-30,,6075.0,,,,,
248576,2013-10-18,,,,,,,
24858,1998-01-01,,,,,,,
2486,2006-12-14,1.0E8,2.49288105E8,1.49288105E8,3.0,1,,1999-11-12
24860,2003-10-15,,,,,,,
24862,1990-01-01,,,,,,,
248633,2015-02-03,,,,,,,
248639,1933-07-07,,,,,,,
248688,2013-11-08,2000000.0,,,,,,
24869,2009-01-23,,,,,,,
248694,2013-07-12,,,,,,,
248698,2014-01-10,,,,,,,
2487,1973-12-01,,,,3.0,1,,2001-02-19
24870,2007-01-01,,,,,,,
248705,2016-03-23,2.5868826E7,,,,,,
248706,1991-05-12,,,,,,,
248710,2013-12-27,1490000.0,,,,,,
24874,2007-01-01,,,,,,,
248774,2014-06-06,,3123963.0,,,,,
248781,2016-08-02,,,,,,,
24881,2009-11-13,,,,,,,
24883,1983-03-25,,9800000.0,,,,,
248833,2013-02-01,,,,,,,
24885,2008-03-07,13000.0,,,,,,
24886,2009-02-05,,,,,,,
24889,2009-07-23,,,,,,,
248921,1979-01-01,,,,,,,
248933,2014-02-14,6350000.0,,,,,,
248934,2014-07-31,,,,,,,
249,1989-12-08,,,,3.375,20,0.7926471306225807,2006-12-27
249070,2015-08-20,3.5E7,8.196745E7,4.696745E7,,,,
249072,2004-07-24,,,,,,,
24908,2000-06-12,,,,,,,
24914,2003-06-02,,,,,,,
24916,1998-06-11,,,,,,,
249164,2014-08-21,1.1E7,7.8874843E7,6.7874843E7,,,,
249170,2014-08-15,,,,,,,
24921,2009-06-21,,,,,,,
24922,1996-06-15,,,,,,,
24923,1973-01-01,,,,,,,
249233,2013-09-17,,,,,,,
24925,1994-05-31,,,,,,,
24926,1983-01-01,,1.2E7,,,,,
249264,1950-12-11,,,,,,,
249266,2014-04-18,,,,,,,
2493,1987-09-18,,3.0857814E7,,3.5,1,,2011-12-30
249333,1948-10-15,,,,,,,
24935,2005-10-15,,,,,,,
24936,2001-01-21,3000000.0,,,,,,
249368,1991-10-31,,,,,,,
249397,2013-12-25,,2227167.0,,,,,
24951,1989-11-17,,,,,,,
249567,1951-06-08,,,,,,,
24959,2003-03-01,,,,,,,
24960,2003-06-03,,,,,,,
24962,1995-08-30,,,,,,,
24963,2009-10-27,,,,,,,
24965,1939-01-24,,,,,,,
249660,2014-03-21,1.7E7,2.9789E7,1.2789E7,,,,
249688,2015-07-31,,3002884.0,,,,,
249703,2014-02-28,,,,,,,
24971,1969-09-20,,,,,,,
249726,2013-01-01,,,,,,,
24973,1954-08-25,5000000.0,1.5E7,1.0E7,,,,
249772,2014-01-10,,,,,,,
24978,2002-06-01,,,,,,,
24986,2009-08-13,,,,,,,
249914,1988-03-01,,,,,,,
249916,2015-03-14,,,,,,,
249923,2014-02-07,,,,,,,
249926,2014-01-06,,,,,,,
249969,1940-03-16,,,,,,,
24998,1978-10-01,,,,,,,
25,2005-11-04,7.2E7,9.6889998E7,2.4889998E7,3.742574257425743,101,1.0807725509702275,2015-09-17
25001,1982-06-04,,,,,,,
25003,2007-01-25,,,,,,,
25004,2007-10-19,,,,,,,
25007,2005-04-29,,42108.0,,,,,
25009,1953-10-09,,,,,,,
250093,1972-07-19,,,,,,,
2501,2002-06-14,6.0E7,2.14034224E8,1.54034224E8,4.1,35,0.8116794499134277,2016-07-29
25010,1984-12-21,,,,,,,
250114,2014-01-23,,,,,,,
250124,2015-08-07,2000000.0,1477002.0,-522998.0,,,,
25014,2000-09-23,,,,,,,
25018,1990-01-12,,5765562.0,,,,,
25019,1991-11-13,,,,,,,
2502,2004-07-23,,2.88500217E8,,3.9150943396226414,106,0.9036215445512454,2016-08-17
25021,2002-01-01,,,,,,,
250225,2014-10-18,1000000.0,,,,,,
250235,2014-01-23,,,,,,,
25028,1989-11-10,,,,,,,
2503,2007-08-03,7.0E7,4.42824138E8,3.72824138E8,,,,
250312,2013-09-01,170000.0,,,,,,
25033,2004-06-25,,,,,,,
250332,1940-01-08,,,,,,,
250349,2014-04-30,,1.4348529E7,,,,,
250376,2013-10-12,,,,,,,
25038,2008-09-24,,,,,,,
25041,2008-08-11,,,,,,,
250434,1990-07-18,,,,,,,
25047,1966-11-01,,,,,,,
25048,2009-10-09,,,,,,,
25050,2008-06-28,,,,,,,
250503,,,,,,,,
25053,2009-09-26,,,,,,,
250538,2014-09-09,,,,,,,
250546,2014-10-02,6500000.0,2.55273813E8,2.48773813E8,,,,
25055,2007-06-26,,,,,,,
250556,2013-07-05,,,,,,,
250558,1999-07-30,,,,,,,
250578,2014-03-12,750000.0,,,,,,
250605,2012-10-02,,,,,,,
25062,1961-09-01,,,,,,,
250622,2009-10-20,,,,,,,
250624,2012-09-08,,,,,,,
250625,2008-03-05,,,,,,,
250638,1986-02-27,,,,,,,
250643,2014-01-18,,,,,,,
250650,2014-01-17,,,,,,,
250651,2014-06-06,,,,,,,
250653,2014-01-18,,,,,,,
25066,1995-05-24,6000000.0,1.2E7,6000000.0,,,,
250660,2014-06-13,,,,,,,
250666,2014-10-10,,,,,,,
250671,2014-01-20,,,,,,,
250705,2014-08-01,,,,,,,
25073,2009-01-01,,,,,,,
250745,2014-11-14,,,,,,,
250756,2015-04-03,,,,,,,
250761,2014-09-05,,161.0,,,,,
250769,2014-01-17,,,,,,,
250777,2014-08-22,,,,,,,
250784,2014-01-17,,,,,,,
25079,1995-03-18,,,,,,,
250798,2014-01-16,,,,,,,
250810,2004-05-10,,,,,,,
250852,2014-01-17,,,,,,,
25087,1996-03-01,,684351.0,,,,,
25088,1990-12-27,,,,,,,
250880,2013-01-27,5000.0,,,,,,
250902,2013-11-21,50000.0,,,,,,
250919,1955-01-23,,,,,,,
25095,1992-10-16,,,,,,,
250974,2014-06-13,,,,,,,
25099,1997-10-03,,832735.0,,,,,
251016,2014-01-17,,,,,,,
25105,1961-11-09,,,,,,,
25109,1972-02-18,,,,,,,
25111,1990-05-11,500000.0,,,,,,
25113,1981-05-22,,,,,,,
25119,2006-09-12,,,,,,,
251220,2014-01-17,,,,,,,
251227,2014-02-14,,,,,,,
251232,2014-10-03,,,,,,,
25124,2009-02-19,,,,,,,
251260,1984-03-02,,,,,,,
25133,1985-11-08,,,,,,,
251367,1990-08-09,,,,,,,
25137,2009-02-05,,4388563.0,,,,,
251421,1960-01-20,,,,,,,
251425,2014-01-16,,,,,,,
25147,1996-02-06,7000000.0,405000.0,-6595000.0,,,,
251471,2015-07-31,650000.0,,,,,,
251481,1997-10-17,,,,,,,
251489,1990-01-01,,,,,,,
25150,2006-03-31,,,,,,,
251519,2014-04-20,,,,,,,
25154,2009-08-21,,,,,,,
251544,2001-07-16,,,,,,,
251577,2014-01-29,,,,,,,
25161,1992-04-24,,,,,,,
251619,2014-03-06,,,,,,,
25164,1983-04-01,,,,,,,
25166,2000-03-03,1.6E7,1.5427192E7,-572808.0,,,,
25167,1963-04-04,,,,,,,
251671,2014-03-13,,,,,,,
25168,2008-09-20,,,,,,,
2517,2004-08-07,,,,3.375,8,1.026436275942851,2016-08-17
251783,2013-10-22,,,,,,,
251797,2011-02-04,,,,,,,
251803,2008-03-24,,,,,,,
25183,2009-07-31,1000000.0,1296971.0,296971.0,,,,
251852,2014-09-19,,,,,,,
25196,2009-12-16,7000000.0,3.9462438E7,3.2462438E7,,,,
251981,2014-07-04,,,,,,,
251987,2014-05-16,,,,,,,
25199,1989-04-28,,27843.0,,,,,
251994,2014-03-14,5000000.0,,,,,,
252,1971-06-29,3000000.0,4000000.0,1000000.0,3.0609756097560976,41,0.902739732364896,2011-01-28
252059,1973-05-11,,,,,,,
252063,2003-08-26,,,,,,,
252067,2014-01-22,,,,,,,
252073,1986-12-19,,,,,,,
25208,2001-01-19,,,,,,,
25209,1950-05-17,,8000000.0,,,,,
252096,1987-01-16,,,,,,,
25212,2000-03-10,,,,,,,
252143,2013-11-05,,,,,,,
252147,2013-06-01,,,,,,,
252164,2015-06-04,,,,,,,
252171,2014-01-19,1000000.0,395000.0,-605000.0,,,,
252178,2014-10-10,,1625847.0,,,,,
25218,2007-01-01,,,,,,,
25221,1991-11-22,4.0E7,2.3202444E7,-1.6797556E7,,,,
25224,1997-08-22,,,,,,,
25228,2007-02-09,,,,,,,
25232,1999-05-07,,,,,,,
252360,2013-12-27,,,,,,,
252385,2012-05-18,,,,,,,
25239,1978-11-02,650000.0,,,,,,
252406,1948-05-07,,,,,,,
252407,1988-09-14,,,,,,,
25241,1976-07-30,,,,,,,
252431,2013-12-21,,,,,,,
252476,2004-06-25,,,,,,,
2525,1966-09-28,1.8E7,,,2.7,5,0.6708203932499369,2016-08-03
25251,1970-05-19,,3.0,,,,,
252511,2013-11-16,,,,,,,
252512,2015-04-03,1.0E7,7587485.0,-2412515.0,,,,
25253,1963-11-27,,,,,,,
25259,2009-06-12,,,,,,,
252596,2015-01-24,,,,,,,
252622,1948-03-08,,,,,,,
252682,2001-02-07,,,,,,,
25269,1992-03-13,,6375979.0,,,,,
2527,1969-09-04,,,,3.3846153846153846,13,0.9607689228305228,2007-07-04
252721,1955-12-13,,,,,,,
252724,2000-02-07,,,,,,,
252735,1976-02-27,,,,,,,
252773,2014-03-05,,,,,,,
2528,1991-04-03,,1942423.0,,3.3035714285714284,28,0.8203351360570479,2016-05-08
252822,2014-02-21,4161012.0,,,,,,
252841,2014-02-20,,,,,,,
252845,1976-04-28,,,,,,,
252886,1951-03-25,,,,,,,
25290,1984-11-14,,,,,,,
252916,1952-06-29,,,,,,,
252956,1942-03-07,,,,,,,
253,1973-07-05,7000000.0,1.61777836E8,1.54777836E8,3.396,125,0.9252201133052157,2016-08-17
253020,2014-08-01,,,,,,,
253046,2014-02-14,,,,,,,
253065,2014-01-22,,,,,,,
253072,2002-11-19,,,,,,,
253116,1998-01-18,,,,,,,
25313,2004-10-15,,,,,,,
253150,2014-01-15,,,,,,,
253154,2014-01-20,,,,,,,
253155,2014-01-18,,,,,,,
253161,2015-06-04,,,,,,,
25318,1987-04-12,,,,,,,
253192,2014-01-01,3000000.0,5279982.0,2279982.0,,,,
253232,1971-12-29,,,,,,,
253235,2014-07-20,1.8E7,2.5312387E7,7312387.0,,,,
253250,1948-08-05,,,,,,,
253251,2014-05-16,,,,,,,
253254,2014-10-11,,8251.0,,,,,
253256,2014-10-24,,,,,,,
253257,2014-03-09,,,,,,,
253258,2014-03-09,,,,,,,
253262,2014-03-09,,,,,,,
253263,2014-03-08,,,,,,,
253267,2014-03-09,,,,,,,
253273,2014-03-08,,,,,,,
253279,2013-11-28,7000000.0,,,,,,
253283,2014-03-07,,,,,,,
253287,2014-10-01,,,,,,,
253291,2014-03-10,,,,,,,
253295,2014-12-31,,,,,,,
25330,1991-07-19,1.7E7,4603929.0,-1.2396071E7,,,,
253303,2015-03-06,,13684.0,,,,,
253309,2014-03-04,,,,,,,
253331,2014-09-06,9000000.0,2.1571189E7,1.2571189E7,,,,
253336,2014-03-11,,,,,,,
253337,2014-03-15,,,,,,,
253339,2014-03-09,,,,,,,
253344,2015-07-16,,,,,,,
25335,2009-01-09,2500000.0,,,,,,
253353,2008-02-01,,,,,,,
253376,2014-01-24,,,,,,,
253377,2014-01-25,,,,,,,
25338,1978-09-07,,,,,,,
253406,2015-08-14,,,,,,,
253412,2015-09-10,5.5E7,2.03427584E8,1.48427584E8,,,,
253414,2015-10-22,1.5E7,3020664.0,-1.1979336E7,,,,
253445,2011-01-01,,,,,,,
253450,2015-08-27,,632542.0,,,,,
253533,2014-05-23,,,,,,,
25355,1996-09-06,,,,,,,
25356,2009-08-09,,,,,,,
25360,1962-05-17,,,,,,,
25361,1968-08-03,,,,,,,
253612,2013-12-24,,,,,,,
253622,2014-02-08,,,,,,,
253626,2015-04-09,,316472.0,,,,,
253632,1988-10-08,,,,,,,
25366,2005-10-06,,,,,,,
25373,1990-06-01,,1.0,,,,,
25376,2009-08-13,2000000.0,3.3965843E7,3.1965843E7,,,,
25377,2009-04-24,,,,,,,
25379,2004-02-20,,,,,,,
253794,2014-02-01,,,,,,,
253817,2014-04-24,,,,,,,
253849,2014-03-21,,,,,,,
253876,2010-06-15,,,,,,,
25388,1977-09-08,,,,,,,
25389,1993-01-29,,9532895.0,,,,,
253899,1996-08-02,,,,,,,
2539,2004-12-17,8.0E7,5.5041367E7,-2.4958633E7,3.2450980392156863,51,0.8739138917514003,2016-06-14
25391,1995-12-19,,,,,,,
25392,1950-06-26,,,,,,,
253944,2014-03-05,,,,,,,
25395,2006-04-20,,,,,,,
253959,1979-03-10,,,,,,,
253980,2014-02-04,,,,,,,
254,2005-12-14,2.07E8,5.5E8,3.43E8,3.0,4,0.816496580927726,2001-01-23
254007,2014-02-08,,,,,,,
254011,2014-01-29,,,,,,,
254047,2014-02-04,,,,,,,
25405,2009-09-21,,,,,,,
254065,2014-02-01,,,,,,,
254123,2008-05-24,,,,,,,
254126,2014-02-05,,,,,,,
254143,2014-04-03,,,,,,,
254155,2014-01-17,,,,,,,
254191,2014-09-12,,9318.0,,,,,
254193,2014-11-21,,,,,,,
254194,2014-07-29,,,,,,,
254201,2014-10-02,,,,,,,
25423,2008-08-17,,,,,,,
25425,1984-05-31,,,,,,,
254251,2014-01-26,,,,,,,
25426,2003-09-25,,,,,,,
254277,2014-02-01,,,,,,,
25428,2003-10-05,,,,,,,
254299,2013-12-19,,,,,,,
25430,1949-11-08,,,,,,,
254302,2015-11-22,,346472.0,,,,,
254309,1980-12-01,,,,,,,
25431,1949-11-18,,,,,,,
254313,1990-09-12,,,,,,,
254320,2015-10-08,4000000.0,1.5656193E7,1.1656193E7,,,,
254323,2014-10-09,,,,,,,
25435,2001-09-13,,,,,,,
25438,1986-10-24,,6797218.0,,,,,
25440,1994-05-13,,,,,,,
254420,2014-03-07,,,,,,,
254446,2013-03-22,,,,,,,
25445,1967-06-26,,,,,,,
254470,2015-05-07,2.9E7,2.87506194E8,2.58506194E8,,,,
25450,2009-06-01,,,,,,,
254502,2004-02-13,,,,,,,
25451,2009-11-24,,,,,,,
254575,1995-06-16,,,,,,,
254578,2014-09-25,,3184472.0,,,,,
2546,1960-10-28,,,,2.375,8,0.7440238091428449,2003-03-03
25460,2004-09-17,7800000.0,,,,,,
25462,2001-09-07,6000000.0,,,,,,
25466,1993-02-03,,,,,,,
254661,2009-01-01,,,,,,,
254664,2014-01-30,1220000.0,,,,,,
254672,2013-09-24,,,,,,,
254679,2014-01-25,,,,,,,
254689,2014-02-09,,,,,,,
25471,1997-12-20,,1.0,,,,,
254719,2014-02-09,,,,,,,
254721,2014-03-20,,,,,,,
254736,2015-06-24,,,,,,,
25474,2009-09-24,,,,,,,
25475,2009-09-03,,,,,,,
254800,2015-08-19,,,,,,,
25482,2007-11-30,,,,,,,
254869,2014-10-03,9272437.0,1.1672363E7,2399926.0,,,,
254904,2014-08-27,1.5E7,3.2556119E7,1.7556119E7,,,,
254905,2015-06-03,4000000.0,143101.0,-3856899.0,,,,
254918,2013-10-11,,,,,,,
25495,1959-12-30,,,,,,,
254967,1978-11-05,,,,,,,
25497,1988-05-01,,1791328.0,,,,,
25499,1983-08-12,,,,,,,
255,1968-08-13,,,,2.2,5,1.6431676725154984,2001-01-23
25500,2004-03-03,,,,,,,
25502,1946-10-18,,,,,,,
25504,1963-09-11,,,,,,,
25506,1956-02-29,,,,,,,
25507,1941-06-13,,,,,,,
25508,1942-12-05,134000.0,4000000.0,3866000.0,,,,
25509,1949-02-03,,,,,,,
25512,1998-04-22,,13936.0,,,,,
255157,2014-09-10,,,,,,,
25516,2003-08-08,,,,,,,
255160,2016-02-03,,,,,,,
25518,1996-09-18,,,,,,,
25519,1997-01-01,,,,,,,
25520,2000-09-23,1.0E7,5164404.0,-4835596.0,,,,
25525,1984-06-07,,,,,,,
255268,2014-04-08,5500000.0,,,,,,
255278,2014-05-20,3000000.0,,,,,,
25528,1990-10-30,,,,,,,
255324,1991-01-02,,,,,,,
255346,1997-01-05,,,,,,,
255358,1997-01-01,,,,,,,
25536,2003-04-17,,,,,,,
25538,2000-09-20,,,,,,,
255384,2014-01-08,,,,,,,
25539,1983-01-01,,,,,,,
25541,2009-10-21,,,,,,,
255456,2014-02-13,,,,,,,
255476,2014-04-17,,,,,,,
25548,1950-05-19,,,,,,,
255491,2014-04-18,,,,,,,
255496,2013-10-19,,,,,,,
255497,2013-06-01,,,,,,,
255511,1953-04-14,,,,,,,
255528,2014-02-14,,,,,,,
25553,1968-01-19,,,,,,,
255533,2014-08-27,,,,,,,
255546,1995-04-13,,,,,,,
255548,2004-01-22,,,,,,,
255575,2012-09-23,,,,,,,
255576,1961-11-01,,,,,,,
255577,2008-12-08,2000000.0,,,,,,
25560,1967-03-07,,,,,,,
25562,1991-05-31,,3.6489888E7,,,,,
255635,2013-11-29,,,,,,,
255647,2014-01-15,5400000.0,,,,,,
25566,1981-11-20,,,,,,,
255709,2013-10-02,,,,,,,
25571,1997-08-06,,,,,,,
25572,2007-01-01,,,,,,,
255733,1956-11-19,,,,,,,
255746,2014-02-06,,,,,,,
255756,2014-06-11,,,,,,,
255772,1964-01-01,,,,,,,
255784,1957-10-01,,,,,,,
255802,2013-11-21,,,,,,,
255843,1976-08-31,,,,,,,
255898,2014-01-15,,,,,,,
255913,2014-03-19,,,,,,,
25594,2009-11-16,,,,,,,
255948,2008-11-01,,,,,,,
255979,2002-04-23,,,,,,,
25598,1991-05-19,7000000.0,191125.0,-6808875.0,,,,
25603,2009-11-09,,,,,,,
25608,2003-10-15,,,,,,,
256092,2014-05-26,,,,,,,
25610,1993-05-09,12.0,,,,,,
256102,2013-07-10,,,,,,,
256103,2014-02-09,,,,,,,
256106,2014-02-17,,,,,,,
256108,2014-02-11,,,,,,,
256109,2012-04-12,,,,,,,
256118,1949-02-22,,,,,,,
256196,2013-06-29,,,,,,,
25621,2002-01-24,,,,,,,
25623,1977-08-26,,,,,,,
25625,1970-04-10,5000.0,,,,,,
25626,2009-09-17,,,,,,,
25630,2006-10-03,,,,,,,
256311,2014-05-15,,,,,,,
256316,2014-02-20,,,,,,,
256328,2007-11-01,,,,,,,
25633,1958-10-28,,,,,,,
25636,1999-09-05,,,,,,,
256375,1966-01-01,,,,,,,
256382,1978-01-18,,,,,,,
256396,1946-09-06,,,,,,,
25643,2009-09-18,1.8E7,3.6133014E7,1.8133014E7,,,,
25645,1994-03-24,,,,,,,
25646,2009-11-27,,,,,,,
256476,2014-04-25,,,,,,,
25648,2006-06-30,,14742.0,,,,,
25649,2002-01-11,,,,,,,
2565,1990-03-09,,3.9404261E7,,3.380952380952381,21,0.7229239570100355,2014-07-13
25650,2001-06-02,,,,,,,
25651,2000-06-24,,,,,,,
25652,1996-11-16,,,,,,,
256546,2014-02-14,,,,,,,
256561,2014-03-19,150000.0,,,,,,
256569,2017-01-20,,,,,,,
25657,2006-06-11,,,,,,,
25659,2008-01-01,,,,,,,
2566,2005-05-16,,,,3.0,1,,1999-12-17
25660,1999-01-01,,,,,,,
25664,2004-07-08,,,,,,,
25666,1986-05-01,,,,,,,
25667,2008-11-28,,,,,,,
2567,2004-12-17,1.16E8,1.02E8,-1.4E7,3.0,21,0.8803408430829506,2011-01-28
25672,1948-06-18,,,,,,,
25673,1951-06-12,,,,,,,
256735,2013-10-26,,,,,,,
256756,2014-03-28,,,,,,,
25676,2006-09-28,,,,,,,
256779,2013-06-13,,,,,,,
25678,1987-05-01,,,,,,,
25682,1989-02-24,,,,,,,
256835,2014-12-02,,,,,,,
256836,2014-04-25,,,,,,,
256876,2014-08-13,,694600.0,,,,,
256907,2014-02-21,,,,,,,
256913,2014-04-23,,,,,,,
256916,1998-01-23,,,,,,,
256921,1963-09-02,,,,,,,
256922,2011-03-09,,,,,,,
256924,2015-03-19,1.0E7,1.0835752E7,835752.0,,,,
25693,2009-09-09,,,,,,,
25694,1933-12-22,,,,,,,
25695,2009-08-27,,,,,,,
256959,2014-09-20,,,,,,,
256961,2015-04-16,3.8E7,1.07597242E8,6.9597242E7,,,,
256962,2015-04-23,2.0E7,6485961.0,-1.3514039E7,,,,
256969,2014-03-15,,,,,,,
257004,2013-03-01,,,,,,,
257006,1979-04-04,,,,,,,
257026,2013-10-04,,,,,,,
257039,2014-02-16,,,,,,,
257044,1980-09-17,,,,,,,
25707,2005-03-08,,,,,,,
257081,1938-11-25,,,,,,,
257091,2015-03-26,4.0E7,1.11811453E8,7.1811453E7,,,,
257109,2014-03-07,,,,,,,
257116,2014-03-14,,,,,,,
257134,2014-08-29,,,,,,,
257155,2014-02-23,,,,,,,
25716,2009-04-11,,,,,,,
257176,2007-01-01,,,,,,,
25719,1997-08-22,,302204.0,,,,,
25720,1986-11-21,,,,,,,
25722,1957-06-24,,,,,,,
25723,1998-04-07,1.2E7,,,,,,
257237,2011-02-26,,,,,,,
257238,2014-08-15,,,,,,,
257245,2014-03-08,,,,,,,
257253,2005-04-16,,,,,,,
25727,2007-12-25,,,,,,,
257291,2007-02-10,,,,,,,
257296,2009-11-26,,,,,,,
257331,2014-03-13,,,,,,,
257343,2014-02-20,,1.49521495E8,,,,,
257344,2015-07-16,8.8E7,2.43637091E8,1.55637091E8,,,,
257346,2014-03-25,,,,,,,
257347,1972-05-01,,,,,,,
25735,1947-11-25,,,,,,,
257377,1960-11-01,,,,,,,
25738,1951-06-19,,,,,,,
2574,1958-09-05,,,,2.3181818181818183,11,1.2702898738620108,2003-05-17
25740,2006-12-12,,,,,,,
25744,2007-03-16,,,,4.5,1,,2012-08-05
257440,2016-04-29,1.65E7,21256.0,-1.6478744E7,,,,
257447,2014-05-27,,,,,,,
25745,2002-11-03,,,,,,,
257450,2015-08-06,,,,,,,
25747,2008-02-14,,,,,,,
257472,1974-10-30,,,,,,,
257487,2014-04-11,,,,,,,
25750,1996-10-08,,,,4.3,5,0.7582875444051551,2016-08-03
25752,1999-10-19,,,,4.0,1,,2011-01-28
257521,2014-05-09,,1558836.0,,,,,
25753,2001-10-09,,,,3.5,2,0.0,2010-09-27
257534,1998-03-01,,,,,,,
257537,2004-11-05,,,,,,,
25755,2004-12-12,,,,3.5,1,,2011-01-28
257561,1978-01-01,,,,,,,
257568,2013-10-30,,,,,,,
257593,2014-03-01,,,,,,,
257604,1961-01-01,,,,,,,
257605,1977-09-30,,,,,,,
257618,1969-03-12,,,,,,,
257648,2014-02-14,,,,,,,
257668,2014-02-19,,,,,,,
25767,1960-12-23,,6000000.0,,,,,
25768,1928-02-14,,,,,,,
2577,2003-09-02,7500000.0,,,3.0,3,0.0,2001-03-31
25770,1922-01-01,,,,,,,
257716,1968-03-15,,,,,,,
25772,2006-01-01,,,,,,,
257734,2006-09-28,,,,,,,
25774,2007-12-31,,,,3.0,1,,2015-06-10
25778,2005-11-29,6800000.0,,,,,,
25781,2008-02-25,,,,,,,
257831,1973-11-15,,,,,,,
25789,1999-11-19,,,,,,,
257912,2013-03-05,,,,,,,
25795,2007-08-08,,,,4.0,1,,2005-05-27
25796,1997-04-04,,,,,,,
25799,2005-01-07,,,,,,,
25801,2001-12-21,,,,5.0,1,,2016-03-31
258026,1978-10-01,,,,,,,
258034,2014-03-21,,,,,,,
25807,1949-09-30,,,,3.0,1,,2016-06-22
258070,1937-10-18,,,,,,,
258086,2013-10-17,,,,,,,
258096,2014-03-25,,,,,,,
258099,2014-04-24,,,,,,,
258100,2015-02-20,,,,,,,
258116,2009-04-21,,,,,,,
258210,2014-03-28,,,,,,,
258227,1974-10-27,,,,,,,
258230,2016-10-07,,4.6652768E7,,,,,
258236,1981-11-17,,,,,,,
258284,2014-04-20,,,,,,,
258305,2013-08-03,,,,,,,
25833,2009-10-09,,,,,,,
25834,1982-12-06,,,,,,,
258353,2014-02-15,,,,,,,
258363,2015-04-12,,,,,,,
25838,2000-05-12,,,,,,,
25843,2005-05-25,,,,,,,
258435,2014-03-08,,,,,,,
258450,2004-09-22,,,,,,,
258476,2014-03-07,,,,,,,
258489,2016-06-29,1.8E8,3.56743061E8,1.76743061E8,,,,
258509,2015-12-17,,2.33755553E8,,,,,
25855,2009-08-12,,,,,,,
258550,1986-10-17,,,,,,,
25858,1948-04-27,,,,,,,
258585,2004-09-08,,,,,,,
258630,1983-09-09,,,,,,,
258656,1968-01-01,,,,,,,
25866,1965-03-24,,,,,,,
258665,2013-10-18,,,,,,,
258673,2014-03-08,,,,,,,
258691,2014-03-08,,,,,,,
25872,1982-08-06,,,,,,,
258751,2014-05-16,,,,,,,
258771,2013-09-25,,,,,,,
258805,2014-05-02,,,,,,,
258809,1933-02-24,,,,,,,
25884,1988-10-28,,3527636.0,,,,,
258893,2014-03-25,,,,,,,
25890,2005-12-15,,,,,,,
25893,1955-09-30,,,,,,,
25896,1999-06-08,,,,,,,
25898,1934-12-14,,,,3.5,1,,2009-08-21
259,1979-01-24,,,,3.7,5,0.4472135954999579,2006-02-01
259018,2014-04-14,,,,,,,
25903,2004-01-19,,,,,,,
25904,1967-11-24,,,,3.5,1,,2005-05-23
25905,1965-09-09,,,,,,,
259074,2014-06-03,,,,,,,
259075,1978-06-28,,,,,,,
259129,2014-03-13,,,,,,,
25914,1956-07-12,,,,,,,
259171,2014-03-14,,,,,,,
259180,1974-03-08,,,,,,,
259209,1995-10-12,,,,,,,
25921,2002-10-03,,,,,,,
25922,2008-04-25,,,,,,,
259231,1994-12-15,,,,,,,
259233,2014-06-28,,,,,,,
259246,2014-03-07,,,,,,,
25927,2009-02-07,,,,,,,
259292,1947-05-17,,,,,,,
2593,1963-10-14,,,,,,,
259300,2013-09-07,,,,,,,
259311,2006-01-01,,,,,,,
259316,2016-11-16,1.8E8,8.09342332E8,6.29342332E8,,,,
259325,1937-04-15,,,,,,,
259358,2013-10-24,,,,,,,
25936,2008-03-08,4000000.0,,,,,,
259395,2014-03-15,,,,,,,
2594,2002-03-06,,,,3.9444444444444446,9,1.044163673845139,2012-08-01
25943,1990-12-21,,,,,,,
25944,1974-08-13,,,,,,,
259442,1999-01-01,,,,,,,
259453,2014-03-17,,,,,,,
259460,2014-01-16,,,,,,,
259468,1975-01-21,,,,,,,
25950,2005-09-17,,,,,,,
25951,1998-09-12,,,,,,,
25952,1955-04-20,,,,4.25,2,0.3535533905932738,2005-09-09
25953,1950-01-28,,,,,,,
25955,1953-05-29,,,,,,,
259550,1969-09-17,,,,,,,
25956,2005-01-01,,,,,,,
259593,1945-05-23,,,,,,,
259610,2014-03-15,,,,,,,
259616,1986-03-17,,,,,,,
259634,1988-12-30,,,,,,,
25967,2005-09-10,5000000.0,,,,,,
25968,2009-05-16,9000000.0,,,,,,
259690,2008-07-20,,,,,,,
259693,2016-05-13,4.0E7,3.20170008E8,2.80170008E8,,,,
259694,2016-01-21,3.8E7,1.12343513E8,7.4343513E7,,,,
259695,2016-12-25,,2.2678555E7,,,,,
259719,2014-05-01,,,,,,,
259720,2014-04-17,,,,,,,
25973,2007-03-23,,,,,,,
25977,2007-01-01,,,,,,,
259808,1990-09-08,,,,,,,
259838,2013-10-10,,,,,,,
259843,2014-03-10,,,,,,,
25985,2001-11-09,,,,,,,
259879,2014-03-18,,,,,,,
25988,2003-01-31,,,,,,,
259910,2014-03-18,,,,,,,
259912,1984-05-10,,,,,,,
259943,2014-05-16,,,,,,,
259954,2014-04-19,,,,,,,
259956,2014-08-08,,,,,,,
259975,1980-03-31,,,,,,,
259997,2014-05-09,,,,,,,
260,1935-06-01,,,,4.221649484536083,291,0.9086815159366377,2016-10-15
260001,2014-12-05,,8265.0,,,,,
260030,2014-03-08,,,,,,,
260063,2014-03-01,,,,,,,
260064,1952-09-05,,,,,,,
26010,2008-12-05,515788.0,,,3.0,1,,2009-10-11
26014,2001-11-15,,,,,,,
26015,1973-10-10,,,,,,,
260156,2005-11-04,,,,,,,
260163,2013-11-22,,,,,,,
260176,2013-11-18,,,,,,,
26018,2010-10-08,,,,,,,
260211,2014-03-18,,,,,,,
26022,2010-02-12,1.2E7,4.234536E7,3.034536E7,,,,
260240,2011-07-01,,,,,,,
26030,1956-08-24,,,,,,,
26031,1964-10-29,,,,,,,
260310,2014-02-06,6000000.0,,,,,,
260313,2014-10-10,,,,,,,
260352,1989-11-30,,,,,,,
26036,1956-08-02,,,,,,,
260372,2014-04-04,,,,,,,
26038,1948-02-13,,,,,,,
260397,1994-03-21,,,,,,,
26040,2005-01-01,,,,,,,
260401,2008-03-21,,,,,,,
260409,1950-03-24,,,,,,,
26042,1999-10-12,2000000.0,,,,,,
260500,2012-12-21,,,,,,,
260522,2014-02-27,2153912.0,4864560.0,2710648.0,,,,
260528,2000-04-20,,,,,,,
260535,2014-03-25,8000000.0,,,,,,
26056,2001-09-13,,70569.0,,,,,
260584,1981-06-06,,,,,,,
260646,2013-11-20,,,,,,,
260672,1983-07-13,,,,,,,
2608,1987-07-10,,9868521.0,,,,,
260848,1975-01-16,,,,,,,
260872,1979-08-24,,,,,,,
260883,1974-05-15,,,,,,,
260884,1972-02-04,,,,,,,
260886,1977-11-24,,,,,,,
260893,1978-09-07,,,,,,,
2609,1987-11-26,,4.923028E7,,3.5,2,0.7071067811865476,2007-01-13
260907,1975-01-01,,,,,,,
260912,1973-01-01,,,,,,,
260928,2005-01-01,,,,,,,
260999,1976-06-09,,,,,,,
261,1958-02-17,3000000.0,1.7570324E7,1.4570324E7,3.715686274509804,51,0.8015915541021144,2013-06-21
261023,2015-09-04,5.3E7,9.8837872E7,4.5837872E7,,,,
26103,1997-11-21,,,,,,,
261033,2014-04-17,,,,,,,
261035,1942-02-15,,,,,,,
261036,2014-04-18,,37285.0,,,,,
261037,2014-09-12,2000000.0,,,,,,
261038,2014-04-20,,,,,,,
261039,2014-04-20,,,,,,,
26108,2004-09-03,,776691.0,,,,,
26113,1977-06-06,,,,,,,
26114,2007-05-22,,,,,,,
261144,1986-11-25,,,,,,,
261157,2013-02-19,,,,,,,
26116,2005-11-02,,,,3.0,2,0.7071067811865476,2008-12-27
26119,1972-01-01,,,,,,,
261192,2014-02-10,,,,,,,
261207,2009-10-02,,,,,,,
26123,2009-06-18,,,,,,,
26124,1997-09-26,,,,,,,
261246,1993-12-31,,,,,,,
261249,1967-06-30,,,,,,,
26126,2001-10-05,,,,,,,
261273,2014-02-25,,,,,,,
26129,1999-09-10,,,,,,,
26133,1999-12-05,,,,3.375,4,0.6291528696058958,2013-06-21
26137,2004-09-11,,,,,,,
261375,2014-04-02,,,,,,,
26138,2005-09-08,,,,,,,
2614,1987-06-30,,2.589381E7,,,,,
261409,1997-09-01,,,,,,,
26141,1993-10-29,,,,,,,
261414,1999-10-17,,,,,,,
261419,1959-01-01,,,,,,,
261439,1964-11-15,,,,,,,
26146,2002-01-01,,,,,,,
261508,1953-01-01,,,,,,,
26155,1957-10-01,,,,,,,
261562,1958-06-04,,,,,,,
26162,1930-01-01,,,,,,,
26165,2001-09-28,4800000.0,,,,,,
26166,1946-09-06,,,,,,,
26167,1948-05-26,,,,,,,
26168,2005-03-10,,,,,,,
2617,1988-06-17,2.4E7,4.345523E7,1.945523E7,3.2848101265822787,79,0.9462596553170556,2016-10-07
26170,1968-10-02,,3110000.0,,,,,
26172,1988-09-16,,,,4.0,2,0.0,2010-04-20
26173,1974-07-17,,,,,,,
26174,1947-12-15,,,,,,,
261768,2014-06-13,,,,,,,
26177,1999-11-07,,,,,,,
26179,1980-07-11,,,,,,,
26180,1997-08-29,,,,3.5,1,,2010-12-05
26181,1969-01-23,,,,,,,
261813,2014-07-22,,,,,,,
261814,2014-04-17,,,,,,,
261815,2014-04-17,,,,,,,
26182,1941-06-21,,,,,,,
261823,2014-04-18,,,,,,,
261825,2014-06-26,,,,,,,
26185,1974-01-04,,,,,,,
261855,2014-04-18,,,,,,,
261857,2014-04-19,,,,,,,
261860,2015-03-27,,,,,,,
261871,2013-12-12,,,,,,,
26189,2002-01-01,,,,,,,
2619,1984-03-09,8000000.0,6.9821334E7,6.1821334E7,,,,
26190,1962-04-01,,,,,,,
261906,2014-04-26,,,,,,,
26195,2002-09-09,,,,,,,
26198,1983-12-16,6000000.0,3661757.0,-2338243.0,3.0,2,0.7071067811865476,2009-02-10
261985,2011-10-30,,,,,,,
262,1982-12-18,2.0E7,,,3.85,20,1.113316524718162,2013-06-21
2620,1986-08-15,1.2E7,1.5945534E7,3945534.0,4.333333333333333,3,0.5773502691896257,2003-04-07
26200,1980-05-09,,,,,,,
262009,2014-03-28,650000.0,,,,,,
26201,1940-07-01,,,,,,,
26204,1967-10-31,,,,,,,
262088,2013-11-24,,,,,,,
2621,2000-04-07,2.4E7,3.6609995E7,1.2609995E7,3.375,4,0.47871355387816905,2004-10-14
26215,1997-05-13,,,,,,,
262165,2014-03-31,,,,,,,
262169,2015-10-02,,,,,,,
262176,1926-11-21,,,,,,,
262199,2014-03-24,300000.0,,,,,,
262227,2014-04-11,,,,,,,
262234,1931-02-15,,,,,,,
262243,2003-02-03,,,,,,,
262267,2012-10-20,,,,,,,
262296,1971-01-01,,,,,,,
2623,1982-07-28,,1.29795554E8,,,,,
262311,2014-10-17,,,,,,,
26232,2005-04-20,,,,,,,
26235,2008-01-01,,,,,,,
262357,2013-04-05,,,,,,,
262390,2014-06-13,,,,,,,
26243,1945-11-07,,,,,,,
262447,1983-11-21,,,,,,,
262454,1950-01-25,,,,,,,
26246,1992-05-08,,,,,,,
262474,2014-03-28,230000.0,,,,,,
262475,1984-09-10,,,,,,,
262481,2014-04-18,,,,,,,
26250,2009-10-10,,,,,,,
262504,2016-03-09,1.1E8,1.79246868E8,6.9246868E7,,,,
26251,2006-10-14,,,,4.0,1,,2008-07-12
262514,1979-01-01,,,,,,,
26252,1937-01-28,,153936.0,,,,,
262528,1959-12-18,,,,,,,
262536,1937-05-15,,,,,,,
26254,2004-06-20,,,,,,,
262542,2015-06-30,,,,,,,
26258,1995-08-04,,,,4.0,5,1.4577379737113252,2015-07-17
26259,1966-04-07,,,,,,,
262609,2010-06-19,,,,,,,
26263,1987-06-11,,,,,,,
26264,2003-08-18,,,,,,,
26266,2006-01-24,,,,,,,
26268,1966-02-23,3500000.0,1.2E7,8500000.0,4.0,1,,2011-02-13
26269,1998-03-06,,,,,,,
26270,1953-09-04,,,,,,,
262755,1968-03-26,,,,,,,
26277,2002-08-08,,,,,,,
262786,2014-04-03,,,,,,,
262788,2014-07-03,6000000.0,,,,,,
262789,2014-04-03,,,,,,,
26282,1952-04-30,,,,,,,
262829,1987-01-01,,,,,,,
26283,1952-01-30,,,,,,,
262840,2014-06-06,,,,,,,
262848,2016-10-07,,,,,,,
26285,1983-01-01,,,,,,,
262866,2014-04-28,,,,,,,
262871,1975-04-02,,,,,,,
262897,2014-03-15,,,,,,,
26290,2001-11-01,,,,,,,
262904,2014-04-09,,,,,,,
26291,1991-03-13,1400000.0,,,,,,
26293,2009-11-10,,,,,,,
262945,1959-11-24,,,,,,,
26298,1976-09-15,,,,,,,
262987,1951-01-01,,,,,,,
26299,1967-01-01,,,,,,,
26302,1969-10-01,,,,3.5,1,,2011-01-28
263105,2015-02-06,,,,,,,
263109,2015-02-05,,5.97E7,,,,,
263115,2017-02-28,9.7E7,6.16801808E8,5.19801808E8,,,,
26314,2006-11-03,,,,,,,
26316,1969-01-18,,,,,,,
26323,1935-01-23,,,,4.5,1,,2008-10-14
26326,1979-08-24,300000.0,,,4.5,5,0.8660254037844385,2016-05-16
263281,2014-04-02,,,,,,,
26331,1973-06-14,,,,,,,
263314,2011-04-11,,,,,,,
26333,1993-02-12,,1.8899204E7,,,,,
26334,2009-01-01,,,,,,,
263341,2016-02-18,2.0E7,,,,,,
26337,1994-03-04,,,,,,,
26340,1991-01-01,,,,,,,
263412,1984-03-08,,,,,,,
263416,2014-04-15,500000.0,,,,,,
26342,2009-04-28,,,,3.5,1,,2011-02-13
263471,2015-01-04,1.6E7,,,,,,
263472,2015-06-26,2500000.0,6341684.0,3841684.0,,,,
26350,2009-03-20,,,,4.5,1,,2006-03-04
26351,1995-09-27,,,,,,,
263510,2014-05-09,,,,,,,
26352,1994-11-23,1.0E7,2.9392418E7,1.9392418E7,,,,
26356,1969-12-27,,,,,,,
26357,1964-01-01,,,,,,,
263579,1980-12-19,,,,,,,
26358,1995-01-01,,,,,,,
2636,1994-10-07,,1.70362582E8,,5.0,1,,2000-01-31
263627,2014-04-05,,,,,,,
26366,2000-07-23,,,,2.25,2,2.4748737341529163,2011-02-13
26369,1989-03-15,,,,,,,
26370,2006-11-28,,,,,,,
26372,1968-09-29,,,,,,,
26376,1940-02-17,,,,,,,
263794,2014-03-28,114000.0,,,,,,
26380,1941-06-14,,,,,,,
26381,2008-12-09,,,,,,,
26386,1988-11-11,6000000.0,2.8202109E7,2.2202109E7,3.75,2,0.3535533905932738,2006-05-09
263873,1997-01-01,,,,,,,
2639,1997-08-26,2.0E7,1.0686841E7,-9313159.0,3.4,10,1.07496769977314,2001-08-04
26391,1994-01-07,,3662459.0,,2.0,2,0.7071067811865476,2011-01-28
263915,1936-07-20,,,,,,,
26393,1997-10-17,,11690.0,,3.5,1,,2009-04-15
263937,2010-06-01,,,,,,,
263945,2009-11-10,,,,,,,
263946,2006-11-12,,,,,,,
263947,2004-04-18,,,,,,,
26397,1990-09-23,,,,,,,
26398,1976-07-01,,,,,,,
264036,2012-05-31,,,,,,,
264038,2015-06-05,,,,,,,
26405,1971-07-21,,,,,,,
264081,1987-01-01,,,,,,,
264085,2014-04-11,,,,,,,
264098,1978-01-09,,,,,,,
264113,2008-06-10,,,,,,,
264164,2014-04-19,,,,,,,
264166,2014-04-19,,,,,,,
264170,2014-04-09,,,,,,,
26427,1970-01-01,,,,,,,
26428,2009-05-17,7.0E7,3.9041505E7,-3.0958495E7,,,,
264309,1929-12-20,,,,,,,
264321,1980-09-24,,,,,,,
264337,2015-01-16,,,,,,,
264397,2014-05-17,,,,,,,
26441,1995-09-29,,,,,,,
264418,2016-08-25,,,,,,,
264454,2014-04-10,,,,,,,
264471,2014-04-06,,,,,,,
26449,2002-01-01,,,,,,,
26450,2000-11-10,,,,,,,
26451,1970-02-09,,,,,,,
26452,1983-08-12,,1.0676194E7,,,,,
264530,2014-10-21,,,,,,,
264555,2014-04-12,2000000.0,,,,,,
264644,2015-10-16,6000000.0,3.5401758E7,2.9401758E7,,,,
264646,2011-10-04,,,,,,,
26465,2009-09-01,,,,,,,
26466,2009-10-16,1.2E7,,,,,,
264660,2015-01-21,,3.6869414E7,,,,,
26467,2002-01-01,,,,1.0,1,,2009-07-17
264746,2014-04-03,,,,,,,
26475,2001-05-15,,,,,,,
264763,2014-04-20,,,,,,,
26477,1987-08-07,,,,,,,
26479,1993-08-21,,,,,,,
26480,1974-07-11,,,,3.0,1,,2014-07-24
26483,1965-04-14,,,,,,,
264999,2015-07-01,1.48E7,1.22513057E8,1.07713057E8,,,,
265,1981-01-14,,,,3.879032258064516,62,0.9695591522759354,2013-06-21
26500,2004-06-06,,,,,,,
265010,2014-10-10,,,,,,,
265018,2014-04-20,,,,,,,
265019,2014-08-22,,,,,,,
26502,1956-08-04,,,,,,,
26503,1981-04-04,,,,,,,
26504,1971-08-12,,,,,,,
26505,2009-11-26,8.7E7,,,4.5,1,,2009-12-21
26509,1969-06-01,,,,4.5,1,,2007-03-03
26514,1974-06-21,,,,,,,
26515,1988-06-09,3500000.0,4385516.0,885516.0,,,,
26516,1955-03-25,,,,,,,
26517,1978-07-05,,,,,,,
265178,1988-01-01,,,,,,,
26518,2006-01-01,300000.0,,,,,,
265180,2014-09-24,,,,,,,
265189,2014-08-15,,1359497.0,,,,,
265193,2014-06-01,,,,,,,
2652,2005-01-14,950000.0,7022209.0,6072209.0,4.5,2,0.7071067811865476,2000-04-10
26522,1984-09-14,,2.1821347E7,,,,,
26525,1970-12-05,,,,,,,
265297,2014-09-27,,1059804.0,,,,,
26530,1944-01-01,,,,,,,
26531,1939-03-17,,,,,,,
265314,2013-11-15,,,,,,,
26533,1943-08-19,,,,,,,
265349,2013-10-12,,,,,,,
26535,1963-06-05,,,,,,,
26537,1977-12-03,,,,,,,
26539,1976-12-02,,,,,,,
26547,1974-12-08,,,,4.0,2,0.7071067811865476,2012-09-12
2655,2000-07-21,1.0E8,1.55464351E8,5.5464351E7,3.0,1,,2000-11-20
26554,1986-12-12,,,,4.25,2,0.3535533905932738,2009-05-22
26555,1986-07-11,1.5E7,1.2308521E7,-2691479.0,3.1666666666666665,3,1.8929694486000912,2005-04-13
265563,2014-01-16,,,,,,,
265579,1943-12-26,,,,,,,
26561,1991-11-06,,1.320017E7,,,,,
26566,2009-07-08,,,,,,,
265717,2014-04-20,,,,,,,
265727,2006-06-22,,,,,,,
26574,1987-08-01,,,,4.0,1,,2015-07-16
265741,1994-06-12,,,,,,,
265758,2006-03-27,,,,,,,
265760,2000-01-09,,,,,,,
26579,2004-09-15,,176153.0,,,,,
265793,2004-10-28,,,,,,,
26580,1997-07-09,,,,,,,
26583,2009-10-03,1.0E7,,,,,,
265832,2014-04-19,,,,,,,
26584,2009-02-06,,,,,,,
265845,1990-02-13,,,,,,,
265851,2014-06-01,,,,,,,
26587,2009-07-14,,,,4.4,5,0.6519202405202649,2015-06-10
265929,2014-09-19,,,,,,,
265934,2014-04-21,,,,,,,
26594,2006-03-26,,,,,,,
265966,1999-06-11,,,,,,,
265982,2006-11-14,,,,,,,
266,1963-10-21,900000.0,528428.0,-371572.0,3.4863013698630136,73,1.0136999156682787,2015-11-05
266022,1996-10-18,,,,,,,
26603,1988-02-25,,,,3.75,2,0.3535533905932738,2016-07-29
266031,2014-11-27,,,,,,,
266034,2014-05-16,,,,,,,
266040,2014-06-04,,,,,,,
266058,2014-05-22,,,,,,,
26606,1970-08-03,,,,4.25,2,0.3535533905932738,2015-05-28
266061,2014-06-02,,,,,,,
266080,2014-10-08,,,,,,,
2661,1966-07-30,,,,3.5,2,0.7071067811865476,2001-01-23
266102,2014-07-03,,,,,,,
266108,1961-02-06,,,,,,,
26612,1990-06-08,,,,,,,
266135,1977-02-06,,,,,,,
26614,1931-11-20,,,,3.9615384615384617,13,0.9004984374763992,2016-08-17
26615,1976-05-07,,,,,,,
26617,1970-09-12,,,,,,,
26618,1998-09-25,,,,,,,
2662,2003-04-11,7000000.0,1.6829545E7,9829545.0,3.361111111111111,18,1.0117770557081813,2013-09-15
26623,1996-12-20,7000000.0,,,,,,
266249,1932-11-06,,,,,,,
266285,2014-05-22,,4.207E7,,,,,
26630,2009-05-01,,,,,,,
26631,2006-01-01,,,,3.0,1,,2015-06-11
266314,1985-04-13,,,,,,,
266331,1983-02-18,,2439705.0,,,,,
266353,2014-04-20,,,,,,,
26636,2003-09-17,,,,,,,
266373,1955-09-14,,,,,,,
266396,2015-02-16,4.0E7,1.3644292E7,-2.6355708E7,,,,
26642,1988-12-21,,,,,,,
266425,2016-02-16,,,,,,,
266433,2014-09-24,,,,,,,
266442,2014-04-27,,,,,,,
26648,1974-04-03,,,,,,,
2665,1982-12-10,,2.7150534E7,,,,,
266500,2014-09-19,,223003.0,,,,,
26651,2008-09-04,,,,,,,
266525,1992-01-31,,259.0,,,,,
266541,1933-03-04,,,,,,,
26655,2006-06-06,5000000.0,,,4.5,1,,2012-08-05
266558,2010-12-09,,,,,,,
26656,2009-02-01,,,,,,,
266563,1976-01-09,,,,,,,
266568,2011-12-05,,,,,,,
266619,2015-05-06,,,,,,,
266621,2014-04-26,,,,,,,
26663,1947-01-11,,,,4.0,1,,2006-10-09
266647,2015-09-24,1.5E8,1.2838832E8,-2.161168E7,,,,
266697,1968-01-01,,,,,,,
26670,1992-03-20,1.2E7,2280148.0,-9719852.0,,,,
266782,2013-12-06,,,,,,,
26679,1986-05-14,,,,,,,
266814,2009-07-02,,,,,,,
26685,1965-01-26,,,,,,,
266856,2014-11-26,1.5E7,1.23726688E8,1.08726688E8,,,,
26688,2009-09-09,,2.720612E7,,,,,
266882,2015-07-03,,,,,,,
26689,1997-01-01,,,,2.0,1,,2009-07-06
26690,1968-10-08,,,,,,,
26694,2009-01-15,,,,4.0,1,,2007-01-09
26699,1930-10-18,,,,,,,
26700,2007-09-06,,,,1.6666666666666667,3,1.0408329997330663,2009-12-02
26702,1978-10-31,,,,4.0,1,,2010-03-30
267035,1973-05-09,,,,,,,
267048,2007-01-01,,,,,,,
26710,2004-01-09,,51.0,,,,,
26718,1935-05-04,,,,,,,
267188,1997-12-31,,,,,,,
26719,1987-10-11,,2585639.0,,,,,
267219,2008-01-01,,,,,,,
26722,2009-10-01,,,,,,,
26725,1986-03-07,2278264.0,,,,,,
267268,2014-09-05,,,,,,,
26728,2008-08-30,,,,,,,
267292,2014-04-26,,,,,,,
26730,1982-11-16,,,,,,,
267310,2014-02-09,,,,,,,
267319,2014-04-15,,,,,,,
267333,1932-01-24,,,,,,,
267336,1934-07-06,,,,,,,
267345,2002-04-25,,,,,,,
267355,2014-04-28,,,,,,,
26736,2009-08-28,,,,4.0,1,,2015-03-24
267415,1957-01-17,,,,,,,
267428,2014-04-25,,,,,,,
26743,2000-07-07,,,,,,,
267466,2014-04-10,,,,,,,
267467,2014-04-30,,,,,,,
26748,1996-06-21,5000000.0,1.3269963E7,8269963.0,,,,
267480,2014-08-30,,332710.0,,,,,
267481,2014-05-01,,,,,,,
267497,1972-05-23,,,,,,,
2675,2002-08-02,,4.08247917E8,,,,,
26752,2009-02-18,,,,,,,
267523,2006-05-20,,,,,,,
267539,2001-07-18,,,,,,,
26755,1992-09-09,,,,,,,
267557,2014-04-30,,,,,,,
267573,2014-06-01,,,,,,,
267590,1988-01-01,,,,,,,
267623,2014-04-09,,,,,,,
26763,2008-11-12,,,,,,,
26765,2007-12-04,,,,,,,
267654,1990-06-13,,,,,,,
26766,2004-03-15,,,,,,,
26769,2008-07-29,,,,,,,
26771,1980-10-01,,,,,,,
26774,1971-01-01,140000.0,,,,,,
267793,2014-05-26,,,,,,,
267802,2014-05-23,,,,,,,
26781,2009-06-11,,,,,,,
267831,2014-05-01,,,,,,,
267863,2014-06-19,,,,,,,
26787,1996-02-04,2.8E7,,,,,,
26789,1986-12-19,,1.2303904E7,,,,,
26792,2006-02-12,,,,,,,
267935,2016-06-01,,1.83345589E8,,,,,
267955,2015-06-26,,,,,,,
26797,1993-01-12,,,,5.0,1,,2010-02-11
267977,1983-04-01,,,,,,,
26798,1988-03-05,,,,,,,
268015,1980-03-30,,,,,,,
268021,2006-10-30,,,,,,,
26808,2006-06-19,,,,,,,
268092,2013-10-04,,,,,,,
268100,2014-01-28,,,,,,,
268105,2015-09-25,,,,,,,
26813,1999-01-01,,,,,,,
26817,1964-12-25,,,,,,,
268174,2014-01-31,,,,,,,
26820,2009-08-21,,2479538.0,,,,,
26823,2008-06-07,,,,,,,
268238,2015-02-26,1.0E7,8.5978266E7,7.5978266E7,,,,
26825,2004-09-06,,,,,,,
26826,2005-02-17,,,,,,,
26827,1987-08-07,,7305209.0,,,,,
268271,1969-04-17,,,,,,,
268272,2014-04-29,,,,,,,
26829,1956-02-01,,,,,,,
268297,2013-04-11,,,,,,,
26831,1973-05-13,,,,,,,
268321,2014-05-14,,,,,,,
268350,1938-05-11,,,,,,,
26838,1947-12-17,,,,3.5,1,,2006-11-15
268413,2014-05-08,,,,,,,
26842,1977-03-09,,,,4.0,2,0.0,2015-03-24
26847,2006-12-10,,,,,,,
26850,1991-09-27,,221295.0,,3.0,1,,2011-01-28
268523,2014-05-07,,,,,,,
268536,2013-11-11,,,,,,,
268539,2010-04-10,,,,,,,
26857,1959-07-29,250000.0,,,,,,
268618,2014-05-16,2700000.0,,,,,,
26864,2009-02-06,,,,,,,
26865,1956-09-21,,,,4.5,2,0.0,2006-10-17
26866,1962-03-07,,,,,,,
268662,1967-08-06,,,,,,,
268666,2013-04-05,,,,,,,
26872,2005-01-01,204956.0,,,,,,
268725,2015-03-27,,,,,,,
26873,1980-06-06,,,,,,,
268735,2005-10-10,,,,,,,
26877,1992-12-03,,,,,,,
268771,2013-10-08,,,,,,,
268788,1999-05-02,,,,,,,
26879,1965-07-14,,,,,,,
26880,1991-08-01,,,,,,,
26882,2006-01-20,,,,,,,
26884,1931-10-31,,,,,,,
268853,1967-04-19,,,,,,,
268854,2015-03-06,,,,,,,
268875,1936-10-16,,,,,,,
26888,2008-09-04,,,,,,,
26889,1984-09-07,,,,,,,
268893,1993-12-21,,,,,,,
26890,1996-05-01,,1814290.0,,,,,
26891,1997-01-01,,,,,,,
268920,2015-05-08,3.5E7,5.1680201E7,1.6680201E7,,,,
26893,1957-10-01,,,,,,,
26895,2001-09-09,,,,,,,
268956,2011-01-01,24000.0,,,,,,
269,1960-03-16,,,,3.6666666666666665,3,0.5773502691896258,1997-02-06
26900,1996-11-29,,,,,,,
269070,1963-06-26,,,,,,,
26910,2003-01-14,1700000.0,,,,,,
269100,2014-07-18,,,,,,,
26912,1967-11-09,,,,,,,
269148,2014-10-15,2.0E7,151530.0,-1.984847E7,,,,
2692,2007-02-13,,,,4.2,80,0.855362829225267,2016-04-28
26920,2009-10-25,,,,,,,
269200,2013-04-22,,,,,,,
26921,1935-04-27,,,,,,,
269242,2014-03-11,,,,,,,
269246,2014-04-19,,,,,,,
26928,1972-03-17,,,,,,,
269306,1956-11-12,,,,,,,
26932,1977-07-13,,,,,,,
269340,2014-04-30,,,,,,,
26936,1990-09-15,,,,,,,
26939,1987-02-28,,,,,,,
269390,1927-05-10,,,,,,,
26940,1946-05-10,,,,,,,
26942,2001-03-08,,,,,,,
26948,1954-03-28,,,,,,,
26949,1996-12-18,,,,,,,
269494,2014-05-29,,,,,,,
269495,2014-01-10,1600000.0,,,,,,
26954,1990-11-28,780000.0,,,,,,
26955,2002-08-09,,,,,,,
269572,2013-10-04,,,,,,,
269576,2014-04-09,,,,,,,
26959,1998-05-26,,,,,,,
26960,1999-11-09,,,,,,,
26962,2004-12-18,,,,,,,
26963,2009-02-09,,,,,,,
26964,1987-10-02,,,,,,,
269650,2014-05-28,,,,,,,
269705,2014-12-05,,,,,,,
26971,2009-02-06,,,,,,,
269710,1926-05-02,,,,,,,
26973,1978-04-05,,,,,,,
26974,1985-01-01,,,,4.166666666666667,3,0.7637626158259734,2015-06-11
26976,2001-02-09,,,,,,,
269776,2014-05-14,,,,,,,
26978,1983-05-20,1.5E7,1.65E7,1500000.0,,,,
269795,2017-06-29,,422.0,,,,,
269797,2005-10-23,,,,,,,
2698,2007-06-09,1.75E8,1.73E8,-2000000.0,,,,
26983,1959-10-15,,,,,,,
269843,2009-05-14,,,,,,,
26985,2005-11-01,2000000.0,,,,,,
26990,2007-12-12,,5800000.0,,,,,
269981,1954-09-20,,,,,,,
269999,1968-09-04,,,,,,,
270002,1971-03-19,,,,,,,
270005,2014-09-28,,,,,,,
270010,2016-04-22,3.0E7,4212494.0,-2.5787506E7,,,,
270015,1957-10-01,,,,,,,
270024,2001-02-21,,,,,,,
27003,1935-07-15,,,,,,,
270045,1998-03-27,,,,,,,
270047,1998-05-28,,,,,,,
27007,2003-06-12,,,,,,,
27009,2002-01-01,,,,,,,
27010,1995-08-22,,,,,,,
27016,1982-10-01,,,,,,,
27017,1942-10-21,802000.0,4371000.0,3569000.0,,,,
270173,2013-06-07,,,,,,,
27019,1974-09-18,,,,,,,
27023,2009-06-10,,111731.0,,,,,
270251,1963-01-02,,,,,,,
270302,2014-09-19,,2146041.0,,,,,
270303,2015-02-04,2000000.0,1.4674076E7,1.2674076E7,,,,
27031,1967-05-27,,,,,,,
27033,1946-07-24,,,,,,,
27034,1947-08-15,,,,,,,
270343,2014-08-20,,23598.0,,,,,
27035,1948-01-16,,,,,,,
27040,1943-01-01,275.0,,,,,,
270400,2014-09-04,,,,,,,
270403,2014-06-25,,,,,,,
270409,1964-12-07,,,,,,,
27042,2002-07-03,,,,,,,
27045,1959-10-01,,,,,,,
270470,1966-08-15,,,,,,,
270487,2016-02-05,,6.3647656E7,,,,,
27052,1992-05-22,,,,,,,
27053,1939-06-08,,,,,,,
27058,1999-11-17,,,,,,,
27061,1959-10-16,,,,,,,
270616,1999-01-01,,,,,,,
27064,1985-05-15,5000000.0,502758.0,-4497242.0,,,,
270646,2014-04-19,,,,,,,
270650,2009-01-01,,,,,,,
270654,2014-03-25,,1.5E7,,,,,
270668,2014-06-12,3000000.0,,,,,,
270672,2014-04-15,,,,,,,
27069,2004-01-17,,,,,,,
27072,1988-10-09,,,,,,,
270724,2014-06-27,,1.0664E8,,,,,
27074,1999-09-26,,,,,,,
270759,2014-05-22,,,,,,,
27076,2003-11-29,,,,,,,
270762,2013-04-22,,,,,,,
270766,2014-08-01,1600000.0,,,,,,
27079,2003-05-01,,,,,,,
27084,1973-06-01,,,,,,,
270842,2014-07-17,,,,,,,
27088,1982-06-26,,,,,,,
270886,2014-08-22,,,,,,,
270899,2014-05-21,,,,,,,
270908,1961-10-17,,,,,,,
27091,2004-01-01,,,,,,,
270919,2014-06-18,,,,,,,
27092,2000-05-11,,,,,,,
270926,2014-05-21,,,,,,,
27093,2002-05-18,,,,,,,
270936,2007-04-19,,,,,,,
270938,2014-09-05,,,,,,,
27094,1974-11-10,,,,,,,
270946,2014-11-22,1.32E8,3.73552094E8,2.41552094E8,,,,
27095,2005-05-14,,,,,,,
27098,1995-03-08,,,,,,,
271,1984-12-20,,,,3.5,4,1.2909944487358056,2000-12-10
271007,1945-01-01,,,,,,,
271039,2015-01-09,,,,,,,
27104,1997-10-24,,,,,,,
27105,1968-03-01,,,,,,,
271110,2016-04-27,2.5E8,1.153304495E9,9.03304495E8,,,,
27112,1948-07-24,,,,,,,
271120,2005-08-24,100.0,,,,,,
271124,2003-07-18,27000.0,,,,,,
27115,1936-03-14,,,,,,,
27116,1972-09-01,,,,,,,
271200,2014-05-23,,1.0E7,,,,,
27122,2008-01-15,700.0,,,,,,
271304,1994-10-20,,,,,,,
271327,1996-11-22,,,,,,,
27134,2005-06-07,,,,,,,
27137,2007-05-28,,,,,,,
271397,2014-09-11,,,,,,,
271404,2017-10-20,,,,,,,
27141,1999-11-17,,,,,,,
271433,2014-07-17,,,,,,,
27144,1939-11-03,,,,,,,
271462,2001-06-14,,,,,,,
271467,2014-07-02,,,,,,,
271484,2000-11-10,,,,,,,
27150,1982-04-02,4500000.0,1.05E7,6000000.0,,,,
271504,2006-01-01,,,,,,,
27152,2003-10-09,,,,,,,
27154,1999-12-11,,,,,,,
271550,1976-07-01,,,,,,,
271664,1986-04-23,,,,,,,
271665,2014-04-29,,,,,,,
271674,2014-11-05,1.5E7,9104716.0,-5895284.0,,,,
271714,2015-05-29,,2.8641776E7,,,,,
271718,2015-07-17,,1.40795793E8,,,,,
27172,1970-09-18,,,,,,,
27176,2005-09-28,,,,,,,
27181,2000-10-20,,,,,,,
27182,2007-11-07,,,,,,,
271826,2014-05-15,,40000.0,,,,,
27190,2008-12-17,,,,,,,
271919,1975-06-10,,,,,,,
271954,2013-11-15,,,,,,,
27197,1963-01-13,,,,,,,
27203,1947-07-16,,,,,,,
27204,2001-09-26,,,,,,,
27205,2010-07-14,1.6E8,8.25532764E8,6.65532764E8,,,,
27207,1991-05-02,,,,,,,
272072,2013-07-21,,,,,,,
272075,2014-12-17,,,,,,,
272095,2014-07-31,,,,,,,
2721,1969-02-26,,83305.0,,4.416666666666667,6,0.664580067912563,2015-08-14
27214,1983-11-18,,6333135.0,,,,,
272160,2014-07-25,,,,,,,
272165,1984-01-02,,,,,,,
2722,2002-04-27,,,,2.573529411764706,34,1.0160257761969493,2016-09-01
27221,1984-08-31,,,,,,,
27223,1985-03-15,,,,,,,
27225,1981-07-01,,,,,,,
272261,1959-01-01,,,,,,,
272264,2014-05-17,,,,,,,
27232,1983-06-02,,,,,,,
27233,1996-07-27,,,,,,,
272414,2014-06-14,,,,,,,
272418,2015-03-27,,,,,,,
272435,2014-09-10,,154701.0,,,,,
27244,1984-08-24,,,,,,,
272543,2014-05-23,,,,,,,
272548,2015-03-14,,,,,,,
27256,1952-02-18,,,,,,,
27259,2002-01-18,,1.3102295E7,,,,,
272602,2014-05-30,,,,,,,
27261,1958-07-25,,,,,,,
27265,1996-12-25,,,,,,,
272663,1953-03-28,,,,,,,
272691,2014-08-13,,,,,,,
27271,1986-07-07,,,,,,,
27273,1982-08-17,,,,,,,
27275,2004-11-12,,,,,,,
27276,1999-09-15,,,,,,,
27277,1967-05-27,,6000000.0,,,,,
272772,2008-01-01,,,,,,,
2728,2007-08-11,,,,3.9210526315789473,19,0.7685331969757723,2014-09-28
272820,2016-07-22,,,,,,,
27283,2008-02-29,,,,,,,
272892,2013-04-28,,,,,,,
27292,1972-06-28,,,,,,,
27297,2009-01-17,,,,,,,
27300,2004-04-17,,,,,,,
273029,2007-01-01,,,,,,,
27303,1995-03-03,1.5E7,1.2201255E7,-2798745.0,,,,
27306,2004-01-01,,,,,,,
27307,1989-05-19,,,,,,,
273080,2012-03-08,,,,,,,
273096,2014-06-14,,,,,,,
27310,2009-12-29,,,,,,,
273122,1995-02-01,,,,,,,
273128,2014-05-15,,,,,,,
273160,1992-12-07,,,,,,,
27318,1997-11-18,,,,,,,
27320,2000-01-01,,,,,,,
273202,1981-06-01,,,,,,,
273205,2008-03-06,,,,,,,
27322,1997-03-14,,,,3.5,1,,2012-08-05
273261,2014-05-31,80.0,,,,,,
273271,2014-05-24,,,,,,,
27329,2001-08-17,,,,4.0,3,0.0,2016-06-22
273296,2000-06-01,,,,,,,
273312,1998-06-01,,,,,,,
273315,2005-06-01,,,,,,,
273318,1995-06-01,,,,,,,
27332,1982-07-30,,,,,,,
273334,2014-05-13,,,,,,,
27338,2001-01-22,,,,3.0,1,,2009-01-27
273404,2013-07-28,,,,,,,
27341,1932-08-14,,,,,,,
27344,1956-11-16,,,,,,,
27346,1980-11-07,350000.0,,,,,,
273477,2015-10-23,1.5E7,1.4860766E7,-139234.0,,,,
273481,2015-09-17,3.0E7,8.4025816E7,5.4025816E7,,,,
273511,2014-06-10,,,,,,,
27353,2007-06-09,,,,,,,
27359,2007-05-09,,,,,,,
273598,2014-02-14,,,,,,,
27360,2005-04-22,,,,,,,
27361,1975-09-24,,,,,,,
273610,2015-04-24,,,,,,,
27362,1988-09-10,,,,,,,
273621,2014-08-19,,,,,,,
27364,1958-05-09,,,,,,,
27367,1942-06-04,,1.35E7,,,,,
27370,2009-12-22,,,,,,,
273707,2013-01-01,,,,,,,
27374,2008-06-17,,,,,,,
273743,2014-06-01,400000.0,,,,,,
273745,2013-12-03,,,,,,,
27378,1976-11-12,,,,,,,
27379,2007-10-02,,,,,,,
27380,1982-06-25,,,,,,,
27381,1992-09-25,,,,,,,
273856,2013-12-30,,,,,,,
273868,1971-09-09,,,,,,,
27387,2003-05-13,250000.0,,,,,,
273879,1980-05-21,25000.0,,,,,,
273883,1985-03-02,,,,,,,
273890,2004-07-15,,,,,,,
273895,2014-12-25,2.0E7,6.6787908E7,4.6787908E7,,,,
273896,1982-01-02,,,,,,,
27390,1988-01-29,90000.0,,,,,,
273912,2015-07-24,,,,,,,
27395,1973-05-12,,,,,,,
27396,1975-03-21,,,,,,,
27397,1988-09-16,,1.6262415E7,,4.0,1,,2012-12-15
273973,2009-01-01,,,,,,,
27399,1953-12-02,,,,,,,
273997,2014-05-27,,,,,,,
274007,2014-05-31,,,,,,,
27404,2005-03-04,,,,,,,
274060,1949-01-01,,,,,,,
27408,1986-06-13,,,,,,,
27409,1972-04-29,,,,,,,
274110,2014-09-19,,,,,,,
274127,1991-08-10,,,,,,,
274131,1954-04-01,,,,,,,
27414,1984-11-09,1065000.0,,,,,,
27417,2005-03-12,,,,,,,
27418,1989-10-20,1.2E7,1.5942628E7,3942628.0,,,,
27419,1960-04-22,,,,,,,
2742,1991-12-27,1.6E7,,,,,,
27425,1969-01-25,,,,,,,
27431,1971-02-11,,,,,,,
274326,2014-05-01,,,,,,,
27437,1947-07-24,,,,,,,
27439,1971-07-31,,,,,,,
27440,2007-01-01,,,,,,,
274415,2014-07-10,,,,,,,
27442,2008-01-01,,,,,,,
27443,1954-07-23,,,,,,,
27444,2000-11-09,,,,,,,
27447,2002-01-01,,,,,,,
274479,2015-12-24,6.0E7,1.01134059E8,4.1134059E7,,,,
27448,1947-03-04,,,,,,,
274483,2014-06-04,,,,,,,
27449,1933-07-12,,,,,,,
27450,1990-05-16,,,,,,,
27451,2001-01-01,,,,,,,
27452,1946-02-06,,,,,,,
27453,2006-05-12,,,,,,,
27455,1999-04-09,,6033999.0,,,,,
27459,1971-02-09,,,,,,,
27460,1998-05-26,,,,,,,
27465,1992-03-06,,,,,,,
274669,1999-10-15,,,,,,,
27470,1968-12-19,,,,,,,
27475,1982-11-12,,,,,,,
2748,1954-09-07,,,,2.7,5,0.6708203932499369,2005-01-26
274815,2014-06-14,,,,,,,
274857,2017-04-27,,1.46175066E8,,,,,
274906,2014-06-29,,,,,,,
27495,1978-03-15,,,,,,,
27496,1969-05-14,,,,,,,
274985,1989-01-01,,,,,,,
274991,1988-12-01,,,,,,,
275,1996-04-05,,6.0611975E7,,2.8,5,1.0954451150103321,2000-04-07
2750,2002-02-13,,,,3.75,22,0.7028852104345481,2014-01-15
27502,1925-03-16,,,,,,,
27503,1927-06-04,217000.0,,,,,,
27504,1930-07-03,,,,,,,
27506,1928-11-24,,921000.0,,,,,
275065,2006-07-29,,,,,,,
27507,1928-04-14,293000.0,,,,,,
27509,1920-08-15,89000.0,,,,,,
27511,1924-12-22,172000.0,,,,,,
27517,1928-04-27,,,,,,,
27521,1978-02-02,,,,,,,
275210,2008-01-01,,,,,,,
27522,1924-11-13,,,,,,,
27523,1962-02-28,,,,4.25,2,1.0606601717798212,2011-10-28
275269,2016-01-07,5200000.0,9200000.0,4000000.0,,,,
275272,2003-11-12,,,,,,,
275287,2010-11-16,,,,,,,
2753,1986-02-06,,203781.0,,2.6666666666666665,3,1.5275252316519468,2001-01-22
275331,1957-01-01,,,,,,,
2754,1986-02-27,,,,3.0,1,,2000-11-20
27545,1959-11-02,50000.0,,,,,,
275468,2009-06-01,,,,,,,
275477,1990-11-02,,,,,,,
27548,1988-05-13,50000.0,,,,,,
27549,1991-06-08,6000000.0,869325.0,-5130675.0,,,,
27550,2007-03-09,,,,,,,
275573,1954-02-21,,,,,,,
275619,2014-06-10,,,,,,,
275647,2014-06-21,,,,,,,
27567,2009-10-16,,,,,,,
27569,2010-01-21,3.1E7,1.5134293E7,-1.5865707E7,,,,
2757,2002-12-06,1.9E7,3.2801173E7,1.3801173E7,3.857142857142857,7,1.0690449676496976,2003-11-02
27573,2010-03-16,,1.36E8,,,,,
275771,2003-08-10,,,,,,,
27579,2010-08-31,2.0E7,6.5464324E7,4.5464324E7,,,,
27581,2010-08-06,1.0E8,1.70432927E8,7.0432927E7,,,,
27582,2011-01-13,4.0E7,5.1070807E7,1.1070807E7,,,,
27583,2010-03-26,,6153967.0,,,,,
27584,2010-06-03,,,,,,,
27586,2010-03-19,1.0E7,2995811.0,-7004189.0,,,,
27590,1985-05-03,,8800000.0,,,,,
275905,1942-09-15,,,,,,,
27593,2001-03-15,,,,,,,
27597,1936-12-25,,,,,,,
2760,1927-02-14,12000.0,,,,,,
27601,2001-11-01,,,,,,,
27605,2007-10-19,,,,,,,
27607,1989-01-27,,,,,,,
2761,1936-06-12,,,,3.7738095238095237,42,0.9512660431157697,2016-07-22
276120,2014-05-12,,,,,,,
276122,2014-07-08,,,,,,,
276123,1987-01-01,,,,,,,
276157,2014-06-12,,,,,,,
27618,2008-01-01,,,,,,,
27621,2008-08-22,,,,,,,
276220,2001-09-12,,,,,,,
27625,1956-07-14,,,,,,,
27629,1951-09-20,,,,,,,
27631,2003-01-01,,,,,,,
27635,1949-10-15,,,,,,,
27636,1963-08-29,66500.0,,,,,,
27637,2009-08-20,,,,,,,
2764,1997-05-01,,,,4.166666666666667,6,0.752772652709081,2008-01-04
27642,1966-03-01,,,,,,,
27644,1959-02-15,,,,,,,
276486,2003-10-22,,,,,,,
276488,2014-04-17,,,,,,,
276496,2014-07-17,,,,,,,
27651,2010-01-15,,,,,,,
276518,1954-06-12,,,,,,,
27655,1942-08-05,,,,,,,
276550,2013-01-01,,,,,,,
276578,2014-05-10,,,,,,,
276608,2005-11-16,,,,,,,
276621,2014-06-17,,,,,,,
27665,1999-06-01,,170832.0,,,,,
276678,2014-06-01,,,,,,,
276702,2002-11-15,,,,,,,
27674,2002-12-31,,,,3.75,2,0.3535533905932738,2010-05-01
276770,2005-09-13,,,,,,,
27678,1993-03-20,,,,,,,
2768,1980-02-08,,2.2743674E7,,,,,
276808,2015-04-07,,,,,,,
27681,1996-11-12,,,,,,,
276828,2013-06-15,,,,,,,
27683,2006-10-01,,,,,,,
276839,2015-03-13,,,,,,,
276846,2000-02-11,,,,,,,
276883,2014-06-19,,,,,,,
276895,1981-01-01,,,,,,,
2769,1951-08-08,2723903.0,4500000.0,1776097.0,2.3333333333333335,6,0.816496580927726,2003-03-07
276902,2014-09-10,5000000.0,,,,,,
276905,2016-01-14,1.8E7,1.7062499E7,-937501.0,,,,
276918,2014-07-02,,,,,,,
276935,2014-06-27,,,,,,,
277,2003-09-19,2.2E7,9.5708457E7,7.3708457E7,3.357142857142857,35,1.011488627567052,2012-12-24
2770,2001-08-10,3.0E7,2.87553595E8,2.57553595E8,3.0686274509803924,51,0.9798959528599823,2010-12-15
27703,1977-08-10,,,,,,,
277069,2010-01-01,,,,,,,
277073,2000-06-07,,,,,,,
2771,2003-08-15,,6003587.0,,2.0,4,0.816496580927726,2003-03-07
27711,2000-10-24,150000.0,,,,,,
277153,2015-05-21,,,,,,,
27716,1975-08-20,,,,,,,
27717,1961-12-13,,,,,,,
27719,1998-01-18,,,,,,,
277190,2014-07-03,,,,,,,
27721,2007-01-01,,,,3.909090909090909,11,1.044465935734187,2015-06-10
277216,2015-08-13,,2.01634991E8,,,,,
277217,2015-07-31,,,,,,,
277229,2004-08-06,,,,,,,
27724,2006-06-08,,,,5.0,1,,2010-05-11
277261,1975-10-04,,,,,,,
277270,1991-01-01,,,,,,,
277296,1963-03-01,,,,,,,
27730,1987-09-16,,,,,,,
27738,1987-11-06,,2189047.0,,,,,
27739,2001-01-01,,,,,,,
277399,2014-06-13,,,,,,,
277415,2001-05-21,,,,,,,
277416,1986-01-02,,,,,,,
27743,2004-01-01,,,,,,,
277435,2014-06-13,,,,,,,
277464,1988-01-01,,,,,,,
277528,2013-11-03,,,,,,,
277541,2014-05-23,,,,,,,
277546,2015-08-07,6000000.0,,,,,,
277558,2015-04-14,,,,,,,
27757,1991-01-01,,,,,,,
277582,2014-03-24,,,,,,,
27759,1963-05-06,1.7E7,1.0E7,-7000000.0,,,,
277597,2014-08-05,,,,,,,
277610,2014-07-06,,,,,,,
277631,1976-05-02,,,,,,,
27764,1987-10-30,,,,,,,
277662,2015-05-29,,,,,,,
27768,1994-03-26,,,,3.5,1,,2005-04-20
277687,2015-06-26,,,,,,,
277688,2014-07-19,,,,,,,
27769,1991-05-07,,,,,,,
277690,2014-07-09,,,,,,,
2777,1998-10-31,,,,,,,
277702,2014-06-12,,,,,,,
277713,2015-12-04,,,,,,,
277724,2000-11-11,,,,,,,
277726,1998-11-02,,,,,,,
277751,2002-08-23,,,,,,,
27777,1928-11-01,,,,,,,
277778,2014-08-08,3000000.0,,,,,,
277796,2014-06-20,,,,,,,
277834,2016-11-23,1.5E8,6.43034466E8,4.93034466E8,,,,
277839,2016-02-24,5402000.0,,,,,,
277846,2014-06-23,,,,,,,
277847,2014-11-07,,,,,,,
27793,1994-10-26,1.7E7,,,1.75,2,0.3535533905932738,2013-09-08
277934,2014-03-14,,,,,,,
277967,2015-03-05,,,,,,,
277968,2015-09-17,,,,,,,
27799,2004-03-13,,,,,,,
278,1994-09-23,2.5E7,2.8341469E7,3341469.0,3.0,5,1.224744871391589,2000-12-10
278051,1977-09-01,,,,,,,
278095,2014-05-22,,,,,,,
278111,2002-04-02,3500000.0,,,,,,
278122,1942-03-10,,,,,,,
27813,1982-04-14,35000.0,,,,,,
27815,1990-03-02,,,,3.5833333333333335,6,0.8612007121842543,2016-03-31
278154,2016-06-23,1.05E8,4.08579038E8,3.03579038E8,,,,
27816,1992-02-01,,,,2.5,1,,2011-01-28
278262,1999-12-20,,,,,,,
278269,2001-10-31,,,,,,,
278283,1939-01-13,,,,,,,
278316,2014-06-22,,,,,,,
278334,2013-12-19,,,,,,,
27834,2001-05-12,,,,4.5,1,,2005-09-23
278348,2014-08-08,,,,,,,
278388,2004-06-01,,,,,,,
278393,2014-11-06,,,,,,,
27843,2005-12-10,,,,,,,
278458,2008-10-28,,,,,,,
278468,2007-09-23,,,,,,,
278475,2013-10-25,,,,,,,
27850,1998-11-10,,,,3.3,5,0.570087712549569,2012-06-27
27854,1943-07-12,3000000.0,,,,,,
278544,,,,,,,,
27857,1987-04-17,,,,0.5,1,,2011-02-13
27859,2000-01-01,,,,,,,
2786,1965-08-29,300000.0,,,2.5,2,0.7071067811865476,2000-11-22
27861,1977-06-06,,,,,,,
278621,1996-09-13,,,,,,,
278632,2014-10-14,,2710.0,,,,,
27865,2008-01-01,,,,,,,
27873,1982-01-01,1000000.0,3000000.0,2000000.0,3.5,2,1.4142135623730951,2011-01-28
278730,1965-09-04,,,,,,,
27875,2005-04-02,,,,4.0,1,,2007-12-31
278771,2012-01-01,,,,,,,
278774,2014-06-27,,,,,,,
278778,2013-10-08,,,,,,,
2788,1994-02-18,1.15E7,2.007985E7,8579850.0,4.090909090909091,22,0.7009579098219746,2015-07-02
278813,2003-11-17,,,,,,,
27885,1993-09-13,,,,,,,
278851,2014-04-25,,,,,,,
278924,2016-08-25,4.0E7,1.25729635E8,8.5729635E7,,,,
278927,2016-04-07,1.75E8,9.665506E8,7.915506E8,,,,
278990,2014-06-27,,,,,,,
279006,1981-02-08,,,,,,,
27902,2005-11-01,,,,,,,
27904,2006-08-31,,,,3.392857142857143,14,0.6557019558801506,2016-07-24
279049,2014-06-21,,,,,,,
27906,2009-06-12,,270210.0,,,,,
279068,1940-01-02,,,,,,,
279090,1998-09-26,,,,,,,
279096,2016-01-27,2480421.0,,,,,,
279144,2015-05-01,,,,,,,
279159,1975-07-26,,,,,,,
27917,1951-02-20,,,,,,,
27918,1936-01-20,,,,,,,
27919,2006-01-01,1200000.0,,,,,,
27920,1960-08-12,,,,,,,
27922,1969-06-06,,,,4.0,1,,2011-07-03
279229,2014-08-14,,,,,,,
279254,2014-09-06,,,,,,,
27932,1974-10-18,,4.7E7,,,,,
27936,2009-10-28,3.3E7,1.4E7,-1.9E7,,,,
27937,1979-01-01,,,,,,,
27939,1982-06-06,,,,,,,
27940,1984-01-01,,,,,,,
279414,2014-07-24,,,,,,,
27942,1988-01-01,,,,,,,
27944,2009-04-24,,,,,,,
279444,1999-12-03,,,,,,,
27952,2008-01-01,,,,,,,
279568,1975-01-01,,,,,,,
27957,2009-10-15,2000000.0,1.35E7,1.15E7,,,,
279570,2013-07-16,,,,,,,
27958,1980-09-23,,,,,,,
279588,2013-02-19,,,,,,,
279598,1988-01-01,,,,,,,
27960,2009-01-01,,,,,,,
279606,1994-03-15,,,,,,,
279608,1982-07-11,,,,,,,
279641,2016-03-04,3.5E7,2.3083334E7,-1.1916666E7,,,,
27969,1985-02-15,1900000.0,,,,,,
279690,2015-03-17,,,,,,,
279698,1996-01-01,,,,,,,
27972,1939-04-22,,,,,,,
27973,1937-08-27,300000.0,,,,,,
27974,1936-06-06,,,,,,,
27978,1949-10-08,,,,,,,
279828,2014-06-20,,,,,,,
27985,1995-01-13,,,,,,,
27989,2009-12-04,,,,,,,
27991,1933-05-20,,,,,,,
279914,2014-09-05,1.2E7,,,,,,
27993,1995-09-08,,,,,,,
27994,1991-01-01,,,,,,,
27996,2008-03-04,,,,,,,
279960,2014-04-14,,,,,,,
279965,2014-08-22,,,,,,,
279966,2014-08-22,1446950.0,,,,,,
279967,2014-08-23,,,,,,,
279968,2014-09-05,,,,,,,
279973,2014-10-05,,,,,,,
279977,2015-08-23,,,,,,,
27998,1935-07-12,,,,,,,
279988,2017-03-10,3400000.0,,,,,,
27999,1956-03-02,,,,,,,
279997,2014-08-25,,,,,,,
280,1991-07-01,1.0E8,5.2E8,4.2E8,4.113636363636363,22,0.7226244855982582,2005-03-28
2800,2005-12-23,,8.8933562E7,,3.0,1,,2000-11-22
28000,1956-07-03,,3360000.0,,,,,
280002,2014-08-25,,1169603.0,,,,,
280005,2014-08-25,,,,,,,
280019,2014-06-11,,,,,,,
280030,2014-04-10,,,,,,,
28006,1946-07-04,,,,,,,
28007,1949-12-29,,,,,,,
280092,2015-06-04,1.0E7,1.04303851E8,9.4303851E7,,,,
28013,1989-11-05,,,,,,,
280134,1968-06-12,,,,,,,
280165,2015-08-28,,,,,,,
280178,1982-01-01,,,,,,,
28018,2009-10-27,,,,,,,
28023,1954-02-28,,,,,,,
28026,2003-01-20,,,,,,,
280276,2014-08-12,,,,,,,
28028,2002-10-26,110.0,,,,,,
28029,1999-01-29,1.4E7,,,,,,
28031,2000-03-05,,,,,,,
28032,1994-03-30,2.8E7,1.1373501E7,-1.6626499E7,,,,
28033,1995-04-12,,,,,,,
28036,2005-01-01,15000.0,,,,,,
28043,1963-08-22,,,,,,,
28044,1936-12-05,,,,,,,
280459,2013-10-22,,,,,,,
28047,1998-09-04,,,,,,,
280477,1985-09-10,,,,,,,
28049,1966-07-08,,,,,,,
280495,1992-08-21,,,,,,,
28050,1970-06-02,,,,,,,
280509,2014-07-06,,,,,,,
28051,1970-02-14,,,,,,,
28054,1984-04-13,,,,,,,
28058,1961-11-16,,,,,,,
28061,1957-04-05,,,,,,,
280612,2014-01-24,,,,,,,
280617,2016-01-13,80000.0,,,,,,
28063,1959-08-07,,,,,,,
28064,1968-02-20,,,,,,,
280668,2014-01-01,,,,,,,
28067,1974-06-28,,,,,,,
280674,2007-05-23,,,,,,,
28068,1974-02-23,,,,,,,
280690,2014-07-25,2.2E7,5.5E7,3.3E7,,,,
28073,1968-12-01,,,,,,,
280795,2014-10-02,,,,,,,
280874,2014-07-05,,,,,,,
28089,2009-11-13,6500000.0,1521261.0,-4978739.0,,,,
28090,1990-12-13,4000000.0,,,,,,
280901,2009-11-13,,,,,,,
280922,2015-10-23,,,,,,,
280957,1954-07-02,,,,,,,
280996,2015-06-19,,2.9355203E7,,,,,
281,1995-10-13,4.2E7,7959291.0,-3.4040709E7,3.861111111111111,18,0.9822775987702008,2011-11-07
28100,1956-02-16,,,,,,,
28101,2007-04-15,,,,,,,
281085,1996-05-22,,,,,,,
281122,1970-01-01,,,,,,,
281124,1955-10-05,,,,,,,
28115,1945-03-02,,,,,,,
281189,2003-11-05,,,,,,,
28120,1947-07-22,,,,,,,
28121,1996-04-04,,,,,,,
28124,1980-12-19,,4.3995918E7,,,,,
281291,1993-09-17,,,,,,,
281298,2014-07-03,,,,,,,
2813,1978-05-24,,,,,,,
28131,1972-11-01,,,,,,,
28134,1998-05-18,,2197921.0,,,,,
28136,2009-06-10,250000.0,,,,,,
28138,1994-03-23,,,,,,,
281468,2010-01-01,,,,,,,
281524,2014-06-13,1000000.0,,,,,,
28156,1973-03-01,,,,,,,
281583,1993-09-22,,,,,,,
281600,1976-01-02,,,,,,,
28169,1989-11-24,,,,,,,
2817,1997-11-12,,,,1.6666666666666667,3,0.5773502691896257,2000-12-29
28170,1972-12-15,63500.0,,,,,,
28173,1988-12-09,,,,,,,
281730,2014-06-13,,,,,,,
28177,1964-03-20,,,,,,,
281778,2014-07-22,,,,,,,
28178,2009-06-13,1.6E7,4.7801389E7,3.1801389E7,,,,
281780,2014-07-23,,,,,,,
281783,1969-03-27,,,,,,,
281826,2014-07-19,,,,,,,
28187,1962-03-09,,,,,,,
28190,1951-10-19,,,,,,,
281908,2000-01-14,,,,,,,
28196,1914-08-02,,,,,,,
281968,2014-08-01,,,,,,,
281979,2009-12-19,,,,,,,
28198,1988-09-15,,,,,,,
28200,2003-10-17,7000000.0,1.0E7,3000000.0,,,,
28201,2005-06-25,,,,,,,
282035,2017-06-06,1.25E8,4.07778013E8,2.82778013E8,,,,
282042,2013-11-29,,,,,,,
282070,2015-04-25,,,,,,,
282078,1947-09-09,,,,,,,
282086,2004-06-01,,,,,,,
28209,1975-12-15,,,,,,,
282116,2014-12-10,,,,,,,
28212,1992-02-18,,,,,,,
28213,1990-04-04,,,,,,,
28218,1987-11-11,,,,,,,
28219,2004-01-20,,365248.0,,,,,
282247,2004-09-07,,,,,,,
282266,1922-03-27,,,,,,,
28227,2009-09-12,,,,,,,
28229,1995-11-24,,,,,,,
282296,2014-09-09,5000000.0,7527232.0,2527232.0,,,,
282308,1912-01-01,,,,,,,
282374,2014-08-16,,,,,,,
282376,2014-09-17,,,,,,,
28238,2009-12-26,,,,,,,
282502,2014-07-10,,,,,,,
28257,1931-06-13,,,,,,,
28258,1931-04-18,,,,,,,
28260,1993-10-01,2000000.0,54207.0,-1945793.0,,,,
28261,1935-07-12,,,,,,,
282624,1992-09-16,,,,,,,
28263,1992-01-01,,,,,,,
28264,1987-06-01,,,,,,,
282672,2014-08-14,,,,,,,
28271,1975-01-01,,,,,,,
28272,1958-09-07,,,,,,,
28273,1961-10-29,,,,,,,
28275,1999-01-01,,,,,,,
28276,1959-05-12,,,,,,,
282768,2014-07-19,,,,,,,
28279,1968-04-19,,,,,,,
28280,2004-01-01,,,,,,,
282813,2014-12-04,6500000.0,1.3865435E7,7365435.0,,,,
28282,2005-03-13,,,,,,,
28286,1942-12-25,,,,,,,
282879,2003-10-20,,,,,,,
28290,1956-05-08,,,,,,,
282919,1996-06-20,,,,,,,
28293,1933-12-29,,,,,,,
28295,1965-07-21,,,,,,,
28296,1955-11-07,,,,,,,
28297,1947-06-30,,,,,,,
282983,2014-09-07,,,,,,,
282984,2015-07-17,,2.7391084E7,,,,,
28299,1956-02-09,,,,,,,
282996,2014-07-13,,,,,,,
2830,2003-08-21,,,,,,,
28304,1950-08-16,,,,,,,
28307,1982-09-17,,,,,,,
283101,2004-10-11,,,,,,,
28313,1995-03-17,1.7E7,7603766.0,-9396234.0,,,,
283146,2012-07-22,,,,,,,
283161,2014-09-06,,,,,,,
28318,1989-01-01,,,,,,,
28319,1980-12-11,,,,,,,
2832,2003-04-25,,9.0259536E7,,3.0,1,,1999-10-08
28320,2005-04-22,,,,,,,
283227,2014-09-13,,,,,,,
28323,1975-04-13,,,,,,,
283235,2014-10-09,8000000.0,1411927.0,-6588073.0,,,,
283281,1963-08-23,,,,,,,
283302,2013-06-22,,,,,,,
283322,2014-09-04,,5240.0,,,,,
28333,1961-06-21,,,,,,,
283330,2014-11-19,,65460.0,,,,,
283350,2014-09-11,,37151.0,,,,,
283366,2016-09-28,1.1E8,2.96485719E8,1.86485719E8,,,,
283384,2014-08-05,,,,,,,
28340,1990-07-13,,,,,,,
283424,2008-09-18,,,,,,,
28346,2000-12-04,,,,,,,
283521,2016-06-24,,,,,,,
283536,2014-09-07,,,,,,,
28355,2009-08-13,,2.9E7,,,,,
283552,2016-09-02,2.0E7,2.5956113E7,5956113.0,,,,
283587,2015-09-11,6000000.0,9077700.0,3077700.0,,,,
283591,2016-11-04,,152761.0,,,,,
283596,2015-07-24,,,,,,,
28363,1954-05-19,,,,,,,
28366,2005-03-31,,,,,,,
28368,1987-05-05,,5262047.0,,,,,
283686,2014-08-27,,,,,,,
283698,2015-01-15,,6921.0,,,,,
283700,2014-09-25,,,,,,,
283701,2014-09-09,,,,,,,
283704,2014-10-16,,,,,,,
283707,2014-09-18,,,,,,,
283708,2014-08-30,7700000.0,,,,,,
283710,2014-08-30,,,,,,,
283712,2013-09-20,,,,,,,
283726,2014-09-06,,,,,,,
28373,1940-02-29,,,,,,,
28377,1981-08-28,,,,,,,
28384,1992-09-18,,,,,,,
28392,1948-10-01,,,,,,,
283995,2017-04-19,2.0E8,8.63416141E8,6.63416141E8,,,,
284052,2016-10-25,1.65E8,6.77718395E8,5.12718395E8,,,,
28406,1972-02-07,,,,,,,
28410,1985-01-11,,,,,,,
284117,2008-03-27,,,,,,,
284135,2014-09-04,,,,,,,
28415,1974-12-21,,,,,,,
284154,1995-11-15,,,,,,,
28416,2005-05-13,,,,,,,
28417,2009-11-04,,,,,,,
28421,1940-01-12,,,,,,,
28422,2008-11-29,,,,,,,
28423,1940-12-27,,,,,,,
284246,2014-09-04,,,,,,,
284250,2014-01-15,,,,,,,
284270,2014-10-29,,,,,,,
284284,2014-09-25,,,,,,,
284286,2014-08-21,,3447633.0,,,,,
284288,2014-09-05,,1.5536328E7,,,,,
284289,2014-09-06,,45895.0,,,,,
284290,2014-10-30,,,,,,,
284293,2014-12-05,5000000.0,4.3884652E7,3.8884652E7,,,,
284296,2014-12-12,,2.5434291E7,,,,,
284303,2014-08-29,,1178196.0,,,,,
284305,2014-09-26,,,,,,,
284306,2014-08-01,1400000.0,,,,,,
28431,1952-11-14,,,,,,,
28432,1933-10-21,,,,,,,
284362,2014-05-08,,,,,,,
28437,1956-06-15,225000.0,,,,,,
28440,1981-04-03,,,,,,,
28445,1983-12-13,,,,,,,
284470,2014-11-19,,,,,,,
28448,1987-12-04,5800000.0,257043.0,-5542957.0,,,,
28452,1988-02-05,,,,,,,
284537,2014-09-05,,,,,,,
28455,1991-09-27,,,,,,,
284564,2016-09-15,1500000.0,779820.0,-720180.0,,,,
284620,2007-01-17,,,,,,,
28466,1983-06-24,,,,,,,
284682,2014-03-19,,,,,,,
284689,2014-10-14,,1822250.0,,,,,
284694,1979-04-02,,,,,,,
284711,2014-08-02,,,,,,,
28472,1981-07-29,,,,,,,
284729,2014-02-11,,,,,,,
28478,2009-09-11,,,,,,,
284785,2014-04-28,,,,,,,
28480,1922-11-13,,,,,,,
28484,1949-06-11,,,,,,,
28485,1978-08-12,,594947.0,,,,,
284875,2015-09-24,,,,,,,
28488,1972-08-24,,,,,,,
28497,1965-05-05,,,,,,,
28498,1973-03-15,,,,,,,
284995,2014-08-19,,,,,,,
285,2007-05-19,3.0E8,9.61E8,6.61E8,4.0,1,,1996-05-20
285020,2014-08-13,,,,,,,
285025,2014-08-09,4000000.0,,,,,,
28504,1967-12-24,65000.0,,,,,,
28509,2005-08-19,450000.0,,,,,,
28510,2009-10-01,1.4E7,875386.0,-1.3124614E7,,,,
285181,2014-09-07,,,,,,,
28519,1999-04-16,,,,,,,
28522,2005-08-10,9000000.0,,,,,,
285245,2014-04-04,,,,,,,
28525,1962-03-24,,,,,,,
28526,1919-09-18,,,,,,,
28528,1956-05-09,,,,,,,
285307,2014-02-20,,,,,,,
28532,1964-02-27,,,,,,,
28533,1963-03-30,,,,,,,
28535,2005-12-25,,,,,,,
28536,1963-06-06,,,,,,,
285387,2014-08-06,,,,,,,
285398,1944-05-10,,,,,,,
285423,2014-08-14,,,,,,,
28546,2005-10-01,,,,,,,
28550,1974-04-09,,,,,,,
285532,1970-08-08,,,,,,,
285581,2014-08-08,,,,,,,
285595,2014-03-06,,,,,,,
285597,2014-08-04,,,,,,,
285598,2014-05-08,,,,,,,
28567,1947-09-17,,,,,,,
285685,2006-10-01,,,,,,,
285689,2014-04-24,,365522.0,,,,,
28569,1961-10-10,,,,,,,
285692,2014-08-12,,,,,,,
285700,2014-08-09,,,,,,,
28573,1969-09-11,,,,,,,
285733,2014-08-30,,,,,,,
28574,1982-11-10,,,,,,,
285755,2006-08-08,,,,,,,
28577,1958-11-18,,,,,,,
285783,2015-09-30,3.5E7,6.1181942E7,2.6181942E7,,,,
28580,1945-11-25,,1.1E7,,,,,
285814,1977-04-01,,,,,,,
285838,2014-09-04,,,,,,,
285840,2014-09-11,,,,,,,
285844,2014-09-04,,,,,,,
285851,2014-09-04,,,,,,,
285863,2014-09-04,,,,,,,
285869,2014-09-07,,,,,,,
28592,1964-08-05,,,,,,,
285935,1997-08-09,,,,,,,
285946,1943-10-08,,,,,,,
285953,1976-03-10,,,,,,,
285959,1951-03-08,1300000.0,1550000.0,250000.0,,,,
28602,2006-11-10,,,,,,,
28605,1987-09-18,,,,,,,
2861,1982-05-19,,,,3.066666666666667,15,1.1474609652039003,2016-06-17
286120,1970-01-02,,,,,,,
28614,1980-10-03,,,,,,,
286192,2015-06-21,,,,,,,
286217,2015-09-30,,6.3016189E8,,,,,
286256,2014-10-30,,,,,,,
286267,1940-09-01,,,,,,,
28627,1913-08-22,,,,,,,
28628,1995-10-01,,,,,,,
28629,1919-11-05,,,,,,,
28630,2009-08-09,,,,,,,
286301,2014-09-05,,,,,,,
28632,2009-01-10,,,,,,,
286367,2014-04-08,,,,,,,
286369,2001-11-01,,,,,,,
286372,2014-10-20,3250000.0,3250000.0,0.0,,,,
28638,1998-06-10,,,,,,,
28640,2006-10-22,1500000.0,,,,,,
286407,2014-01-30,,,,,,,
286437,1917-12-03,,,,,,,
286452,2014-08-19,,,,,,,
28646,1998-09-15,,,,,,,
286512,2005-01-31,,,,,,,
28652,1969-10-04,,,,,,,
286521,2014-09-05,6000000.0,1020921.0,-4979079.0,,,,
286538,2017-03-24,,,,,,,
286545,1988-01-01,,,,,,,
286565,2015-06-18,1.2E7,8.55123E7,7.35123E7,,,,
28658,1941-09-25,,,,,,,
286595,2014-08-10,,,,,,,
28661,1954-01-31,,,,,,,
28663,1950-11-29,,,,,,,
28665,2009-01-01,,,,,,,
286654,2014-09-19,,,,,,,
286657,2014-08-13,,,,,,,
286668,2014-08-19,7000000.0,,,,,,
28669,1966-03-06,,,,,,,
28673,1965-06-16,,,,,,,
28677,2009-01-13,,,,,,,
28678,1983-03-10,,,,,,,
28679,1980-11-06,,,,,,,
28681,1970-10-01,,,,,,,
286817,2014-07-28,,,,,,,
28682,1977-01-05,,,,,,,
28684,2004-02-28,750000.0,,,,,,
28686,2009-03-08,,,,,,,
28687,2007-09-04,250000.0,,,,,,
286875,2014-09-07,,,,,,,
28690,1969-07-23,,,,,,,
28697,1994-07-16,,,,,,,
286971,2014-09-05,,,,,,,
28698,2004-10-08,,,,,,,
286987,2014-08-17,,,,,,,
28704,2008-07-04,,,,,,,
28705,2005-07-15,,,,,,,
28712,1937-11-12,,,,,,,
287170,2014-02-27,,,,,,,
28723,2007-04-24,,,,,,,
287241,2014-09-01,,,,,,,
287281,2014-08-14,,,,,,,
287299,2014-08-16,,,,,,,
28730,2002-12-07,,,,,,,
287301,2014-08-01,,,,,,,
287305,1996-03-21,,,,,,,
28735,1978-04-01,,,,,,,
28736,1978-07-05,,,,,,,
28737,1995-01-01,,,,,,,
28739,2009-08-11,1.0E7,,,,,,
287391,1965-10-07,,,,,,,
28740,2004-08-13,,,,,,,
287424,2015-05-08,4000000.0,187112.0,-3812888.0,,,,
28745,2000-06-07,,,,,,,
287486,2014-09-05,,,,,,,
287493,2014-09-07,,,,,,,
287495,2014-09-06,,794452.0,,,,,
287497,2014-09-04,,,,,,,
287499,2014-10-04,,,,,,,
287504,2014-10-24,,,,,,,
287509,2014-09-07,,,,,,,
28751,1992-04-22,,,,,,,
28752,1961-05-01,,,,,,,
287524,2014-10-31,1.0,,,,,,
28757,1975-07-15,,,,,,,
287581,2014-10-17,1500000.0,,,,,,
287594,2014-09-18,,,,,,,
287623,2014-09-02,,,,,,,
28763,1966-06-20,,,,,,,
287636,2015-10-23,,,,,,,
28768,1987-09-01,,,,,,,
287689,2015-07-11,,,,,,,
28769,2004-11-28,,,,,,,
28770,1959-06-15,,,,,,,
28771,1984-12-23,,,,,,,
28775,1953-06-19,,,,,,,
287767,2014-08-22,,,,,,,
28778,1964-05-15,,,,,,,
287793,2014-08-22,,,,,,,
287811,2003-08-01,,,,,,,
287816,2000-02-06,,,,,,,
28784,1960-04-10,,,,,,,
287859,2014-08-29,5.0,4.0,-1.0,,,,
287877,1979-01-01,,,,,,,
28789,1941-10-10,,,,,,,
28791,2007-07-10,,,,,,,
28793,2009-09-04,,,,,,,
28794,1981-08-14,,,,,,,
287940,2011-12-31,250000.0,,,,,,
287948,2015-09-03,2.5E7,7.262967E7,4.762967E7,,,,
28796,2007-03-03,,,,,,,
287991,2001-04-04,,,,,,,
288,1952-03-27,730000.0,8000000.0,7270000.0,3.336448598130841,107,0.9683084378561863,2016-08-17
28801,1971-10-03,,,,,,,
28805,2005-01-01,,,,,,,
28810,1936-06-17,,,,,,,
288121,1998-01-01,,,,,,,
288122,2005-12-02,,,,,,,
288128,2001-01-01,,,,,,,
288129,2014-10-02,,,,,,,
288146,2008-01-01,,,,,,,
288151,1993-05-01,,,,,,,
288154,2014-08-22,1400000.0,,,,,,
288162,2012-09-08,,,,,,,
288165,1978-02-08,,,,,,,
288168,1994-01-01,,,,,,,
288171,2016-02-02,,,,,,,
288183,1994-01-01,,,,,,,
288186,1999-02-21,,,,,,,
28820,1984-09-07,,,,,,,
288259,2009-01-01,,,,,,,
288284,1995-01-01,,,,,,,
288288,2008-01-01,,,,,,,
288293,1997-03-26,,,,,,,
288295,2001-01-01,,,,,,,
28830,2009-04-18,,,,,,,
288301,2014-07-10,,,,,,,
288312,2014-08-15,,,,,,,
288421,1989-11-03,,,,,,,
288427,1984-11-08,,,,,,,
288430,2005-12-26,,,,,,,
288438,1975-01-01,,,,,,,
288463,2014-06-24,,,,,,,
28847,1990-10-01,,,,,,,
28848,1988-01-01,,,,,,,
288504,2014-04-30,,,,,,,
28851,1987-01-01,,,,,,,
28855,1971-08-18,,,,,,,
28858,2009-03-13,,,,,,,
288585,2014-11-13,,,,,,,
288587,2014-10-29,,,,,,,
288618,2014-02-11,,,,,,,
288691,2014-08-29,,,,,,,
288694,2014-10-02,,,,,,,
2887,1993-09-11,,,,2.5,2,2.1213203435596424,2015-08-15
288708,2014-09-26,,,,,,,
288710,2016-11-08,,,,,,,
28874,2009-08-01,,80768.0,,,,,
288772,1999-10-08,,,,,,,
288788,2014-09-04,,,,,,,
288789,2014-11-08,,192400.0,,,,,
28881,1992-09-11,2.9E7,5519569.0,-2.3480431E7,,,,
288916,2014-09-05,,,,,,,
28894,1952-03-01,,,,,,,
289,1942-11-26,878000.0,1.04625E7,9584500.0,3.4642857142857144,14,1.008889063701824,2005-01-14
2890,2000-01-27,,,,3.739130434782609,46,0.8349260142523781,2016-07-11
289039,2013-12-08,,,,,,,
28909,1955-03-29,,,,,,,
2891,1990-09-05,,,,2.75,6,1.1726039399558574,2004-08-23
28910,1935-04-26,305177.0,,,,,,
28912,1965-01-01,,,,,,,
289126,2011-09-08,,,,,,,
289153,2014-10-01,,,,,,,
28916,1944-06-09,,,,,,,
28917,2008-01-01,,,,,,,
289180,2014-08-28,,,,,,,
289183,2014-08-29,,,,,,,
289190,2014-09-18,,,,,,,
289198,2014-09-18,,,,,,,
28920,1995-01-01,,,,,,,
289207,1978-02-07,,,,,,,
289232,2014-09-25,,,,,,,
28925,2009-02-22,1000000.0,,,,,,
289269,2016-11-11,,,,,,,
28932,1978-04-26,11.0,11.0,0.0,,,,
289333,2014-08-29,,,,,,,
289336,2013-09-11,,,,,,,
289339,2014-11-14,,,,,,,
28938,2009-09-09,,,,,,,
2894,2001-09-07,,,,2.0,2,1.4142135623730951,1999-11-01
28940,1982-03-24,350000.0,,,,,,
28941,1986-03-21,,,,,,,
289416,2014-10-28,,,,,,,
28942,1979-05-25,1355000.0,,,,,,
28943,2000-09-22,,,,,,,
289510,2014-07-28,3500000.0,,,,,,
289519,2003-11-01,,,,,,,
289520,2014-09-20,,,,,,,
28955,1959-02-01,,,,,,,
289575,2014-08-29,,,,,,,
28963,1924-03-18,1135654.0,1213880.0,78226.0,,,,
28966,1927-08-12,2000000.0,,,,,,
289673,2000-01-01,,,,,,,
289679,1967-08-30,,,,,,,
28969,2009-01-01,,,,,,,
2897,1956-10-17,,4.2E7,,5.0,1,,2009-03-14
289716,2015-01-09,,,,,,,
289720,2014-09-26,2.5E7,,,,,,
289723,2015-03-10,,,,,,,
289727,2014-06-15,,4453524.0,,,,,
28973,1957-10-25,,,,,,,
289781,2014-08-01,,,,,,,
2899,2002-01-29,,1.11127553E8,,3.6666666666666665,3,0.5773502691896257,2001-01-23
289923,2000-10-03,,,,,,,
289960,2014-08-29,,,,,,,
28997,2009-06-26,,,,,,,
29004,2004-12-09,,,,,,,
290043,2006-11-03,,,,,,,
29005,1971-06-24,,,,,,,
29007,2009-08-21,,,,,,,
290075,2008-10-02,,,,,,,
29008,2004-04-23,,,,,,,
29009,2005-10-01,,,,,,,
290100,2014-09-17,,,,,,,
290157,1995-01-01,,,,,,,
29020,1942-04-11,,,,,,,
290217,2014-04-25,,7.6E7,,,,,
290250,2016-05-15,5.0E7,6.2788218E7,1.2788218E7,,,,
290283,2015-05-08,,,,,,,
290290,2014-10-13,,,,,,,
290304,2014-11-07,,,,,,,
290316,2014-12-31,,,,,,,
290365,2014-09-20,,,,,,,
290379,1933-04-28,,,,,,,
290382,2014-09-29,,,,,,,
29039,1974-03-13,,,,,,,
29040,2006-01-01,,,,,,,
29043,1929-10-10,,,,,,,
29044,2005-01-01,,,,,,,
29047,2002-01-18,40000.0,1434436.0,1394436.0,,,,
29048,1967-10-23,,,,,,,
29049,1966-01-12,,,,,,,
290504,2014-10-10,,,,,,,
29052,1966-03-06,,,,,,,
29054,1997-05-13,,,,,,,
29056,1963-01-25,350000.0,1499275.0,1149275.0,,,,
290595,2016-04-06,1.15E8,1.64602163E8,4.9602163E7,,,,
29060,1963-03-06,,,,,,,
29063,2002-01-01,,,,,,,
290637,2015-09-16,,2160298.0,,,,,
29066,1961-05-01,70000.0,,,,,,
29067,1965-10-26,,,,,,,
290672,1998-10-05,,,,,,,
29069,1971-10-13,,,,,,,
290695,2014-02-07,,,,,,,
2907,1991-11-22,3.0E7,1.91502426E8,1.61502426E8,3.0,6,1.4142135623730951,2003-05-13
29071,1957-03-01,70000.0,,,,,,
290714,2014-10-09,,,,,,,
29072,1981-01-01,,,,,,,
290727,2014-10-06,,,,,,,
290729,2014-09-29,,,,,,,
290739,2010-05-02,415000.0,,,,,,
29074,1962-07-04,,,,,,,
290751,2015-10-14,1.95E7,3.485499E7,1.535499E7,,,,
290764,2015-01-15,1.1E7,593683.0,-1.0406317E7,,,,
290773,2014-09-01,,,,,,,
29078,2005-01-01,,,,,,,
290789,2013-01-01,,,,,,,
290802,2014-06-07,,,,,,,
290815,2015-03-26,,,,,,,
29082,1915-11-13,,,,,,,
29083,1997-07-16,,,,,,,
290862,2012-07-19,,,,,,,
290864,2014-10-31,2.5E7,129115.0,-2.4870885E7,,,,
2909,1976-07-01,,,,,,,
29094,1944-01-19,,,,,,,
29095,1988-06-17,,808114.0,,,,,
290999,2014-09-19,,,,,,,
291,2004-07-09,2600000.0,3166000.0,566000.0,2.0,6,0.8944271909999159,2000-11-22
29100,1946-11-16,,,,,,,
29103,1963-04-01,,,,,,,
29107,1978-07-05,,,,,,,
29108,1999-10-15,,,,,,,
2911,2005-05-23,,,,,,,
291122,2003-01-20,,,,,,,
29113,1947-05-25,,,,,,,
291154,2014-09-05,,,,,,,
291156,2014-09-01,,,,,,,
291157,2014-09-19,,,,,,,
29116,1948-07-13,,,,,,,
291164,1994-10-01,,,,,,,
29117,1947-10-11,,,,,,,
2912,1970-02-27,,,,3.764705882352941,17,0.9539006607546905,2006-02-27
29122,2000-12-22,,,,,,,
291224,1971-01-01,,,,,,,
29126,1934-06-15,,,,,,,
291264,2016-04-16,,262921.0,,,,,
291270,2015-12-30,8000000.0,5659286.0,-2340714.0,,,,
291325,1994-01-29,,,,,,,
291336,2014-10-18,,,,,,,
291343,2014-09-18,,,,,,,
291351,2016-04-27,,,,,,,
291356,2016-10-21,,53647.0,,,,,
291362,2015-03-06,1500000.0,,,,,,
291413,2016-10-18,,,,,,,
29142,1973-11-07,,,,,,,
29144,2008-04-20,,,,,,,
29151,2009-01-19,,,,,,,
29154,1988-03-11,,1.399492E7,,,,,
291549,2015-07-22,,,,,,,
291558,1935-05-03,,,,,,,
29162,2001-04-21,,,,,,,
29168,2004-01-13,,,,,,,
291680,1994-04-01,,,,,,,
291692,2014-08-07,,,,,,,
29173,1983-11-25,,,,,,,
291817,2015-03-13,,,,,,,
29185,1989-10-06,,2.0047604E7,,,,,
291851,2015-03-30,,,,,,,
291854,2014-10-10,,,,,,,
291868,2014-09-18,,,,,,,
291870,2016-01-21,1.15E7,9.4073028E7,8.2573028E7,,,,
291871,2016-01-01,,,,,,,
291907,1953-01-13,,,,,,,
29192,2008-12-25,,,,,,,
29193,1997-09-08,1.0E7,1.383513E7,3835130.0,,,,
291976,1961-12-05,,,,,,,
292,2005-09-12,3000000.0,1.1718595E7,8718595.0,3.309090909090909,110,0.9696822003323396,2016-08-17
292010,2015-10-09,,,,,,,
292014,2014-12-12,,,,,,,
292022,2014-01-01,,,,,,,
292033,1993-07-18,,,,,,,
292081,2015-05-22,400000.0,88097.0,-311903.0,,,,
29212,1957-05-17,,,,,,,
292177,2014-09-27,,,,,,,
292191,2014-08-12,,,,,,,
292262,2011-08-14,,,,,,,
292277,2015-04-25,,,,,,,
292280,2017-01-12,7400000.0,2.6667197E7,1.9267197E7,,,,
29229,2002-10-29,,,,,,,
292298,2010-06-01,,,,,,,
2923,1998-11-07,,,,4.0,1,,1999-10-24
29231,1995-10-05,,83.0,,,,,
29233,1970-01-01,,,,,,,
292342,2014-09-12,,,,,,,
29235,1962-03-07,,1250000.0,,,,,
29237,1946-01-10,375000.0,,,,,,
292387,2014-08-29,,,,,,,
2924,1991-05-24,,1.52368585E8,,4.583333333333333,6,0.3763863263545405,2015-03-24
29242,1944-12-22,,,,,,,
29243,1944-07-07,,,,,,,
29244,1948-12-01,1243000.0,2841000.0,1598000.0,,,,
292445,1988-01-13,,,,,,,
292510,1956-08-28,,,,,,,
292523,1968-05-07,,,,,,,
292533,2002-10-06,,,,,,,
292538,2011-11-19,,,,,,,
292539,2014-04-26,,,,,,,
29254,1951-08-29,,,,,,,
29257,1951-02-22,,,,,,,
29259,1960-03-18,,,,,,,
29262,2005-05-13,,,,,,,
29263,1985-04-03,,,,,,,
292631,2014-09-22,,,,,,,
29264,1962-05-01,,,,,,,
292640,1966-01-02,,,,,,,
292656,1939-07-03,,,,,,,
29266,1966-03-14,1.0E8,,,,,,
29268,1974-10-19,,,,,,,
29269,2004-08-10,,,,,,,
2927,1990-02-15,,,,4.5,2,0.7071067811865476,2005-04-01
29270,2000-01-01,,,,,,,
29272,2007-01-01,,,,,,,
29275,2009-10-15,,,,,,,
292795,2014-11-06,,,,,,,
2928,1996-12-25,,1.19718203E8,,3.6666666666666665,3,0.5773502691896258,2002-03-17
292830,2014-09-12,,,,,,,
29290,1968-12-19,,,,,,,
29291,2006-03-03,,,,,,,
292974,2003-06-07,,,,,,,
292988,2013-10-27,,,,,,,
29299,2008-10-08,,,,,,,
293,1992-10-09,,4.3440294E7,,4.071969696969697,132,0.8518784267937228,2016-08-17
293085,1937-10-17,,,,,,,
293094,1970-11-18,,,,,,,
293109,1965-10-01,,,,,,,
293122,2014-11-12,,499168.0,,,,,
293126,2014-09-15,,,,,,,
293167,2017-03-08,1.85E8,5.66652812E8,3.81652812E8,,,,
29318,1964-09-01,,,,,,,
293189,2013-06-06,,,,,,,
293238,2012-11-24,2.0E7,,,,,,
293262,2014-10-10,,7205.0,,,,,
293270,1974-09-16,,,,,,,
293299,2014-11-07,,,,,,,
293310,2014-10-10,,3003169.0,,,,,
293313,2014-02-07,1300000.0,,,,,,
29333,1973-08-22,,,,,,,
293380,1978-12-17,,,,,,,
293395,1964-10-08,,,,,,,
29342,1978-11-01,,,,,,,
293444,2014-03-07,460000.0,,,,,,
29345,1989-01-20,,858591.0,,,,,
293452,2016-09-09,1.5E7,,,,,,
293456,2014-10-30,,,,,,,
293487,2014-05-01,,,,,,,
293491,2014-08-19,3200000.0,,,,,,
29351,1968-01-01,,,,,,,
293516,2014-09-18,,,,,,,
29352,1974-04-11,,,,,,,
293552,1993-01-01,,,,,,,
293553,2014-07-27,,,,,,,
293572,2014-10-10,,,,,,,
293603,2014-09-15,,,,,,,
29362,2007-03-01,,,,,,,
293625,2009-08-15,,,,,,,
29363,2004-12-09,,,,,,,
29365,1947-05-25,,,,,,,
293654,2014-09-18,2000000.0,,,,,,
29371,1995-06-16,,,,,,,
29372,1942-10-08,,,,,,,
293721,1973-10-15,,,,,,,
29376,1953-08-07,,,,,,,
293767,2016-11-10,4.0E7,3.0930984E7,-9069016.0,,,,
293796,2014-04-08,,,,,,,
293820,1997-11-26,,,,,,,
293828,2014-10-03,,,,,,,
293861,2014-01-01,,,,,,,
293863,2015-04-16,2.5E7,6.5663276E7,4.0663276E7,,,,
293880,2014-09-19,600000.0,,,,,,
29390,1966-11-18,,,,,,,
29393,1958-10-01,90000.0,5000000.0,4910000.0,,,,
29394,1961-07-26,,,,,,,
29396,1964-01-19,,,,,,,
293970,2015-10-09,,,,,,,
29398,1968-05-01,,,,,,,
293982,2014-09-19,6700000.0,,,,,,
29399,1974-10-09,,,,,,,
294,1985-10-01,350000.0,2400000.0,2050000.0,3.3333333333333335,3,0.5773502691896258,1997-01-31
294016,2015-10-27,1.5E7,8235661.0,-6764339.0,,,,
29402,1961-10-07,,,,,,,
29403,1964-12-01,,,,,,,
29406,2008-04-24,2000000.0,,,,,,
294083,2014-09-21,,,,,,,
294085,1972-05-30,,,,,,,
294086,2014-07-26,,,,,,,
294093,2014-09-01,,,,,,,
294098,2014-12-04,,,,,,,
294132,2015-05-29,,104507.0,,,,,
29415,1938-12-23,,,,,,,
29416,1970-02-01,,,,,,,
29419,1981-01-01,,,,,,,
29420,1977-09-14,,,,,,,
294222,2014-07-15,,,,,,,
29425,1973-03-16,275000.0,,,,,,
294254,2015-09-09,6.1E7,3.11256926E8,2.50256926E8,,,,
29426,2010-05-06,4000000.0,,,,,,
294261,1991-05-11,,,,,,,
29427,2010-02-26,,5.495614E7,,,,,
294308,2014-09-18,,,,,,,
294368,2015-06-05,,,,,,,
29437,1977-04-08,530000.0,,,,,,
29445,1987-09-11,,,,,,,
294463,2014-10-08,,,,,,,
294483,2014-11-13,,,,,,,
29449,1972-05-01,,,,,,,
29450,1982-01-01,,,,,,,
294517,2004-03-12,,,,,,,
29452,1966-07-15,,,,,,,
294538,2014-10-31,,,,,,,
294543,2014-11-07,,,,,,,
294544,2014-01-01,,,,,,,
29455,1963-02-11,,,,,,,
29456,2003-05-17,,,,,,,
29457,1998-01-01,,,,,,,
294574,1995-06-25,,,,,,,
294600,2013-01-01,,,,,,,
29463,1985-10-25,3000000.0,,,,,,
29464,1974-07-26,3000000.0,,,,,,
294651,2014-11-15,,,,,,,
29466,1926-10-24,,,,,,,
29467,1951-09-22,,,,,,,
294682,2014-08-30,,,,,,,
29470,1947-02-20,,,,,,,
294709,1960-10-18,,,,,,,
29473,1975-10-11,70000.0,1.18E7,1.173E7,,,,
294741,2014-10-11,,,,,,,
294819,1972-03-31,,,,,,,
294825,2014-05-02,,,,,,,
29483,2009-06-13,4300000.0,,,,,,
29484,1938-10-14,,,,,,,
29486,1963-10-14,,,,,,,
294862,2014-10-31,,,,,,,
29487,1944-10-09,,,,,,,
29492,1986-08-22,,2510433.0,,,,,
294963,2015-10-23,1800000.0,,,,,,
29498,1971-04-14,,,,,,,
294993,2014-11-20,,,,,,,
29501,2009-09-29,,,,,,,
295045,1990-08-17,,,,,,,
295049,2014-11-14,,,,,,,
295058,2014-07-07,,,,,,,
295069,2010-05-02,,,,,,,
295087,2014-10-22,,,,,,,
29510,1967-03-12,,,,,,,
29512,2000-02-13,5000000.0,,,,,,
29514,1990-01-25,9000000.0,,,,,,
295144,2015-02-19,,,,,,,
29515,1973-04-04,,,,,,,
295273,2015-07-30,,,,,,,
295279,1994-11-17,,,,,,,
295317,2014-10-23,,,,,,,
295355,1960-12-27,,,,,,,
295368,2014-04-15,,,,,,,
295389,1972-08-03,,,,,,,
295401,2014-09-26,,,,,,,
29542,1999-08-31,,,,,,,
295469,2015-03-09,,,,,,,
295490,2015-08-21,,,,,,,
295560,2000-09-27,,,,,,,
295588,2014-10-24,,,,,,,
295592,2015-04-17,,1.6661077E7,,,,,
295595,2015-06-09,,,,,,,
29562,1979-01-01,,,,,,,
295621,2014-10-01,,,,,,,
29565,1980-08-20,,,,,,,
295656,2014-10-12,,,,,,,
29568,2007-09-14,,,,,,,
295693,2017-03-23,1.25E8,4.98814908E8,3.73814908E8,,,,
295698,2014-12-12,937000.0,,,,,,
295699,2016-03-30,1.0E7,3400278.0,-6599722.0,,,,
29572,2000-08-29,,,,,,,
295748,2014-10-02,,,,,,,
29578,1976-10-24,,,,,,,
295799,2014-10-09,,,,,,,
295823,2014-10-02,2000000.0,,,,,,
295830,2015-08-12,,,,,,,
295832,2014-10-02,,,,,,,
29586,1965-10-27,,,,,,,
29587,1983-01-01,,,,,,,
295884,2014-11-14,,,,,,,
295886,2015-04-24,1900000.0,,,,,,
295887,2014-10-02,,,,,,,
29589,1946-12-07,,,,,,,
295891,2014-10-04,,,,,,,
2959,2007-07-04,3.5E7,6.9307224E7,3.4307224E7,4.178217821782178,202,0.8741283032976787,2016-10-15
295914,2014-08-22,,,,,,,
295958,2016-07-15,,,,,,,
29596,1973-01-01,,,,,,,
295964,2015-10-02,2.0E7,3.6606743E7,1.6606743E7,,,,
29600,1986-03-31,,,,,,,
296029,2014-10-07,,,,,,,
296071,2014-12-27,,,,,,,
296082,2015-06-12,,,,,,,
29609,1941-01-01,,,,,,,
296096,2016-06-02,2.0E7,2.07945075E8,1.87945075E8,,,,
296098,2015-10-15,,1.65478348E8,,,,,
29610,1983-08-12,,,,,,,
296100,2015-11-20,,5.2395996E7,,,,,
296104,1940-05-10,,,,,,,
296130,2015-08-07,,,,,,,
296136,1960-01-01,,,,,,,
296178,2014-10-04,,,,,,,
296192,2011-09-19,,,,,,,
296194,2006-08-20,,,,,,,
29621,1996-10-23,,,,,,,
296225,1961-09-27,,,,,,,
29628,1983-08-05,,1645711.0,,,,,
2963,1904-10-01,,,,,,,
296344,1963-09-30,,,,,,,
296360,2016-05-27,,1.4016568E7,,,,,
296370,2014-01-01,,,,,,,
29638,2006-10-19,,,,,,,
296503,2015-06-13,,,,,,,
296523,2016-12-02,,454516.0,,,,,
296543,1997-01-01,,,,,,,
296557,2008-07-15,,,,,,,
29656,2003-08-14,,,,,,,
2966,1997-05-11,,,,3.5789473684210527,19,1.0706067580626215,2011-01-28
29670,2007-01-11,,,,,,,
296750,2014-09-29,,,,,,,
296834,2014-10-07,,,,,,,
296855,2014-01-01,,,,,,,
296879,2016-02-12,,,,,,,
2969,1928-01-25,,,,3.6666666666666665,3,0.5773502691896257,2001-11-12
296917,2015-01-09,,,,,,,
29694,1975-07-09,,,,,,,
296941,2014-10-17,,,,,,,
29695,2008-08-09,,,,,,,
297,1998-11-12,,1.429401E8,,,,,
297018,2014-04-27,,,,,,,
29702,1982-10-28,,,,,,,
297023,2014-10-17,,,,,,,
29705,1935-10-27,,,,,,,
297063,1995-09-26,,,,,,,
297098,2014-10-10,,,,,,,
29715,1965-04-07,3800000.0,14873.0,-3785127.0,,,,
297173,,,,,,,,
297186,2014-09-26,,,,,,,
2972,1920-10-28,,,,2.5,2,2.1213203435596424,2002-03-31
297207,2013-11-12,,,,,,,
29721,2007-07-25,,,,,,,
29723,1979-08-17,1.4E7,1.3015688E7,-984312.0,,,,
297239,2015-02-19,,,,,,,
297288,2014-10-23,,,,,,,
297291,2015-01-09,,,,,,,
2973,1924-09-24,,,,4.178571428571429,28,0.9833266074561477,2016-08-20
297342,1965-12-06,,,,,,,
297399,2014-10-18,,,,,,,
29740,1932-11-19,195845.0,,,,,,
29741,1959-08-01,,,,,,,
29742,2001-01-12,,,,,,,
297421,2014-10-22,,,,,,,
29743,1982-01-01,,,,,,,
297462,2014-10-18,,,,,,,
297466,2014-06-01,,,,,,,
29748,1970-05-07,,,,,,,
297482,2014-11-14,,,,,,,
29750,1992-08-12,,,,,,,
297505,1968-11-09,,,,,,,
29751,2008-07-15,,,,,,,
297556,2015-01-27,3500000.0,,,,,,
297560,1959-11-16,,,,,,,
297596,2014-12-04,,,,,,,
2976,2007-07-13,5.0E7,9.0450008E7,4.0450008E7,3.5476190476190474,21,1.0112462843536423,2016-07-24
297603,2014-04-27,,,,,,,
297608,2014-10-21,,,,,,,
297621,2014-11-14,,,,,,,
297633,2014-07-01,,,,,,,
297641,2014-05-01,,,,,,,
297668,1984-03-26,,,,,,,
297677,2007-08-16,,,,,,,
297680,2014-10-22,,,,,,,
297721,2015-01-31,,,,,,,
297745,2014-10-16,,,,,,,
297762,2017-05-30,1.49E8,8.20580447E8,6.71580447E8,,,,
297784,2014-10-16,,,,,,,
2978,1989-06-15,3.7E7,2.15394738E8,1.78394738E8,3.1875,8,0.9977653603356423,2015-07-15
297806,2016-02-05,1.3E7,1646788.0,-1.1353212E7,,,,
297814,2014-03-15,,,,,,,
297835,2000-01-16,,,,,,,
297850,1990-08-13,,,,,,,
297859,2014-04-10,,,,,,,
29786,1979-08-03,,2.6079312E7,,,,,
297948,2006-04-28,,,,,,,
297956,2014-10-30,,,,,,,
29797,2007-03-06,1500000.0,,,,,,
297983,2007-09-01,,,,,,,
29799,1995-01-01,,,,,,,
29801,1995-01-01,,,,,,,
298026,2015-06-05,,,,,,,
298028,2016-12-25,,,,,,,
298032,2015-02-24,,,,,,,
29804,1996-01-01,,,,,,,
29805,1974-09-25,,,,,,,
298093,2014-12-20,,,,,,,
29812,1998-08-01,,,,,,,
29817,1978-08-01,,,,,,,
29819,1979-06-01,,,,,,,
2982,1960-07-13,,,,5.0,1,,2000-11-20
298228,2004-06-29,,,,,,,
29829,1946-04-11,,,,,,,
298317,2014-10-18,,,,,,,
29835,1951-03-30,,,,,,,
298382,2015-10-01,1.193E7,1.834E7,6410000.0,,,,
298396,2013-09-07,,,,,,,
2984,1967-01-05,3500000.0,2000000.0,-1500000.0,5.0,1,,2001-01-03
298432,2014-10-24,,,,,,,
298459,2014-11-12,,,,,,,
29846,1949-01-14,,,,,,,
298533,2014-12-03,8500000.0,,,,,,
298538,2014-09-16,,,,,,,
298583,2016-01-14,,,,,,,
298584,2016-02-12,,,,,,,
29860,1976-10-01,,,,,,,
298653,2014-10-05,,,,,,,
298662,1966-01-01,,,,,,,
298695,2009-01-01,,,,,,,
29872,1938-09-02,,,,,,,
29877,1935-07-26,,,,,,,
29879,1935-02-22,,,,,,,
29882,1942-12-04,,,,,,,
29883,2002-07-29,3000000.0,,,,,,
29884,1941-12-02,,,,,,,
29885,1949-01-01,,,,,,,
29886,1941-07-12,,,,,,,
298865,2014-09-19,,,,,,,
29889,2009-06-02,,,,,,,
29890,1995-11-14,,,,,,,
298931,2014-09-28,,,,,,,
299,1960-02-17,,,,3.75,16,1.1254628677422753,2015-08-20
2990,1990-09-28,,2.9381956E7,,3.2941176470588234,17,0.8488746876271653,2016-10-07
299001,2014-10-22,,,,,,,
29904,1992-01-01,,,,,,,
299049,2014-08-29,,,,,,,
29907,1985-01-01,,,,,,,
29911,1997-01-01,,1.4E7,,,,,
299143,1945-02-16,,,,,,,
299165,1978-11-03,,495861.0,,,,,
29919,2009-01-01,,,,,,,
29920,2010-01-15,,,,,,,
299203,1983-01-01,,,,,,,
299221,2015-06-19,,,,,,,
29923,2009-07-31,,,,,,,
29927,1996-05-11,,,,,,,
2993,1969-08-15,,,,3.5588235294117645,17,0.7475450015964021,2014-08-23
299309,2014-10-23,,,,,,,
299313,2006-09-19,,,,,,,
29933,1957-04-20,,,,,,,
299359,2014-05-03,,,,,,,
29937,2000-03-16,,,,,,,
2994,1968-01-23,400000.0,,,,,,
299400,2014-11-04,,,,,,,
29952,2004-09-23,,,,,,,
299574,2014-11-01,,,,,,,
299578,2014-11-09,,,,,,,
299579,2014-11-15,,,,,,,
29963,2009-11-05,8500000.0,4440055.0,-4059945.0,,,,
29964,1977-07-01,,,,,,,
29965,2005-05-12,,,,,,,
29968,1986-07-29,,,,,,,
299687,2016-01-14,,1.09906372E8,,,,,
29971,1987-07-01,,,,,,,
299715,2015-03-25,,,,,,,
29972,2008-09-27,,,,,,,
299730,2014-10-07,,,,,,,
299780,2015-04-14,,,,,,,
299782,2018-12-31,,,,,,,
29979,2004-02-13,,371396.0,,,,,
299796,2014-09-17,,,,,,,
2998,1970-02-09,,1000000.0,,4.0,1,,2000-08-17
29982,2007-10-18,,,,,,,
299822,2015-02-19,3.2E7,,,,,,
299824,2015-12-18,,2.783E8,,,,,
299856,1999-10-14,,,,,,,
29988,1997-11-28,,,,,,,
29989,2009-07-24,,,,,,,
299909,2014-09-16,,,,,,,
29993,1949-12-21,3000000.0,1.15E7,8500000.0,,,,
299939,2014-11-03,,,,,,,
29996,1959-12-25,5000000.0,1.22E7,7200000.0,,,,
3001,1966-07-13,,,,2.0,1,,2000-09-05
30015,1948-09-13,,,,,,,
300153,2015-07-24,,,,,,,
300155,2015-05-14,,228136.0,,,,,
300176,2013-06-28,,,,,,,
300187,2014-11-30,,,,,,,
300210,2004-05-06,,,,,,,
30022,1945-08-17,,,,,,,
30023,2008-01-20,2500000.0,,,,,,
30025,1951-06-13,,,,,,,
30027,1989-01-01,,,,,,,
30034,1954-08-27,,,,,,,
30036,1954-09-17,,,,,,,
300364,2014-09-01,,,,,,,
3004,1969-10-06,,,,2.6153846153846154,13,1.2608503439122305,2015-08-23
300424,2014-10-27,,,,,,,
30043,2005-06-10,,2000000.0,,,,,
300433,2014-12-24,,,,,,,
300438,1997-10-02,,,,,,,
300487,2014-11-07,495000.0,,,,,,
30049,1982-11-01,750000.0,,,,,,
300490,2014-10-29,,,,,,,
300542,2015-08-26,,,,,,,
300544,1987-01-01,,,,,,,
30055,2002-01-01,,,,,,,
30059,1976-12-10,,,,,,,
300596,2015-01-30,,,,,,,
300601,2015-06-19,,,,,,,
30062,1976-12-25,520000.0,,,,,,
30065,2008-01-01,,,,,,,
300654,2014-09-25,,,,,,,
300665,2017-09-14,,,,,,,
300672,2016-04-18,5000000.0,,,,,,
300673,2016-01-25,8.0E7,5.209909E7,-2.790091E7,,,,
300685,2014-11-18,,,,,,,
300690,2015-03-20,,,,,,,
3007,1929-10-14,,,,4.178571428571429,14,0.6963405128887086,2013-02-17
300706,2014-12-23,5000000.0,,,,,,
30072,2002-10-02,2.5E7,1.0113733E7,-1.4886267E7,,,,
300762,2014-10-24,,,,,,,
300769,1921-10-29,,,,,,,
30080,1965-07-29,,,,,,,
30081,2002-01-15,,,,,,,
300816,1974-08-17,,,,,,,
3009,1962-12-21,,,,,,,
300945,1962-05-05,,,,,,,
301,1959-03-17,,5800000.0,,5.0,1,,2000-01-23
30101,1992-01-01,,,,,,,
301016,2014-10-04,2.1E7,,,,,,
30102,1945-04-05,,,,,,,
3011,1964-07-22,,,,3.7,10,0.9486832980505138,2002-04-06
30114,1994-08-26,,,,,,,
30118,2006-06-01,,,,,,,
3012,1963-11-22,,,,,,,
30121,2009-06-01,,,,,,,
301224,2014-11-16,,,,,,,
301229,2014-10-18,,,,,,,
301233,1995-01-13,,,,,,,
3013,1979-01-01,,,,2.5,3,1.3228756555322954,2014-07-24
301304,2014-11-06,,,,,,,
30131,1951-02-05,,,,,,,
301325,2015-11-20,1500000.0,,,,,,
301339,2016-10-13,,,,,,,
301348,2016-04-22,,1055287.0,,,,,
301351,2015-08-26,6000000.0,1.112209E7,5122090.0,,,,
301365,2016-06-08,7000000.0,1333124.0,-5666876.0,,,,
301368,2011-04-10,,,,,,,
30137,1963-08-27,,,,,,,
301372,2017-04-28,,,,,,,
3014,1953-11-18,,,,,,,
30140,2001-02-13,,,,,,,
30142,1981-10-08,,,,,,,
30143,1978-12-16,,,,,,,
30146,2006-10-01,,,,,,,
30149,1993-12-25,,,,,,,
301566,2014-10-27,,,,,,,
30157,1994-08-05,,,,,,,
30159,1953-02-28,,,,,,,
3016,1920-03-18,,,,3.7333333333333334,15,0.6778818551368737,2016-08-02
301608,2016-04-29,9000000.0,,,,,,
30162,1947-03-16,,,,,,,
301629,2015-09-01,,,,,,,
30163,1986-06-06,,,,,,,
30168,1982-12-10,5000000.0,2091037.0,-2908963.0,,,,
301687,2005-03-25,,,,,,,
301728,2015-05-08,,,,,,,
301729,2015-01-30,,,,,,,
301730,2014-12-04,3200000.0,,,,,,
30174,2009-09-04,,,,,,,
301744,1991-01-01,,,,,,,
301748,2014-11-08,3300000.0,45000.0,-3255000.0,,,,
30175,1987-02-20,,,,,,,
30177,1945-02-28,,,,,,,
30178,2005-07-14,,,,,,,
30180,1996-11-08,,,,,,,
301804,2016-04-07,,3295624.0,,,,,
30183,1945-05-01,,,,,,,
301846,2015-10-01,,,,,,,
301849,2014-11-28,,,,,,,
301876,1998-01-01,,,,,,,
301883,1932-08-31,,,,,,,
30192,2002-11-15,,,,,,,
30195,1950-08-03,,,,,,,
30197,1967-11-22,,,,,,,
30202,1964-01-29,,,,,,,
302026,2014-10-24,,,,,,,
30204,1963-12-19,,,,,,,
302118,2014-10-13,,,,,,,
302156,2016-04-14,3.15E7,1.4708696E7,-1.6791304E7,,,,
302161,2014-12-02,,,,,,,
3022,1941-08-12,,,,4.25,14,0.9557518184453214,2015-07-16
3023,1953-08-01,,,,,,,
30231,1984-08-24,,,,,,,
30237,1999-12-22,1.4E7,206128.0,-1.3793872E7,,,,
302376,2014-10-21,,,,,,,
3024,1968-01-07,,,,3.6666666666666665,3,1.1547005383792515,2002-04-18
302436,1968-10-12,,,,,,,
30245,2008-11-27,,,,,,,
30246,2003-08-29,,,,,,,
302465,2012-03-08,,,,,,,
302496,2014-11-25,3000000.0,,,,,,
3025,1960-10-24,,,,3.0,1,,2002-04-06
302502,2014-11-06,,,,,,,
302508,2000-11-11,,,,,,,
30253,2006-10-05,,,,,,,
302579,1999-10-08,700000.0,10508.0,-689492.0,,,,
30265,1997-09-04,,,,,,,
302699,2016-06-15,5.0E7,2.16972543E8,1.66972543E8,,,,
302721,1997-01-01,,,,,,,
30278,1984-10-10,,,,,,,
3028,1982-11-10,,,,2.75,4,1.2583057392117916,2003-08-20
302802,2014-11-13,,,,,,,
302818,2014-07-10,,,,,,,
302828,2014-11-22,,,,,,,
30285,1996-12-25,,,,,,,
30289,2009-10-10,1200000.0,,,,,,
30295,1964-10-12,,,,,,,
30296,1986-11-01,,,,,,,
302960,2015-02-17,,,,,,,
30298,1969-01-01,,,,,,,
303,1946-08-15,2000000.0,2.4464742E7,2.2464742E7,3.1875,24,0.6886107627743671,2009-11-08
3030,1977-08-01,,,,4.166666666666667,9,1.299038105676658,2012-11-24
30301,2002-04-12,,,,,,,
30304,1995-05-05,,,,,,,
30305,2009-01-29,,,,,,,
30308,1947-08-28,,,,,,,
30309,2002-01-01,,,,,,,
30315,1977-08-24,500000.0,1.7E7,1.65E7,,,,
303296,2006-10-24,,,,,,,
3033,1998-01-21,1.0E7,6451628.0,-3548372.0,3.6206896551724137,58,0.928639567246636,2016-08-17
30331,2001-04-23,3300000.0,,,,,,
30335,2007-01-26,,,,,,,
303360,2015-09-01,,,,,,,
3034,1974-12-15,,8.6273333E7,,3.7586206896551726,29,0.9601031348540896,2016-07-22
30341,1971-05-26,,,,,,,
303457,2014-11-06,,,,,,,
30347,2006-04-30,,,,,,,
30348,1945-09-01,,,,,,,
303483,2014-12-03,,,,,,,
303484,1969-11-15,,,,,,,
30349,2003-01-01,,,,,,,
303497,1970-11-15,,,,,,,
3035,1931-11-21,291000.0,1.2E7,1.1709E7,4.411764705882353,17,0.6183469424008422,2012-06-23
30351,2006-12-18,,,,,,,
303542,2014-12-18,,,,,,,
30361,1994-01-01,,,,,,,
303623,2014-11-22,,,,,,,
30363,1982-03-22,,,,,,,
303636,2015-01-23,,,,,,,
30365,2007-01-31,,,,,,,
30368,1949-10-17,,,,,,,
303680,2014-05-31,,,,,,,
3037,2007-02-14,3000000.0,,,4.166666666666667,18,0.8043996665398437,2012-11-24
303742,2014-11-15,,,,,,,
303835,2014-11-15,,,,,,,
30385,2004-10-02,40000.0,,,,,,
303856,2014-10-31,40000.0,,,,,,
303857,2015-04-18,,6.176819E7,,,,,
303867,2015-03-31,,,,,,,
303982,2015-10-01,,,,,,,
3040,2004-06-27,,3.2E7,,3.4166666666666665,6,0.917423929634859,2016-08-17
30402,2005-03-29,1000000.0,,,,,,
304023,2014-11-15,,,,,,,
304030,2015-11-05,,,,,,,
3041,2005-08-03,,,,3.0,1,,2000-11-22
30411,1984-01-01,,,,,,,
304126,2015-10-02,,,,,,,
304134,2013-06-07,,,,,,,
30421,1987-07-18,,,,,,,
30427,2007-06-02,,,,,,,
304274,2014-07-11,,,,,,,
30428,2009-05-16,,,,,,,
3043,1973-11-30,450000.0,,,1.0,1,,2000-05-08
30431,2009-09-25,,,,,,,
30432,2009-05-17,1.0E7,,,,,,
304336,2014-12-05,,,,,,,
304357,2015-04-10,1.1E7,6.1619773E7,5.0619773E7,,,,
304410,2014-12-17,1.1E7,,,,,,
30449,2009-01-15,3700000.0,,,,,,
30452,1989-01-01,,,,,,,
30462,1961-10-30,,,,,,,
304640,2014-11-19,,,,,,,
30467,1991-01-23,,,,,,,
304701,1971-05-01,,,,,,,
304755,2000-12-29,,,,,,,
30485,1973-11-20,,,,,,,
304869,2014-07-15,,,,,,,
30492,1995-01-01,,,,,,,
30497,1974-10-01,85000.0,3.0859E7,3.0774E7,,,,
3050,1998-06-22,7.1E7,2.94456605E8,2.23456605E8,,,,
30500,1996-10-18,,4137645.0,,,,,
3051,1966-07-01,,,,3.1818181818181817,11,0.9816498172140428,2013-06-21
305147,2004-08-26,,,,,,,
305198,2014-07-22,,,,,,,
30526,1994-01-01,,,,,,,
30527,2007-09-28,1.1E7,,,,,,
30529,1997-02-10,,,,,,,
3053,1967-02-01,2000000.0,,,2.8,10,1.0327955589886444,2008-12-01
305310,2014-10-01,,,,,,,
305337,1999-07-23,,,,,,,
305342,2017-06-02,,,,,,,
30535,2006-05-05,,,,,,,
30545,2009-12-26,,,,,,,
305450,2014-09-16,,,,,,,
305455,2014-12-04,,,,,,,
30547,1979-07-10,,,,,,,
305470,2017-03-23,1.0E8,1.4233724E8,4.233724E7,,,,
30548,2005-10-13,325000.0,,,,,,
3055,1967-12-27,5000000.0,5.0E7,4.5E7,3.5,2,0.7071067811865476,2000-08-10
30552,1972-03-16,,,,,,,
305594,2014-11-14,,,,,,,
3056,2004-10-09,,,,,,,
305638,2015-03-26,7500000.0,,,,,,
305642,2015-10-29,5000000.0,,,,,,
305656,1994-10-16,,,,,,,
30574,1944-12-18,,,,,,,
305747,2015-01-31,,,,,,,
30575,1994-10-02,,,,,,,
30577,1985-08-26,,,,,,,
30579,2007-01-01,1500000.0,,,,,,
305815,1994-01-01,,,,,,,
305819,2001-08-10,,,,,,,
30583,1990-11-09,,,,,,,
30586,2002-01-11,,,,,,,
30588,1947-04-11,,,,,,,
305899,1996-11-08,,,,,,,
3059,1916-09-04,,,,,,,
30592,1992-11-15,,,,,,,
305932,2014-12-12,,,,,,,
305943,2016-12-16,,,,,,,
305956,2014-11-21,,,,,,,
305969,2013-06-07,,,,,,,
306,1994-05-24,5.0E7,1.19208989E8,6.9208989E7,4.171875,32,0.9385075231279408,2015-10-11
30614,1946-03-16,,,,,,,
30618,2010-09-01,2.5E7,,,,,,
306197,2015-07-24,,,,,,,
306199,2014-11-21,,,,,,,
3062,1933-02-02,439000.0,2281000.0,1842000.0,4.090909090909091,11,0.6640098575390964,2008-04-30
306207,2014-11-11,,,,,,,
306218,2014-11-25,,,,,,,
30624,1948-09-22,,,,,,,
30630,1937-10-22,,,,,,,
306323,2005-09-12,,,,,,,
30633,2005-04-11,5000.0,,,,,,
30637,1958-12-01,146000.0,,,,,,
3064,1989-03-10,,,,2.6666666666666665,3,1.5275252316519468,2001-12-03
30640,1936-09-11,,,,,,,
306406,2009-11-06,,,,,,,
30641,2007-06-07,,,,,,,
306411,2006-04-14,,,,,,,
30645,1969-03-14,2100.0,,,,,,
30647,1990-01-01,,,,,,,
30648,1971-11-15,,,,,,,
30649,1984-04-18,,,,,,,
3065,1996-04-19,,,,,,,
30653,1986-01-31,,,,,,,
30654,1994-08-17,,,,,,,
306543,2015-01-22,,,,,,,
306547,2015-01-29,,,,,,,
30655,1990-05-01,,,,,,,
306555,2014-11-27,,,,,,,
306598,2014-11-27,,,,,,,
306650,2014-11-12,,,,,,,
30667,1991-11-19,,,,,,,
30671,1974-09-10,,,,,,,
306758,2015-02-14,,,,,,,
30680,2007-10-12,,,,,,,
306825,2014-10-24,,,,,,,
306838,2015-08-20,,,,,,,
30685,2009-10-09,,,,,,,
30688,2005-06-09,,,,,,,
30689,1971-12-17,,,,,,,
30690,1988-08-26,9000000.0,6436211.0,-2563789.0,,,,
30694,1991-10-06,,,,,,,
306943,2017-04-14,,,,,,,
30695,2010-01-15,,,,,,,
306963,2014-10-11,,,,,,,
306966,2016-05-13,,,,,,,
306969,2015-01-09,,,,,,,
30698,2004-12-05,,,,,,,
30702,1974-03-27,,,,,,,
307020,1986-03-12,,,,,,,
30707,1983-11-11,,6472990.0,,3.7,65,0.9134412953222555,2016-07-29
30708,1973-07-11,,,,,,,
307081,2015-06-15,3.0E7,9.1709827E7,6.1709827E7,,,,
30709,1981-10-16,,,,,,,
307113,2014-03-14,,,,,,,
30712,1998-12-03,,,,4.25,2,0.3535533905932738,2008-10-06
307127,2013-11-21,,,,,,,
30718,1995-09-08,,,,,,,
307261,1970-01-01,,,,,,,
307293,2014-12-04,,,,,,,
3073,1948-06-15,,,,,,,
307318,2014-11-01,,,,,,,
30734,1946-02-25,,,,,,,
30735,2003-06-06,,,,,,,
3075,1969-05-22,,,,3.5,5,0.5,2015-06-10
307510,2007-01-01,,,,,,,
3076,1943-03-05,,,,2.75,4,1.2583057392117916,2002-08-21
307649,2014-12-04,,,,,,,
30765,1995-08-25,,,,,,,
307663,2015-01-16,1.0E7,,,,,,
3077,1939-01-13,,,,4.055555555555555,9,0.5270462766947299,2012-11-12
30778,2007-11-18,,,,,,,
30779,2001-10-25,3000000.0,,,,,,
30784,1960-09-13,,,,,,,
30785,1992-01-08,140000.0,,,,,,
30787,1973-05-11,,,,,,,
30789,1981-11-28,,,,,,,
3079,1957-05-02,,,,3.9285714285714284,7,0.6074928962939559,2016-09-25
30793,1945-12-06,,,,3.1808510638297873,47,0.9914061813738276,2016-08-02
307931,2015-06-12,,1301696.0,,,,,
307946,2015-10-23,,,,,,,
308024,2015-06-19,,1100000.0,,,,,
308027,2015-08-14,,,,,,,
308032,2015-07-17,,643557.0,,,,,
308077,2015-02-08,,,,,,,
308084,2015-07-10,,702354.0,,,,,
3081,1958-06-24,,,,3.625,52,0.791344103532767,2016-10-16
30810,1964-02-06,,,,3.5689655172413794,29,1.3210124494589806,2016-07-17
308165,2014-12-05,,,,,,,
30817,1999-01-01,,,,,,,
308174,2015-01-22,,,,,,,
3082,1936-02-05,,8500000.0,,3.138888888888889,36,0.9607371508460953,2016-01-15
308269,2014-10-14,,,,,,,
3083,1939-10-19,1500000.0,9600000.0,8100000.0,4.2,20,0.894427190999916,2015-07-16
308369,2015-06-12,,,,,,,
308418,2014-12-05,,,,,,,
30844,2009-11-04,,,,,,,
308447,2015-03-17,,,,,,,
308453,2016-01-22,3500000.0,615816.0,-2884184.0,,,,
308457,2015-06-23,,,,,,,
3085,1940-01-18,,,,,,,
308504,2015-04-03,,3643591.0,,,,,
308531,2016-06-01,1.35E8,2.45623848E8,1.10623848E8,,,,
30855,1971-10-17,,,,,,,
308557,2006-01-01,,,,,,,
308571,2014-12-05,,,,,,,
3086,1941-02-25,,,,4.0,5,0.7071067811865475,2016-06-27
30860,2004-12-15,,,,,,,
308639,2015-06-19,700000.0,1.7986781E7,1.7286781E7,,,,
308640,2015-01-27,,,,,,,
308671,2004-06-27,,,,,,,
308686,2014-11-23,,,,,,,
30870,1990-08-08,,,,,,,
308715,2015-01-25,,,,,,,
30872,1986-08-14,,,,,,,
30873,2009-09-04,,,,,,,
30874,1982-01-01,,,,,,,
30875,1982-08-12,300000.0,,,,,,
308792,2006-01-10,,,,,,,
3088,1946-12-03,,,,4.2631578947368425,19,0.7882544191057644,2011-01-28
30888,1978-06-01,,,,,,,
308919,2014-11-23,,,,,,,
30892,1972-09-13,,,,3.5,1,,2011-01-28
30901,1972-02-28,,,,,,,
309024,2016-03-18,,,,,,,
30903,1971-01-15,,,,,,,
309049,2014-12-12,,,,,,,
309063,2015-01-13,,,,,,,
30909,1952-04-29,,,,,,,
30910,1998-01-01,,,,,,,
30913,1964-11-09,,,,,,,
309242,2015-07-04,,130541.0,,,,,
309245,2015-08-14,,2500431.0,,,,,
30926,1996-10-07,,,,,,,
309298,2015-12-01,,31309.0,,,,,
309299,2015-10-16,,,,,,,
3093,2006-03-29,7.0E7,3.8629478E7,-3.1370522E7,3.0714285714285716,7,1.096531327587567,2012-06-23
309302,2015-02-19,,1.23205624E8,,,,,
30931,1981-10-24,,,,,,,
30934,1972-05-19,,,,,,,
30941,1971-06-17,3000000.0,,,,,,
309410,1942-01-01,,,,,,,
30942,2006-10-05,,,,,,,
309425,2015-03-20,,,,,,,
30948,1997-06-20,,,,,,,
30950,1997-08-30,,,,,,,
309503,2015-08-28,,,,,,,
309579,2008-02-04,800000.0,,,,,,
309581,2015-07-31,,,,,,,
30959,1964-12-29,,,,,,,
30963,1992-06-05,,,,,,,
30969,2008-10-01,,,,,,,
3097,2003-05-24,1.0E7,25800.0,-9974200.0,3.7083333333333335,12,0.6894771844512244,2012-06-23
30972,1966-12-16,,,,,,,
30973,2003-09-11,1.0E7,4069090.0,-5930910.0,,,,
309739,2015-01-01,,,,,,,
30974,2009-01-01,,,,,,,
30975,2007-04-07,,,,,,,
30977,1938-02-11,,,,,,,
30979,2009-11-25,,,,,,,
309809,2015-07-29,6.4E7,9.757125E7,3.357125E7,,,,
309820,1932-04-11,,,,,,,
30983,1998-04-05,,,,,,,
309875,2014-12-25,,,,,,,
309886,2016-08-11,1.3E7,,,,,,
309887,2015-03-06,,,,,,,
30993,1988-09-16,,,,,,,
30994,1986-12-18,,,,,,,
30996,1984-07-13,,,,,,,
309968,2010-01-01,,,,,,,
30997,1988-05-21,,,,,,,
30999,2001-01-07,3.0E7,,,,,,
31000,1993-03-05,,,,2.5,1,,2004-12-28
310001,2015-01-30,,,,,,,
31003,1998-10-19,,,,,,,
3101,1990-04-06,,,,3.673469387755102,49,0.9160093499805014,2013-02-19
31010,2001-01-01,,,,,,,
31011,2009-09-11,4.7E7,3547209.0,-4.3452791E7,,,,
310123,2014-11-28,1556288.0,1268395.0,-287893.0,,,,
310131,2016-02-19,3500000.0,4.0423945E7,3.6923945E7,,,,
310133,2015-08-07,,134552.0,,,,,
310135,2015-08-14,,,,,,,
310137,2015-06-26,,,,,,,
31015,1998-04-28,,,,,,,
31016,2001-11-23,1000000.0,2402459.0,1402459.0,,,,
31017,1997-01-01,,,,,,,
3102,2005-03-13,,,,3.9,10,0.699205898780101,2005-08-30
31023,1999-09-24,3000000.0,6000000.0,3000000.0,,,,
31026,2002-12-20,,,,4.5,1,,2005-01-14
3103,1944-12-01,,,,3.0,3,1.0,2000-12-10
310319,2015-02-27,,,,,,,
31034,1995-07-29,,,,,,,
31035,2010-03-19,,,,3.25,2,1.7677669529663689,2005-06-28
31036,2007-06-01,,,,,,,
3104,1967-03-15,,,,3.9655172413793105,29,0.7668469124878304,2016-08-05
31041,2009-12-26,,,,,,,
310417,2009-06-18,,,,,,,
31042,1954-11-07,100000.0,,,,,,
31043,1984-03-09,,,,,,,
310431,1983-06-01,,,,,,,
31044,1982-10-01,,,,,,,
310442,2014-12-10,,,,,,,
31046,2005-02-20,,,,,,,
31048,2005-10-21,,,,,,,
310491,2015-04-17,,,,,,,
310567,2015-07-29,,,,,,,
310568,2015-03-29,,,,,,,
31058,1949-09-21,,,,,,,
310589,2014-12-02,,,,,,,
31059,2010-01-21,2000000.0,2.2212223E7,2.0212223E7,,,,
310593,2015-05-20,1.336E7,2000000.0,-1.136E7,,,,
31060,2008-02-22,500000.0,5330000.0,4830000.0,,,,
31061,2009-02-13,,,,,,,
31063,2004-01-01,,,,,,,
31064,2001-01-19,,,,,,,
31076,2003-01-01,,,,,,,
31078,2003-09-28,,,,,,,
31082,2006-01-01,,,,,,,
31083,1988-09-09,,401421.0,,,,,
3109,1952-07-21,,,,4.0,1,,2000-04-26
31094,2001-01-01,,,,,,,
311,1984-02-16,3.0E7,,,,,,
31102,1960-05-19,,,,,,,
311021,2006-01-01,,,,,,,
31104,1961-01-21,,,,3.0,1,,2004-12-24
311093,2014-12-13,,,,,,,
3111,1954-09-29,,,,4.222222222222222,9,0.8333333333333335,2004-08-03
31111,2008-12-31,,,,,,,
31112,1980-01-01,,2013193.0,,,,,
31116,1971-01-01,,,,3.75,2,1.7677669529663689,2011-01-28
311181,2015-01-10,,,,,,,
31121,1975-03-13,,,,,,,
31123,1966-11-01,,,,,,,
31124,1969-05-01,,,,,,,
31125,1968-05-08,,,,,,,
31127,1987-10-01,,,,,,,
31128,1985-01-01,,,,,,,
31129,1990-01-01,1500.0,,,,,,
311291,2015-08-28,,4250507.0,,,,,
31132,1997-10-17,,,,,,,
311324,2016-12-16,1.5E8,3.31957105E8,1.81957105E8,,,,
31142,2001-09-30,1200000.0,,,,,,
31146,1996-08-29,,,,,,,
31151,1970-11-11,,,,,,,
31152,1951-12-17,,,,,,,
311539,2015-07-20,,,,,,,
3116,1969-05-25,,4.4785053E7,,4.0,1,,2000-08-10
311600,2010-01-01,,,,,,,
31162,2009-12-31,1.5E7,2.15E7,6500000.0,2.5,2,0.7071067811865476,2006-07-19
311627,2014-11-13,,,,,,,
31165,2004-10-15,,,,,,,
311667,2016-05-20,,,,,,,
31167,1949-07-07,,,,,,,
31174,1995-12-29,,,,,,,
31175,2009-09-09,5000000.0,1.7872796E7,1.2872796E7,,,,
311764,2016-06-03,,,,,,,
31189,2009-09-13,,,,,,,
31196,2010-01-29,300000.0,,,,,,
312,1996-12-18,,,,3.6,5,0.8944271909999159,2000-12-10
31200,1979-02-09,,,,,,,
31203,2009-09-30,,,,,,,
31208,2009-09-02,,,,,,,
312131,2015-01-16,,,,,,,
312138,2014-08-29,,,,,,,
312152,2015-11-12,,,,,,,
31216,2008-06-01,,,,,,,
312167,2014-12-05,,,,,,,
31218,2009-09-18,,,,,,,
31219,1989-06-01,,,,,,,
3122,1971-10-22,,,,3.0,1,,2000-12-25
31220,1998-02-27,,,,,,,
312221,2015-11-25,3.7E7,1.73567581E8,1.36567581E8,,,,
31225,1990-03-13,500000.0,3779620.0,3279620.0,4.25,2,1.0606601717798212,2009-10-18
312316,2013-01-30,,,,,,,
31237,2008-03-12,,,,,,,
3124,1964-04-08,,,,,,,
31242,2003-01-01,,,,,,,
31243,1958-07-17,,,,,,,
31245,1988-07-14,,,,,,,
312452,1891-11-15,,,,,,,
31248,2007-01-01,,,,,,,
31254,1961-01-01,,,,,,,
31258,1966-01-01,,,,,,,
312597,2006-01-01,,,,,,,
31261,2010-02-16,100000.0,1000000.0,900000.0,,,,
31262,2008-01-31,,,,,,,
31265,1967-12-01,,,,,,,
3127,1958-06-01,,,,2.8333333333333335,6,0.752772652709081,2004-06-01
31273,1999-02-08,,,,,,,
31276,1990-01-01,,,,,,,
312791,2014-10-16,3150000.0,,,,,,
312793,2015-03-20,,,,,,,
312796,2015-04-17,,,,,,,
312797,2015-03-27,,,,,,,
31280,1956-07-01,,,,,,,
31281,1989-01-01,,25000.0,,,,,
312813,2014-10-16,,,,,,,
312827,2015-06-05,,28281.0,,,,,
312831,2015-11-06,,,,,,,
312849,2015-01-26,,,,,,,
31286,1960-12-08,,,,,,,
31287,1962-06-08,15000.0,3274.0,-11726.0,,,,
31292,1989-08-25,,,,,,,
31293,1953-11-27,,,,,,,
31297,1962-12-01,,,,,,,
313,2006-02-09,1.2E7,1381665.0,-1.0618335E7,2.7142857142857144,7,1.3801311186847085,2016-05-08
31300,1987-05-14,,,,,,,
31303,1992-02-19,,,,,,,
31306,1999-10-22,,,,,,,
313074,2014-10-03,,,,,,,
313179,2015-06-16,,,,,,,
3132,2002-06-07,7.0E7,6.5977295E7,-4022705.0,,,,
31321,2000-04-13,,,,,,,
31329,2005-04-13,,,,,,,
313297,2016-08-18,6.0E7,6.9929545E7,9929545.0,,,,
3133,1973-10-15,,,,4.0,2,1.4142135623730951,2000-11-28
31332,1967-10-14,,,,,,,
31334,1994-10-22,,,,,,,
31336,1999-05-19,,,,,,,
313369,2016-11-29,3.0E7,4.454357E8,4.154357E8,,,,
313371,2015-01-15,,,,,,,
31338,2001-01-01,,,,,,,
31342,1999-05-21,,,,,,,
31343,1973-01-01,,,,,,,
31345,1968-04-03,,,,,,,
31347,2000-07-15,,,,,,,
313511,2008-02-01,,,,,,,
31353,1998-05-15,,,,,,,
31354,2002-12-17,,,,,,,
31355,2001-11-14,,,,,,,
31361,1981-05-22,,,,,,,
31362,1988-09-28,,,,,,,
313646,2010-06-11,,,,,,,
313676,2009-02-28,,,,,,,
31372,1954-09-26,,,,,,,
31374,1955-07-12,,,,2.25,2,2.4748737341529163,2010-12-19
31377,2008-01-01,,,,,,,
31378,1956-01-03,,,,,,,
313788,2014-12-22,,,,,,,
31380,1994-03-17,,,,,,,
31383,1964-02-10,,,,,,,
31388,1996-11-08,,,,,,,
31390,2005-01-01,,,,,,,
31392,1960-04-15,,,,,,,
31393,1957-06-28,,,,,,,
313943,2017-07-01,,,,,,,
31395,1994-01-28,1.07E7,1238080.0,-9461920.0,,,,
31396,1964-06-27,,,,,,,
31397,1988-01-01,,,,,,,
31398,1970-01-01,,,,,,,
314,2004-07-22,1.0E8,8.2102379E7,-1.7897621E7,3.9411764705882355,17,1.2976222599091636,2016-04-16
31401,1985-01-01,,,,,,,
314011,2014-09-25,,,,,,,
314029,2016-01-14,1500000.0,,,,,,
314065,2014-12-27,,,,,,,
31407,1981-05-04,,,,,,,
314070,1951-12-27,,,,,,,
31408,1976-01-01,,,,4.25,2,0.3535533905932738,2015-09-13
31409,1931-08-01,,,,,,,
31410,1985-08-01,,,,3.975,20,0.9244486265649892,2015-10-20
31411,1928-09-16,,,,,,,
31412,1978-01-01,,,,,,,
31413,1997-10-24,,,,5.0,1,,2015-09-17
31414,1994-02-08,1500000.0,,,,,,
31421,2006-04-11,,,,,,,
314220,2015-11-26,,,,,,,
31427,1959-11-03,,,,4.5,1,,2006-03-11
314283,2014-12-14,,,,,,,
314285,2014-12-25,,,,,,,
314327,2014-12-24,,,,,,,
314352,1996-04-11,,,,,,,
314389,2015-01-23,,,,,,,
3144,1999-01-01,,,,2.5,2,0.7071067811865476,2002-05-12
314405,2015-05-14,1.2E7,,,,,,
31442,1962-05-05,,,,,,,
31443,2000-01-01,,,,,,,
314443,2014-10-04,,,,,,,
31445,1940-01-01,,,,2.0,1,,2005-03-22
314462,2014-03-07,,,,,,,
31450,2005-07-07,,,,,,,
3146,1966-07-31,,,,2.5,22,1.1751393027860062,2016-08-17
31463,2006-01-20,,,,,,,
314635,2014-10-05,,,,,,,
31472,1971-01-17,,,,,,,
31473,1998-11-16,,,,,,,
314946,2015-01-01,,,,,,,
31498,1940-09-20,,,,,,,
314996,2014-12-28,,,,,,,
315,1965-08-06,45000.0,,,2.909090909090909,44,1.106391196600657,2010-12-15
31501,1999-01-01,,,,,,,
315010,2008-01-01,,,,,,,
31502,2001-12-12,,,,2.5,1,,2015-06-10
31503,1993-08-06,,3335984.0,,,,,
31504,1994-06-29,,,,,,,
315044,2014-12-26,,,,,,,
315055,2015-02-27,2000000.0,,,,,,
31507,1936-09-23,,,,,,,
31509,1920-09-03,,,,,,,
31510,1925-12-30,3900000.0,9000000.0,5100000.0,,,,
31511,1933-05-27,,,,,,,
315112,2015-05-01,,,,,,,
31512,2006-01-01,,,,,,,
31515,1971-12-16,,,,,,,
31516,1949-12-08,,,,,,,
315196,2015-06-18,,,,,,,
31522,1961-09-06,160000.0,100655.0,-59345.0,2.75,2,1.7677669529663689,2010-01-29
315226,2015-01-02,,,,,,,
315252,2015-01-01,,,,,,,
31526,1933-12-26,1114000.0,2610000.0,1496000.0,,,,
31527,1934-05-09,900000.0,,,,,,
31530,1937-05-07,,,,,,,
31532,1932-08-13,,,,,,,
315335,2015-01-15,,9127383.0,,,,,
31535,1998-03-13,,,,,,,
315367,2015-03-28,,,,,,,
315371,1990-06-06,,,,,,,
315417,2010-08-17,,,,,,,
31542,1978-09-21,,,,,,,
31546,1996-09-13,,665450.0,,,,,
315465,2015-07-11,,490643.0,,,,,
315467,2014-11-04,,,,,,,
31547,1977-12-01,,,,4.5,1,,2011-01-28
31548,1936-05-17,,,,,,,
315534,1998-01-16,,,,,,,
31555,1954-08-06,,,,,,,
31556,1948-11-24,,,,,,,
315575,2015-05-20,,269144.0,,,,,
31559,1952-11-12,,,,,,,
31561,1945-12-11,,,,,,,
315623,2011-12-25,,,,,,,
31563,1987-01-16,1.4E7,,,,,,
315669,2016-04-01,,,,,,,
31578,1993-08-07,,,,,,,
31579,1976-10-31,,,,,,,
31581,1970-03-24,,,,,,,
31582,1999-11-26,,4488529.0,,,,,
315837,2017-03-29,1.1E8,1.69801921E8,5.9801921E7,,,,
315846,2015-06-13,,346485.0,,,,,
315850,2007-08-12,,,,,,,
315855,2015-10-07,,,,,,,
31587,1973-04-11,,,,,,,
31589,1960-09-15,,,,,,,
31592,1932-10-20,,,,,,,
31593,1981-03-19,3000000.0,,,,,,
31597,1990-09-21,,,,,,,
316,2002-02-12,,,,3.3689655172413793,145,1.00350200972639,2016-08-02
316000,2016-03-20,,3460466.0,,,,,
316002,2015-02-10,2.6E7,,,,,,
316003,2011-01-17,,,,,,,
31601,1984-10-05,,,,,,,
316015,2015-01-01,,,,,,,
316021,2016-12-09,,9188.0,,,,,
31603,1980-01-01,,8894289.0,,,,,
31604,1975-12-19,,,,,,,
316042,2015-10-09,,,,,,,
316067,2015-01-23,,,,,,,
316074,2015-01-07,,,,,,,
31608,1989-01-27,1.5E7,4.059E7,2.559E7,,,,
31609,1985-01-01,,,,,,,
316098,1995-03-01,,,,,,,
31611,1995-12-01,,,,,,,
316111,1971-08-18,,,,,,,
316152,2016-06-24,,2.503595E7,,,,,
316154,2017-06-23,,,,,,,
316170,1975-12-26,,,,,,,
31618,1988-08-26,1.9E7,,,,,,
316183,2013-01-01,,,,,,,
31624,1973-01-04,,,,,,,
31626,2006-08-09,1333333.0,5333333.0,4000000.0,,,,
31629,2009-01-16,2915739.0,1.4E7,1.1084261E7,,,,
316310,2015-01-28,,,,,,,
316322,2015-01-29,,,,,,,
31634,1960-02-01,,,,,,,
316347,2015-01-06,,,,,,,
3164,1958-07-20,,,,,,,
316410,2015-01-09,,,,,,,
31643,1994-03-30,3.0E7,,,,,,
316437,2011-01-15,,,,,,,
31646,1981-01-01,,,,,,,
31650,1987-10-09,1.7E7,1.0278549E7,-6721451.0,,,,
31652,1985-02-15,,4300000.0,,,,,
31654,1975-01-01,,,,,,,
31657,1978-02-15,,,,,,,
31658,1967-11-01,,,,4.203703703703703,27,0.6542649907053549,2016-10-16
31659,1986-04-17,,8475466.0,,,,,
316603,1969-01-01,,,,,,,
31665,1982-01-01,,1736123.0,,,,,
316654,2015-05-15,1.8E7,1500000.0,-1.65E7,,,,
31667,1947-12-31,4258000.0,,,,,,
31670,1999-11-24,,,,,,,
31671,1975-05-21,1000000.0,1.6E7,1.5E7,,,,
316727,2016-06-29,,1.1858788E8,,,,,
31674,1989-02-10,1.3E7,2.203E7,9030000.0,,,,
31675,1970-09-16,3750000.0,,,,,,
316761,2015-08-07,,,,,,,
31677,1970-01-01,,,,,,,
316776,2010-01-01,,,,,,,
31678,1929-11-23,,,,,,,
3168,2003-08-31,,,,3.72,25,0.854887906882144,2016-08-17
31680,2008-01-01,,,,,,,
31681,1968-12-19,,,,,,,
31682,1957-02-22,750000.0,,,4.5,1,,2012-08-06
316840,2006-10-06,,,,,,,
31685,1939-12-29,,,,3.2291666666666665,24,1.112958910396913,2016-10-16
316883,2015-01-22,,,,,,,
31695,1981-12-02,,,,,,,
317114,2015-01-24,,,,,,,
317121,2015-02-14,,,,,,,
317144,2015-01-15,,,,,,,
31715,2001-06-18,,,,,,,
317168,1976-05-13,,,,,,,
317190,2008-12-25,,,,,,,
317198,2015-02-13,,,,,,,
317213,2010-02-10,,,,,,,
317214,2015-01-08,,,,,,,
317246,1991-08-09,,,,,,,
317260,1968-06-05,,,,,,,
3173,1999-11-01,,,,2.94,25,0.9278110439811186,2016-08-17
317384,2014-09-18,,,,,,,
31742,1961-09-21,,,,,,,
3175,1975-12-18,1.1E7,2.0E7,9000000.0,3.5076923076923077,65,0.9621440400720436,2016-08-02
317557,2016-09-23,1.5E7,1.0367161E7,-4632839.0,,,,
317655,2015-01-23,,,,,,,
31768,1997-09-12,,,,,,,
317683,1966-03-29,,,,,,,
3177,2003-07-05,9000000.0,,,3.1666666666666665,6,1.1254628677422756,2013-12-13
31770,1943-03-26,,,,3.0,1,,2011-01-28
31772,1938-12-01,,,,,,,
317720,1994-09-16,,,,,,,
317723,2014-06-27,,,,,,,
31773,1936-10-09,,,,,,,
317736,2014-12-25,,,,,,,
31774,2000-05-26,,,,,,,
317744,2015-05-06,8000000.0,,,,,,
31775,2007-12-08,,,,,,,
31777,1933-08-18,,,,,,,
3178,2000-01-29,,,,3.6363636363636362,22,0.8753477972976034,2014-02-02
31780,2009-01-01,,,,,,,
31781,2004-03-03,,,,,,,
317903,2015-02-05,,,,,,,
317925,2015-02-27,,,,,,,
317930,2016-03-31,,,,,,,
317938,2016-05-27,,,,,,,
317953,2014-12-16,,,,,,,
317965,1993-03-12,,,,,,,
317981,2015-09-04,,,,,,,
318,2000-02-09,8000000.0,,,4.487138263665595,311,0.7024118657942705,2016-09-14
318007,2014-10-10,1131974.0,,,,,,
318033,2015-03-27,,,,,,,
31804,1962-01-01,,,,3.5,1,,2006-09-25
318040,2015-02-07,,,,,,,
318044,2015-01-22,,,,,,,
318054,2015-01-27,,,,,,,
31809,1998-01-01,,,,,,,
31812,1941-04-11,,,,,,,
318121,2016-06-16,,,,,,,
318177,1996-03-15,,,,,,,
318184,2012-01-11,,,,,,,
31819,1917-10-22,,,,,,,
31821,2002-01-01,380000.0,,,,,,
318224,2015-01-25,,,,,,,
318225,2015-04-23,,,,,,,
318256,2015-05-29,,,,,,,
318277,2015-06-29,,,,,,,
318279,2015-01-25,,2334228.0,,,,,
318348,2013-02-21,,,,,,,
318373,2015-01-14,,,,,,,
318484,2003-07-11,,,,,,,
318535,2002-03-11,,,,,,,
318553,2014-12-23,,,,,,,
31856,1971-04-30,,,,,,,
318562,1994-01-01,,,,,,,
31858,1982-02-25,,,,,,,
31863,1989-02-17,,,,,,,
31866,1935-12-11,,,,,,,
31868,1939-10-05,,,,,,,
31869,2009-01-01,,,,,,,
31875,2000-02-23,,,,,,,
318781,2016-02-18,1.4E7,3621046.0,-1.0378954E7,,,,
31879,1936-05-22,,,,,,,
318832,2013-01-01,,,,,,,
318846,2015-12-11,,1.33346506E8,,,,,
318850,2016-03-10,1.85E7,6490401.0,-1.2009599E7,,,,
318851,1967-02-16,,,,,,,
318868,2013-07-01,,,,,,,
31890,2008-09-03,,,,,,,
31896,2009-01-01,,,,,,,
318973,2015-09-09,,,,,,,
319,1993-09-09,,1.2281551E7,,3.973684210526316,38,1.0063807807982874,2016-08-17
31900,2010-01-20,,,,,,,
31901,1974-06-26,,,,,,,
31907,1997-11-15,,,,,,,
319070,2015-01-25,,,,,,,
319073,2015-09-09,,,,,,,
319076,2015-07-29,,,,,,,
319078,2015-01-01,,,,,,,
319079,2015-08-01,,,,,,,
31908,1996-12-20,,,,,,,
31909,1986-01-01,1.2E7,4884663.0,-7115337.0,,,,
319090,2015-03-06,,,,,,,
31911,1993-10-15,,,,,,,
31915,1979-01-01,,5.4E7,,,,,
319152,2015-06-22,,,,,,,
31916,1961-10-18,,,,,,,
319167,2014-12-31,,,,,,,
319179,1999-10-13,,,,,,,
319188,2015-02-10,,,,,,,
31919,1977-04-06,,,,,,,
31921,1981-01-01,,,,4.0,1,,2011-02-13
31923,1990-10-12,,,,4.0,2,0.0,2005-08-06
31924,1986-12-25,,2.5147055E7,,,,,
31927,1989-01-01,,,,,,,
31930,1930-07-31,,,,4.0,1,,2011-06-04
31933,2006-02-27,,,,,,,
319337,2015-04-09,,147315.0,,,,,
319341,2015-02-04,,,,,,,
31935,1970-05-20,6250000.0,,,,,,
319352,2013-12-29,,,,,,,
31936,1953-04-04,,,,,,,
31937,1968-11-04,,,,,,,
319373,2015-05-30,,124518.0,,,,,
31938,1968-05-15,,,,,,,
31939,1984-01-01,,,,,,,
319396,2015-02-24,,,,,,,
31941,1978-08-02,,,,,,,
31942,1990-01-01,,,,,,,
31943,1973-05-23,,,,,,,
31945,1987-10-23,,,,,,,
31950,1975-01-01,,,,,,,
31962,1992-01-31,,2.1621E7,,,,,
31965,1968-05-01,,,,,,,
319656,1983-11-16,,,,,,,
319669,2015-01-31,,,,,,,
31967,2010-02-09,,,,,,,
31978,1997-07-09,,,,,,,
31979,2006-01-01,,,,,,,
31981,2009-05-16,,,,,,,
31984,1956-07-21,,,,,,,
319851,1971-01-01,,,,,,,
31987,1992-01-01,,,,,,,
31988,1935-10-18,,,,,,,
319888,2016-02-26,,4.6152411E7,,,,,
319910,2015-03-15,,,,,,,
31993,1939-03-24,,,,,,,
31995,1939-05-11,,,,,,,
319964,2015-07-17,,,,,,,
319966,2014-04-27,,,,,,,
31997,1942-04-24,,,,,,,
319975,2014-04-05,,,,,,,
31998,1945-01-01,,,,,,,
319986,2014-04-18,,,,,,,
319996,2015-02-13,,,,,,,
319998,2015-03-19,,,,,,,
319999,2015-01-20,,,,,,,
320001,2015-01-20,,,,,,,
320004,2015-11-27,,,,,,,
320005,2015-02-10,,80551.0,,,,,
320006,2015-04-15,,,,,,,
320007,2015-06-11,,3191998.0,,,,,
320028,2015-01-22,,,,,,,
320048,2015-01-24,500000.0,,,,,,
32005,2009-12-04,2500000.0,,,,,,
32008,1961-03-31,,,,,,,
320132,2015-02-19,,,,,,,
320146,2016-03-11,1000000.0,,,,,,
32015,1964-09-06,,,,,,,
320150,2014-11-26,500.0,,,,,,
320169,2012-10-14,,,,,,,
32020,1980-02-29,,4400000.0,,,,,
32023,1943-10-05,,,,,,,
32029,1977-03-23,,,,3.4444444444444446,9,0.8079466429027214,2016-10-07
320302,2015-01-22,,,,,,,
32031,1986-01-01,,,,3.269230769230769,13,0.48370896102342265,2016-07-30
320349,2015-10-02,,,,,,,
32035,1990-03-09,,,,,,,
32038,1988-12-08,,,,,,,
320385,2015-02-27,,,,,,,
32040,1976-02-15,,,,,,,
32041,1962-06-26,,,,,,,
32042,1975-06-11,,,,,,,
32043,1990-04-27,,1.7037887E7,,,,,
320430,2015-01-07,,,,,,,
32044,1974-08-07,,,,,,,
320453,2007-09-15,,,,,,,
32051,1975-06-01,,,,,,,
32053,1975-01-01,,,,,,,
32054,1987-09-03,,,,,,,
32058,1987-01-01,,,,,,,
320587,2015-03-14,,,,,,,
320588,2015-11-27,1000000.0,1.4444999E7,1.3444999E7,,,,
320589,2015-03-15,,,,,,,
32059,1989-01-13,,,,,,,
32060,1986-01-01,,,,,,,
320639,2015-02-21,,,,,,,
32064,1987-12-03,,,,,,,
32065,1982-07-30,,6660333.0,,,,,
32067,2000-06-09,,,,,,,
32068,1968-04-02,,,,,,,
32069,1975-01-01,,,,,,,
320703,2015-02-10,,,,,,,
32074,1991-09-06,,1501785.0,,,,,
32075,1989-01-01,,,,,,,
32078,1950-06-12,,,,3.0,1,,2012-08-09
32079,1988-01-01,,64227.0,,,,,
32080,1973-01-01,,,,,,,
32081,1984-06-22,,,,,,,
32082,1971-12-14,,,,,,,
32084,2009-10-10,,,,,,,
320853,1948-11-05,,,,,,,
32087,1956-09-19,,,,,,,
320873,2015-02-02,,,,,,,
320882,2014-11-14,,,,,,,
320892,2015-01-23,,,,,,,
32091,2002-08-01,,,,,,,
320917,2004-03-13,,,,,,,
32093,1940-11-08,,,,,,,
320996,2015-01-23,,,,,,,
321,2003-06-06,4361898.0,3031801.0,-1330097.0,3.642857142857143,7,1.0293317295817757,2005-04-08
32100,1976-10-02,,,,,,,
321030,2016-04-08,,,,,,,
32105,1963-11-01,,,,,,,
321068,2014-12-08,,,,,,,
32109,1964-06-01,,,,,,,
321109,2015-01-24,,,,,,,
321130,1968-10-08,,,,,,,
321191,2015-01-14,,,,,,,
32120,1943-11-10,,,,,,,
32122,1976-08-12,,,,,,,
321224,2014-06-19,,,,,,,
32124,2009-11-13,,18088.0,,,,,
321258,2016-01-22,,6.4188367E7,,,,,
321283,2015-10-16,,,,,,,
321377,2015-02-18,,,,,,,
32140,1972-01-01,,,,,,,
32143,1974-03-20,,,,,,,
32146,1991-08-02,,,,,,,
32147,1985-01-01,1.5E7,3360800.0,-1.16392E7,,,,
32148,1988-01-01,,,,,,,
321494,2015-03-10,,,,,,,
321497,2015-04-24,,,,,,,
32150,2007-01-01,,,,,,,
32151,2007-10-01,5000000.0,,,,,,
32152,2006-07-06,,,,,,,
321530,2015-01-31,200000.0,,,,,,
32158,2006-12-20,,,,,,,
321594,2015-01-27,,,,,,,
32160,2006-01-01,,,,3.5,1,,2011-01-28
321621,2015-01-30,,,,,,,
321640,2015-02-08,,,,,,,
321644,2014-10-16,750000.0,,,,,,
321645,2013-04-09,,,,,,,
321678,2015-01-31,,,,,,,
32168,2005-01-01,,,,,,,
321697,2015-10-09,3.0E7,3.4441873E7,4441873.0,,,,
32173,2004-08-05,2500000.0,,,,,,
321741,2015-11-12,3.5E7,5.036379E7,1.536379E7,,,,
321751,2015-08-28,,1702433.0,,,,,
321757,2017-02-24,,,,,,,
321769,2015-03-15,,,,,,,
321779,2015-10-22,1509896.0,,,,,,
32182,1999-09-18,,,,,,,
32194,1940-12-13,,,,,,,
322,2003-10-07,,1.5682202E8,,3.642857142857143,14,0.8418973861410954,2011-07-22
322039,2015-01-16,,,,,,,
32206,2010-02-24,2500000.0,,,,,,
32208,1995-08-10,,,,,,,
322125,2015-03-18,,,,,,,
32213,2005-01-27,,,,,,,
32221,1991-09-10,7500000.0,6266621.0,-1233379.0,,,,
322240,2016-08-03,3.0E7,5.7814445E7,2.7814445E7,,,,
32226,2007-01-01,,,,,,,
322266,2015-01-01,1200000.0,,,,,,
32227,1987-03-06,,1749956.0,,,,,
322270,2015-01-27,,,,,,,
32233,2003-01-01,,,,,,,
32237,2003-08-01,,,,,,,
322378,2015-01-28,,,,,,,
32242,2002-07-26,,,,,,,
322453,2002-04-17,,,,,,,
322460,1969-04-02,,,,,,,
32248,2000-09-11,,,,,,,
322487,2017-04-14,,116873.0,,,,,
322488,2015-03-13,,,,,,,
32249,2000-01-01,,,,,,,
32250,2000-02-11,4000000.0,,,,,,
322506,2015-10-09,370000.0,,,,,,
322518,2015-02-24,,,,,,,
322548,2017-01-11,,,,,,,
322614,2015-01-27,200000.0,,,,,,
32272,2008-08-06,,,,,,,
322745,2015-02-09,50000.0,,,,,,
322746,2015-01-23,,,,,,,
322766,2015-01-31,,,,,,,
322785,2015-01-31,,,,,,,
322799,1993-01-26,,,,,,,
322850,2015-10-19,5000000.0,,,,,,
32286,2009-03-15,,,,,,,
322922,2015-07-07,,,,,,,
32298,2004-01-01,,,,3.5,1,,2005-03-30
323016,2015-03-20,,,,,,,
32305,1999-01-01,,,,,,,
32307,1964-11-14,200000.0,,,,,,
323111,2001-04-01,,,,,,,
323132,1976-01-01,,,,,,,
323149,2015-01-25,,,,,,,
32316,2003-08-22,2.0E7,1675706.0,-1.8324294E7,,,,
323214,2013-11-04,,,,,,,
32322,1976-01-01,,,,,,,
32323,1965-06-20,,,,,,,
32325,1994-06-08,,,,,,,
32326,1998-10-23,,,,,,,
323262,2016-04-22,,,,,,,
323272,2015-08-28,3000000.0,6.7790117E7,6.4790117E7,,,,
32328,1962-10-24,,,,,,,
32332,1997-01-01,,,,,,,
323366,2015-03-16,,,,,,,
323370,2015-03-16,,,,,,,
323372,2015-03-15,,,,,,,
323373,2015-08-28,,,,,,,
32338,2009-07-29,,,,,,,
323383,2015-03-07,,,,,,,
323384,2015-02-15,,,,,,,
323435,2015-08-01,,,,,,,
323552,2015-03-14,,,,,,,
323555,2015-03-07,,,,,,,
323660,2015-03-17,,,,,,,
323661,2015-02-05,,1.5730665E7,,,,,
323665,2015-03-16,,,,,,,
323673,2015-05-09,,,,,,,
323675,2016-01-14,4.0E7,1.24827316E8,8.4827316E7,,,,
323677,2016-02-19,,2.4804129E7,,,,,
32387,1985-04-26,2.2E7,,,4.0,1,,2016-07-29
32389,2009-01-01,,,,,,,
32390,2005-11-23,,,,,,,
323929,2016-03-18,,140779.0,,,,,
32395,2009-01-17,6000000.0,,,3.0,1,,2006-12-05
323968,2015-02-08,,,,,,,
324011,1994-04-24,,,,,,,
324013,1988-02-15,,,,,,,
32407,2009-01-01,,,,,,,
324083,1995-04-11,,,,,,,
324150,2015-03-16,,,,,,,
324174,2015-03-15,,,,,,,
324178,1964-04-10,,,,,,,
324194,1966-02-08,,,,,,,
324230,2014-02-14,,,,,,,
324245,2015-08-14,,,,,,,
324251,2015-03-18,,,,,,,
324253,2015-10-16,,,,,,,
324259,2015-02-06,,,,,,,
324263,2015-03-14,,,,,,,
324264,2015-03-18,,,,,,,
324269,2015-03-13,,,,,,,
324279,2015-01-01,,,,,,,
324281,2015-03-16,,,,,,,
324293,2015-09-16,,26632.0,,,,,
32430,1945-12-27,,2.13E7,,,,,
324300,2015-03-15,,,,,,,
324307,2015-03-16,,,,,,,
324308,2015-08-07,,494506.0,,,,,
324314,2015-03-15,,,,,,,
324317,2015-03-17,,,,,,,
324333,2015-06-05,,,,,,,
324408,2007-12-12,,,,,,,
324421,2016-02-19,,,,,,,
324436,2015-02-08,30000.0,,,,,,
32450,1992-04-17,,918239.0,,,,,
32451,2007-09-08,,,,,,,
324542,2017-01-12,,3.2540674E7,,,,,
324552,2017-02-08,4.0E7,1.71539887E8,1.31539887E8,,,,
32456,1997-09-07,,2057193.0,,3.0,1,,2015-01-06
324560,2017-01-12,,,,,,,
324794,2015-02-09,,,,,,,
32480,1981-12-22,,,,,,,
324807,2015-11-26,,1982505.0,,,,,
324819,2015-02-19,,,,,,,
324820,2015-02-20,,,,,,,
32484,1936-10-08,,,,,,,
324849,2017-02-08,8.0E7,3.11950384E8,2.31950384E8,,,,
324852,2017-06-15,8.0E7,1.020063384E9,9.40063384E8,,,,
32489,1967-03-21,,,,,,,
324930,2015-02-10,,,,,,,
324986,2015-02-17,,,,,,,
32502,1995-09-15,,,,,,,
325039,2015-02-26,2000000.0,,,,,,
32511,2009-05-15,1089360.0,48298.0,-1041062.0,,,,
325113,2015-03-27,,,,,,,
32513,1995-01-01,,,,,,,
325133,2016-05-04,3.5E7,1.08758521E8,7.3758521E7,,,,
325138,2015-02-27,,,,,,,
325140,2000-05-26,,,,,,,
32517,1992-01-01,,,,,,,
325173,2015-12-11,,,,,,,
325186,2016-03-29,,,,,,,
325189,2015-06-26,,,,,,,
32519,1997-07-18,,,,,,,
32520,1984-02-17,,,,,,,
325240,1968-01-01,,,,,,,
32526,2003-05-31,,,,,,,
325263,2015-02-13,,,,,,,
325302,2016-02-26,,,,,,,
32534,2008-01-01,,,,,,,
325348,2015-09-12,1.0E7,1.433379E7,4333790.0,,,,
32536,2000-07-25,,,,,,,
325373,2016-10-02,,,,,,,
32543,1935-12-03,,,,,,,
32546,2002-10-04,,,,,,,
32547,2004-03-18,,,,,,,
32552,1949-08-01,,,,,,,
32556,2002-02-23,,,,,,,
325592,2014-01-01,15000.0,,,,,,
32560,1964-10-28,,,,,,,
32562,1996-01-30,,,,4.0,1,,2011-09-21
32563,1950-07-09,,,,,,,
32567,2000-09-02,,2452566.0,,,,,
32568,1951-08-07,,,,,,,
32569,1963-09-18,,,,,,,
325690,2015-02-19,,,,,,,
32571,1890-11-21,,,,,,,
325758,2015-11-20,,,,,,,
32577,2001-08-10,,,,,,,
325780,1987-01-01,,,,,,,
325803,2014-10-01,2.0,,,,,,
32582,2009-09-22,,,,4.0,2,0.0,2007-07-07
32590,2001-04-19,,,,,,,
32593,2001-10-28,,,,,,,
32595,1987-01-01,,,,,,,
32599,1970-01-01,,,,,,,
32600,1925-03-11,,,,,,,
32601,1987-09-28,,,,,,,
326011,2015-02-20,1.0E7,7547762.0,-2452238.0,,,,
326029,2005-04-09,,,,,,,
326057,2015-03-09,,,,,,,
326058,2015-03-31,,,,,,,
32609,1965-09-27,,,,,,,
32611,1961-12-14,,,,,,,
326119,2014-02-18,,,,,,,
326139,2015-02-28,,,,,,,
32617,1975-09-26,4000000.0,,,,,,
326198,2015-05-08,,,,,,,
326215,2015-04-09,6000000.0,,,,,,
326228,1911-01-01,,,,,,,
326241,2017-03-31,,,,,,,
32625,2002-01-01,,,,,,,
326255,2014-10-17,,,,,,,
326256,2016-03-24,,,,,,,
326262,2011-04-01,,,,,,,
32628,1923-09-24,,,,,,,
326284,2015-05-07,,,,,,,
326285,2016-10-20,,,,,,,
32630,2008-08-01,,,,,,,
326305,2010-11-05,,,,,,,
32631,1995-02-24,,,,,,,
32633,2005-05-26,,,,,,,
32634,1961-07-26,,,,,,,
32635,1992-04-09,,,,,,,
326359,2015-03-09,,,,,,,
32636,1994-09-13,,,,,,,
32640,1999-05-13,,,,,,,
326420,2014-10-17,,,,,,,
326423,2016-04-15,2.0E7,5.5030051E7,3.5030051E7,,,,
326441,2015-06-15,,,,,,,
32648,1997-11-09,,,,,,,
32649,2005-02-04,,,,,,,
326591,2011-05-06,118399.0,,,,,,
326649,2014-11-08,,,,,,,
32665,1984-08-24,,,,,,,
32666,2006-09-08,,,,1.0,1,,2010-04-20
32669,1990-08-10,1.9E7,1.0E7,-9000000.0,,,,
32671,2006-03-16,,40758.0,,,,,
326723,2015-01-12,,,,,,,
32677,1978-10-14,,,,,,,
32683,1920-05-10,,,,,,,
32684,1949-08-06,,,,,,,
32685,1991-10-11,,,,,,,
32688,1962-03-30,,,,,,,
32689,1983-09-04,,,,,,,
32690,1950-04-30,,,,,,,
326923,2015-02-21,,,,,,,
32694,2002-01-01,,,,,,,
327016,2013-10-09,,,,,,,
32707,2004-10-16,,,,,,,
32708,2000-10-10,,,,,,,
327083,2001-11-15,,,,,,,
32716,1926-08-28,,,,,,,
327175,1994-01-01,,,,,,,
32720,1985-01-23,,,,,,,
327225,2015-02-25,,,,,,,
327253,2017-07-21,,,,,,,
32728,1984-09-15,,,,3.0,2,0.7071067811865476,2015-06-10
327383,2015-04-10,,,,,,,
327528,2015-09-13,,830129.0,,,,,
32761,1989-05-19,,,,,,,
32767,1989-08-25,,,,,,,
327749,2013-10-19,,,,,,,
32782,2009-06-06,,,,,,,
327833,2014-11-07,,,,,,,
32790,2008-01-19,,,,,,,
327909,2014-10-16,,,,,,,
327924,1987-11-10,,,,,,,
327935,1984-06-02,,,,,,,
327953,2015-02-27,,,,,,,
327982,2015-03-05,,,,,,,
328069,1999-01-02,,,,,,,
328111,2016-06-18,7.5E7,8.75457937E8,8.00457937E8,,,,
328216,2015-03-01,10000.0,,,,,,
32823,2010-06-04,4.0E7,9.0029656E7,5.0029656E7,,,,
328233,2015-03-08,,,,,,,
32825,1961-06-15,,,,4.25,2,0.3535533905932738,2015-07-17
328252,2015-05-08,,,,,,,
32830,2007-01-01,,,,,,,
32831,1968-12-16,,,,,,,
328327,2015-02-17,,,,,,,
32834,2000-08-11,,,,,,,
32836,2008-09-23,,,,,,,
328407,2013-10-27,,,,,,,
328425,2015-07-30,5000000.0,5.8978653E7,5.3978653E7,,,,
32845,2010-02-23,1500000.0,,,,,,
32847,1942-10-31,,,,,,,
328480,2015-02-28,,,,,,,
32850,1949-02-01,,,,,,,
32855,1989-09-15,18.0,,,,,,
32856,2010-02-10,5.2E7,2.16485654E8,1.64485654E8,,,,
32859,1932-03-17,,,,,,,
328594,2016-03-18,,,,,,,
32862,1943-09-17,,,,,,,
328631,1977-10-07,,,,,,,
32868,2009-01-17,,,,,,,
328712,2010-09-04,,,,,,,
328716,2015-02-11,,,,,,,
32872,1997-05-30,,,,,,,
328799,2015-01-24,,,,,,,
328840,2015-05-29,,,,,,,
328844,2007-10-27,,,,,,,
328901,2015-04-17,,,,,,,
32893,2008-09-26,,,,,,,
329004,2015-04-15,,,,,,,
32901,2009-03-01,,,,,,,
329010,2016-03-04,,,,,,,
329013,2015-03-02,,,,,,,
329020,2015-10-23,,,,,,,
329024,2015-04-05,,,,,,,
32904,2010-02-05,,,,,,,
329063,2014-08-21,,,,,,,
32909,2009-11-26,1.2E7,1.3380561E7,1380561.0,,,,
3291,2005-09-16,7000000.0,5.46E7,4.76E7,,,,
32911,1998-03-20,6000000.0,,,,,,
329134,2015-05-29,,,,,,,
329137,2014-10-12,,,,,,,
32916,2010-02-16,,,,,,,
329205,2015-02-26,,,,,,,
32921,1942-02-21,,,,,,,
329216,1994-01-01,,,,,,,
32924,1990-04-03,,,,,,,
329243,2011-03-15,,,,,,,
32928,1924-04-26,,,,,,,
329286,2015-03-02,,,,,,,
32929,1950-02-11,,,,,,,
3293,1999-05-10,,,,,,,
32930,2010-02-18,,,,,,,
32932,2009-12-10,,,,,,,
32941,1954-04-16,,,,,,,
329440,2016-01-07,1.0E7,4.0055439E7,3.0055439E7,,,,
32945,1946-10-25,,,,,,,
32946,2008-11-10,,,,,,,
329540,2015-04-10,,,,,,,
329550,2014-11-07,,,,,,,
32958,2009-08-07,,,,,,,
32961,1951-06-21,,,,,,,
329639,2016-09-15,,,,,,,
329697,2015-03-14,,,,,,,
329712,2015-03-16,,106498.0,,,,,
329718,2016-04-01,9500000.0,,,,,,
329724,2015-04-15,,,,,,,
329750,2015-05-22,,,,,,,
32978,2009-01-01,,,,,,,
329802,2015-10-30,,,,,,,
329805,2015-10-21,,282000.0,,,,,
329819,2015-05-13,5000000.0,26144.0,-4973856.0,,,,
329833,2016-02-06,5.0E7,5.5969E7,5969000.0,,,,
329865,2016-11-10,4.7E7,2.03388186E8,1.56388186E8,,,,
32996,1934-04-27,,,,,,,
33,1992-08-07,,1.59157447E8,,,,,
330,1997-05-23,7.3E7,2.29074524E8,1.56074524E8,2.7,10,0.8232726023485646,2016-08-17
330007,2015-03-06,,,,,,,
330011,2015-03-10,,,,,,,
33002,2009-03-13,,,,,,,
33003,2006-03-10,,,,,,,
330037,2015-08-14,,,,,,,
33005,2003-04-14,,,,,,,
330068,2016-03-25,,,,,,,
33009,2008-01-01,,,,,,,
330115,2014-11-08,,,,,,,
330152,2009-11-10,,,,,,,
330161,2015-05-16,,,,,,,
330171,2015-03-19,,,,,,,
33018,1976-11-11,,,,,,,
33020,1972-09-27,,,,,,,
330206,2015-01-01,,,,,,,
330294,2015-09-30,,,,,,,
330298,2015-08-05,,,,,,,
33034,1943-01-28,,,,,,,
330348,2015-09-17,,,,,,,
33037,1964-01-01,,,,,,,
33039,1943-10-23,,,,,,,
330399,2015-03-13,,,,,,,
330418,2015-06-26,620000.0,1400000.0,780000.0,,,,
330421,2015-07-03,,1.4E7,,,,,
330431,2015-03-13,,,,,,,
330459,2016-12-14,2.0E8,1.056057273E9,8.56057273E8,,,,
33049,1944-03-23,,,,,,,
33052,1942-09-24,,,,,,,
330544,2015-05-16,,,,,,,
33055,1986-04-18,,,,,,,
33061,1986-01-17,1100000.0,5450815.0,4350815.0,,,,
330628,2015-04-11,,,,,,,
33065,2004-12-23,4000000.0,1730000.0,-2270000.0,,,,
33068,2001-09-12,,,,,,,
330697,2016-03-02,,,,,,,
33076,1980-06-13,,1.4155617E7,,,,,
330770,2015-09-14,,,,,,,
33079,1947-05-16,,,,,,,
33091,2009-02-10,,,,,,,
33095,1994-05-21,,,,,,,
330982,2016-07-22,3000000.0,,,,,,
331,2001-07-18,9.3E7,3.68780809E8,2.75780809E8,3.0,6,0.6324555320336759,2000-12-10
33106,2009-01-20,,,,,,,
331075,2014-09-04,,496000.0,,,,,
33108,1969-06-06,,,,,,,
33111,1948-12-25,,,,,,,
331110,2015-05-15,,,,,,,
33112,1941-09-26,,,,,,,
331161,2015-04-24,,,,,,,
33117,1950-09-02,,,,,,,
331190,2015-09-17,2000000.0,2801508.0,801508.0,,,,
331251,2015-03-25,,,,,,,
33126,1972-12-26,,,,,,,
33135,1994-01-01,,,,,,,
33138,1984-10-07,,,,4.5,2,0.7071067811865476,2012-08-05
331446,2015-07-22,,,,,,,
33146,2002-07-08,,,,,,,
331485,2015-03-20,,,,,,,
33150,2004-06-18,,,,,,,
331501,2015-03-20,,,,,,,
33155,1980-06-06,5500000.0,4865000.0,-635000.0,,,,
33157,1970-10-26,2.5E7,3052000.0,-2.1948E7,,,,
331576,2015-06-18,,,,,,,
331588,2015-10-05,5000000.0,,,,,,
331592,2015-09-11,,,,,,,
331641,2015-12-04,,,,,,,
33166,1969-11-06,1.65E7,,,4.0,48,0.7989354619369611,2016-08-17
331737,2015-04-20,,,,,,,
331745,2014-11-15,,,,,,,
33175,2003-03-16,,,,,,,
331781,2015-07-03,,8413144.0,,,,,
331836,2015-12-02,,,,,,,
33194,1998-02-19,,,,,,,
33195,2009-01-01,,,,,,,
331958,1954-03-31,,,,,,,
33196,2009-06-06,1.6E7,1.1301649E7,-4698351.0,,,,
331962,2016-01-22,,1787926.0,,,,,
331985,2015-03-23,51237.0,,,,,,
332,1999-07-23,7.5E7,,,3.2,10,0.6324555320336759,2016-08-17
33203,2003-10-23,,,,,,,
33205,1970-10-31,,,,,,,
332079,1947-12-15,,,,,,,
33209,2004-11-16,,,,,,,
33214,1980-03-02,,,,,,,
33215,2009-10-24,,,,,,,
332179,2015-03-09,,,,,,,
332210,2016-09-22,7.0E7,1.82379278E8,1.12379278E8,,,,
332212,2015-01-01,,,,,,,
33222,2003-03-07,,,,,,,
33224,1954-12-31,,,,,,,
332270,2015-04-02,5000000.0,,,,,,
33228,1968-12-10,,,,,,,
332288,2002-09-20,,,,,,,
33229,1891-01-01,,,,,,,
332340,2015-05-29,,,,,,,
332354,2015-07-17,,,,,,,
332356,2015-04-05,,,,,,,
33245,1996-03-22,,,,,,,
332502,2015-10-29,,,,,,,
332512,2015-03-26,,3300000.0,,,,,
33253,1999-11-19,,,,,,,
332543,2014-03-21,,,,,,,
332567,2016-06-24,1.7E7,1.19100758E8,1.02100758E8,,,,
33257,1968-01-01,,,,,,,
33258,1979-08-03,2500000.0,1.5014674E7,1.2514674E7,,,,
332665,2016-07-08,,,,,,,
332704,2015-07-25,,,,,,,
332706,2015-04-16,,,,,,,
332709,2015-03-26,,,,,,,
332721,2016-02-05,,,,,,,
33273,2009-11-06,5700000.0,1.9300483E7,1.3600483E7,,,,
332741,2015-04-18,,,,,,,
332745,2015-04-23,,,,,,,
332749,2014-11-24,,,,,,,
332788,2015-03-20,,,,,,,
332806,2016-04-08,,,,,,,
332827,2015-03-27,,,,,,,
332835,2015-05-08,5500000.0,2.2159216E7,1.6659216E7,,,,
332839,2015-08-14,,,,,,,
332872,2016-04-08,1490000.0,,,,,,
332880,2015-04-02,,,,,,,
332936,2015-03-27,,,,,,,
33295,2008-09-06,,887029.0,,,,,
33297,2008-01-29,,,,,,,
332976,2015-05-04,,,,,,,
333,2002-01-01,,,,3.32,50,0.9244965535636249,2016-08-17
33301,1976-09-01,,,,,,,
33303,1974-01-01,,,,,,,
333089,2016-02-12,,,,,,,
333091,2015-10-30,,,,,,,
333092,2015-04-16,,,,,,,
333099,2015-04-19,,,,,,,
333106,2006-11-28,,,,,,,
333123,2015-04-18,,,,,,,
333127,2005-03-20,,,,,,,
33314,2009-03-28,,,,,,,
33316,1890-01-01,,,,,,,
333164,2007-03-05,,,,,,,
333165,1997-02-14,,,,,,,
33317,1890-11-21,,,,,,,
33318,1891-04-30,,,,,,,
33319,1956-01-21,,,,,,,
33320,2001-07-28,,37641.0,,,,,
33321,1985-11-24,,,,,,,
333287,2015-08-19,,,,,,,
333295,2017-03-09,,,,,,,
333318,2015-04-16,,,,,,,
333324,2008-09-09,,,,,,,
33333,2001-09-10,,,,,,,
333344,2015-09-04,,,,,,,
333348,2015-11-12,1.7E7,4.2426912E7,2.5426912E7,,,,
333350,2015-10-08,,,,,,,
333352,2015-09-11,1.3E7,1.8704595E7,5704595.0,,,,
333354,2017-01-02,,,,,,,
333356,2015-04-19,,,,,,,
333360,2015-11-06,,,,,,,
333372,1986-01-01,,,,,,,
333377,2015-04-18,,44695.0,,,,,
333381,2015-05-31,,,,,,,
333382,2015-05-11,,,,,,,
333384,2017-04-28,916000.0,2403885.0,1487885.0,,,,
333386,2016-06-24,,4500.0,,,,,
333387,2015-12-04,,,,,,,
33339,2003-09-05,,1628154.0,,,,,
33340,2009-10-02,,,,,,,
33343,2001-01-01,,,,,,,
33344,1997-10-10,1500000.0,626057.0,-873943.0,,,,
333484,2016-09-14,9.0E7,1.62360636E8,7.2360636E7,,,,
33352,2004-03-26,,,,,,,
333545,2015-05-05,,,,,,,
33355,2000-11-18,,,,,,,
333555,2015-05-28,3000000.0,,,,,,
33356,1980-01-01,,,,,,,
33357,1972-06-01,,,,,,,
33358,2005-04-29,,152810.0,,4.0,1,,2006-02-19
333594,2015-05-15,,,,,,,
333596,2015-10-15,,1.4394097E7,,,,,
33360,1966-04-20,,,,,,,
33364,1965-12-10,800000.0,6792000.0,5992000.0,,,,
33365,2006-02-17,2457000.0,,,,,,
333658,2015-04-12,,,,,,,
333665,2015-06-01,,,,,,,
333669,2016-04-22,2.0E7,1.4397593E7,-5602407.0,,,,
333674,2016-01-15,,,,,,,
333675,2016-01-15,,,,,,,
333696,2015-04-01,,,,,,,
33370,2006-07-28,,,,,,,
33374,1982-10-29,,,,,,,
33375,2006-01-14,,,,,,,
33377,2004-03-13,,,,,,,
33380,1992-01-01,,,,3.5,1,,2011-01-28
333846,2015-03-03,,,,,,,
333847,2015-05-17,,,,,,,
33387,1936-08-14,,,,,,,
333884,2015-04-02,,,,,,,
333886,2015-04-24,,,,,,,
33389,1939-11-15,,,,,,,
33390,1935-06-04,,,,,,,
33392,1938-12-30,,,,,,,
33394,1939-06-16,,,,,,,
33395,1935-10-14,,,,,,,
333953,2013-08-29,,,,,,,
333968,2015-04-03,,,,,,,
334026,2015-10-01,,,,,,,
33408,1993-04-02,6000000.0,1.3609396E7,7609396.0,,,,
334088,2015-05-18,,,,,,,
33409,2008-09-07,,,,,,,
334130,2013-11-03,,,,,,,
334132,2015-04-30,,,,,,,
334146,2014-11-06,,,,,,,
334175,2014-09-26,,,,,,,
33421,1944-08-01,,,,,,,
33427,2010-01-01,,,,,,,
33429,2008-08-29,,,,,,,
334298,2015-07-16,,3.85284817E8,,,,,
33430,1999-07-30,,,,,,,
334304,2015-12-07,,,,,,,
33431,2002-01-01,,,,,,,
334312,2015-04-29,,,,,,,
334328,2015-04-15,,,,,,,
33436,1969-03-07,,,,,,,
334362,2015-08-06,,,,,,,
33441,1987-07-21,,,,,,,
334440,2014-10-16,,,,,,,
334449,1995-04-01,,,,,,,
33446,2005-02-11,,,,,,,
334461,2009-08-09,,,,,,,
33447,1964-09-25,,,,,,,
334495,2014-10-26,,,,,,,
334517,2016-09-19,,,,,,,
334522,2016-09-29,,33125.0,,,,,
334527,2015-11-20,7000000.0,,,,,,
334531,2015-11-13,2.0E7,,,,,,
334532,2016-11-11,,,,,,,
334533,2016-07-02,5000000.0,5879736.0,879736.0,,,,
334543,2016-11-24,,1.40302754E8,,,,,
334557,2015-11-13,5000000.0,,,,,,
33457,2001-09-07,,,,,,,
33459,2004-04-09,,,,,,,
33460,2005-07-29,,,,,,,
334651,2008-11-08,,,,,,,
334670,2015-04-29,,,,,,,
33468,1962-02-25,,,,,,,
334681,2015-04-16,,,,,,,
334682,2015-10-14,,,,,,,
33474,1950-08-05,,,,,,,
334742,2015-04-17,,,,,,,
33475,1951-03-07,,,,,,,
334795,1986-01-01,,,,,,,
33481,1982-10-15,,,,,,,
33484,1943-06-02,,,,,,,
33486,1941-11-28,,,,,,,
334878,2015-05-06,,,,,,,
33489,1993-01-01,,,,,,,
334890,2015-04-11,,,,,,,
334894,2014-01-01,,,,,,,
334918,2016-01-20,,,,,,,
334922,2015-05-13,,,,,,,
334924,2015-06-02,,33508.0,,,,,
334930,2014-11-19,,,,,,,
33495,2007-10-26,,,,2.75,2,1.7677669529663689,2016-07-21
334991,2015-09-30,,,,,,,
335,1968-12-21,5000000.0,5321508.0,321508.0,3.0,3,1.0,2001-08-16
33501,1999-07-04,,,,,,,
335026,2015-04-16,,,,,,,
335031,2015-04-09,,,,,,,
33504,2000-10-20,,,,,,,
335051,2015-04-09,,,,,,,
33506,1993-04-23,,,,,,,
33511,2009-12-25,,,,,,,
335141,1998-01-01,,,,,,,
33516,1986-11-30,,,,,,,
33517,1995-06-06,,,,,,,
33518,1980-07-02,1500000.0,,,,,,
33523,1941-05-30,,,,,,,
335340,1980-11-12,,,,,,,
33539,1993-06-18,1.3E7,6582052.0,-6417948.0,,,,
335392,2015-04-10,,,,,,,
33542,1995-01-30,,3.2392047E7,,,,,
33543,1973-01-01,,,,,,,
335430,2015-02-20,,,,,,,
33545,1989-01-27,,,,,,,
335450,1920-11-21,,,,,,,
33546,1946-08-16,,,,,,,
335462,2015-04-02,1.2E7,8.0E7,6.8E7,,,,
335490,2015-04-09,2907868.0,,,,,,
335498,1941-03-13,,,,,,,
335509,1933-03-28,,,,,,,
33556,2010-01-29,,,,,,,
335582,2015-05-28,,,,,,,
33560,1993-01-12,,,,,,,
33564,1968-05-15,,,,,,,
335640,2015-03-12,,,,,,,
335676,2016-06-10,,,,,,,
335683,2015-04-17,,,,,,,
33570,2010-02-09,,,,,,,
335724,2015-04-16,,,,,,,
335753,2015-06-23,,,,,,,
335796,2016-10-20,9000000.0,8.1705746E7,7.2705746E7,,,,
335797,2016-11-23,7.5E7,6.32443719E8,5.57443719E8,,,,
335805,2015-07-01,,,,,,,
335819,2015-03-19,,358590.0,,,,,
33582,2009-10-20,,,,,,,
335837,2014-12-19,,,,,,,
335866,2015-10-02,,,,,,,
335869,2015-11-06,,,,,,,
335874,2015-04-03,,,,,,,
335897,2003-08-15,,,,,,,
33592,1988-05-20,,,,2.5,1,,2015-06-10
335988,2017-06-21,,6.04942143E8,,,,,
336,1971-10-20,,,,3.0,1,,1996-09-21
336000,2017-08-10,,9705840.0,,,,,
336011,2016-09-02,700000.0,200242.0,-499758.0,,,,
33602,2010-02-06,,,,,,,
336026,2015-01-28,,,,,,,
336029,2015-09-03,4000000.0,,,,,,
336033,2014-07-14,,,,,,,
336055,2015-09-03,,,,,,,
336118,2014-01-01,,,,,,,
33613,2009-11-27,4000000.0,4.3498108E7,3.9498108E7,,,,
336149,2015-04-17,3000000.0,,,,,,
336167,2015-05-01,,,,,,,
336199,2015-05-17,,,,,,,
336203,2015-05-19,,,,,,,
336206,2015-05-12,,,,,,,
336211,2015-05-22,,,,,,,
336216,2015-10-07,,,,,,,
336220,2015-11-25,,,,,,,
33623,2004-12-01,,,,,,,
33624,2004-06-16,,,,,,,
33625,2002-01-01,,,,,,,
336251,2014-10-24,,,,,,,
336265,2015-08-05,,,,,,,
336268,2015-04-19,,,,,,,
33627,2009-01-01,8000000.0,,,,,,
33630,1938-08-31,,,,,,,
336313,2015-10-02,,157768.0,,,,,
33633,1994-11-04,,124693.0,,,,,
33638,1972-12-18,,,,,,,
336380,1891-01-01,,,,,,,
33641,2004-10-09,,,,,,,
33642,1967-06-01,,,,,,,
33644,1998-08-14,,3.767235E7,,,,,
336445,2016-11-04,,,,,,,
336544,2014-11-05,,,,,,,
336549,1975-01-01,,,,,,,
33660,1996-11-30,,,,3.5789473684210527,19,0.8038649329392075,2016-07-29
336652,2015-09-23,,,,,,,
336655,2015-05-17,,,,,,,
33666,1966-06-09,,,,,,,
336660,2015-09-02,,,,,,,
336669,2015-05-18,,,,,,,
33668,1957-05-16,,,,,,,
336681,2015-12-24,,,,,,,
336691,2015-11-24,,,,,,,
33670,1980-06-06,,,,,,,
33673,1951-08-29,,,,,,,
336736,2015-04-17,,,,,,,
336744,2015-04-29,,,,,,,
33676,1983-04-08,7000000.0,1246141.0,-5753859.0,,,,
336775,2014-10-15,608000.0,,,,,,
336806,2015-01-20,,,,,,,
336807,2015-10-07,,,,,,,
336811,2015-05-21,,,,,,,
33682,2005-06-29,,,,,,,
33684,2001-11-08,,,,,,,
336882,2015-08-28,5904067.0,1.2975143E7,7071076.0,,,,
336884,2015-10-09,,,,,,,
336890,2017-03-17,,,,,,,
33693,2002-09-20,,76901.0,,,,,
336956,2015-04-05,,,,,,,
337,2003-12-03,,1.1576431E7,,3.7954545454545454,88,0.8893894445725293,2016-07-14
33701,1979-11-22,,,,,,,
337012,2014-11-16,,,,,,,
337014,2015-04-23,,,,,,,
33704,2004-10-06,,,,,,,
337073,2015-01-01,,,,,,,
33708,1936-01-17,,,,,,,
33709,1933-12-22,,,,,,,
337101,2015-04-23,,,,,,,
337104,2015-10-21,,,,,,,
337107,2015-06-17,,,,,,,
33712,2005-01-01,,,,,,,
337154,2016-04-05,3200000.0,4267218.0,1067218.0,,,,
337208,2015-05-19,,,,,,,
33721,1981-09-25,,,,,,,
337210,2015-04-21,,,,,,,
33723,2005-03-24,,,,,,,
33725,1959-09-15,,,,,,,
33726,1960-03-09,,,,,,,
33728,1963-12-25,,,,,,,
33729,1963-06-05,,,,,,,
33730,1967-04-19,,,,,,,
33733,1970-05-01,,,,,,,
337339,2017-04-12,2.5E8,1.238764765E9,9.88764765E8,,,,
33734,1957-10-25,,,,,,,
33738,1949-03-09,,,,,,,
33740,1974-06-21,,,,,,,
337412,2013-11-29,,,,,,,
33743,1953-07-01,,,,,,,
33754,1953-04-27,,,,,,,
33762,1986-04-11,8700000.0,4865912.0,-3834088.0,,,,
337641,2014-11-07,,,,,,,
33765,1962-04-12,,,,,,,
337663,2015-05-26,,,,,,,
337674,2016-05-25,9804690.0,2341534.0,-7463156.0,,,,
337703,2016-06-29,,921974.0,,,,,
337747,2015-05-25,,,,,,,
337758,2015-04-17,,,,,,,
337789,1967-03-03,,,,,,,
33784,2003-01-29,,,,,,,
33786,2009-09-11,,,,,,,
33787,1989-02-26,,,,,,,
337876,2015-05-01,1.1E7,4.1E7,3.0E7,,,,
337879,2015-04-21,,,,,,,
33788,2009-07-16,,,,,,,
33789,2007-10-16,,,,,,,
337944,2015-05-18,,,,,,,
337958,2015-08-06,,,,,,,
33796,1990-02-16,,,,,,,
337960,2015-08-27,,,,,,,
337965,2015-04-25,,,,,,,
338,2003-02-09,,7.938488E7,,2.8,15,1.2218253323847656,2015-08-15
33801,1975-07-31,,,,,,,
338063,2015-04-29,,,,,,,
338065,2015-06-05,,2.2E7,,,,,
338072,2015-10-15,,,,,,,
338079,2015-04-29,,,,,,,
33809,2009-03-26,,,,,,,
33810,1940-02-16,,,,,,,
33814,1955-09-20,,,,,,,
33823,2004-09-08,,,,,,,
338273,2015-10-21,,,,,,,
338312,2015-04-30,,,,,,,
338353,2015-01-25,,,,,,,
33838,1987-08-07,,2608000.0,,3.5,1,,2005-11-27
338381,2015-04-16,,,,,,,
338387,2017-02-03,,,,,,,
33842,2008-10-29,,,,,,,
33843,1957-06-01,,,,,,,
338438,1963-03-29,,,,,,,
338517,2015-04-30,3300000.0,5249225.0,1949225.0,,,,
338544,2016-09-09,,,,,,,
338546,2015-05-03,,,,,,,
338614,2015-04-25,,,,,,,
338676,2015-08-07,,,,,,,
33870,2009-10-01,2.5E7,2.0719451E7,-4280549.0,,,,
33871,2008-12-05,,,,,,,
338729,2015-08-20,,108083.0,,,,,
338766,2016-08-12,1.2E7,3.7589296E7,2.5589296E7,,,,
338767,2015-05-08,,,,,,,
338853,2010-01-01,,,,,,,
338913,2015-08-21,,,,,,,
338928,2015-09-12,,2642899.0,,,,,
338964,2016-11-23,2.6E7,1.7782178E7,-8217822.0,,,,
339,1991-10-03,3500000.0,2015810.0,-1484190.0,3.4405940594059405,101,0.8896266877541142,2016-05-08
339060,2015-06-05,,,,,,,
339065,2015-05-29,,,,,,,
33908,2004-09-02,,,,,,,
33913,2009-08-12,,,,,,,
339145,2015-06-13,,,,,,,
339161,2015-06-12,,,,,,,
33923,1949-10-17,,,,,,,
33932,2003-02-19,,,,,,,
339327,2015-05-08,,,,,,,
339350,2015-10-01,,,,,,,
339396,2016-11-11,4.0E7,,,,,,
339397,2016-05-11,3.0E7,4.3763247E7,1.3763247E7,,,,
339408,2016-09-09,8500000.0,1.5861566E7,7361566.0,,,,
339527,2015-09-03,,2.2586863E7,,,,,
339533,2015-05-19,,,,,,,
33954,1966-01-05,,,,,,,
339547,2016-01-22,,,,,,,
3396,2003-09-07,,,,3.9,35,0.46652658962113763,2014-07-13
3397,2007-05-21,,,,3.45,10,0.9846036991827953,2008-12-19
339739,2015-12-20,,,,,,,
33974,2009-01-19,1.0E7,,,,,,
339749,1995-05-21,,,,,,,
339790,1983-10-08,,,,,,,
339792,2016-08-19,,,,,,,
33984,2006-06-10,,,,,,,
33988,2009-04-24,,,,,,,
339888,2015-06-04,,,,,,,
339894,2015-07-09,,,,,,,
33990,1996-12-23,,,,,,,
339928,2015-08-14,,732655.0,,,,,
339934,2015-05-16,,,,,,,
33994,2000-09-12,,,,,,,
339944,2015-05-15,1.0,,,,,,
339964,2017-07-20,1.97471676E8,9.0024292E7,-1.07447384E8,,,,
33998,1962-05-11,,,,,,,
339987,2017-06-02,,,,,,,
339994,2016-09-16,,,,,,,
340,2005-09-16,7000000.0,2697930.0,-4302070.0,3.0,8,1.1952286093343936,2003-04-07
34000,1954-01-07,,,,,,,
340027,2017-02-22,,,,,,,
34003,2009-11-21,,,,,,,
34006,1938-03-05,,,,,,,
340101,2017-04-06,3.27453E7,1.217347E7,-2.057183E7,,,,
340103,2016-11-11,2700000.0,,,,,,
340119,2015-05-14,,,,,,,
34015,2009-08-28,,,,,,,
340176,2015-07-11,,,,,,,
340187,2016-02-06,,,,,,,
340190,2015-05-22,,,,,,,
340210,1995-12-08,,,,,,,
340213,2015-05-15,,,,,,,
340215,2016-05-24,,,,,,,
340223,2015-01-01,,,,,,,
340230,2015-06-19,,,,,,,
34024,1993-08-20,,,,,,,
340243,2015-05-14,,,,,,,
340255,2015-04-27,,,,,,,
340357,2015-11-04,,,,,,,
340382,2015-09-01,,,,,,,
340402,2016-11-11,1.7E7,4.2487325E7,2.5487325E7,,,,
34045,1999-10-22,,,,,,,
340481,2016-10-05,,,,,,,
340484,2016-01-24,,,,,,,
340485,2016-09-30,,1751330.0,,,,,
340487,2016-09-25,,1130466.0,,,,,
340543,1990-05-17,,,,,,,
340584,2017-03-03,,,,,,,
34061,2009-10-23,,,,,,,
340616,2016-11-25,,,,,,,
340627,2015-06-13,,,,,,,
34064,2006-02-15,,,,,,,
340666,2016-11-04,,2.9252978E7,,,,,
340677,2016-09-09,1.3E7,,,,,,
340684,2015-05-16,,,,,,,
34069,2009-09-24,,,,,,,
34070,2000-10-06,,,,,,,
340746,2015-05-14,,,,,,,
340785,2015-05-29,,,,,,,
34079,2002-11-06,,,,,,,
34081,2002-11-22,,,,,,,
340816,2015-12-04,,,,,,,
34084,1958-07-01,,,,,,,
340856,2004-11-23,,,,,,,
34086,1990-04-27,3000000.0,1.5369573E7,1.2369573E7,,,,
340881,2015-04-25,,,,,,,
34090,1998-08-27,,,,,,,
34093,1985-05-15,,,,,,,
340945,2016-09-22,4.0E7,,,,,,
340961,1962-11-03,,,,,,,
34098,1993-10-12,,,,,,,
341051,2015-01-01,,,,,,,
34106,1938-08-23,,7433101.0,,,,,
341106,2015-05-19,,,,,,,
341174,2017-02-08,5.5E7,3.78827494E8,3.23827494E8,,,,
34125,1997-02-25,,,,,,,
34130,1978-10-06,,,,,,,
341366,2015-06-07,,,,,,,
341392,2015-09-03,,24134.0,,,,,
341420,2015-05-22,,,,,,,
34144,2010-02-26,3750000.0,5000000.0,1250000.0,,,,
341443,2015-04-17,,,,,,,
341445,2006-08-21,,,,,,,
34145,1960-03-23,,,,,,,
341490,1992-08-29,,,,,,,
341517,2000-02-18,,,,,,,
34152,1994-05-13,,,,,,,
341559,1999-10-14,,,,,,,
34163,1986-05-02,,,,,,,
341744,2015-10-30,,9027600.0,,,,,
341745,2012-11-09,,,,,,,
3418,1980-01-23,,,,3.533333333333333,45,1.174540529119985,2015-08-15
34182,2010-02-11,2.2E7,,,,,,
34184,1971-10-31,,,,,,,
34188,2009-02-05,,,,,,,
341886,2015-08-01,,,,,,,
341895,2015-05-29,6200000.0,1.1E7,4800000.0,,,,
34192,2002-04-10,,,,,,,
34194,1997-08-02,,,,,,,
341957,2014-01-01,,,,,,,
341984,2015-06-09,,,,,,,
342,2004-09-02,2700000.0,,,3.4375,56,1.0403779907496906,2016-06-27
342003,2015-06-19,,,,,,,
342011,1951-09-28,,,,,,,
34204,2006-10-20,,,,,,,
34207,2004-10-22,,,,,,,
34208,2009-07-10,,,,,,,
34216,2007-08-09,,,,,,,
342163,2015-05-14,,,,,,,
342165,2016-03-25,,7000.0,,,,,
342218,1979-01-13,,,,,,,
34223,1986-07-18,1900000.0,4790926.0,2890926.0,,,,
342281,2015-08-19,,,,,,,
3423,1970-03-13,,,,4.0,1,,2000-11-25
342381,1987-08-31,2000000.0,,,,,,
342464,2015-05-06,,,,,,,
342472,2017-04-07,,,,,,,
342521,2016-04-21,1.5E7,2.0566327E7,5566327.0,,,,
342546,2015-05-25,,,,,,,
342562,2014-05-24,,,,,,,
342588,2015-10-02,,,,,,,
3426,1972-10-26,,,,3.4166666666666665,6,0.4915960401250875,2009-10-17
342684,2015-10-16,,,,,,,
342686,2002-06-27,,,,,,,
34269,1951-10-01,,,,,,,
3427,1971-02-17,,,,1.5,2,0.7071067811865476,2002-02-02
342737,2016-12-25,7000000.0,5816211.0,-1183789.0,,,,
342765,2015-01-23,,,,,,,
342786,2015-06-19,,,,,,,
34280,1972-05-04,,,,,,,
34282,1961-07-25,,,,,,,
34283,2006-10-06,,,,,,,
342850,2005-03-19,,,,,,,
342878,2015-06-24,,,,,,,
34288,1998-10-23,,,,,,,
342896,2015-07-03,,,,,,,
342925,2015-06-03,,,,,,,
342927,2015-07-20,,,,,,,
34299,2000-09-10,,,,,,,
34300,1993-01-01,,,,,,,
343018,2015-02-01,,,,,,,
343059,2015-06-26,,,,,,,
34308,2004-05-18,1.2E7,,,,,,
34309,1997-10-10,2.5E7,1.1838218E7,-1.3161782E7,,,,
34311,1988-10-31,,,,,,,
343112,2015-06-02,1500000.0,,,,,,
34314,1997-01-09,5.5E7,1.1466088E7,-4.3533912E7,,,,
3432,2007-06-01,2.0E7,4.1637263E7,2.1637263E7,1.0,1,,2000-11-28
34322,1985-12-25,1.3E7,3.0867525E7,1.7867525E7,,,,
343227,,,,,,,,
34325,1987-01-01,,,,,,,
34327,1945-07-27,,,,,,,
343283,1979-12-15,,,,,,,
343289,2014-09-10,,,,,,,
343295,2015-06-13,,,,,,,
34335,2010-01-01,2000000.0,,,,,,
343371,2015-06-06,,,,,,,
34341,2002-09-20,7500000.0,4245870.0,-3254130.0,,,,
343426,2015-10-09,,,,,,,
343693,2008-08-12,,,,,,,
34374,1979-02-01,,,,,,,
34377,1970-03-16,,,,,,,
34380,1999-03-22,,,,,,,
343809,2015-06-21,,,,,,,
34381,2007-04-25,,,,,,,
343825,1993-11-04,,,,,,,
343843,2015-06-24,,,,,,,
343858,2014-07-01,,,,,,,
343878,2014-10-06,,,,,,,
34388,1966-12-22,,,,,,,
343880,2015-06-26,,,,,,,
343887,2016-04-18,,,,,,,
343921,2015-06-20,,,,,,,
343934,2015-06-30,,,,,,,
343977,2015-06-09,,,,,,,
343981,2015-06-08,,,,,,,
344039,2015-09-11,,,,,,,
344043,2014-08-14,,,,,,,
344120,2015-09-30,,,,,,,
344147,2015-07-19,,,,,,,
34417,2010-03-09,,,,,,,
34420,2009-10-09,,,,,,,
34421,1991-03-15,1.0E7,1.4061361E7,4061361.0,,,,
34423,2009-01-01,,,,,,,
344255,2015-05-16,,,,,,,
34433,1993-03-06,,,,,,,
344339,1917-10-14,,,,,,,
34444,1994-05-13,8000000.0,,,,,,
344476,2015-06-18,,,,,,,
34449,1969-10-07,1.2E7,,,,,,
34453,2000-10-14,,,,,,,
344560,2015-06-08,,,,,,,
34459,1975-03-26,,,,,,,
34462,1971-10-19,,,,,,,
34463,1933-05-27,15719.0,,,,,,
344656,2013-12-27,,,,,,,
344741,,,,,,,,
34480,2009-10-14,,,,,,,
34482,2008-11-11,,,,,,,
344854,2015-08-05,,,,,,,
344906,2016-06-17,,,,,,,
34494,2008-01-25,,,,,,,
345,1999-07-14,6.5E7,1.62091208E8,9.7091208E7,3.75,48,0.9675588936937934,2012-01-23
345003,2015-11-20,1200000.0,,,,,,
34505,1992-01-01,,,,,,,
345054,2015-06-06,,,,,,,
345069,2015-06-11,,,,,,,
34507,2004-08-24,,,,,,,
34512,1988-06-09,,,,,,,
34516,2009-01-01,,,,,,,
345176,2015-06-17,,,,,,,
34521,2002-01-01,,,,,,,
345235,2015-07-03,,,,,,,
34527,1993-10-06,,,,,,,
34530,1961-01-28,,,,1.5,2,0.7071067811865476,2009-10-14
345323,2015-08-12,,,,,,,
345426,2003-02-07,,,,,,,
345438,2015-10-15,,,,,,,
34544,2010-06-10,,1.77238796E8,,,,,
345468,2015-07-05,,,,,,,
345470,2015-12-11,,,,,,,
345489,2015-07-02,,,,,,,
34549,2001-10-05,1.2E7,1.7292381E7,5292381.0,,,,
345519,2015-04-28,,,,,,,
34557,2010-02-26,,,,,,,
34561,2003-05-22,,,,,,,
34563,2010-03-12,,2.1409028E7,,,,,
345637,2015-11-25,,,,,,,
345661,2015-06-20,,,,,,,
345664,2015-07-28,,,,,,,
345725,2015-05-01,,,,,,,
34573,1985-12-09,1.4E7,,,,,,
34574,1994-09-13,,,,,,,
34576,2009-10-16,,,,,,,
34577,1984-08-19,,,,,,,
34581,2005-07-04,,,,,,,
34583,2010-01-28,,,,3.0,1,,2011-01-28
34584,1984-04-05,2.7E7,2.0158808E7,-6841192.0,,,,
34586,2010-02-04,7000000.0,1.5172408E7,8172408.0,,,,
345874,2016-04-05,,,,,,,
345875,2016-01-08,,,,,,,
345888,2015-07-09,,,,,,,
345896,1982-04-03,,,,,,,
345906,2016-02-14,,,,,,,
345909,2016-10-25,,,,,,,
345911,2016-07-21,4900000.0,1.48868835E8,1.43968835E8,,,,
345914,2017-06-29,4.0E7,,,,,,
345915,2017-06-08,,,,,,,
345916,2017-07-07,,,,,,,
345920,2016-12-06,3.6E7,8.7416021E7,5.1416021E7,,,,
345922,2017-02-16,2.0E7,,,,,,
345925,2016-11-04,,,,,,,
34595,2003-05-16,,,,,,,
34598,1991-03-14,,,,,,,
34599,1983-04-01,,,,,,,
346,1954-04-26,2000000.0,271841.0,-1728159.0,3.0,6,0.0,2002-12-09
346034,2017-04-02,,,,,,,
34604,1988-04-22,,1.2277096E7,,,,,
346093,2015-09-06,,,,,,,
34614,2004-01-01,,,,,,,
346225,2015-09-17,,,,,,,
34623,1950-02-09,,,,,,,
346239,2015-07-16,,,,,,,
34626,2009-08-06,,,,,,,
34630,2006-10-12,,,,,,,
346347,2015-04-24,,,,,,,
346384,2016-05-20,,,,,,,
346401,2015-06-24,,,,,,,
346443,2015-02-27,,,,,,,
346469,2015-08-21,,,,,,,
34647,2009-05-05,1.3E7,754249.0,-1.2245751E7,,,,
346473,2015-06-26,,,,,,,
346489,2015-06-27,,,,,,,
34651,1950-09-15,,,,,,,
346570,2015-07-05,,,,,,,
34658,1979-08-09,,,,,,,
346592,2015-07-24,,,,,,,
346646,2015-08-05,,1200627.0,,,,,
346650,2017-02-14,,,,,,,
346651,2016-02-26,,,,,,,
34667,1957-05-13,,,,,,,
346672,2016-11-28,3.5E7,8.1093313E7,4.6093313E7,,,,
346681,2017-03-24,,653951.0,,,,,
34671,2004-08-20,,,,,,,
34672,2004-10-21,,,,,,,
346723,2015-07-16,,,,,,,
34681,2003-12-04,,,,,,,
346838,2015-07-13,,,,,,,
346873,2015-03-26,,,,,,,
34689,1954-01-01,,,,,,,
3469,1967-01-01,,,,4.541666666666667,12,0.4981024599478109,2008-01-06
34696,2009-01-01,,,,,,,
347,1930-02-04,,,,3.857142857142857,7,0.8997354108424372,2015-06-11
347026,2016-11-25,1.4E7,1.3819139E7,-180861.0,,,,
34703,2009-09-04,,,,,,,
347031,2016-06-24,3000000.0,4210454.0,1210454.0,,,,
347035,2016-08-19,,,,,,,
347064,2015-06-23,,,,,,,
347096,2015-06-24,,,,,,,
347097,2016-04-03,,,,,,,
347105,2003-02-04,,,,,,,
347123,2016-05-23,,,,,,,
347126,2016-04-01,5000000.0,2.3507567E7,1.8507567E7,,,,
347155,1987-09-06,,,,,,,
347157,1978-10-05,,,,,,,
347184,2010-04-20,,,,,,,
3472,2002-09-05,,,,,,,
347201,2015-08-07,,,,,,,
347264,2013-02-23,,,,,,,
34729,2000-05-18,,,,,,,
347317,1969-01-01,,,,,,,
347331,2015-02-06,,,,,,,
34734,2007-08-11,,,,,,,
34745,1989-10-14,,,,,,,
34746,1994-01-14,,1702394.0,,,,,
34748,1984-11-28,,,,,,,
347495,2014-09-03,,,,,,,
347497,2015-08-25,,,,,,,
34752,1953-03-19,,,,,,,
347548,2015-07-09,,,,,,,
3476,1975-02-12,,,,3.9375,24,0.8884830746351015,2016-08-19
347627,2017-06-09,,,,,,,
34766,1999-01-23,,,,,,,
347669,2015-12-31,,,,,,,
34768,1961-08-16,,,,,,,
347689,2016-03-18,,,,,,,
34769,2009-09-12,3500000.0,44462.0,-3455538.0,,,,
34774,1962-12-01,,,,,,,
347751,2015-08-30,,,,,,,
347752,2016-03-04,,,,,,,
347757,2016-06-27,,,,,,,
347762,2015-08-30,,,,,,,
347763,2015-08-31,,,,,,,
347767,2015-01-22,,,,,,,
347807,2006-02-17,,,,,,,
347835,2015-02-20,,,,,,,
347847,2015-08-28,,,,,,,
347848,2015-08-31,,,,,,,
347870,2016-03-13,,,,,,,
347882,2017-04-28,,,,,,,
34789,2006-01-01,,,,,,,
3479,1975-01-01,,,,3.4761904761904763,21,0.8584315708923814,2015-01-27
34792,1977-11-01,,,,,,,
347938,2016-02-15,3.0E7,,,,,,
347944,2015-07-21,,,,,,,
347945,2015-07-22,,4505.0,,,,,
34796,1930-02-16,,,,,,,
347968,2014-03-29,1000.0,,,,,,
3480,1975-08-22,,,,3.7142857142857144,7,0.7559289460184544,2016-06-27
34800,1973-03-31,,,,,,,
348025,2015-10-14,,,,,,,
34803,2010-04-15,,4.9050886E7,,,,,
34806,2010-04-23,3.5E7,7.7477008E7,4.2477008E7,,,,
348060,2015-08-19,,,,,,,
348089,2016-01-31,,,,,,,
348090,2012-09-22,,,,,,,
34813,2010-04-23,2.5E7,2.358E7,-1420000.0,,,,
348138,1996-11-08,,,,,,,
348150,2015-11-21,,,,,,,
348191,2015-06-18,,,,,,,
3483,1968-08-23,,,,3.25,6,0.6123724356957945,2015-11-11
348320,2016-01-28,,,,,,,
348346,2015-07-11,,,,,,,
34835,2009-01-01,,,,,,,
34836,2008-07-17,1949120.0,,,,,,
348375,2015-10-21,,,,,,,
34838,1997-11-28,,,,,,,
348389,2017-07-06,,,,,,,
348390,2016-04-16,,,,,,,
3484,1932-11-05,,,,2.6363636363636362,11,1.0509735746180562,2016-06-14
34843,2004-12-10,,,,,,,
34847,1927-09-10,,,,,,,
348499,2015-07-21,,,,,,,
3485,1969-05-29,,,,,,,
34851,2010-07-03,4.0E7,1.26248813E8,8.6248813E7,,,,
348537,2015-11-20,,,,,,,
34856,2000-12-21,,,,,,,
348574,1997-10-14,,,,,,,
3486,1980-08-08,,,,,,,
34862,2006-05-25,,,,,,,
348634,2015-12-01,,,,,,,
34866,1962-10-24,,,,,,,
348668,2016-03-03,5210000.0,5900000.0,690000.0,,,,
348673,2015-11-19,,,,,,,
348674,2015-09-10,,1113277.0,,,,,
348675,2016-04-21,,,,,,,
348677,2016-02-11,4000000.0,,,,,,
348678,2015-12-25,,3371692.0,,,,,
348689,2015-08-13,,,,,,,
34870,1988-01-01,,,,,,,
348853,2002-04-30,,,,,,,
348857,2015-07-15,,,,,,,
348858,2001-03-03,,,,,,,
348892,2015-07-17,1.4E7,9.8E7,8.4E7,,,,
348929,2015-07-15,,,,,,,
34898,2006-07-20,4000000.0,,,,,,
34899,2000-05-24,,,,,,,
349,2005-03-30,,,,3.7869565217391306,115,0.7435714832648156,2016-09-07
349008,2008-02-22,,,,,,,
349048,2015-08-27,,,,,,,
34905,1975-01-01,,,,,,,
349086,2015-07-18,,,,,,,
349138,2015-07-17,,,,,,,
349177,2015-08-15,,,,,,,
34921,1972-01-27,,,,,,,
349394,1993-09-10,,,,,,,
34941,1997-06-20,,,,,,,
34942,2004-04-14,,,,,,,
349498,2015-05-01,,,,,,,
349790,2014-10-16,,,,,,,
350,2006-06-30,3.5E7,3.26551094E8,2.91551094E8,3.3285714285714287,70,0.756065877266026,2009-12-13
35002,1970-10-25,,,,,,,
35006,1944-07-01,,,,,,,
350060,2016-12-28,,,,,,,
35007,1947-11-25,,,,,,,
35008,2009-11-18,,,,,,,
35010,2008-01-31,,3848034.0,,,,,
35021,2003-09-19,,,,,,,
35023,1951-07-01,,,,,,,
35031,1969-03-15,,,,,,,
350312,2017-04-27,1.8E7,2.3E8,2.12E8,,,,
35044,1995-10-01,,,,,,,
350499,2015-07-18,1.5E8,,,,,,
350505,2015-04-11,,,,,,,
350554,1989-01-20,,,,,,,
350555,2015-09-04,,,,,,,
350566,1986-02-28,,,,,,,
35059,2009-04-04,,,,,,,
350594,1980-01-01,,,,,,,
35064,2000-08-11,,,,,,,
35069,2008-09-12,,,,,,,
35074,2010-01-01,,,,,,,
35075,1920-01-24,,,,,,,
35077,1946-01-28,,,,,,,
350779,2015-07-31,,,,,,,
35080,2001-08-03,7000000.0,3646994.0,-3353006.0,,,,
350808,1953-12-22,,,,,,,
350831,1957-03-01,,,,,,,
350845,2015-12-17,,,,,,,
350846,2015-09-22,,,,,,,
350904,2015-11-19,,,,,,,
351037,2015-10-14,2200000.0,,,,,,
35105,1995-08-05,,,,,,,
35106,1985-01-11,,,,,,,
351065,2015-09-11,,,,,,,
35109,1966-12-26,,,,,,,
351097,2015-10-02,,,,,,,
35110,2002-06-19,,,,,,,
35115,1955-05-25,,,,,,,
35118,1999-12-10,,,,,,,
35119,1988-11-11,1.5E7,6908797.0,-8091203.0,,,,
351211,2016-09-15,5000000.0,4.5172994E7,4.0172994E7,,,,
35122,1999-01-29,,45703.0,,,,,
35123,1946-11-23,,,,,,,
351242,2016-08-26,,,,,,,
35129,1957-08-02,,,,,,,
3513,1998-12-03,2.0E7,,,3.2857142857142856,7,1.1126972805283737,2006-03-06
351339,2016-08-12,9000000.0,4600000.0,-4400000.0,,,,
351365,1967-05-01,,,,,,,
35139,1959-06-01,,,,,,,
351423,2010-06-01,,,,,,,
35144,1985-09-25,,2135577.0,,,,,
3515,2003-05-14,,490964.0,,3.4,5,0.8944271909999159,2002-12-29
35151,1987-11-06,,2.0419446E7,,,,,
35153,2010-04-08,4500000.0,,,,,,
35156,2009-06-12,,,,,,,
35161,1997-01-01,,,,,,,
35164,2009-11-11,,,,,,,
35165,1990-09-01,1.0E7,,,,,,
35166,1968-01-05,,,,,,,
35170,1978-03-08,,,,,,,
35172,2002-05-23,,,,,,,
351819,2016-01-28,2.0E7,2.1164799E7,1164799.0,,,,
35185,1957-04-09,,,,,,,
351862,2006-04-26,,,,,,,
351863,2015-04-18,,,,,,,
35188,1964-12-16,,,,,,,
35189,1961-11-28,,,,,,,
35196,1995-12-29,,,,,,,
351964,2015-06-15,,,,,,,
35197,2009-10-30,,,,,,,
351981,2014-06-09,,,,,,,
35199,2006-06-26,,,,,,,
3520,1965-06-15,,,,2.6666666666666665,3,1.5275252316519468,2003-03-08
35200,1976-06-28,,,,,,,
35201,1985-09-20,,,,,,,
352025,2015-12-09,,,,,,,
35206,1956-09-21,,,,,,,
35207,2009-09-01,,,,,,,
352094,2015-10-09,,,,,,,
352162,2016-01-21,,30169.0,,,,,
352164,2016-04-26,,,,,,,
35217,2010-01-13,,,,,,,
352173,2015-07-31,,,,,,,
35219,2009-01-16,,,,,,,
352199,2015-09-03,,,,,,,
352200,2015-11-04,,,,,,,
352202,2015-09-11,,,,,,,
352205,2015-11-14,2700000.0,,,,,,
352209,2015-08-22,,,,,,,
35221,2010-02-14,,,,,,,
352237,1997-06-08,,,,,,,
35227,1922-01-11,1100000.0,400200.0,-699800.0,,,,
352327,2015-08-21,,,,,,,
352342,2016-01-27,,,,,,,
352372,2015-09-24,,,,,,,
35241,2010-01-01,,,,,,,
352490,2016-10-20,,,,,,,
352492,2016-08-26,,,,,,,
352494,2017-06-23,,,,,,,
352498,2016-10-18,,,,,,,
3525,1988-12-20,,1.03173635E8,,3.4,5,0.5477225575051662,2003-04-30
35250,2003-10-17,,,,,,,
352501,2017-03-10,,,,,,,
35253,2007-05-19,,,,,,,
352552,2015-07-31,,,,,,,
35257,2001-12-07,,,,,,,
35262,1942-10-30,,,,,,,
35263,2000-05-14,,,,,,,
352694,2015-05-09,,,,,,,
352719,1945-05-25,,,,,,,
352720,2015-10-07,3500000.0,,,,,,
35280,1972-05-23,,,,,,,
352812,2010-06-10,,,,,,,
35284,1968-07-24,,,,,,,
352845,2015-09-19,,,,,,,
352851,2015-09-26,,,,,,,
352885,2017-01-13,,,,,,,
352890,2016-08-19,,,,,,,
352978,2015-08-30,5000000.0,,,,,,
35304,2004-03-09,,,,,,,
353069,2016-04-28,2.5E7,4.841816E7,2.341816E7,,,,
353125,2015-08-06,,,,,,,
353257,2015-06-22,,,,,,,
35327,1988-02-25,,5839164.0,,,,,
353285,2015-10-02,,,,,,,
353311,2015-12-03,,,,,,,
353345,2015-10-09,,,,,,,
35336,2006-03-10,,,,,,,
35337,2001-12-12,,,,,,,
353378,2014-10-09,,,,,,,
353406,2015-01-01,,,,,,,
353433,2016-02-14,,,,,,,
353462,2015-07-19,,,,,,,
353571,2016-01-23,,,,,,,
353609,2015-11-17,,,,,,,
353616,2017-12-21,,,,,,,
353641,2015-02-13,,,,,,,
353652,2005-07-05,,,,,,,
353653,1958-06-19,,,,,,,
3537,1980-05-16,,2.1202829E7,,2.8333333333333335,6,1.1690451944500122,2002-04-18
35371,1986-08-29,,,,,,,
353725,2015-08-12,,,,,,,
353728,2016-07-15,,33962.0,,,,,
35379,2007-05-25,4000000.0,,,,,,
35381,2001-01-21,,,,,,,
353813,1980-08-09,,,,,,,
35384,2005-04-15,,,,,,,
353879,2015-08-28,,,,,,,
353921,1992-09-16,,,,,,,
35395,2009-11-27,,81010.0,,,,,
353979,2016-09-24,,,,,,,
35402,2010-02-09,,,,,,,
354021,2008-08-11,,,,,,,
35404,1950-01-18,,,,,,,
354072,2015-08-13,,,,,,,
35411,2009-11-27,,,,,,,
354110,2015-09-16,1.1E7,,,,,,
35412,1959-12-16,,,,,,,
354128,2015-08-14,,,,,,,
354133,2006-06-06,,,,,,,
354150,2015-10-15,,,,,,,
35418,1956-08-20,,,,,,,
3542,2006-11-01,,,,,,,
354216,2017-03-17,,,,,,,
354251,2015-09-17,,,,,,,
354275,2015-08-13,,,,,,,
35428,2010-03-04,1950000.0,1.2005838E7,1.0055838E7,,,,
354282,2017-08-31,,,,,,,
35429,2008-02-17,,,,,,,
354296,2015-09-03,,,,,,,
3543,1987-11-12,,3587303.0,,3.977272727272727,22,0.8518505447843246,2013-12-02
35435,2009-11-28,,,,,,,
354379,2015-08-17,,,,,,,
354388,2015-08-10,,,,,,,
35451,2006-07-22,,,,,,,
35453,1981-04-01,,,,,,,
354534,2015-10-06,,,,,,,
35458,2010-01-08,,88335.0,,,,,
354625,2013-06-13,,,,,,,
35464,2006-02-24,,,,,,,
354667,2015-07-03,,,,,,,
3547,1967-10-10,4500000.0,,,3.375,4,1.7017148213885116,2005-04-01
354776,2015-03-02,,,,,,,
354857,2015-09-01,3000000.0,,,,,,
354859,2017-04-21,,,,,,,
354979,2016-11-04,,,,,,,
355008,2016-04-22,,,,,,,
355020,2015-10-09,,,,,,,
355066,2016-02-05,,,,,,,
355111,2015-08-13,,,,,,,
355135,2002-12-14,,,,,,,
355177,2015-08-22,,,,,,,
355178,2015-10-17,,,,,,,
355193,2017-04-24,,,,,,,
355211,1991-01-01,,,,,,,
355230,2015-09-04,,,,,,,
355277,2017-04-21,,,,,,,
355389,2015-09-10,,,,,,,
3554,1975-10-08,,,,3.6666666666666665,3,0.5773502691896258,2009-10-14
355436,2014-11-28,,,,,,,
35545,1931-12-26,558000.0,2227000.0,1669000.0,,,,
355506,2016-12-02,,,,,,,
355515,1953-01-01,,,,,,,
35552,2010-04-09,,3.41E7,,,,,
35558,2010-02-14,,,,,,,
355594,2015-11-06,,,,,,,
355598,2016-06-03,,,,,,,
3556,1961-05-12,,,,3.5833333333333335,30,0.881645535674464,2016-08-17
355600,2015-10-09,,,,,,,
35561,1940-12-25,,,,,,,
355636,2015-05-21,,,,,,,
35572,2009-07-01,,,,,,,
355730,2015-09-13,,,,,,,
355771,2015-09-11,,,,,,,
355786,2015-08-10,,,,,,,
35580,1954-12-01,,,,,,,
35583,2001-12-02,,,,,,,
355890,2015-11-11,,,,,,,
355925,2014-02-08,,,,,,,
355930,2015-07-10,,,,,,,
355984,2015-02-13,,,,,,,
355998,2015-09-15,,,,,,,
356057,2015-06-24,,,,,,,
356090,2015-08-31,,,,,,,
35610,1993-11-12,5000000.0,2970.0,-4997030.0,,,,
35612,1999-01-01,,,,,,,
35614,1994-10-07,2.3E7,71368.0,-2.2928632E7,,,,
356156,2015-10-31,,,,,,,
356161,2015-10-14,,,,,,,
356167,2015-09-04,,,,,,,
356189,2016-04-08,,,,,,,
356200,2016-01-28,,,,,,,
356218,2016-02-19,,,,,,,
35623,2008-06-13,,,,,,,
35626,2008-11-04,4000000.0,,,,,,
356296,2015-10-14,7000000.0,,,,,,
356300,2015-09-19,,,,,,,
35632,1989-11-01,,,,,,,
356325,2015-09-29,,,,,,,
356329,2015-10-01,,,,,,,
356334,2016-06-14,,,,,,,
356335,2015-09-27,,,,,,,
35634,1986-12-20,,,,,,,
35637,2007-12-11,,,,,,,
35638,1997-01-01,,116806.0,,,,,
356381,2015-12-23,,,,,,,
35645,1995-11-03,,,,,,,
356461,2015-08-27,,,,,,,
356482,2013-08-09,,,,,,,
356483,2015-10-16,,,,,,,
356486,2015-10-16,,,,,,,
35650,2000-09-08,,,,,,,
356500,2017-01-20,,,,,,,
356626,2015-11-11,1200000.0,,,,,,
35663,1957-01-01,,,,,,,
35668,1967-05-01,,,,,,,
356752,2017-05-19,,,,,,,
356758,2015-09-24,,,,,,,
356842,2015-10-14,,,,,,,
35685,1981-06-29,,,,,,,
356864,1973-01-02,,,,,,,
35688,2010-04-02,2.0E7,6.0072596E7,4.0072596E7,,,,
35689,2009-04-24,,,,,,,
356895,2016-11-17,,,,,,,
35690,2010-03-31,,,,,,,
356900,2015-04-11,,,,,,,
356901,2016-08-05,,,,,,,
356905,2015-09-17,,,,,,,
35691,2010-04-09,,,,,,,
35692,1954-08-26,,,,,,,
35696,2002-06-21,1.56E7,,,,,,
35698,2007-10-23,,,,,,,
356994,2014-07-26,,,,,,,
35701,2003-01-01,,,,,,,
357106,2002-10-14,,,,,,,
357130,1955-11-30,,,,,,,
35716,2010-01-29,7000000.0,,,,,,
35717,1999-05-12,,,,,,,
35718,1974-10-30,,,,,,,
3573,1996-08-02,,2.2231658E7,,2.25,2,2.4748737341529163,2009-10-15
35730,2009-01-13,,,,,,,
35731,2008-05-13,,,,,,,
35735,2000-08-18,,,,,,,
3574,1932-08-27,,,,0.75,2,0.3535533905932738,2009-10-15
357441,2015-07-31,,,,,,,
3575,1939-12-02,,,,5.0,1,,2015-12-08
35752,2006-12-09,,,,,,,
357540,2015-10-06,,,,,,,
357799,2016-05-27,,,,,,,
357837,2015-10-16,,,,,,,
35790,1964-04-17,,,,,,,
357935,1956-10-04,,,,,,,
357940,2015-09-16,,,,,,,
35797,1981-11-04,,,,,,,
35801,2008-05-17,,,,,,,
35802,2005-03-27,,,,,,,
358083,2015-10-29,,,,,,,
35813,1959-08-09,,,,,,,
35818,1999-01-20,,,,,,,
358199,1981-12-21,,,,,,,
358238,2016-01-08,,,,,,,
35824,2001-11-16,,,,,,,
358243,2015-12-31,,,,,,,
35826,1989-02-03,,,,,,,
358293,1997-01-02,,,,,,,
35831,2001-04-04,,,,,,,
358332,2015-06-25,,,,,,,
35837,2009-10-22,,,,,,,
35838,1970-03-29,,,,,,,
35840,2009-12-17,,,,,,,
358403,2015-12-02,,,,,,,
358430,2015-12-23,,,,,,,
35847,1957-11-14,,,,,,,
35848,2002-10-24,,,,,,,
35851,2005-04-26,2000000.0,,,,,,
35852,1949-08-03,,,,,,,
35854,2007-07-26,8000000.0,,,,,,
35856,2009-04-27,,,,,,,
3586,1994-12-23,,1.1300653E7,,,,,
35861,1954-11-23,,,,,,,
358615,1942-11-20,,,,,,,
358644,2015-09-18,,,,,,,
35867,1970-01-16,,,,,,,
35868,2001-01-01,,,,,,,
3587,1996-09-06,3.2E7,,,4.0,1,,2000-11-20
358725,2016-03-02,,,,,,,
358807,2016-01-22,,,,,,,
358859,2015-09-02,,,,,,,
358893,2015-09-18,,,,,,,
3589,1944-05-28,,,,,,,
358901,2015-10-11,,,,,,,
358907,2015-09-11,,,,,,,
358982,2015-08-24,,,,,,,
359010,1946-02-17,,,,,,,
359025,2016-03-04,,,,,,,
359029,2015-09-26,,,,,,,
3591,1966-12-01,,,,3.3055555555555554,18,0.9570003517254392,2009-06-25
359108,2015-11-08,,,,,,,
35911,1955-05-30,,,,,,,
359152,2015-09-03,,,,,,,
35919,1955-07-01,,,,,,,
3592,1940-04-26,,,,,,,
359204,2015-06-09,,,,,,,
35922,1972-01-01,,,,,,,
359255,2015-10-13,,,,,,,
35926,1957-12-11,,,,,,,
35927,1989-07-28,,,,,,,
3593,1940-04-09,,,,1.2105263157894737,19,0.8047737686539307,2016-05-08
359305,2015-09-13,,,,,,,
35936,1992-09-18,,,,,,,
359364,2015-09-12,1.3E7,,,,,,
359373,2015-09-08,,,,,,,
3594,2007-02-23,3.0E7,7.7566815E7,4.7566815E7,3.75,12,0.8118441408859887,2013-06-21
359412,2016-07-01,1.5E7,,,,,,
359413,2015-04-24,,,,,,,
359440,2015-11-06,,,,,,,
359459,2015-09-19,,,,,,,
35953,2004-05-20,,,,,,,
359549,2015-06-01,,,,,,,
35957,1950-11-03,,,,3.5,7,0.7071067811865475,2016-05-08
3596,1936-02-20,,,,1.0,1,,2003-02-03
35964,2009-11-18,,,,,,,
359641,2015-09-26,,,,,,,
359660,2005-10-04,,,,,,,
35967,2006-01-01,,,,,,,
359746,2015-10-03,,,,,,,
359749,2017-11-03,,,,,,,
35977,1994-03-16,,,,,,,
359784,2017-04-14,,,,,,,
3598,1937-09-01,4000000.0,,,3.8333333333333335,6,1.1690451944500122,2005-09-23
359805,2015-11-25,,,,,,,
359807,2015-11-26,,,,,,,
35987,1955-12-23,,,,,,,
359870,2016-10-28,,,,,,,
359871,2016-05-05,,,,,,,
360007,2015-10-15,,,,,,,
360022,2015-09-18,,,,,,,
360029,2016-09-07,,,,,,,
36003,2004-01-01,,,,,,,
360055,2015-09-27,,,,,,,
36006,1935-03-08,,,,,,,
3602,2006-06-24,,,,2.0,1,,2002-04-06
360284,2016-05-06,,,,,,,
360292,2014-12-20,,,,,,,
3603,2006-09-09,,4947717.0,,,,,
360321,2015-10-06,,,,,,,
360341,2015-09-18,,,,,,,
3604,1980-09-01,,2.710796E7,,3.8,5,0.8366600265340756,2003-03-08
36040,1971-07-01,,,,,,,
36041,2009-07-20,,,,,,,
36046,2004-11-24,7500000.0,3347647.0,-4152353.0,,,,
36047,2000-07-19,1.5E7,5217498.0,-9782502.0,,,,
36048,1999-01-01,,,,,,,
36049,1931-12-10,,,,,,,
360551,2015-11-05,,,,,,,
36056,1927-10-01,,,,,,,
360592,2016-12-13,,,,,,,
360627,1973-01-01,,,,,,,
36063,2009-07-03,,,,,,,
360638,2015-10-07,,,,,,,
36072,2002-01-01,,,,,,,
36075,1996-02-20,,,,,,,
360809,2015-09-18,,,,,,,
360814,2016-12-23,1.04E7,3.1E8,2.996E8,,,,
36090,1971-01-01,,,,,,,
360924,2016-08-25,,,,,,,
36093,2001-12-12,,,,,,,
36095,1997-11-06,20000.0,99000.0,79000.0,,,,
361018,2015-10-06,,,,,,,
36102,1955-09-09,,,,,,,
361025,2015-10-18,,,,,,,
361042,2015-10-24,,,,,,,
361069,2015-10-22,,,,,,,
36107,1998-01-01,,,,,,,
36108,2007-05-19,,,,,,,
36109,2009-09-22,1200000.0,,,,,,
36113,2007-01-01,,,,,,,
361131,2015-04-12,,,,,,,
361138,2015-08-07,,,,,,,
361146,2016-05-26,,,,,,,
361159,2015-10-08,,,,,,,
36117,1972-02-02,,,,,,,
361183,2015-09-30,,,,,,,
36119,2009-01-01,,,,,,,
361205,2015-10-15,,,,,,,
36123,2009-02-13,,,,,,,
36124,2008-01-01,,,,,,,
361249,2016-04-22,,,,,,,
361263,2015-10-18,,,,,,,
36132,1984-01-01,,,,,,,
36133,1981-01-01,,,,,,,
36137,1976-04-02,,,,,,,
36138,2009-11-25,,,,,,,
36139,2009-08-30,2000000.0,,,,,,
36140,1967-01-01,,,,,,,
36141,1995-04-28,6500000.0,,,,,,
36142,2009-11-27,1300000.0,,,,,,
36143,2006-08-30,,,,,,,
361475,2016-05-20,,,,,,,
36153,2008-01-01,,,,,,,
361571,2015-10-30,,,,,,,
361597,2015-09-08,3200000.0,,,,,,
36163,1971-01-01,,,,,,,
36164,2008-01-01,,,,,,,
36165,2009-01-01,,,,,,,
361664,2014-10-03,,,,,,,
361705,2015-09-24,,,,,,,
36172,2008-01-19,,,,,,,
361733,1985-01-08,,,,,,,
361745,2015-10-03,,,,,,,
36175,2005-07-02,,,,,,,
361751,2015-11-15,,,,,,,
361777,2016-09-23,5000000.0,2387127.0,-2612873.0,,,,
36179,1970-09-18,,,,,,,
36185,2007-09-09,,,,,,,
361854,2016-01-14,,,,,,,
361866,2004-02-13,,,,,,,
36194,1971-09-24,100000.0,,,,,,
361980,2015-03-27,1700000.0,,,,,,
361992,1997-01-01,,,,,,,
362026,2005-12-13,,,,,,,
36204,2007-10-26,,,,,,,
362057,2016-01-22,,,,,,,
362058,2016-12-29,,,,,,,
36206,1962-06-20,813000.0,,,,,,
362077,2015-09-28,,,,,,,
362092,2013-03-16,,,,,,,
36210,1999-09-07,,,,,,,
362100,2001-01-01,,,,,,,
36211,2002-01-01,,,,,,,
36212,1997-12-13,,,,,,,
36214,1996-12-14,,,,,,,
362141,2015-12-10,,,,,,,
36215,2004-01-01,,,,,,,
362150,2015-11-10,,,,,,,
362154,2015-09-30,,,,,,,
36218,2003-07-19,,,,,,,
362202,2017-01-13,,,,,,,
36221,1997-08-16,,,,,,,
362216,2016-03-13,,,,,,,
36222,2002-01-12,,,,,,,
362226,2015-10-01,,,,,,,
36223,2004-01-30,,,,,,,
362243,2016-02-18,,,,,,,
362247,2015-09-25,,,,,,,
36226,1976-11-16,,,,,,,
362268,2015-10-01,,,,,,,
36228,1998-01-01,,,,,,,
36233,1993-05-14,,,,,,,
36234,2000-03-22,4000000.0,,,,,,
362343,2015-11-05,,,,,,,
362363,2008-03-04,,,,,,,
362373,2015-10-06,,,,,,,
36241,2004-04-16,,,,,,,
36242,1998-07-15,,,,,,,
362430,2015-10-03,,,,,,,
36244,1997-06-28,,,,,,,
362463,1937-12-26,,,,,,,
36247,1998-12-12,,,,,,,
362478,2016-03-18,,,,,,,
36251,1999-12-12,,,,,,,
36253,2005-05-19,,,,,,,
362541,2014-07-26,,,,,,,
362579,2015-10-11,,,,,,,
36258,1996-01-01,,,,,,,
362584,2016-08-19,,,,,,,
362585,2017-01-06,,,,,,,
36259,1995-12-14,3.35E7,,,,,,
36261,1970-08-14,,,,,,,
362617,2015-10-05,,,,,,,
362682,2015-09-30,,,,,,,
36272,2004-01-01,2.0E7,,,,,,
36273,2000-09-15,,,,,,,
36274,2002-09-21,,,,,,,
36275,1979-12-07,,,,,,,
362758,1939-09-30,,,,,,,
36278,1995-04-28,6000000.0,5093707.0,-906293.0,,,,
36281,2003-01-01,,,,,,,
362812,2005-02-11,,140.0,,,,,
36282,1996-10-12,,,,,,,
362844,1999-05-13,,,,,,,
36288,1992-10-11,,,,,,,
362884,2015-10-17,,,,,,,
362886,2015-11-01,,,,,,,
36290,2004-01-01,,,,,,,
36293,1999-01-01,,,,,,,
36294,1998-01-01,,,,,,,
36296,2004-01-01,,,,,,,
362988,2015-10-02,,,,,,,
363,2004-03-11,,1.1030861E7,,4.5,5,0.7071067811865476,2013-01-31
36301,2000-01-01,,,,,,,
363056,2017-06-09,,,,,,,
363093,2015-12-16,5000.0,1.1083449E7,1.1078449E7,,,,
363103,2016-04-21,,,,,,,
363126,2017-05-25,,201719.0,,,,,
363157,1962-08-27,,,,,,,
363178,2015-11-10,,,,,,,
3632,1936-10-10,,,,4.0,3,0.8660254037844386,2011-01-28
36324,1963-11-20,,,,,,,
36325,2009-10-09,,,,,,,
36328,2006-10-26,,,,,,,
36329,2009-10-28,,,,,,,
36334,1952-03-14,,,,,,,
363383,2015-10-26,,,,,,,
36339,1950-04-01,,,,,,,
363439,2015-11-03,,,,,,,
363476,2015-11-08,,,,,,,
363482,2015-11-25,,,,,,,
363483,2015-11-26,,,,,,,
363484,2015-11-29,,,,,,,
363486,2015-12-05,,,,,,,
36349,1986-01-10,,6637565.0,,,,,
3635,2003-08-31,,3.1466789E7,,3.75,22,0.8556534679079243,2013-01-28
36351,1992-08-21,5000000.0,,,,,,
36353,2004-01-01,,,,,,,
36357,1995-01-01,,,,,,,
363607,2015-10-16,,,,,,,
36361,1978-03-15,,2.8460702E7,,,,,
363618,2015-11-15,,,,,,,
363676,2016-09-07,6.0E7,2.38470033E8,1.78470033E8,,,,
363683,2015-10-13,768.0,,,,,,
363689,2015-10-24,,,,,,,
36372,1986-08-13,,,,,,,
36375,1950-08-03,,,,,,,
3638,2007-07-25,,9.260105E7,,3.5652173913043477,23,0.9688834697039747,2012-11-14
36380,2000-02-25,,,,,,,
363805,2015-09-01,500000.0,,,,,,
363807,2015-10-12,3500000.0,,,,,,
363810,2015-11-02,3000000.0,,,,,,
363844,2015-10-06,,,,,,,
363846,2015-10-15,,,,,,,
363890,2015-10-05,,,,,,,
36391,1988-05-02,,,,,,,
36392,1988-08-15,,,,,,,
363925,2015-10-07,6000000.0,,,,,,
363960,2013-11-17,,,,,,,
363969,2015-11-09,,,,,,,
36401,2003-09-19,,,,2.5454545454545454,11,0.9862693712811286,2016-05-08
36404,1970-10-19,,,,,,,
36405,2009-11-12,,,,,,,
364051,2016-02-10,6000000.0,,,,,,
364116,2016-02-25,,1.4332467E7,,,,,
364137,2015-11-04,,,,,,,
36416,2006-04-21,,,,,,,
36419,2010-04-09,,3606395.0,,,,,
36430,2002-02-01,,,,,,,
364324,2015-09-30,,,,,,,
36434,1997-04-01,,,,,,,
364379,2015-10-29,,,,,,,
364387,2015-10-09,,,,,,,
36439,1955-12-23,,,,,,,
364410,2017-01-27,2494400.0,,,,,,
364426,2015-10-18,,,,,,,
364427,2015-09-17,2500000.0,302000.0,-2198000.0,,,,
36446,1969-07-15,,,,,,,
36447,1996-01-26,,,,,,,
364615,2016-04-22,,,,,,,
36464,2002-04-22,,,,,,,
364781,2015-10-16,,,,,,,
36484,2003-01-01,,,,,,,
364865,2016-02-02,,,,,,,
36488,1939-06-30,,,,,,,
36489,1955-05-11,,,,,,,
364902,2015-10-31,,,,,,,
36492,1971-10-21,,2.86239E7,,,,,
36495,1940-08-23,,,,,,,
36498,1944-08-09,,,,,,,
365002,2015-12-03,,,,,,,
36516,1950-04-01,,,,,,,
365183,2015-04-17,,,,,,,
365187,2016-01-13,,,,,,,
365188,2015-08-21,,,,,,,
36519,1932-11-07,,,,3.0,14,0.8987170342729172,2016-10-07
36520,1954-04-21,,,,,,,
36522,1954-09-03,,,,,,,
365222,2015-12-19,3.6E7,1.56844753E8,1.20844753E8,,,,
36523,1988-10-01,9000000.0,1964253.0,-7035747.0,,,,
36527,1983-08-11,,,,4.083333333333333,6,0.6645800679125629,2015-08-23
36529,1990-08-07,,,,3.6774193548387095,31,0.8616687984832513,2016-05-08
36530,1968-01-01,,,,,,,
365340,2015-02-06,,,,,,,
36536,1985-08-02,,,,,,,
365371,,,,,,,,
365375,2015-05-01,,,,,,,
365432,2015-11-07,,,,,,,
365447,2015-04-19,,,,,,,
365451,2015-10-30,,,,,,,
36550,2009-11-06,,,,,,,
36554,1953-05-20,,,,,,,
36555,1995-05-17,,,,,,,
36557,2006-11-14,,5.9904596E8,,,,,
36561,2002-03-08,,,,,,,
36568,1998-04-17,,,,,,,
36569,2008-12-17,,,,,,,
365709,2015-11-10,,,,,,,
36573,1988-02-14,,,,,,,
36575,2009-09-04,,,,,,,
365753,2015-11-06,,,,,,,
36577,2009-09-09,,,,,,,
365805,2015-11-06,,,,,,,
36583,1965-04-01,115.0,,,,,,
36584,2002-05-09,500000.0,,,,,,
36586,2002-03-22,5.4E7,1.55010032E8,1.01010032E8,,,,
36588,2009-01-17,,,,,,,
36599,1980-07-18,1000000.0,1.4796236E7,1.3796236E7,,,,
365997,2016-04-29,,,,,,,
36600,1972-10-01,,,,,,,
366018,2015-12-19,,,,,,,
366044,,,,,,,,
366071,2012-10-12,,,,,,,
366104,2016-02-24,,,,,,,
36615,2006-04-08,,,,,,,
36616,1992-07-31,,,,,,,
366170,2016-04-23,,1015339.0,,,,,
36618,2010-01-18,400000.0,,,,,,
36620,2008-01-01,,,,,,,
36626,2008-07-05,,,,,,,
36627,1974-09-02,,,,,,,
36628,2009-07-01,,,,,,,
36629,2002-09-03,,,,,,,
36630,1991-05-09,,,,,,,
36631,1960-01-01,,,,,,,
36634,1951-09-01,,,,,,,
366499,2016-07-29,,,,,,,
366505,2016-05-06,,,,,,,
36652,1937-08-06,,,,,,,
366551,2015-11-03,,,,,,,
366561,,,,,,,,
366564,2015-12-09,2023920.0,,,,,,
36658,2003-04-24,1.1E8,4.07711549E8,2.97711549E8,,,,
36663,,,,,,,,
366630,2015-12-06,,,,,,,
36665,1974-11-01,,,,,,,
366656,2015-11-12,,,,,,,
36669,2002-11-17,1.4E8,4.31971116E8,2.91971116E8,,,,
366692,2015-09-25,,,,,,,
36670,1983-10-07,3.6E7,1.6E8,1.24E8,,,,
366736,2015-04-10,,,,,,,
36674,1995-12-25,,,,,,,
36677,1986-11-26,2.5E7,1579260.0,-2.342074E7,,,,
36680,2006-05-01,,,,,,,
36681,2009-10-01,,,,,,,
36686,2009-11-05,8800000.0,,,,,,
366860,1960-11-24,,,,,,,
366885,2015-12-10,,,,,,,
366887,2015-12-10,,,,,,,
36691,2009-09-07,1.5E7,5024782.0,-9975218.0,,,,
36693,1999-03-30,,,,,,,
36695,2004-11-30,,,,,,,
36696,2010-03-18,2.5E7,6500000.0,-1.85E7,,,,
367006,1996-04-07,1000000.0,,,,,,
36702,1997-01-01,,,,,,,
367053,,,,,,,,
36712,1996-12-04,,,,,,,
367147,2017-04-28,,73121.0,,,,,
36718,2007-10-10,,,,,,,
367197,2016-03-11,,,,,,,
367215,2015-10-15,,,,,,,
36731,1961-12-28,,,,,,,
36737,2009-04-24,,,,,,,
36738,2009-10-03,350000.0,,,,,,
36739,1988-02-12,,,,,,,
36741,1960-03-24,,,,,,,
36746,2007-07-27,,,,,,,
36748,1977-04-01,,,,,,,
367492,2015-03-13,,,,,,,
367493,2016-02-12,,,,,,,
36751,1983-08-05,,,,,,,
367513,2015-11-23,,,,,,,
36758,1996-10-18,,3692836.0,,,,,
367596,2015-06-25,,,,,,,
36760,1960-03-05,,,,,,,
367613,2016-04-23,,,,,,,
36762,1987-01-02,53000.0,,,,,,
36764,1973-08-24,,,,,,,
36765,1975-08-29,,,,,,,
36766,1976-08-27,,,,,,,
36767,1977-08-26,,,,,,,
36769,1985-09-27,,,,,,,
36771,2004-09-10,,,,,,,
36772,1979-10-12,,,,,,,
36773,1999-09-13,,,,,,,
36775,1967-12-22,,,,,,,
36779,1991-11-14,,,,,,,
367816,2016-04-23,,,,,,,
36784,2009-11-26,4000000.0,,,,,,
36789,1930-12-26,,,,,,,
36796,1992-01-01,,,,,,,
367966,2015-11-17,,,,,,,
36797,1997-10-10,1.6E7,,,,,,
36801,2010-04-14,,,,,,,
368051,2015-10-14,,,,,,,
36808,1984-07-01,,,,,,,
3681,1965-06-22,,,,3.7857142857142856,14,0.5447047794019222,2016-08-11
36811,2009-09-04,,,,,,,
368128,,,,,,,,
36814,1948-07-14,,,,,,,
36817,2000-07-15,,,,,,,
36818,1983-04-13,,,,,,,
36819,1981-07-13,,4.2365581E7,,,,,
368256,2015-11-13,,,,,,,
36826,1981-08-07,,,,,,,
3683,2006-10-18,,6.5900249E7,,4.291666666666667,24,0.5882299658752715,2016-08-19
36832,1983-11-03,,,,,,,
368330,2015-11-12,1500000.0,4400000.0,2900000.0,,,,
36834,1995-11-02,,339889.0,,,,,
368342,2015-12-01,,,,,,,
36835,1982-04-20,,,,,,,
36836,2001-08-18,,,,,,,
36841,1921-11-20,,,,,,,
36851,1939-07-24,112.0,,,,,,
36859,2003-01-01,,,,,,,
368596,2016-05-20,,,,,,,
3686,1964-09-17,,,,3.575,20,0.8626001086067756,2011-01-28
36861,2007-01-01,,,,,,,
368620,2015-07-04,,,,,,,
36863,2007-01-01,,,,,,,
36865,2010-02-05,,,,,,,
36867,1998-01-01,,,,,,,
3687,1974-07-30,700000.0,,,3.5,1,,2016-07-29
36872,1960-01-15,,,,,,,
36874,1909-07-08,,,,,,,
36877,1932-01-20,,,,,,,
36878,1960-02-18,,,,,,,
36879,1977-07-19,,,,,,,
36883,2006-06-20,,,,,,,
368835,2015-08-08,,,,,,,
36886,1972-09-28,,,,,,,
36888,1970-10-23,,,,,,,
368940,2016-02-04,1.35E7,3342697.0,-1.0157303E7,,,,
368942,2016-10-07,8138338.0,1864266.0,-6274072.0,,,,
36895,1997-01-01,,,,,,,
368955,2008-01-18,,,,,,,
36896,1992-11-18,,,,,,,
36897,2000-12-30,,,,,,,
368993,2016-10-11,2.0E7,,,,,,
368999,2015-11-16,,,,,,,
369019,2015-08-14,,,,,,,
369058,2015-12-05,,,,,,,
369059,2015-12-06,,,,,,,
36909,1993-01-01,,,,,,,
36916,1945-12-28,,,,,,,
369168,2016-09-23,,,,,,,
36918,1952-01-04,,,,,,,
36919,1981-01-01,,,,,,,
369202,2016-08-19,1100000.0,,,,,,
36922,1951-08-31,,,,,,,
369230,2015-11-19,,,,,,,
36926,2007-01-01,,,,,,,
36929,1996-01-26,,2042530.0,,,,,
369299,2016-05-13,,,,,,,
36931,2006-08-31,,,,5.0,1,,2010-04-20
369336,2001-03-09,,,,,,,
369362,2015-08-21,,,,,,,
369363,2015-06-06,,,,,,,
36939,2009-06-17,,,,,,,
36940,2010-01-15,,,,,,,
369406,2016-01-01,,,,,,,
36943,1998-04-24,,,,,,,
36944,2009-02-03,,,,,,,
369444,1989-10-27,,,,,,,
36947,1992-11-06,,,,,,,
36949,1953-03-10,,,,,,,
36950,2010-04-14,,,,,,,
36955,1994-07-14,,3.78882411E8,,,,,
369557,2016-03-11,4000000.0,1.3624522E7,9624522.0,,,,
369567,1947-02-03,,,,,,,
369594,2015-10-11,,,,,,,
369605,2015-11-20,,,,,,,
36964,2006-01-01,,,,,,,
369665,2015-11-22,,,,,,,
36968,2000-03-05,,,,,,,
369697,2017-04-14,,,,,,,
369698,2016-12-29,1.3E7,,,,,,
36970,2009-10-17,,1.9406406E7,,,,,
36971,2004-08-06,,,,,,,
36972,1979-10-21,,,,,,,
369769,2016-03-10,,,,,,,
369776,2016-02-03,,,,,,,
369778,2016-02-03,1.85E7,,,,,,
3698,1972-02-04,,,,3.1875,24,0.7775728681078008,2012-06-12
36983,1996-05-06,,,,,,,
369834,2016-02-18,,,,,,,
36984,2004-10-22,,,,,,,
369875,2015-11-24,,,,,,,
369883,2016-10-07,8500000.0,1.9985196E7,1.1485196E7,,,,
369885,2016-11-17,8.5E7,1.19520023E8,3.4520023E7,,,,
36992,1990-10-05,,,,,,,
37000,2008-09-01,,,,,,,
370014,2005-07-06,,,,,,,
37003,2007-05-19,1.5E7,2.2730842E7,7730842.0,,,,
37005,2005-01-01,,,,,,,
37006,2005-01-01,,,,,,,
3701,1973-02-21,,,,3.3125,16,1.0626225419530053,2006-11-10
37020,1994-10-07,,,,,,,
370203,2015-11-15,,,,,,,
37021,1992-08-02,,,,,,,
37022,1992-11-27,,,,,,,
370234,2015-12-04,,,,,,,
37024,1991-11-02,,,,,,,
370260,2015-11-30,,,,,,,
370264,1995-05-31,,,,,,,
37028,2006-09-07,,,,,,,
37030,1984-01-26,,3554460.0,,,,,
370353,2011-06-14,,,,,,,
37036,1941-12-02,,,,,,,
37037,1963-12-06,,,,,,,
370382,1981-12-14,,,,,,,
37042,1969-06-01,,,,,,,
37053,1969-08-09,,,,,,,
370545,2016-01-01,,9409000.0,,,,,
37058,2010-03-01,,,,,,,
37060,2003-06-05,,,,,,,
37066,1959-07-03,,,,,,,
370665,2015-12-18,2.6E7,6.1E7,3.5E7,,,,
370755,2016-11-17,,2152738.0,,,,,
370765,2016-06-21,,,,,,,
37086,1957-07-17,,,,,,,
37087,1950-07-01,,,,,,,
37088,2003-09-09,,,,,,,
37091,2005-07-16,,,,,,,
37094,1993-02-26,2.5E7,4.0903593E7,1.5903593E7,,,,
370964,2015-12-04,1.8E7,1776333.0,-1.6223667E7,,,,
370978,2016-04-01,,,,,,,
37098,2009-09-07,,,,,,,
37100,1993-12-05,,,,,,,
371003,2015-12-05,,,,,,,
37103,1957-03-13,,,,,,,
37108,1995-08-11,,,,,,,
371084,2015-12-18,,,,,,,
37112,1956-06-08,,,,,,,
371181,2016-01-10,,,,,,,
37123,1958-10-28,,,,,,,
37124,1957-07-29,,,,,,,
37126,1954-01-01,,,,,,,
37137,1991-06-28,,8.6930411E7,,,,,
371451,2015-11-26,,,,,,,
371459,2017-01-19,,,,,,,
37146,1989-09-22,,,,,,,
371464,2016-04-14,,,,,,,
371492,2015-12-02,,43471.0,,,,,
371647,2016-09-01,,,,,,,
37165,1998-06-04,6.0E7,2.64118201E8,2.04118201E8,,,,
37169,2009-04-26,2011799.0,,,,,,
37172,2005-08-10,,,,,,,
37175,1980-01-01,,,,,,,
371759,2015-12-25,,,,,,,
37176,1982-01-01,,,,,,,
37177,1977-01-01,,,,,,,
37178,2009-06-26,,,,,,,
371806,2015-11-13,,,,,,,
37183,1953-11-11,,,,,,,
37185,1996-11-02,,,,,,,
371859,2016-11-02,,17355.0,,,,,
371865,2016-05-13,,112481.0,,,,,
37189,1987-02-04,,,,,,,
371899,2015-11-05,2000000.0,,,,,,
37190,2009-12-04,,263941.0,,,,,
37193,1947-02-01,,,,,,,
371942,2015-12-08,,,,,,,
37196,2008-01-01,,,,,,,
372058,2016-08-26,,3.5529827E8,,,,,
37206,2009-10-01,6000000.0,,,,,,
37211,1988-01-01,,,,2.75,2,0.3535533905932738,2007-02-11
372113,2015-09-24,,,,,,,
37213,2006-07-12,,,,,,,
37214,1951-05-04,,,,,,,
37215,1934-03-30,,,,,,,
37216,1959-08-01,,,,,,,
372174,2014-01-01,,,,,,,
37218,1993-10-01,120.0,,,,,,
372226,2016-02-04,325000.0,1600000.0,1275000.0,,,,
37230,1960-08-29,,,,,,,
372315,2016-01-29,,,,,,,
37232,2003-09-09,,,,,,,
372411,2016-07-01,,3.7915971E7,,,,,
37244,1997-08-22,,,,,,,
37247,1967-12-21,3000000.0,1.04945305E8,1.01945305E8,,,,
37255,2004-05-04,,,,,,,
37258,1977-10-16,,,,,,,
37259,2010-02-19,,,,,,,
37264,1992-04-03,,,,,,,
37265,1992-02-21,,,,,,,
37266,2004-01-01,,,,,,,
37269,2009-04-19,,,,,,,
37272,1998-01-29,,,,,,,
372754,2016-02-20,,,,,,,
372821,2015-08-29,,,,,,,
37288,2001-10-13,,,,,,,
37291,1990-09-09,700000.0,,,,,,
37292,1950-08-01,,,,,,,
37294,1948-10-16,,,,,,,
372946,2003-06-06,,,,,,,
37296,1984-12-21,,,,,,,
372981,2015-12-26,,,,,,,
37300,1948-05-15,,,,,,,
37301,1966-05-31,,,,,,,
37306,2006-06-04,,,,,,,
37307,1991-07-01,,,,,,,
373072,2016-01-24,,,,,,,
37308,1969-03-26,,,,,,,
37309,1946-07-17,,,,,,,
37312,2008-11-21,,,,,,,
37315,1964-04-05,,,,,,,
37316,1966-12-06,,,,,,,
37317,1955-09-22,,,,,,,
373247,2016-08-11,2000000.0,,,,,,
37327,1950-04-19,,,,,,,
373314,2016-02-05,,,,,,,
37333,1993-02-23,,,,,,,
37335,1981-05-27,,,,,,,
373355,2016-09-23,,,,,,,
373357,1991-01-01,,,,,,,
373397,2016-08-25,,,,,,,
37340,1952-12-01,,,,,,,
37342,1963-10-30,,,,,,,
373442,2016-01-22,,,,,,,
37345,1994-09-16,,3021629.0,,,,,
373451,2016-02-06,,,,,,,
373453,2016-01-24,,,,,,,
373471,2016-07-29,,,,,,,
373472,2016-01-25,,16905.0,,,,,
373481,2016-01-25,,,,,,,
37351,2003-06-11,,,,,,,
373514,1970-11-20,,,,,,,
37352,1948-12-05,,,,,,,
37354,2009-08-16,,,,,,,
37376,1969-02-23,,,,,,,
373841,2016-10-20,,,,,,,
373878,2015-10-01,2000000.0,,,,,,
373922,2016-06-02,,,,,,,
373977,2015-12-14,,,,,,,
374021,1967-04-16,,,,,,,
37404,1994-04-24,,,,,,,
37405,2006-11-02,,,,,,,
374052,2016-11-11,,,,,,,
37412,1959-06-10,,,,,,,
374142,2015-11-27,,,,,,,
37419,2006-03-17,,,,,,,
374205,2016-07-23,,6.6207073E7,,,,,
374247,2015-12-03,,,,,,,
374251,2016-10-05,,,,,,,
37429,2009-01-09,,,,,,,
37430,2011-08-17,9.0E7,4.8795021E7,-4.1204979E7,,,,
37431,1995-05-12,,,,,,,
374319,2015-12-25,,,,,,,
37432,2008-08-02,,,,,,,
37433,1989-04-15,,,,,,,
37434,2007-09-22,,,,,,,
37437,1969-01-01,,,,,,,
37440,2008-01-01,,,,,,,
374416,2016-01-01,1.0E7,,,,,,
374440,2016-01-26,,,,,,,
37445,1995-10-14,,,,,,,
374452,2016-08-03,1488410.0,,,,,,
374460,2015-12-26,,,,,,,
374464,2016-11-16,,,,,,,
374465,2016-03-16,2100000.0,282382.0,-1817618.0,,,,
374471,2017-09-14,,,,,,,
374473,2016-10-21,,260354.0,,,,,
374475,2016-07-14,3537415.0,1390172.0,-2147243.0,,,,
374515,2015-12-26,4000000.0,,,,,,
37453,2006-11-26,,,,,,,
374603,2016-01-02,,,,,,,
374607,2016-01-16,,,,,,,
374609,2016-01-23,,,,,,,
374618,2015-10-17,,,,,,,
37468,1950-04-26,,,,,,,
374698,2001-10-24,,,,,,,
374720,2017-07-19,,5.19876949E8,,,,,
374764,2015-11-12,,,,,,,
37482,1949-04-22,,,,,,,
37488,1972-12-20,,,,,,,
374883,1963-02-21,,,,,,,
37495,2010-05-07,967686.0,4270000.0,3302314.0,,,,
37498,1998-09-04,3.3E7,,,,,,
375012,2016-10-07,,,,,,,
37502,2005-06-14,8000000.0,,,,,,
37512,1976-10-07,,,,,,,
37513,1949-03-19,,,,,,,
37516,1998-09-16,,,,,,,
375167,2016-01-05,,,,,,,
375170,2015-11-17,,,,,,,
375199,2016-03-04,1500000.0,,,,,,
37523,2009-08-08,,,,,,,
37526,1998-12-11,,,,,,,
37530,1987-05-14,,7800000.0,,,,,
375315,2016-06-24,,2402067.0,,,,,
37532,1998-10-07,1.0,,,,,,
37533,1989-11-08,,,,,,,
37534,2009-12-18,,,,,,,
375345,2016-01-12,,,,,,,
375355,2016-10-22,,,,,,,
37536,1998-11-25,3500000.0,9247881.0,5747881.0,,,,
37550,1975-12-20,,,,,,,
37557,1995-04-30,,,,,,,
375572,2016-04-07,,,,,,,
375573,2016-09-01,,,,,,,
37558,1999-04-06,,,,,,,
375599,2015-11-27,,5000.0,,,,,
37560,1961-12-07,,,,,,,
37563,1996-06-05,,,,,,,
37564,2009-06-02,,,,,,,
37570,2009-12-18,,,,,,,
37571,1976-09-14,,,,,,,
375746,2015-09-25,,,,,,,
37581,1933-03-09,,,,,,,
37582,1977-10-06,,,,,,,
37584,2008-09-06,,,,,,,
37585,1985-07-13,,,,,,,
37586,2007-11-09,,,,,,,
375867,2016-09-12,5000000.0,6700000.0,1700000.0,,,,
37587,1988-03-09,,,,,,,
375872,2016-08-26,,,,,,,
375950,2016-03-23,,,,,,,
37596,1957-04-18,,,,,,,
37598,1979-06-15,,,,,,,
37600,2004-09-16,,,,,,,
376003,2016-01-05,,,,,,,
376004,2016-01-05,750000.0,,,,,,
37601,1972-04-10,,,,,,,
37603,2004-09-06,,,,,,,
37605,1960-02-19,,,,,,,
37606,1989-11-17,3.3E7,1132112.0,-3.1867888E7,,,,
37609,2006-07-31,,,,,,,
37610,1958-11-02,,,,,,,
37613,1998-07-22,,,,,,,
376134,2017-03-31,,,,,,,
37615,1949-02-25,,,,,,,
37616,1995-09-07,,,,,,,
37618,1972-12-05,,,,,,,
37621,1994-01-01,,,,,,,
376228,2016-09-23,,,,,,,
37626,1976-08-01,,,,,,,
376261,2016-05-20,,,,,,,
376263,2016-04-02,1600000.0,,,,,,
37627,1974-11-06,,,,,,,
37628,1955-01-01,,,,,,,
37629,1989-10-31,,,,,,,
376290,2016-11-25,1.3E7,3500605.0,-9499395.0,,,,
3763,1964-11-21,,,,3.4285714285714284,21,0.9654754565201836,2007-07-04
37632,2001-12-10,,,,,,,
37635,1954-04-15,,,,,,,
376358,2012-01-06,,,,,,,
37636,1998-06-12,,1929168.0,,,,,
376387,2016-07-22,,,,,,,
376394,2003-03-26,175000.0,,,,,,
37640,1988-09-15,,,,,,,
37641,2004-08-27,1.15E7,,,,,,
376426,2016-07-15,,,,,,,
376453,2016-07-29,1000000.0,,,,,,
37650,1937-11-25,,,,,,,
376501,2016-01-25,,,,,,,
376515,2016-02-22,,,,,,,
37653,1995-12-13,7500000.0,,,,,,
376530,2016-11-02,,3162153.0,,,,,
376534,2016-09-09,,,,,,,
376543,1968-11-28,,,,,,,
376553,1969-03-14,,,,,,,
376570,2016-03-12,,,,,,,
376579,2016-08-05,,,,,,,
37658,1936-08-29,,,,,,,
3766,1947-12-24,,,,3.3333333333333335,3,0.5773502691896258,2003-02-25
37662,1970-12-21,,,,,,,
37665,2009-02-25,,,,,,,
376659,2016-07-28,2.0E7,1.83936074E8,1.63936074E8,,,,
37667,1994-05-03,,,,,,,
376681,2015-11-20,,,,,,,
3767,1946-02-14,,,,,,,
376716,2016-02-18,,4314688.0,,,,,
37673,1997-05-09,,,,,,,
37679,1958-06-25,,,,,,,
376812,2016-07-06,1.04E7,1.02E8,9.16E7,,,,
37684,1964-11-26,,,,,,,
37686,2011-06-08,5.0E7,2.60095987E8,2.10095987E8,,,,
376867,2016-10-21,4000000.0,6.5046687E7,6.1046687E7,,,,
37688,2010-03-19,,,,,,,
37690,2010-04-16,,,,,,,
37691,2000-05-10,,,,,,,
376916,2015-11-15,,,,,,,
376934,2005-01-10,,,,,,,
37695,2009-05-07,4000000.0,,,,,,
376951,1988-01-01,,,,,,,
37696,2003-01-13,,,,,,,
37698,1939-10-23,,,,,,,
377,1984-11-14,1800000.0,2.5504513E7,2.3704513E7,3.566666666666667,180,0.8959873303174468,2016-09-14
37702,1996-02-16,,,,,,,
37707,2009-10-06,2.6E7,,,,,,
37708,2010-06-01,,,,,,,
37710,2010-12-08,1.0E8,2.78731369E8,1.78731369E8,,,,
37711,2005-05-28,,,,,,,
377136,2007-01-10,,,,,,,
37714,2009-04-15,3000000.0,,,,,,
37715,2008-02-09,1000000.0,,,,,,
377150,2016-04-27,,,,,,,
377151,2016-02-18,,,,,,,
37716,2000-03-24,,,,,,,
377170,1936-09-04,,,,,,,
377196,1999-01-01,,,,,,,
377206,2016-01-12,,,,,,,
37721,2009-04-23,,,,,,,
377213,2016-06-10,5069632.0,4817642.0,-251990.0,,,,
37722,2000-03-23,8500000.0,327418.0,-8172582.0,,,,
37727,1984-10-19,,,,2.4545454545454546,11,0.8790490729915326,2016-10-07
377274,2016-10-05,,,,,,,
377275,2016-09-14,,,,,,,
377278,2016-06-08,,,,,,,
37728,1989-11-03,,,,,,,
377287,2016-04-20,,,,,,,
37730,2000-12-25,,,,,,,
37731,1995-02-03,,,,3.65,10,1.1067971810589328,2015-11-12
37735,2010-09-10,8000000.0,7.4952305E7,6.6952305E7,,,,
37736,2004-05-13,,,,3.0,1,,2006-05-27
377362,2015-10-30,,,,,,,
37737,2010-05-21,,,,,,,
377428,2016-01-31,,,,,,,
37744,1950-06-02,,,,,,,
377448,2016-10-20,,,,,,,
377462,2016-05-20,,,,,,,
37748,2002-10-18,,,,,,,
37749,1977-10-19,,2.2512655E7,,,,,
377516,2016-01-17,,,,,,,
377565,2016-01-14,,,,,,,
37757,2010-05-04,,,,,,,
37766,2006-08-25,,,,,,,
37767,1980-01-19,,,,,,,
37768,1982-01-22,,,,,,,
37769,1976-04-15,,,,,,,
377691,2017-03-02,,,,,,,
37775,1981-02-20,,,,,,,
37776,2008-08-05,,,,,,,
37777,1983-10-27,,,,,,,
377799,2015-09-30,,,,,,,
37780,2006-08-01,,,,,,,
377823,2015-12-10,,,,,,,
377853,2016-01-27,,,,,,,
37786,2010-05-26,1.0E8,2.88347692E8,1.88347692E8,,,,
37793,1997-09-04,,,,,,,
377985,2016-04-15,1.6E7,2.9251596E7,1.3251596E7,,,,
37799,2010-09-30,4.0E7,2.24920315E8,1.84920315E8,,,,
378,1987-03-01,6000000.0,2.918028E7,2.318028E7,3.25,12,1.0552897060221726,2015-08-23
3780,1965-04-03,,,,2.0,1,,2000-09-04
37801,2004-05-14,,,,,,,
378064,2016-09-17,,1.9606617E7,,,,,
378092,2016-03-01,,,,,,,
37810,2009-05-20,,,,,,,
37817,2007-03-30,,,,,,,
37818,1987-05-01,,,,,,,
3782,1952-10-09,,55240.0,,,,,
37820,1990-11-08,,,,,,,
37821,2010-06-04,7.5E7,9.8159963E7,2.3159963E7,,,,
37822,2010-05-07,6250000.0,8500000.0,2250000.0,,,,
378221,2016-01-18,,,,,,,
378236,2017-07-28,5.0E7,6.6913939E7,1.6913939E7,,,,
37832,2010-04-21,,,,,,,
378348,2016-02-03,,50.0,,,,,
3784,1991-10-18,,2.2773535E7,,3.0,2,0.0,2002-01-05
37842,2009-05-20,,,,,,,
378435,1993-02-12,,,,,,,
378441,2016-07-01,,,,,,,
378446,2016-03-16,,,,,,,
37845,2008-09-30,,,,,,,
378452,1982-11-10,,,,,,,
378480,2016-01-30,,,,,,,
378483,2016-03-31,,,,,,,
37849,2009-11-20,,,,,,,
37850,2009-10-08,,,,,,,
378503,2016-02-11,,,,,,,
378505,2016-02-15,,,,,,,
37851,2010-04-15,,2294357.0,,,,,
37853,1955-07-13,,,,3.25,2,0.3535533905932738,2009-05-31
378570,2016-01-21,,,,,,,
378607,2016-01-20,,,,,,,
37865,1990-05-09,,,,,,,
37866,1991-11-28,,,,,,,
37873,1969-12-05,,,,,,,
37876,1987-05-16,,,,,,,
378813,2016-03-31,,,,,,,
378918,1973-01-31,,,,,,,
37903,2009-05-21,1.52388E7,,,,,,
37910,2002-02-02,,,,,,,
37916,1974-12-18,,,,,,,
37917,1982-12-15,,,,,,,
37918,2003-09-21,,,,,,,
37920,2001-06-22,,850225.0,,,,,
37921,1965-04-06,,,,,,,
379220,2016-01-07,,,,,,,
37923,1979-05-04,,,,,,,
37924,2006-01-03,,,,,,,
37925,2010-02-17,,,,,,,
37926,1990-12-18,,,,,,,
37927,1953-05-01,,,,,,,
379275,1998-01-01,,,,,,,
379297,2016-01-23,,,,,,,
379300,2016-08-18,,,,,,,
37932,2010-05-04,,,,,,,
37936,1981-05-15,,,,,,,
379371,2016-01-25,,,,,,,
37938,1978-10-31,,,,,,,
379388,2017-01-27,,,,,,,
37939,1963-04-21,,,,,,,
37941,2010-02-26,3000000.0,1.2E7,9000000.0,,,,
37943,1983-05-01,,123572.0,,,,,
37947,2004-01-01,,,,,,,
37949,1999-06-02,,,,,,,
37950,2010-05-01,4.4E7,4.8190704E7,4190704.0,,,,
379508,1963-11-11,,,,,,,
37951,2010-06-04,,,,,,,
37963,2009-09-23,,,,,,,
37964,2002-10-05,,2.7362712E7,,,,,
37969,1963-11-20,,,,,,,
37973,2007-03-28,,,,,,,
379779,2014-04-22,,,,,,,
37984,2007-06-21,,,,,,,
37985,2007-06-15,,,,,,,
37988,2004-07-22,,,,,,,
37992,1944-01-28,,,,,,,
379959,2016-01-23,,,,,,,
37997,1980-01-01,,,,,,,
37998,2000-05-23,,,,,,,
379992,2016-02-21,,,,,,,
379998,2016-02-17,,,,,,,
38,2004-03-19,2.0E7,7.2258126E7,5.2258126E7,2.0,2,1.4142135623730951,2002-04-19
380,1988-12-11,2.5E7,4.128E8,3.878E8,3.515151515151515,198,0.909494603491092,2016-09-07
38000,2007-12-27,,,,,,,
380057,2015-10-27,,,,,,,
380058,2016-01-01,,,,,,,
38006,1957-08-26,,,,,,,
380061,2016-03-24,,,,,,,
38007,2006-01-01,,,,,,,
38010,2009-03-20,,,,,,,
38011,2005-12-01,,,,,,,
380111,2016-04-21,1.0E7,2.7305571E7,1.7305571E7,,,,
380124,2016-10-21,,,,,,,
38013,2005-10-08,,,,,,,
38019,2005-09-10,,,,,,,
38020,1977-11-18,,,,,,,
38021,2004-01-01,,,,,,,
38023,1938-07-06,,,,,,,
38025,2006-03-02,,,,,,,
380254,2016-01-27,,,,,,,
38031,2010-05-23,,,,,,,
38035,1972-06-09,,,,,,,
380372,2013-09-07,,,,,,,
38043,1989-07-21,,,,,,,
380438,2001-01-01,,,,,,,
38046,2004-11-02,,,,,,,
38052,2007-01-01,,,,,,,
38054,2005-01-01,,,,,,,
38057,2007-06-29,,,,,,,
38060,1972-02-14,,,,,,,
380620,2016-06-18,,,,,,,
380623,2016-08-31,,,,,,,
380699,2015-11-20,,,,,,,
38074,1983-08-25,,,,,,,
380762,2016-04-07,,,,,,,
38077,1932-10-22,,,,,,,
380771,1970-10-30,,,,,,,
38080,1976-03-10,,,,,,,
380808,2016-07-08,,,,,,,
38082,1979-01-01,,,,,,,
380841,1991-12-13,,,,,,,
380856,2016-02-09,,,,,,,
380864,1998-01-05,,,,,,,
38091,1999-11-26,,,,,,,
38093,2010-05-14,,2.1520719E7,,,,,
38096,1969-06-10,,3.0,,,,,
381008,2017-01-13,,,,,,,
381009,2017-03-03,,,,,,,
381011,2016-11-16,,,,,,,
381015,2016-12-02,,,,,,,
381018,2016-09-09,,,,,,,
381019,2016-03-13,,,,,,,
381021,2016-12-02,,,,,,,
381024,2016-03-14,,,,,,,
381032,2017-05-05,,,,,,,
381034,2016-08-26,,,,,,,
381054,2015-04-16,,,,,,,
381058,2016-09-16,,,,,,,
381064,2017-02-17,,,,,,,
38107,1934-07-30,,,,,,,
381071,2016-03-18,,,,,,,
381096,2016-03-12,,,,,,,
38111,2008-01-01,,,,,,,
38117,2011-01-21,1.7E7,4.3165571E7,2.6165571E7,,,,
38120,1957-03-01,,,,,,,
38125,1965-05-01,,,,,,,
381255,2016-03-02,,,,,,,
38126,1959-07-01,,,,,,,
381277,2016-03-11,,,,,,,
381284,2016-12-10,2.5E7,2.30698791E8,2.05698791E8,,,,
381288,2016-11-15,9000000.0,2.76921998E8,2.67921998E8,,,,
381289,2017-01-19,2.2E7,1.94647323E8,1.72647323E8,,,,
381298,2016-02-05,,,,,,,
381341,2016-02-11,,,,,,,
38135,2000-05-18,1000000.0,,,,,,
381353,2016-03-23,,,,,,,
381356,2016-03-30,,,,,,,
381374,2016-02-04,,2500000.0,,,,,
38138,2010-04-20,,,,,,,
38140,2007-08-31,4002313.0,6.0,-4002307.0,,,,
38141,1987-10-01,,,,,,,
381418,2016-02-05,,,,,,,
381449,2016-11-03,,,,,,,
38145,1999-01-01,,,,,,,
38147,1980-10-03,,,,,,,
38150,2009-11-21,,,,,,,
381505,2013-05-18,,,,,,,
381507,2016-03-01,,,,,,,
381525,2016-01-27,,,,,,,
38155,1983-02-05,,,,,,,
38156,2010-04-07,,,,,,,
38163,2006-09-01,,,,,,,
38165,1973-03-17,,,,,,,
38167,2010-08-12,,2.04594016E8,,,,,
381670,,,,,,,,
381737,2016-02-06,,,,,,,
381767,2016-02-14,,,,,,,
38178,1987-11-20,,,,,,,
38187,2001-01-01,,,,,,,
381890,2016-02-08,6.072E7,5.53810228E8,4.93090228E8,,,,
38190,2002-01-01,,,,,,,
38198,1988-11-30,,,,,,,
38201,1975-08-01,,,,,,,
38202,1998-11-01,,,,,,,
382088,2016-01-19,,,,,,,
382127,2017-06-15,10000.0,,,,,,
382143,2016-03-24,,,,,,,
382155,2016-01-22,,,,,,,
382170,2016-03-26,,,,,,,
382207,2016-08-06,1600000.0,,,,,,
38221,1970-08-01,,,,,,,
382212,2016-07-29,,,,,,,
382217,2016-11-10,,,,,,,
38222,1970-06-17,,,,,,,
382220,2016-12-21,,,,,,,
38225,1997-07-02,,,,,,,
38226,1997-12-06,,,,,,,
382322,2016-07-21,3500000.0,3775000.0,275000.0,,,,
38238,2009-09-10,,,,,,,
382399,2016-04-08,,53447.0,,,,,
38243,1980-12-18,,,,,,,
382436,,,,,,,,
38244,2003-09-05,,,,,,,
382455,2016-07-20,,,,,,,
38246,1991-05-01,,,,,,,
382474,2016-02-11,,,,,,,
382509,2016-09-21,,,,,,,
38251,1991-01-31,,4532791.0,,,,,
382518,2016-07-13,,,,,,,
382523,2012-10-17,,,,,,,
38255,1981-01-01,,,,,,,
382581,2016-02-12,,,,,,,
382589,2017-02-15,,,,,,,
382591,2016-12-07,,1447740.0,,,,,
382595,2016-11-30,,,,,,,
382598,2016-11-11,,,,,,,
382602,2016-06-18,,,,,,,
382614,2017-06-16,1.0E7,4219536.0,-5780464.0,,,,
38262,1986-01-01,,,,,,,
38264,2010-04-01,,,,,,,
382651,2015-01-01,,,,,,,
382653,2016-02-12,,,,,,,
38267,1965-05-26,,,,,,,
38268,1977-12-17,,,,,,,
382725,2015-11-19,,,,,,,
38274,1999-11-06,,,,,,,
382751,2016-02-13,,,,,,,
38280,2006-04-01,,,,,,,
38281,1965-01-01,,,,,,,
38282,2007-03-07,,,,,,,
38285,1984-01-01,,,,,,,
38286,1997-12-27,,,,,,,
382873,2016-03-04,,,,,,,
382883,2017-05-12,,,,,,,
38289,1982-01-01,,,,,,,
382892,2016-04-27,,,,,,,
382899,2016-01-27,,,,,,,
382906,2016-02-13,,,,,,,
38291,1983-09-21,,,,,,,
38293,1979-08-12,,,,,,,
38294,2000-11-03,,,,,,,
382951,2016-02-15,,,,,,,
382962,,,,,,,,
383064,2016-02-15,,,,,,,
38307,2009-09-01,,,,,,,
38309,2005-01-02,,,,,,,
38310,1985-01-01,,,,,,,
383121,2016-05-17,,,,,,,
38319,2011-04-08,4.99E7,2.6121638E7,-2.3778362E7,,,,
383216,2016-02-19,,,,,,,
38323,1976-12-10,,,,,,,
383256,2016-02-14,1000000.0,,,,,,
38328,2004-01-01,,,,,,,
38329,1979-01-01,,,,,,,
38330,2005-09-13,,,,,,,
38332,2005-10-13,,,,,,,
383367,2016-04-29,,,,,,,
38348,1994-09-29,,,,,,,
38349,2004-09-13,,,,,,,
383535,2016-03-25,3650000.0,,,,,,
383538,2017-05-02,4000000.0,,,,,,
38356,2011-06-28,1.95E8,1.123746996E9,9.28746996E8,,,,
383567,2016-02-26,,,,,,,
38357,2010-01-12,4.0E7,5.878518E7,1.878518E7,,,,
38358,2010-08-27,1800000.0,6.773809E7,6.593809E7,,,,
38359,1974-03-25,,,,,,,
38362,1976-08-12,,,,,,,
38364,1958-12-04,,,,,,,
38365,2010-06-24,8.0E7,2.71430189E8,1.91430189E8,,,,
38371,2002-03-15,,,,,,,
383725,2001-10-18,,,,,,,
383743,2016-02-18,,,,,,,
38376,2003-09-11,,,,,,,
383785,2017-01-27,6.5E7,2.54212245E8,1.89212245E8,,,,
383788,2016-12-01,,,,,,,
383809,2016-02-24,,,,,,,
38382,1955-01-01,,,,,,,
38389,1956-01-01,,,,,,,
383914,1980-08-25,,,,,,,
38395,1949-07-28,,,,,,,
38396,1998-01-01,,,,,,,
38397,2002-01-01,,,,,,,
384021,2016-02-26,,,,,,,
38404,1952-09-04,,,,,,,
38407,2010-06-10,,,,,,,
38408,2010-10-02,3.8E7,1.05610124E8,6.7610124E7,,,,
38409,2009-01-01,,,,,,,
38410,2007-04-27,,,,,,,
384111,2016-03-01,,,,,,,
38417,1952-10-15,,,,,,,
384205,2014-07-26,,,,,,,
38421,1964-06-12,,,,,,,
38425,1983-02-13,,,,,,,
384262,2016-02-19,,,,,,,
384289,2016-11-04,,,,,,,
38429,2007-09-09,,,,,,,
38430,1973-01-01,,,,,,,
38437,1937-04-21,,,,,,,
384371,2016-04-20,,,,,,,
38438,1979-12-19,,,,,,,
38440,2006-04-28,,,,,,,
38442,1967-12-15,,,,,,,
38445,2009-08-27,,,,,,,
384450,2016-04-01,,,,,,,
38446,1974-11-05,,,,,,,
38450,1976-04-22,,,,,,,
38453,1931-06-21,,,,,,,
38454,1937-09-22,,,,,,,
38456,1940-05-02,,,,,,,
38457,1940-09-06,,,,,,,
384573,2016-04-15,,,,,,,
38458,1940-03-01,,,,,,,
384581,2016-05-18,,,,,,,
38459,1940-12-13,,,,,,,
384594,2016-10-01,,,,,,,
38460,1941-03-28,,,,,,,
38461,1941-09-05,,,,,,,
38462,1944-02-14,,,,,,,
38464,1944-08-19,,,,,,,
38465,1945-09-29,,,,,,,
384669,2005-01-01,,,,,,,
384682,2016-11-25,,1.14501299E8,,,,,
384683,2016-02-19,,,,,,,
38469,1946-06-27,,,,,,,
38471,1946-05-25,,,,,,,
38472,1946-11-30,,,,,,,
384798,2016-05-13,,,,,,,
384845,2016-02-27,,,,,,,
38499,1995-01-01,,,,4.4,5,0.4183300132670377,2015-12-31
38502,2008-08-25,,,,,,,
38503,2000-02-24,,,,,,,
38505,1993-08-18,,,,,,,
38510,2001-10-14,,,,,,,
385114,2016-09-12,,,,,,,
38516,2005-04-18,,,,,,,
38517,2004-01-01,,,,,,,
385232,2015-10-10,,,,,,,
385261,2016-04-13,,,,,,,
38530,2003-09-16,,,,,,,
385317,2016-03-01,,,,,,,
385371,2016-03-01,,,,,,,
385372,2016-09-13,,,,,,,
385379,2015-10-16,,,,,,,
385390,2016-04-16,,,,,,,
38540,2011-05-19,,,,,,,
38542,2009-09-12,800000.0,867714.0,67714.0,,,,
38545,1989-04-01,,,,,,,
38546,2005-11-30,,,,,,,
38548,2000-07-01,,,,,,,
38551,2008-09-20,,,,,,,
38553,2003-02-01,,,,,,,
38554,1996-11-01,,,,,,,
38556,1983-05-20,,,,,,,
38557,1984-12-01,,1.15E7,,,,,
385654,2015-10-15,,,,,,,
38568,2010-08-26,30000.0,617000.0,587000.0,,,,
38570,2010-06-08,,,,,,,
385722,2016-11-24,1.5E7,,,,,,
385736,2016-09-09,,,,,,,
385737,2016-11-25,,,,,,,
38580,2006-09-07,,,,,,,
38582,1974-03-20,,,,,,,
38594,2008-10-01,,,,,,,
385962,2016-04-13,,,,,,,
38602,1980-11-25,,,,,,,
38604,2009-09-19,,,,,,,
38606,1966-03-29,,,,,,,
38608,2003-12-17,,,,,,,
38610,1995-04-08,,,,,,,
386100,2016-04-14,,,,,,,
38611,1979-05-08,,,,,,,
38614,2010-02-05,,,,,,,
38615,1988-09-30,,,,,,,
38617,1988-03-11,1.2E7,7242035.0,-4757965.0,,,,
386172,2016-04-28,,,,,,,
38618,1998-04-24,,,,,,,
38621,1997-09-14,,,,,,,
38622,2000-01-17,,,,,,,
38625,2009-06-13,,,,,,,
38626,2010-05-30,,,,,,,
38629,1979-12-05,1.22E7,,,,,,
38636,1999-01-01,,,,,,,
38637,2008-11-14,3000000.0,1.4E7,1.1E7,,,,
38638,1985-01-01,,,,,,,
38643,2003-09-07,,,,,,,
38645,2009-01-01,,,,,,,
38646,1971-11-29,,,,,,,
38652,1989-09-29,,,,,,,
38654,1971-03-09,,,,,,,
38655,1965-12-22,,,,,,,
38659,1958-09-01,,,,,,,
38665,1981-08-20,,2945600.0,,,,,
38674,1999-07-15,,,,,,,
38681,1965-08-13,,,,,,,
38683,1944-05-12,,,,,,,
386830,2016-04-05,,,,,,,
38688,1951-02-15,,,,,,,
38695,1989-05-24,,,,,,,
38697,1944-12-31,,,,,,,
3870,1976-09-03,9000000.0,,,3.0,1,,2002-02-02
38700,2018-11-07,,,,,,,
38702,1984-02-03,,,,,,,
387042,1985-10-16,,,,,,,
387054,2016-03-18,,,,,,,
38714,1973-02-14,,,,,,,
38715,1925-01-02,,,,,,,
38716,1938-03-18,,,,,,,
38717,2001-01-23,,,,,,,
38720,1966-01-01,,,,,,,
38722,1995-05-03,5500000.0,,,,,,
38724,1958-12-18,,,,,,,
387252,2016-03-11,,,,,,,
38726,1943-06-24,,,,,,,
38730,1915-01-12,,,,,,,
38742,1922-03-15,,,,,,,
38743,2007-04-23,,,,,,,
387444,1986-12-21,,,,,,,
38749,1993-04-02,,,,,,,
38751,1950-12-26,,,,,,,
38753,2010-09-10,8000000.0,,,,,,
387558,2016-03-05,,,,,,,
38759,1924-03-09,,,,,,,
38761,1972-10-04,,,,,,,
38765,1970-07-23,6000000.0,,,,,,
38769,1938-07-29,,,,,,,
38770,1941-05-14,,,,,,,
387700,2016-03-20,,,,,,,
38772,1980-09-19,,,,,,,
38773,1966-03-01,,,,,,,
38774,1938-06-24,,,,,,,
38775,1961-08-15,,,,,,,
38780,2009-08-14,,,,,,,
387801,2016-05-15,,,,,,,
38782,1983-12-27,,,,,,,
38783,1975-03-04,,,,,,,
38787,1922-11-15,,,,,,,
387889,2016-07-01,,,,,,,
38792,1969-04-28,,,,,,,
387957,1971-08-01,,,,,,,
38800,1966-02-02,,,,,,,
38802,1977-06-10,,,,,,,
388055,2002-01-31,,,,,,,
38807,1946-01-04,,,,,,,
38809,1999-09-04,1.0E7,5241315.0,-4758685.0,,,,
38810,2009-06-01,,110197.0,,,,,
38811,1949-11-25,,,,,,,
388182,2013-08-07,,,,,,,
388191,2016-05-14,,,,,,,
388192,2015-07-10,,,,,,,
388202,2017-01-06,1.0E7,,,,,,
38821,1999-01-14,,,,,,,
388235,2016-03-22,,,,,,,
388273,2016-03-18,500000.0,,,,,,
38828,2005-01-01,,,,,,,
38831,1960-01-28,,,,,,,
388347,2016-07-15,,,,,,,
38837,1977-09-05,,,,,,,
388399,2016-12-12,,5.0548152E7,,,,,
388403,2016-04-01,,,,,,,
38843,2010-07-23,,,,,,,
388440,2016-05-05,,,,,,,
388468,2016-04-08,,,,,,,
38866,2002-08-30,,,,,,,
38867,1995-06-09,,62949.0,,,,,
38868,2003-04-25,,,,,,,
38869,1982-12-25,,,,,,,
38870,1994-05-07,,,,,,,
38874,2001-11-30,1200000.0,,,,,,
388764,2016-07-01,,,,,,,
38877,2010-03-25,,,,,,,
38879,2008-12-17,,,,,,,
38880,2001-01-01,,,,,,,
38883,2010-01-03,,,,,,,
388907,2015-10-22,,,,,,,
388910,1943-12-17,,,,,,,
38898,1959-09-06,,,,,,,
38904,1997-09-01,,3309421.0,,,,,
389053,2016-05-27,,,,,,,
38908,2005-01-25,,,,,,,
38909,1988-07-09,,8892589.0,,,,,
38913,2008-04-29,,,,,,,
38916,1986-11-07,,,,,,,
389180,1969-03-21,,,,,,,
38920,1980-09-18,,,,,,,
38922,1980-02-01,,,,,,,
389272,2016-02-22,,,,,,,
38931,2009-11-13,,,,,,,
38932,2009-07-01,,,,,,,
38939,1972-03-09,,,,,,,
389396,2016-03-28,,,,,,,
38941,2008-12-26,,,,,,,
38944,2006-10-20,,,,,,,
38950,1988-08-26,,,,,,,
38951,2002-09-20,,,,,,,
38953,1970-12-09,,,,,,,
38955,1993-10-21,,,,,,,
38960,2001-03-16,,,,,,,
389614,2013-06-28,,,,,,,
38962,1954-03-19,,,,,,,
38963,2007-08-18,,1.4961069E7,,,,,
389630,2016-12-09,,,,,,,
38965,1988-04-08,,,,,,,
38966,1988-04-15,,,,,,,
38967,1990-02-02,,,,,,,
389677,2016-02-15,,,,,,,
38970,2003-02-11,,,,,,,
38981,1985-05-09,,,,,,,
38982,1988-11-18,,,,,,,
38983,2010-01-21,,,,,,,
38984,2009-12-30,,5753490.0,,,,,
38985,1977-06-24,2.2E7,1.2E7,-1.0E7,,,,
389868,2016-08-17,,,,,,,
38987,2000-01-01,,,,,,,
38988,2009-10-09,,,,,,,
389882,1992-04-01,,,,,,,
38995,2007-06-19,,,,,,,
389972,2016-03-16,,,,,,,
389995,2016-03-17,,,,,,,
390051,2017-04-06,1.05E7,3451.0,-1.0496549E7,,,,
39008,1977-12-23,,,,,,,
39013,2010-06-11,2000000.0,1.3831503E7,1.1831503E7,,,,
39023,2007-04-19,,,,,,,
39026,2010-05-24,,,,,,,
39027,1992-06-11,,,,,,,
39029,1968-06-22,,,,,,,
390296,2016-04-30,,,,,,,
390298,2016-04-16,,,,,,,
390319,2017-03-15,,,,,,,
390353,2016-04-28,10000.0,,,,,,
390357,2016-11-30,,,,,,,
390376,2015-12-30,,,,,,,
39039,1951-04-07,,,,,,,
390396,2016-09-14,,,,,,,
390409,2016-09-09,,,,,,,
390422,2001-11-11,,,,,,,
39043,1971-01-31,,,,,,,
390437,2016-04-01,,,,,,,
39044,1964-10-18,,,,,,,
39045,1987-08-06,8000000.0,3261638.0,-4738362.0,,,,
390526,2016-04-18,,,,,,,
39053,2010-06-18,7000000.0,,,,,,
39056,2000-12-07,,,,,,,
39057,2009-07-18,,5.0673078E7,,,,,
390582,2016-04-15,,,,,,,
390584,2016-04-16,,,,,,,
390587,2016-10-07,,,,,,,
390592,2016-06-24,,,,,,,
39060,2002-02-08,,,,,,,
39061,2005-07-13,,,,,,,
39062,1990-03-09,,715.0,,,,,
39064,2005-04-26,,,,,,,
390669,2016-03-31,,,,,,,
39067,2009-10-08,,,,,,,
39072,2009-10-16,,,,,,,
390734,2016-07-09,,269980.0,,,,,
39074,1987-01-16,,,,,,,
390747,2017-04-26,,,,,,,
390777,2016-10-14,,,,,,,
390782,2016-04-15,,,,,,,
39088,2002-06-06,,,,,,,
390880,2016-03-26,,,,,,,
390883,2017-04-17,65000.0,,,,,,
390930,2016-05-14,,,,,,,
390959,2000-10-22,,,,,,,
390989,2016-07-31,,,,,,,
391,1964-09-12,200000.0,1.45E7,1.43E7,3.0,3,0.0,2000-11-20
391004,2015-10-17,,,,,,,
39101,1990-06-07,,,,,,,
391039,2016-03-16,,,,,,,
39105,1993-07-10,,,,,,,
39106,1994-07-09,,,,,,,
391069,1969-04-03,,,,,,,
39107,1995-03-04,,,,,,,
39108,1995-07-15,,,,,,,
391088,2015-11-30,,,,,,,
39111,2008-04-25,,,,,,,
39113,1964-07-22,,,,,,,
39125,2003-03-27,,,,,,,
39128,1998-02-24,,,,,,,
39129,1995-06-20,,,,,,,
39130,1933-08-29,,,,,,,
391375,2016-04-12,3000000.0,,,,,,
39141,2002-11-01,150000.0,2891288.0,2741288.0,,,,
391438,1950-04-04,,,,,,,
39145,1987-07-18,,,,,,,
39154,1975-10-01,300000.0,,,,,,
391566,2016-04-04,,,,,,,
391618,2016-04-24,,,,,,,
391626,2016-05-06,,,,,,,
39164,1983-06-17,7500000.0,,,,,,
391642,2016-06-04,,,,,,,
391698,2016-09-15,,,,,,,
391709,2016-06-01,,,,,,,
39172,2009-10-23,,,,,,,
391778,2016-05-13,,,,,,,
39179,2003-11-21,,,,,,,
39185,2010-03-14,,,,,,,
391899,2016-04-08,,,,,,,
39194,1974-01-21,,,,,,,
391955,2016-04-08,,,,,,,
391997,1994-03-22,,,,,,,
392,2000-12-14,2.5E7,1.52500343E8,1.27500343E8,2.6666666666666665,3,2.0816659994661326,2000-11-20
392011,2017-02-10,,,,,,,
39209,1968-11-06,1455000.0,2620000.0,1165000.0,,,,
392124,2016-06-22,,,,,,,
39213,2010-06-13,,,,,,,
39214,1966-06-08,,,,,,,
39222,1963-09-11,,,,,,,
39227,2002-11-26,,,,,,,
392271,2017-02-24,,,,,,,
39230,1982-03-13,,,,,,,
392386,2016-04-09,,,,,,,
39240,2010-05-20,,,,,,,
392418,2017-03-17,,,,,,,
39242,2000-09-08,,,,,,,
39243,1986-04-10,,,,,,,
39246,2009-02-01,,,,,,,
39253,2011-01-12,,,,,,,
39256,1984-12-15,2000000.0,4100000.0,2100000.0,,,,
392572,2016-08-12,,,,,,,
39260,2009-10-03,,,,,,,
39261,1971-06-16,,,,,,,
392629,2016-06-19,,,,,,,
39263,1971-06-16,,,,,,,
39264,1973-03-17,760000.0,,,,,,
39266,1935-03-28,,,,,,,
392660,2016-04-15,,,,,,,
39269,1980-05-01,,,,,,,
39276,1967-07-22,,,,,,,
392788,2016-09-07,,,,,,,
392807,2016-09-02,,,,,,,
392812,2016-09-28,,,,,,,
392817,2016-04-12,,,,,,,
39282,1975-03-15,,,,,,,
392820,2016-10-28,,,,,,,
39286,2007-01-11,,,,,,,
39287,1966-04-21,,,,,,,
392885,2016-04-17,,,,,,,
392891,2016-04-22,,,,,,,
392961,2016-04-15,,,,,,,
39298,2005-01-01,,,,,,,
392985,2016-03-25,,,,,,,
393,2004-04-16,,1.52159461E8,,2.1,5,1.02469507659596,2006-07-29
39306,1951-02-21,,,,,,,
39308,1967-02-25,,,,,,,
39310,1995-04-19,,,,,,,
393158,2016-06-03,,,,,,,
39318,1959-03-20,,,,,,,
393184,2016-07-27,,,,,,,
39319,2009-10-03,,,,,,,
393196,2005-12-17,,,,,,,
39323,1990-10-17,,,,,,,
39331,2003-08-22,,,,,,,
39333,2010-02-10,,,,,,,
39335,1996-10-17,,,,,,,
393367,2016-08-04,,,,,,,
3934,1986-04-23,,,,4.0,1,,2000-12-22
393407,2016-06-01,,,,,,,
39341,2006-10-25,,,,,,,
39342,1977-10-03,,,,,,,
393443,2016-04-17,,,,,,,
393445,2016-10-27,,,,,,,
39346,1997-09-09,,,,,,,
393519,2016-10-07,3500000.0,4100000.0,600000.0,,,,
393559,2016-10-12,8000000.0,292279.0,-7707721.0,,,,
39356,2010-02-14,3.0,43.0,40.0,,,,
393561,2017-05-05,,,,,,,
393562,2016-06-24,521873.0,1013926.0,492053.0,,,,
39358,2009-02-09,,,,,,,
393629,2016-01-23,220093.0,,,,,,
393658,2016-05-14,,,,,,,
393659,2016-06-04,,,,,,,
39369,2008-12-05,,,,,,,
393695,2016-04-28,,,,,,,
3937,1940-02-29,,,,2.5,2,0.7071067811865476,2004-08-31
393729,2016-08-31,,,,,,,
393732,2016-10-21,,,,,,,
39376,2009-05-29,,,,,,,
393764,2016-06-08,,,,,,,
393765,2016-10-14,,,,,,,
39378,2009-04-30,,,,,,,
3938,1940-10-31,,,,4.0,1,,2000-11-20
393834,2016-07-07,,,,,,,
393841,2016-07-29,200000.0,5500000.0,5300000.0,,,,
393857,2016-04-21,,,,,,,
39386,2004-10-06,,,,,,,
39387,1965-12-12,,,,,,,
39391,1962-12-01,,,,,,,
393939,2016-09-15,,,,,,,
393945,2016-11-18,,,,,,,
39395,2008-01-01,,,,,,,
393961,2016-04-21,,,,,,,
39400,1958-02-20,,,,,,,
39401,2008-04-27,1000000.0,,,,,,
394034,2016-05-13,,,,,,,
39406,1986-01-24,,,,,,,
394063,2016-04-30,,,,,,,
39407,1944-10-20,,,,,,,
39409,1951-06-21,,,,,,,
3941,1941-02-27,,,,4.0,1,,2000-11-20
39410,1961-07-30,,,,,,,
39414,2009-06-15,,,,4.333333333333333,3,0.5773502691896257,2008-01-12
39415,1980-09-03,,,,,,,
394170,2016-05-04,,,,,,,
394185,2016-10-10,,,,,,,
394223,2016-04-03,,,,,,,
394224,2005-01-23,,,,,,,
39424,1998-04-24,,,,,,,
394244,1997-10-04,,,,,,,
394269,2016-04-23,,,,,,,
39428,1995-08-23,,,,,,,
39434,1996-01-26,,,,,,,
39436,2001-01-05,4000000.0,,,,,,
39437,1998-10-16,,,,,,,
394385,2010-02-18,,,,,,,
39440,2010-09-24,,,,,,,
394415,2016-04-23,,,,,,,
39448,1985-01-01,,,,,,,
39449,1995-03-28,,,,,,,
394499,2016-06-30,840000.0,,,,,,
39451,2010-12-21,1.0E8,3.10650585E8,2.10650585E8,,,,
39452,2010-01-24,,4790751.0,,,,,
39459,1939-03-11,,,,,,,
394632,2016-02-24,,,,,,,
394645,2016-10-26,,,,,,,
39466,1994-12-10,1.03E7,,,,,,
39467,1997-09-01,,,,,,,
394689,2016-05-05,,,,,,,
39469,2003-12-13,,,,,,,
39472,1992-07-17,30.0,4.0,-26.0,,,,
394723,2016-05-19,,,,,,,
39473,1994-10-28,,3180674.0,,,,,
394770,2017-06-09,,,,,,,
394822,2017-08-03,,,,,,,
39485,1951-12-31,,,,,,,
39486,2010-08-20,,6.0251371E7,,,,,
39494,1933-06-10,,,,,,,
395,2004-08-12,7.0E7,1.71183863E8,1.01183863E8,,,,
39503,1980-12-19,,,,,,,
39509,2009-05-01,,,,,,,
39510,2006-10-04,,,,,,,
39516,2004-01-01,,,,,,,
39517,2007-07-22,,,,,,,
39519,1967-08-03,,,,,,,
39522,2010-04-10,,,,,,,
395278,2016-05-02,,,,,,,
39535,1973-01-01,,,,,,,
39541,2002-03-22,,,,,,,
39543,1980-05-21,,,,,,,
39545,2009-05-14,,,,,,,
395452,2016-06-15,3500000.0,1492523.0,-2007477.0,,,,
395479,2016-04-28,,,,,,,
395531,2016-04-30,,,,,,,
39554,1975-06-01,,,,,,,
395560,2015-12-23,1300000.0,,,,,,
39557,1957-11-10,,,,,,,
39558,1959-05-01,,,,,,,
39567,1976-09-23,,,,,,,
395834,2017-08-03,1.1E7,1.84770205E8,1.73770205E8,,,,
395883,2015-11-08,,,,,,,
395914,1991-09-07,,,,,,,
395965,2016-05-11,,,,,,,
395982,2017-02-10,,,,,,,
395992,2017-03-22,5.8E7,1.00541806E8,4.2541806E7,,,,
396,1966-06-21,7500000.0,3.3736689E7,2.6236689E7,,,,
396004,2016-08-19,,,,,,,
396109,2016-05-01,,500.0,,,,,
396232,2016-05-27,,,,,,,
396269,1963-09-21,,,,,,,
396289,2016-05-02,600000.0,,,,,,
396292,2016-05-06,,,,,,,
396392,2016-06-03,,,,,,,
396398,2017-05-21,,,,,,,
396535,2016-07-20,8820000.0,2129768.0,-6690232.0,,,,
3966,1946-10-17,,,,4.75,2,0.3535533905932738,2004-09-12
396616,2016-09-29,7500000.0,9100000.0,1600000.0,,,,
396643,2016-08-25,,,,,,,
396744,2016-10-06,,,,,,,
396899,2016-12-14,,,,,,,
39691,2010-07-30,8.5E7,1.12483764E8,2.7483764E7,,,,
396920,2016-11-30,,,,,,,
39693,2010-04-11,,,,,,,
396965,2015-09-24,,,,,,,
396987,1938-06-11,,,,,,,
397,1995-05-05,,,,,,,
397093,2016-05-05,,,,,,,
397278,2016-05-23,,,,,,,
397339,,,,,,,,
397403,2016-05-11,430000.0,,,,,,
397442,2017-03-11,,,,,,,
39749,1993-10-29,,,,,,,
39750,2010-01-01,,,,,,,
39751,2002-12-06,,,,,,,
397517,2016-06-10,,,,,,,
397549,2015-09-05,,,,,,,
397552,2016-03-31,,,,,,,
39764,2007-09-07,,20.0,,,,,
39767,1994-01-01,,,,,,,
39768,1966-01-01,,,,4.5,1,,2010-09-17
39770,2001-03-06,,,,,,,
397717,2016-09-10,,,,,,,
39772,1999-12-22,,,,,,,
39781,2010-07-09,3500000.0,3.470585E7,3.120585E7,,,,
397837,2017-03-02,5000000.0,1.0025571E7,5025571.0,,,,
39785,2009-01-01,,,,,,,
39787,1989-03-10,,,,,,,
397914,2016-05-25,,,,,,,
39797,1996-12-25,,,,,,,
39798,2005-05-12,,,,,,,
397981,2016-06-02,,,,,,,
397992,2017-03-03,,,,,,,
398,2005-09-30,,4.908483E7,,,,,
39800,2009-10-10,4500000.0,744816.0,-3755184.0,,,,
39806,2010-05-14,9000000.0,771499.0,-8228501.0,,,,
398137,2016-05-20,,,,,,,
398265,2016-06-10,,,,,,,
398289,2015-11-05,,,,,,,
39829,1973-03-07,,,,,,,
39834,1955-04-01,,,,,,,
39837,2001-01-01,,,,,,,
39839,2003-01-01,,1100000.0,,,,,
398390,2016-05-17,,,,,,,
39845,2010-06-30,,,,,,,
39849,2008-01-01,,,,,,,
39850,2004-09-09,,,,,,,
39851,2004-09-01,,,,,,,
398535,2016-06-17,,1.49E7,,,,,
398541,2016-10-15,,,,,,,
39857,1993-05-13,,,,,,,
39859,1971-09-02,,,,,,,
398633,2016-05-21,,,,,,,
39867,1980-03-28,250000.0,,,,,,
39871,1942-09-16,,,,,,,
39872,1972-12-30,,,,,,,
398738,2016-05-14,,,,,,,
398786,2016-05-20,1500000.0,,,,,,
398798,2016-09-01,,,,,,,
398818,2017-10-27,4696772.0,,,,,,
398830,2013-05-01,,,,,,,
39885,1974-02-16,,,,,,,
3989,2004-10-10,3.2E7,5.0907422E7,1.8907422E7,4.1,5,0.7416198487095663,2007-07-08
39891,1968-07-20,,,,,,,
398920,2017-01-18,,,,,,,
39895,1987-09-25,,1400000.0,,,,,
398959,1995-09-11,,,,,,,
39901,1979-04-12,,,,,,,
399019,2017-06-23,1.05E7,2.5442939E7,1.4942939E7,,,,
39903,2007-11-02,,,,,,,
399097,2016-05-10,,,,,,,
39914,2005-08-10,,,,,,,
39916,1980-08-02,,,,,,,
399173,2016-04-27,5000000.0,,,,,,
399217,2017-07-07,,,,,,,
399219,2016-05-19,,,,,,,
39922,1973-12-20,,,,,,,
399229,1999-01-01,,,,,,,
39925,1972-07-09,,,,,,,
39928,2005-01-01,,,,,,,
39929,1987-11-13,,2683519.0,,,,,
39931,1970-02-19,,,,,,,
39938,1933-11-24,,,,,,,
39939,2001-01-18,3000000.0,1.8492362E7,1.5492362E7,,,,
39940,1955-11-18,,,,,,,
399417,2016-11-11,,,,,,,
39943,1948-02-07,,,,,,,
39946,1951-04-06,,,,,,,
39948,1960-12-20,,,,,,,
39953,1994-09-30,,,,,,,
39957,2012-05-02,,,,,,,
39958,2009-05-30,,,,,,,
399612,2016-12-13,7000000.0,,,,,,
39962,2002-10-19,,,,,,,
399621,2014-02-10,,,,,,,
39964,1999-04-23,,100.0,,,,,
39965,1976-05-06,,,,,,,
39968,1997-05-09,,,,,,,
39973,1978-05-23,,,,,,,
399747,2016-06-18,,,,,,,
39978,1984-10-10,,,,,,,
399790,2017-05-25,1.0E7,,,,,,
399811,2016-06-03,,,,,,,
399814,2015-08-21,,,,,,,
399823,1998-11-15,,,,,,,
39983,2000-06-30,,,,,,,
399894,2016-04-16,2000000.0,,,,,,
39991,1983-08-06,,,,,,,
39992,1989-01-01,,,,,,,
39993,1971-10-21,,,,,,,
399932,2016-06-02,,,,,,,
399938,2016-05-13,,,,,,,
39998,1997-03-12,,,,,,,
400,1995-12-01,8000000.0,529766.0,-7470234.0,,,,
400001,2015-03-08,,,,,,,
40001,1996-04-19,2.5E7,1.007E7,-1.493E7,,,,
40004,2005-09-28,,,,,,,
400045,2016-05-30,,,,,,,
400114,2016-09-29,,,,,,,
40012,2006-04-13,,,,,,,
40016,2010-02-27,,,,,,,
40017,2005-12-09,,,,,,,
400174,2016-05-30,,,,,,,
400247,2016-06-17,,,,,,,
40025,2010-01-07,,,,,,,
40026,1984-08-01,2500000.0,,,,,,
40028,1988-05-20,,107352.0,,,,,
400329,2016-06-19,,,,,,,
40034,1980-10-14,,,,,,,
400387,2016-09-22,2300000.0,,,,,,
40039,2000-01-01,,,,,,,
40040,2001-01-01,,,,,,,
40041,1981-10-16,,,,,,,
400411,2016-07-01,,252.0,,,,,
40043,1976-04-26,,,,,,,
40044,1939-06-16,,,,,,,
40045,1942-05-01,,,,,,,
400465,2016-06-03,,,,,,,
40047,1979-02-10,2100000.0,,,,,,
40054,1978-01-01,,,,,,,
40055,1982-01-27,,,,,,,
400552,2017-04-11,,,,,,,
400608,2016-06-03,,,,,,,
40061,1984-10-24,,,,,,,
400610,2016-10-13,,,,,,,
40070,1983-12-29,,,,,,,
40072,1980-02-28,,,,,,,
400749,1917-01-01,,,,,,,
40075,1982-10-07,,,,,,,
400753,2016-12-01,480000.0,,,,,,
400791,2015-04-10,,,,,,,
400796,,,,,,,,
40080,2010-03-14,,,,,,,
40082,1992-02-28,,6742168.0,,,,,
40092,1947-09-01,,,,,,,
400928,2017-04-12,7000000.0,3.7461045E7,3.0461045E7,,,,
40096,2000-09-10,,,,,,,
40102,1980-02-29,,,,,,,
4011,1988-02-29,1.5E7,7.3326666E7,5.8326666E7,4.036842105263158,95,0.8969276912408655,2016-10-06
401104,2017-01-22,,,,,,,
401123,2016-07-22,,,,,,,
40113,2003-03-09,,,,,,,
401132,2016-06-07,500000.0,,,,,,
401164,2017-05-12,,,,,,,
40119,2009-03-20,,,,,,,
4012,2001-01-19,1500000.0,416925.0,-1083075.0,2.5,4,0.9128709291752769,2005-05-15
40121,2008-10-11,,,,,,,
40127,2004-05-14,,,,,,,
401294,2016-10-12,,,,,,,
401359,2017-01-05,,,,,,,
401387,2016-06-09,,,,,,,
40139,1976-10-01,,,,,,,
401408,2016-06-28,,,,,,,
401427,2014-09-10,,,,,,,
40146,1980-02-04,,,,,,,
401461,1943-12-24,,,,,,,
401484,2016-06-07,,,,,,,
40149,1968-02-24,,,,,,,
40154,1995-12-01,,,,,,,
401544,2017-01-17,,,,,,,
401546,2017-05-05,,1323312.0,,,,,
40156,1994-01-01,,4176932.0,,,,,
401593,2016-06-17,,,,,,,
40161,2011-06-06,,,,,,,
40162,1981-01-01,,,,,,,
40165,1953-03-24,,,,,,,
401650,2016-08-09,,,,,,,
40168,1988-09-28,,,,,,,
401687,2016-06-04,,,,,,,
401689,2016-12-17,,,,,,,
401698,2016-08-24,,,,,,,
40172,2006-10-30,,,,,,,
40180,1975-04-09,,,,,,,
401895,1950-12-04,,,,,,,
401971,2012-08-24,,,,,,,
402,1992-03-20,4.9E7,3.52927224E8,3.03927224E8,,,,
40205,2010-06-25,,,,,,,
40206,1949-12-31,,,,,,,
40210,1972-07-09,,,,,,,
40214,1941-12-01,,,,,,,
40215,2008-11-21,,,,,,,
40216,1945-07-21,,,,,,,
40217,2002-01-01,,,,,,,
40221,1991-01-01,,,,,,,
402217,2016-05-20,,,,,,,
402223,2016-06-16,,,,,,,
40226,2002-01-01,,,,5.0,1,,2012-08-06
40227,1986-10-03,,,,,,,
40231,1977-11-10,250000.0,,,,,,
402370,2016-06-23,,,,,,,
402423,2016-09-15,5000000.0,,,,,,
40243,2006-10-28,,,,,,,
40247,2010-01-22,3000000.0,,,,,,
40249,2000-01-01,,,,,,,
4025,1963-12-25,,,,2.792452830188679,53,0.997274951787615,2016-05-08
40251,1993-09-10,,168180.0,,,,,
40252,1995-01-01,,,,,,,
40254,1998-05-30,,,,,,,
402543,2016-06-25,,,,,,,
402582,2017-05-05,,,,,,,
40261,1977-08-06,,,,,,,
402612,2016-01-21,,,,,,,
40264,2010-08-18,2.0E7,8.0547866E7,6.0547866E7,,,,
402693,2016-11-04,,,,,,,
402877,2016-05-06,,,,,,,
402919,2016-10-27,300000.0,,,,,,
403,1989-12-13,7500000.0,1.45793296E8,1.38293296E8,,,,
403011,2016-02-06,,,,,,,
4031,1974-05-12,,,,2.375,4,0.47871355387816905,2006-07-02
403119,2017-06-15,5500000.0,4.4235023E7,3.8735023E7,,,,
403130,2016-06-24,,,,,,,
403173,2016-07-15,,,,,,,
403252,2016-08-05,,,,,,,
403330,2015-01-01,,,,,,,
403368,2016-08-22,,,,,,,
4034,1964-02-05,,,,3.910958904109589,73,0.8673973912796733,2016-08-17
40342,1986-10-09,1500000.0,,,,,,
40343,1976-09-17,500000.0,,,,,,
403434,2016-08-26,,,,,,,
40344,1999-03-28,,,,,,,
40345,1972-07-05,,,,,,,
40346,1990-01-01,,,,,,,
403509,2016-08-19,,,,,,,
40352,1984-01-28,,,,,,,
403605,2016-09-24,,,,,,,
40364,1989-03-10,3500000.0,,,,,,
40365,1972-09-30,,,,,,,
40368,1981-10-23,,,,,,,
40374,1973-11-18,,,,,,,
40378,1995-05-26,,,,,,,
40383,1981-04-02,,,,,,,
403911,2016-06-24,,,,,,,
403936,2016-06-25,,,,,,,
40394,1976-03-02,,,,,,,
404,1999-10-15,,,,,,,
40417,2002-02-20,,,,,,,
40420,1979-03-28,,,,,,,
404211,1999-09-06,,,,,,,
40428,2010-01-01,,,,,,,
4043,1987-02-06,,,,3.5,2,0.7071067811865476,2002-12-29
40430,1969-08-27,,,,,,,
40432,2003-10-31,,,,,,,
40435,1975-01-01,,,,,,,
404378,2016-11-04,8000000.0,82703.0,-7917297.0,,,,
40440,1976-11-05,,,,,,,
404461,2016-09-12,,,,,,,
404471,,,,,,,,
404479,2001-01-01,,,,,,,
40451,1985-01-04,,,,,,,
40452,2005-03-31,,,,,,,
40454,1966-12-01,,,,,,,
404567,1969-06-13,,,,,,,
40458,2007-01-01,,,,,,,
404584,2017-03-24,,,,,,,
404604,2017-07-07,,,,,,,
40461,1987-11-09,,,,,,,
40466,2000-12-26,,,,,,,
40467,1981-12-11,500000.0,,,,,,
40468,1986-08-01,,,,,,,
40470,1945-09-22,,,,,,,
404733,2017-06-29,,,,,,,
40474,1975-01-24,,,,,,,
40476,1999-01-01,,,,,,,
40480,1995-01-20,,,,,,,
404829,2016-07-05,,,,,,,
40483,1975-10-28,,,,,,,
4049,1978-04-05,,,,,,,
40490,1995-03-03,,,,,,,
40494,1956-05-30,4000000.0,1.44E7,1.04E7,,,,
405,1954-07-16,,,,2.3125,16,1.0307764064044151,2009-04-15
40502,2008-04-25,,,,,,,
405040,2016-10-08,,,,,,,
40505,1998-05-27,,,,,,,
405050,2016-08-11,1.0,,,,,,
40506,1997-01-01,,,,,,,
40507,1996-05-10,4800000.0,3014000.0,-1786000.0,,,,
405203,2016-09-07,1200000.0,,,,,,
405204,2017-01-27,4200000.0,,,,,,
40522,2009-09-30,,,,,,,
405265,2015-07-06,,,,,,,
40534,2009-02-27,,,,,,,
40537,2009-04-29,3700000.0,,,,,,
405388,2016-07-08,,,,,,,
40544,2005-01-07,,,,,,,
405446,2016-08-19,,,,,,,
405473,2016-09-02,,,,,,,
40555,1988-11-23,,,,,,,
405576,2006-09-13,,,,,,,
40562,2000-01-21,3000000.0,,,,,,
405621,2016-06-12,,,,,,,
405627,2009-09-24,,,,,,,
405656,2016-07-30,,,,,,,
405671,2016-10-01,,,,,,,
40572,2009-05-17,,,,,,,
40574,1924-04-20,,,,3.0,1,,2009-10-14
405763,,,,,,,,
405775,2017-05-12,,1803009.0,,,,,
40578,1955-06-04,,,,,,,
405882,2016-08-27,,,,,,,
40592,2005-10-07,,,,,,,
40600,1984-10-04,,,,,,,
406042,2016-08-19,,,,,,,
406107,2017-05-12,,,,,,,
406125,2016-07-14,,,,,,,
40623,2009-06-17,,,,,,,
406231,2016-08-05,,,,,,,
40624,2001-06-24,,,,,,,
40627,1993-04-06,,,,,,,
40628,1995-10-22,,,,,,,
40629,1987-01-01,,,,3.725,20,0.9797287487119234,2016-06-27
40630,1964-10-03,,,,,,,
406385,2017-02-02,,,,,,,
40639,1940-04-15,,,,,,,
406429,2016-07-28,,,,,,,
40644,1989-02-04,,,,,,,
406449,2016-10-07,,,,,,,
40649,1992-03-12,,,,,,,
40650,1949-04-22,,,,,,,
40651,1995-08-01,,,,,,,
40653,1967-07-10,,,,,,,
40655,2010-01-06,,,,,,,
40657,2010-05-25,,,,,,,
40662,2010-07-27,,6629178.0,,,,,
40663,2010-01-24,,,,,,,
40664,2009-09-25,,,,,,,
406785,2016-11-23,,,,,,,
40681,2000-04-16,,,,,,,
40682,1973-02-07,,,,,,,
40683,1951-01-27,,,,,,,
40685,1942-05-31,,,,,,,
40687,1972-12-17,,,,,,,
40688,1998-03-27,,4562146.0,,,,,
40692,2008-04-17,,,,,,,
406990,2017-08-18,,,,,,,
407,1998-10-15,500000.0,,,3.05,10,1.165475582469806,2010-08-02
40701,2006-12-09,,,,,,,
407036,2016-07-12,10.0,,,,,,
40709,2008-01-01,,,,,,,
40713,2007-11-03,,4.4038E7,,,,,
40717,1940-07-03,,,,,,,
407171,2016-07-24,,,,,,,
407173,2016-07-30,,,,,,,
40718,1948-12-30,,,,,,,
40719,1943-12-06,,,,,,,
40720,2010-07-30,,,,,,,
407204,2016-10-14,,,,,,,
40721,1969-08-01,,,,,,,
40722,2010-07-13,,,,,,,
40729,1990-05-24,,,,,,,
407334,2016-08-06,,,,,,,
407335,2016-08-13,,,,,,,
407375,2016-08-02,3000000.0,,,,,,
407389,2016-08-05,,,,,,,
40739,1958-04-02,,,,,,,
40741,1972-06-10,,,,,,,
40743,1936-07-06,,,,,,,
407430,2007-01-01,,,,,,,
40744,1953-12-09,,,,,,,
407448,2017-07-28,3.4E7,,,,,,
407455,2016-08-02,,,,,,,
40748,2004-11-22,,,,,,,
40751,1994-09-16,,,,,,,
407518,2016-08-08,,,,,,,
40752,1987-03-01,,,,,,,
407559,2016-09-10,,,,,,,
407575,2015-08-08,,,,,,,
40760,1986-10-01,,,,,,,
40761,1955-07-22,,,,,,,
40765,1943-12-24,,,,,,,
40767,1950-02-21,,,,,,,
40768,2003-05-01,,,,,,,
40771,1984-07-27,,,,,,,
40772,1986-10-26,,,,,,,
40774,2009-05-25,,,,,,,
40775,1984-01-01,,,,,,,
407799,2013-05-03,,,,,,,
407803,2016-11-04,,,,,,,
407897,2016-07-19,,,,,,,
40794,2010-02-12,,8220215.0,,,,,
407965,2016-01-21,,,,,,,
40797,1934-10-22,,,,,,,
40799,1934-02-15,,,,,,,
407992,1996-09-10,,,,,,,
40804,1961-02-02,,,,,,,
40807,2011-09-30,8000000.0,3.9187783E7,3.1187783E7,,,,
40812,1974-04-27,,,,,,,
408140,2016-07-25,,,,,,,
40815,1997-12-03,,,,3.8813559322033897,59,0.7562326261945453,2016-10-15
408151,2016-09-20,,,,,,,
408159,2016-09-16,,,,,,,
40817,2010-01-29,,,,2.5,1,,2006-11-27
40818,2008-08-08,,,,,,,
40819,2009-01-01,,,,3.880952380952381,42,0.8175627357857087,2016-10-16
408203,2016-09-23,,,,,,,
408219,2016-04-26,,,,,,,
40823,2003-06-13,,,,,,,
40824,1946-10-10,,,,,,,
40826,1957-10-01,,,,2.9,5,1.51657508881031,2013-06-21
408290,2016-08-06,,,,,,,
40833,1999-08-10,,,,2.5,1,,2015-06-10
40841,1992-03-27,,157645.0,,,,,
408435,2017-01-20,,,,,,,
408439,2016-10-07,,,,,,,
40844,1988-01-01,,,,,,,
40852,2010-05-18,,,,,,,
408537,2016-09-08,,,,,,,
40854,2009-06-21,,,,,,,
408543,2016-09-08,,,,,,,
40855,2009-06-12,,,,,,,
40858,1950-07-26,,,,,,,
408616,2017-03-30,,,,,,,
408619,2016-09-13,,,,,,,
408624,2016-09-10,,,,,,,
408626,2017-04-07,,,,,,,
40864,2009-09-04,2270000.0,,,,,,
408647,2017-03-22,,,,,,,
40873,2007-09-14,,,,,,,
408755,2016-08-02,,,,,,,
40878,2000-01-10,,,,,,,
40879,1999-09-10,,,,,,,
40880,2001-06-29,,,,,,,
40881,1993-04-30,,,,,,,
40885,1957-12-05,,,,,,,
408956,2010-02-26,,,,,,,
409,1996-11-14,2.7E7,2.31976425E8,2.04976425E8,2.5,1,,2009-10-14
40900,2010-02-13,,,,,,,
409082,1970-08-01,,,,,,,
40913,1985-03-01,,,,,,,
40916,1943-11-26,,,,,,,
409160,2016-07-07,,,,,,,
40920,2002-01-14,,,,,,,
40922,2006-11-10,,,,,,,
40929,1985-02-08,,,,,,,
409297,2016-10-14,,,,,,,
409366,2016-08-02,,,,,,,
409421,2017-05-20,,,,,,,
409447,2016-12-07,,,,,,,
40945,2003-01-01,,,,,,,
40946,2002-01-01,,,,4.0,1,,2011-05-04
40947,2000-01-01,,,,,,,
409502,2016-10-21,1500000.0,2000000.0,500000.0,,,,
40951,1942-08-11,,,,,,,
40953,1957-01-07,,,,,,,
409536,2016-01-30,,,,,,,
40955,1978-03-20,,,,,,,
409550,2016-10-01,,,,,,,
40957,1959-08-05,,,,,,,
40959,1990-01-01,,,,1.75,2,1.7677669529663689,2006-02-04
40961,1997-08-26,,,,,,,
40962,1987-12-18,,,,,,,
40970,2000-01-01,,,,,,,
40973,1970-06-24,,3000000.0,,,,,
40979,1940-10-25,760000.0,,,,,,
409820,2009-03-14,,,,,,,
40983,1972-06-21,,,,,,,
40985,1948-02-17,,,,,,,
409879,2002-10-28,,,,,,,
40990,2004-05-14,4000000.0,,,,,,
40998,2002-02-14,,,,,,,
41002,1949-05-04,,,,,,,
41003,1990-10-19,,1.7487531E7,,,,,
41004,1965-10-07,,,,,,,
41006,1994-07-14,,,,,,,
410118,2016-09-02,,,,,,,
41012,1997-02-20,,,,,,,
410142,,,,,,,,
41017,1982-01-23,,,,,,,
410205,2016-11-04,,,,,,,
410212,2017-01-19,,,,,,,
41023,1943-04-12,,,,,,,
41025,1972-11-21,,,,,,,
410259,2016-08-05,,,,,,,
41030,1954-11-01,,,,,,,
410315,2016-11-04,,,,,,,
41034,1980-03-28,,,,,,,
410348,2016-09-16,,,,,,,
41035,1967-11-01,,,,,,,
41043,1993-12-01,,,,,,,
41044,2007-06-01,,,,,,,
4105,1989-09-22,3.0E7,4.5892212E7,1.5892212E7,3.6458333333333335,24,0.6990547448032121,2016-08-02
41050,1961-01-23,,,,,,,
410537,2016-04-01,500000.0,,,,,,
41055,1992-02-21,,,,,,,
410554,2017-07-21,,,,,,,
410576,,,,,,,,
41059,1937-05-09,,,,,,,
41061,1977-04-06,,,,,,,
410634,2016-08-11,,,,,,,
41066,2009-12-01,,,,,,,
410694,2016-09-30,,,,,,,
410729,2016-05-21,,,,,,,
41073,1945-11-15,,,,,,,
41076,1987-06-26,,,,,,,
41077,1981-10-22,,,,,,,
410774,2009-12-25,,,,,,,
41078,1973-05-01,,,,,,,
4108,2002-10-02,2.1E7,4.3928932E7,2.2928932E7,4.0,1,,2001-01-27
410876,2016-09-16,,,,,,,
41090,1986-12-31,,,,,,,
41091,2003-11-28,,,,,,,
410921,1994-01-01,,,,,,,
410936,2016-03-24,,,,,,,
410970,2016-09-30,,,,,,,
411,2005-12-07,1.8E8,7.48806957E8,5.68806957E8,,,,
411007,2017-05-19,,,,,,,
411023,2016-09-02,,,,,,,
411024,2016-10-14,,,,,,,
411025,2016-07-05,,,,,,,
411054,2016-08-05,600000.0,,,,,,
411088,2016-12-15,4000000.0,,,,,,
41109,2011-12-23,,,,,,,
41110,2009-09-05,,,,,,,
41115,1999-05-16,,,,,,,
41116,2009-09-01,,,,,,,
41118,1935-11-30,,,,,,,
411201,2016-09-16,,,,,,,
41121,2003-04-01,,,,,,,
411221,2016-10-14,1.0E7,,,,,,
41123,2009-09-11,,,,,,,
41125,1982-11-04,,,,,,,
411268,2016-08-11,,8.8658655E7,,,,,
41127,1996-05-18,,,,,,,
411279,2016-08-12,,,,,,,
41128,1993-12-01,,,,,,,
411405,2017-04-28,,,,,,,
411432,1981-03-04,,,,,,,
41144,2009-11-05,,,,,,,
411442,2016-08-18,,,,,,,
41149,1979-02-02,,,,,,,
411516,2016-10-15,,,,,,,
411518,2016-08-11,,,,,,,
41154,2012-05-23,2.25E8,6.24026776E8,3.99026776E8,,,,
41156,2010-01-10,,,,,,,
41158,1998-01-01,,,,,,,
41163,2006-03-08,,,,,,,
411638,2016-09-09,1200000.0,,,,,,
41164,1991-04-26,,,,,,,
41165,2000-04-05,,,,,,,
411656,2016-10-13,,,,,,,
41166,1985-09-20,,,,,,,
411741,2017-08-11,,,,,,,
41180,2010-07-19,,,,,,,
41182,2009-04-18,,,,,,,
411822,2016-08-18,,,,,,,
41186,2007-08-15,,,,,,,
41188,2006-12-22,,,,,,,
41189,2005-01-01,,,,,,,
41201,2010-02-16,,5602431.0,,,,,
412059,2018-04-04,,,,,,,
41209,2002-12-06,,,,,,,
412109,2008-03-01,,,,,,,
41211,2010-03-17,8700000.0,4.7355187E7,3.8655187E7,,,,
41212,1967-09-23,,,,,,,
412120,2016-10-29,,,,,,,
41213,1962-09-21,,,,,,,
41214,1949-01-01,900000.0,,,,,,
41215,2010-06-07,,265318.0,,,,,
412203,2016-11-25,,,,,,,
412205,2016-12-01,,,,,,,
412209,2016-09-10,2000000.0,,,,,,
412214,2016-02-26,,,,,,,
41227,1998-02-20,891000.0,229000.0,-662000.0,,,,
412280,2016-10-14,,,,,,,
412302,2017-03-12,,,,,,,
412309,2016-08-01,,,,,,,
41233,2010-08-04,3.0E7,1.59291809E8,1.29291809E8,,,,
41234,1939-05-11,,,,,,,
41235,2002-01-01,,,,,,,
412363,2017-05-12,,,,,,,
41240,1996-12-15,,,,,,,
41242,2010-03-18,,,,,,,
41243,1985-09-20,,,,,,,
41245,1999-12-31,,,,,,,
412467,2016-10-03,,,,,,,
412511,2016-08-20,,,,,,,
412518,2016-09-06,,,,,,,
412519,2016-11-30,,,,,,,
412590,2016-07-16,,,,,,,
41263,1986-05-18,,,,,,,
41264,1966-02-11,,,,,,,
412669,2017-03-04,,,,,,,
412678,2016-05-19,7000000.0,,,,,,
412698,2016-09-06,,,,,,,
41275,2000-08-09,,,,,,,
412758,2017-04-06,2073816.0,,,,,,
41277,2003-05-20,,,,,,,
41281,2007-04-22,,37895.0,,,,,
412818,2016-01-10,,,,,,,
41282,2000-06-06,,,,,,,
412851,2016-08-26,,,,,,,
41288,1999-05-15,,,,,,,
41289,1989-06-24,,,,,,,
41291,1982-02-12,,,,,,,
41292,2005-03-18,,,,,,,
412924,2016-10-02,,226286.0,,,,,
41294,1968-08-21,,,,,,,
412974,2016-10-01,,,,,,,
41301,2007-10-21,,,,,,,
413052,2016-09-15,,,,,,,
41308,1964-09-03,,,,,,,
41316,2002-09-17,,,,,,,
41326,1990-09-28,,269823.0,,,,,
413279,2016-08-28,,,,,,,
41331,2008-08-17,,,,,,,
413349,2016-10-16,,,,,,,
413361,2016-09-12,,,,,,,
4134,2006-03-23,,,,,,,
41343,1996-12-21,,,,,,,
413430,2013-01-04,,3.0,,,,,
413440,2016-10-15,,,,,,,
413441,2016-10-08,,,,,,,
41345,2010-08-21,,,,,,,
413467,1985-07-14,,,,,,,
41347,1934-08-07,,,,,,,
41348,1923-09-09,,,,,,,
413547,2016-12-01,,,,,,,
41355,1944-04-13,,,,,,,
41357,1971-04-09,,,,,,,
413579,2016-10-09,,,,,,,
41360,2009-01-01,425000.0,,,,,,
41365,1998-01-01,,,,,,,
413658,2016-11-18,,,,,,,
41366,1999-12-03,,,,,,,
413666,2016-08-18,,,,,,,
41368,1988-08-05,,,,,,,
413687,2016-07-11,,,,,,,
413736,2016-08-27,,,,,,,
413764,2016-09-19,,,,,,,
41377,1980-01-01,,,,,,,
413770,2016-10-28,,,,,,,
413778,2017-03-08,,,,,,,
41378,1982-04-21,,,,,,,
413782,2016-11-25,,,,,,,
413785,2016-10-14,,,,,,,
41380,1981-11-10,,,,,,,
413806,1990-02-11,,,,,,,
41381,2000-02-11,,,,,,,
41383,1974-12-25,,,,,,,
413837,2017-02-22,,,,,,,
41384,1977-06-02,,,,,,,
41386,2005-05-25,,,,,,,
41387,1994-10-13,,,,,,,
413882,2017-01-03,,345872.0,,,,,
41391,1943-09-13,,,,,,,
413953,2016-12-01,,,,,,,
414,1995-06-16,1.0E8,3.36529144E8,2.36529144E8,2.5,7,0.6454972243679028,2011-01-28
41400,2002-03-28,,,,,,,
41402,2010-10-01,2.0E7,2.4145613E7,4145613.0,,,,
414067,2016-01-01,,,,,,,
4141,2007-07-26,3.9E7,2.6820641E7,-1.2179359E7,3.75,2,0.3535533905932738,2015-11-13
41413,2010-02-12,,,,,,,
41415,1979-05-04,,,,,,,
41417,1998-01-08,1.9E7,,,,,,
414173,2016-04-17,,,,,,,
41419,2006-04-22,,,,,,,
41422,2003-10-09,,,,,,,
41423,2005-01-01,,,,,,,
41426,1978-02-01,,,,,,,
41427,2009-02-11,,,,,,,
41439,2010-10-21,2.0E7,1.36150434E8,1.16150434E8,,,,
414392,2016-06-02,,,,,,,
41443,2009-01-01,,,,,,,
414453,2017-08-04,,,,,,,
414455,2017-08-04,,,,,,,
41446,2011-04-11,4.0E7,9.7138686E7,5.7138686E7,,,,
41453,2002-07-27,,,,,,,
41461,1973-11-10,,,,,,,
414610,2016-09-05,,,,,,,
41463,1940-05-17,,,,,,,
414632,2013-02-24,,,,,,,
41464,1952-08-28,,,,,,,
41465,1947-09-13,,,,,,,
41469,1998-08-21,,,,,,,
41471,1972-04-01,,,,,,,
414719,2016-08-20,,,,,,,
41474,1972-08-01,,,,,,,
414743,2016-09-09,,,,,,,
414749,2016-09-05,,,,,,,
41475,2004-04-28,,,,,,,
414767,2016-10-09,,,,,,,
41477,1972-11-15,,,,,,,
41478,1995-11-10,,6834525.0,,,,,
41479,2009-09-13,1.0E7,7022728.0,-2977272.0,,,,
41480,1985-11-13,,,,,,,
41486,1974-01-01,,,,,,,
414910,2016-04-01,,,,,,,
41493,2002-09-27,,,,,,,
414937,2016-12-05,,,,,,,
41496,2009-09-03,,,,,,,
41497,2005-05-11,,,,,,,
414977,2015-04-21,,,,,,,
41499,2009-10-06,,,,,,,
415021,1915-04-22,,,,,,,
41504,2009-10-01,,,,,,,
41505,2010-03-27,2.2E7,851517.0,-2.1148483E7,,,,
415072,1940-04-10,,,,,,,
415078,2016-10-01,,,,,,,
41508,2005-02-10,,,,,,,
415086,2017-03-16,273428.0,,,,,,
415132,2016-11-23,,,,,,,
41517,2011-10-24,,,,,,,
41521,1962-06-15,2000000.0,,,,,,
41522,2009-12-20,,,,,,,
41530,2010-01-21,4000000.0,,,,,,
4154,1999-04-30,,,,,,,
41545,2009-11-04,1.5E7,,,,,,
41552,1950-03-12,,,,,,,
41558,2009-08-06,,,,,,,
41559,2009-09-26,,,,,,,
41566,2005-01-01,,,,3.4591836734693877,49,0.8467876473637834,2016-10-07
415665,2016-10-13,,,,,,,
41568,2004-01-29,,,,,,,
41571,2000-09-07,,,,3.3181818181818183,11,0.7833494518006403,2016-07-29
415725,2016-09-15,,,,,,,
415730,2016-08-12,,,,,,,
41574,1995-05-20,,,,,,,
41577,1995-01-01,,,,,,,
41578,1994-01-01,,,,,,,
41580,1994-01-01,,,,,,,
41581,1997-05-01,,,,,,,
41582,1994-03-18,,1.6453258E7,,,,,
41583,1989-11-01,,,,,,,
41588,1994-09-16,,,,,,,
41589,1994-05-13,,,,,,,
415892,2016-09-15,,,,,,,
41592,2010-05-19,5773100.0,1.814403E7,1.237093E7,,,,
41593,2005-05-27,,,,,,,
41602,2013-02-09,,11650.0,,,,,
41604,1977-12-28,,,,,,,
41608,1967-10-31,,,,,,,
41609,1948-10-10,,,,,,,
41610,1981-12-22,,,,,,,
416127,2015-10-15,,,,,,,
41613,2002-08-02,,,,,,,
41614,1998-11-07,,,,,,,
41616,2010-02-26,,,,,,,
416166,2017-03-03,3000000.0,,,,,,
41617,2006-01-04,,,,,,,
416211,2016-09-16,,,,,,,
41625,1985-06-06,,,,,,,
416251,2016-11-25,,,,,,,
416258,1891-01-02,,,,,,,
416290,2016-09-16,,,,,,,
41630,2011-01-21,2.5E7,1.4778044E8,1.2278044E8,,,,
41638,1997-08-26,,,,,,,
416390,2016-01-01,,,,,,,
416437,1998-10-10,,,,,,,
416445,2017-04-05,,,,,,,
41645,2002-02-08,,,,,,,
416477,2017-06-23,,5.2620184E7,,,,,
416499,2016-09-23,,,,,,,
41651,1993-12-29,,,,,,,
41656,2000-09-21,,,,,,,
416569,2016-10-14,,,,,,,
41659,1993-11-12,,2.7484464E7,,,,,
41660,1994-09-23,,,,,,,
41661,1993-04-30,,1884814.0,,,,,
41662,1977-04-03,1500000.0,,,,,,
41663,1980-11-20,,,,,,,
416635,2016-09-09,,,,,,,
41664,1988-12-22,,,,,,,
41665,1993-01-01,,,,,,,
41666,1993-09-05,,,,,,,
41668,1996-12-20,,,,,,,
416688,2016-06-18,,,,,,,
41669,1999-12-23,,,,,,,
41670,1992-07-17,,,,,,,
41689,1978-01-01,,,,,,,
4169,2007-02-12,,3.3231264E7,,4.5,1,,2005-04-02
416951,2015-07-14,,,,,,,
416987,2016-04-21,,,,,,,
4170,2007-01-23,1.2E7,,,,,,
417004,2016-10-23,,,,,,,
417026,2016-10-07,,,,,,,
41703,2008-08-21,336029.0,927277.0,591248.0,,,,
417056,2016-10-07,,,,,,,
41709,2005-04-25,,,,,,,
4171,2006-11-06,,,,4.0,1,,2005-12-05
41714,2004-03-13,,,,3.5,1,,2010-08-05
41725,1963-04-12,,,,,,,
417285,1964-02-26,,,,,,,
41730,1999-06-06,,,,,,,
417320,2017-07-21,,,,,,,
41733,2010-11-04,6.5E7,2.11780824E8,1.46780824E8,,,,
41738,1999-10-28,,,,,,,
417399,1970-11-27,,,,,,,
4174,1945-12-28,,7000000.0,,3.8,5,0.8366600265340756,2006-08-22
417427,2016-11-10,,,,,,,
417489,2017-05-12,,,,,,,
41749,1969-01-01,,,,,,,
41759,1993-11-19,6000000.0,1.2974636E7,6974636.0,,,,
4176,1974-11-24,,2.7634716E7,,,,,
41760,1982-06-18,,,,,,,
41762,1990-11-02,,,,,,,
41764,1992-05-24,,,,,,,
41768,1992-12-11,,,,,,,
41769,1992-02-14,,,,3.0,1,,2011-11-05
41778,1992-09-17,,,,,,,
41780,1991-05-03,8000000.0,1.04E7,2400000.0,,,,
417820,2016-09-22,,,,,,,
41783,1991-09-08,,,,,,,
417830,2017-05-19,2.2E7,4.0120144E7,1.8120144E7,,,,
41787,1991-08-23,,,,,,,
41791,1991-09-18,,,,,,,
41792,1991-01-01,,,,,,,
417936,2016-03-05,,,,,,,
41796,1992-05-29,1000000.0,,,,,,
41799,1988-09-29,,,,,,,
4180,1985-09-18,,2052466.0,,4.0,1,,2001-06-07
41801,1996-01-22,,,,,,,
418047,2010-01-14,,,,,,,
41805,1991-07-26,,,,,,,
418078,2017-06-09,5000000.0,,,,,,
41817,1990-02-02,,4100000.0,,,,,
41821,1990-04-21,,,,,,,
41823,1990-08-03,1.0E7,1.6153593E7,6153593.0,,,,
41834,1990-08-01,,,,,,,
41843,1996-09-04,1.6E7,1985001.0,-1.4014999E7,,,,
41851,2004-01-18,,,,,,,
41852,1996-03-29,,,,,,,
41857,1968-06-01,,1.2E7,,,,,
41863,2007-11-20,,,,3.75,2,0.3535533905932738,2007-04-06
418691,2016-10-22,,,,,,,
418697,2016-09-16,,,,,,,
41870,2001-01-01,,,,,,,
41872,1994-08-19,,,,,,,
41876,1969-10-13,,,,,,,
418772,2016-09-30,,,,,,,
41878,1992-08-19,,,,,,,
41886,2008-10-17,,,,,,,
41889,1982-03-01,,,,,,,
41890,2002-01-25,,,,,,,
41894,2010-02-01,,,,,,,
418969,2016-10-02,,,,,,,
418990,2016-10-15,,,,,,,
41901,2003-04-10,,,,,,,
41902,1999-08-27,,,,,,,
41903,1987-05-25,,,,,,,
4191,1968-03-22,747000.0,44566.0,-702434.0,3.6666666666666665,6,1.505545305418162,2011-01-28
41914,1997-10-23,,,,,,,
419147,2016-10-02,,,,,,,
419192,2017-05-25,,,,,,,
41924,2005-04-15,,,,,,,
419289,,,,,,,,
4193,1982-03-05,,6110000.0,,,,,
41930,1990-12-12,,,,,,,
41932,1989-01-01,,,,,,,
419330,2016-10-04,,,,,,,
41936,1989-09-06,,,,,,,
41937,1989-02-16,,,,,,,
41939,1989-09-15,,,,,,,
419428,2016-09-01,,,,,,,
41943,1989-09-13,,,,,,,
419430,2017-02-24,5000000.0,2.5243425E8,2.4743425E8,,,,
41945,1989-05-05,,,,,,,
41946,1989-08-24,,,,,,,
419471,2016-04-22,,,,,,,
41949,1988-06-17,,,,,,,
41950,1988-05-20,,,,,,,
41951,1988-05-18,,,,,,,
41952,1988-01-01,,,,,,,
419522,2017-02-23,,,,,,,
41954,1988-11-01,,,,,,,
41957,2003-12-12,,2685000.0,,,,,
41962,1988-01-15,,,,,,,
41963,1988-03-11,,,,,,,
41966,1988-11-25,,,,,,,
41967,1988-04-15,,,,,,,
41969,1988-09-29,,,,,,,
41970,1987-08-23,,,,,,,
419700,2017-04-14,,,,,,,
419747,2016-10-18,,,,,,,
419771,2016-09-08,2000000.0,,,,,,
41978,2009-08-25,5000000.0,1.756604E7,1.256604E7,,,,
41979,1966-06-06,,,,,,,
41988,2010-07-27,,,,,,,
41993,2010-03-25,,,,,,,
41999,2009-01-01,,,,,,,
42000,2005-08-06,,,,,,,
42002,1987-11-10,,,,2.8333333333333335,3,1.607275126832159,2006-12-09
42006,1987-01-01,,,,,,,
42008,1987-01-01,,,,,,,
42010,1987-11-06,,,,,,,
42011,1987-02-07,,,,2.25,12,0.6908492797077573,2016-08-17
42012,1988-01-28,,108154.0,,,,,
42015,1987-03-13,,,,2.8333333333333335,3,0.7637626158259734,2015-07-28
4202,1983-01-12,,,,,,,
42020,1986-03-23,,,,,,,
4203,1988-03-14,,7179298.0,,2.125,4,1.0307764064044151,2004-06-01
42030,1986-03-01,,,,,,,
42031,1985-01-01,,,,,,,
42032,1986-01-09,,,,,,,
42033,1985-03-15,,,,,,,
42034,1985-10-04,,,,,,,
420346,2015-01-11,,,,,,,
42039,2009-01-01,,,,,,,
42040,1985-03-29,,,,,,,
42041,2005-06-04,,,,,,,
42044,1985-11-01,,,,,,,
42045,1985-10-02,,,,,,,
42047,1985-01-01,,,,,,,
420481,2010-04-10,,,,,,,
420511,2016-03-11,,,,,,,
42053,2010-05-22,,,,,,,
42057,2010-05-07,,,,,,,
420714,2016-11-06,,,,,,,
42073,1999-03-20,,,,,,,
420743,2012-10-01,,,,,,,
42081,1985-10-01,,,,,,,
42082,1984-03-01,130000.0,,,,,,
42084,1984-08-24,,,,,,,
42086,1984-08-29,,,,,,,
42087,1984-09-29,,,,,,,
42092,1985-01-04,,,,,,,
42094,1984-12-21,,,,,,,
420967,2016-10-25,,,,,,,
42098,1984-12-07,,,,,,,
42100,1984-01-01,,,,,,,
42106,1983-05-06,,,,,,,
421060,2016-10-13,,,,,,,
42107,1983-01-01,,,,,,,
42108,1983-04-06,,,,,,,
42115,1983-09-21,,,,,,,
42116,1983-12-30,,,,,,,
42121,1983-04-02,,,,,,,
42123,1984-09-13,,,,,,,
42128,1982-03-26,,,,,,,
421281,2015-10-31,,,,,,,
42129,1982-01-01,,,,,,,
421313,2016-12-01,,,,,,,
42136,1982-12-16,,,,,,,
42138,1975-06-01,,,,,,,
42139,1981-10-25,,,,,,,
42142,1981-09-04,,,,,,,
421443,2017-04-06,1000000.0,,,,,,
42147,1981-09-16,,,,,,,
42149,1981-04-24,6500000.0,566736.0,-5933264.0,,,,
421510,1970-09-14,,,,,,,
42152,1980-10-08,,,,,,,
42153,1981-09-18,,,,,,,
421556,2016-11-03,,,,,,,
42159,1980-11-14,,,,,,,
42160,1980-06-27,,,,,,,
42164,1979-11-16,,,,,,,
42165,1979-10-05,,,,,,,
42167,1980-02-08,,,,,,,
42173,1979-10-19,,,,,,,
421741,1992-01-01,,,,,,,
421758,2016-11-27,,,,,,,
42182,2001-12-06,,,,,,,
42186,1944-11-11,,,,,,,
42187,2001-02-13,,,,,,,
42189,2010-07-20,,,,,,,
421928,2016-10-13,,,,,,,
42193,1968-04-10,,,,,,,
421962,2015-12-13,,,,,,,
42200,1978-02-24,,,,,,,
422005,2016-10-19,,,,,,,
42203,1978-05-19,,,,,,,
42205,1978-06-01,1000000.0,1.83E7,1.73E7,,,,
42211,1979-05-09,,,,,,,
42212,1978-05-19,,,,,,,
422127,2016-10-21,75000.0,,,,,,
42213,1978-01-01,,,,,,,
42215,1978-09-01,,,,,,,
42216,1978-10-06,,,,,,,
42220,1977-12-03,,,,,,,
42222,1977-10-02,,,,,,,
42223,1977-11-02,,,,,,,
42225,1977-05-20,,,,,,,
42226,1976-10-21,,,,,,,
42228,1977-02-10,,,,,,,
42229,1977-08-11,,110.0,,,,,
42230,1977-08-11,,,,,,,
42232,1976-12-05,,,,,,,
42233,1976-01-01,,,,,,,
42234,1976-11-22,,,,,,,
42236,1976-12-07,,,,,,,
42237,1976-01-01,,,,,,,
42242,1976-01-01,,,,,,,
42243,1976-07-16,,,,,,,
42245,1976-06-18,,,,,,,
42246,2005-10-11,,,,,,,
42250,2002-07-17,,,,,,,
42252,1976-05-19,,,,,,,
422548,2015-10-06,,,,,,,
422551,2016-07-26,,,,,,,
422559,2016-07-01,,,,,,,
422566,2016-11-05,,,,,,,
42257,1975-10-19,,,,,,,
42258,1975-03-06,,,,,,,
422603,2016-10-21,,2300000.0,,,,,
42261,1975-01-01,,,,,,,
42268,1974-09-26,,,,,,,
42269,1974-01-01,,,,,,,
42279,1962-01-08,,,,,,,
4228,1989-10-01,,,,3.15,10,0.9143911149563468,2009-01-12
422842,2016-10-23,,,,,,,
42286,1948-05-01,,,,,,,
422878,2016-10-21,,,,,,,
42288,1944-12-08,,,,,,,
42290,1980-09-19,,,,,,,
42291,2010-04-17,,,,,,,
42295,1945-09-10,,,,,,,
42296,2010-09-17,30000.0,3045943.0,3015943.0,,,,
422972,2016-12-09,,,,,,,
42303,2004-05-05,,,,,,,
42305,1963-11-28,,,,,,,
42306,2009-01-01,,,,,,,
423078,1970-11-13,,,,,,,
42309,2009-09-08,,,,,,,
423093,2016-10-28,,,,,,,
423122,2016-11-04,,,,,,,
42314,1996-10-11,,,,,,,
42316,2009-08-10,,,,,,,
42318,2004-03-12,,,,,,,
42323,2010-07-16,,,,,,,
423246,2016-10-19,,,,,,,
42328,1954-09-25,,,,,,,
4233,1997-12-09,2.4E7,1.72363301E8,1.48363301E8,2.5,1,,2003-09-03
423377,2016-12-09,,,,,,,
4234,2000-02-03,4.0E7,1.61834276E8,1.21834276E8,3.1666666666666665,6,0.408248290463863,2004-05-27
42341,2008-10-04,,,,,,,
42342,1947-05-01,,,,,,,
423525,2016-11-02,,,,,,,
42355,2010-05-14,,,,,,,
42362,1919-12-28,,,,,,,
42367,1924-10-26,,,,,,,
42368,1926-04-05,,,,,,,
423681,2016-11-01,,,,,,,
423733,2016-10-31,,,,,,,
42380,2010-06-04,,,,,,,
42383,2002-01-11,,,,,,,
42390,1938-09-09,,,,,,,
42395,2009-04-24,,1296000.0,,,,,
423988,2017-06-01,1000000.0,,,,,,
424014,2016-11-17,,,,,,,
42402,1958-05-07,,,,,,,
42409,1985-11-07,,,,,,,
4241,2001-03-17,,,,2.5,1,,2013-09-15
42411,2007-09-14,,,,,,,
42413,2007-04-25,,,,,,,
424145,2016-09-22,,243000.0,,,,,
42418,2003-12-25,,,,3.75,4,1.3228756555322954,2015-11-12
42420,2004-09-10,,,,,,,
424208,2017-05-18,,,,,,,
424235,2013-06-04,,,,,,,
42424,1997-01-24,,,,,,,
42427,2006-09-06,,,,,,,
42430,2009-09-12,,,,,,,
424322,2016-10-13,,263000.0,,,,,
42436,2007-12-14,,,,,,,
42438,1992-12-19,,,,,,,
42441,1999-10-01,,,,,,,
42444,1991-12-20,,,,,,,
42448,1974-08-12,,,,,,,
424488,2017-06-09,,,,,,,
42450,1974-01-01,,,,,,,
42451,1974-04-11,,,,,,,
42452,1974-02-01,,,,,,,
42455,1973-04-26,,,,,,,
42456,1973-06-28,,,,,,,
42461,1973-01-01,,,,,,,
42464,1973-03-25,,,,,,,
424643,2016-10-05,,,,,,,
42466,1973-06-27,,,,,,,
424661,2016-11-26,,,,,,,
42467,1973-09-27,,,,,,,
42469,1973-02-12,,,,,,,
42472,1973-06-28,,,,,,,
42473,1973-01-01,,,,,,,
42478,2010-05-14,,,,,,,
42479,1973-04-19,,,,,,,
4248,2001-07-04,,1.41220678E8,,2.5,2,2.1213203435596424,2003-03-08
42481,1972-02-19,,100.0,,,,,
42482,1972-01-01,,,,,,,
424822,2016-11-14,,,,,,,
42483,1972-01-01,,,,,,,
42488,1972-01-01,,,,,,,
424889,2016-12-06,,,,,,,
42489,1972-09-24,,,,,,,
42492,1972-12-21,,,,,,,
42493,1971-02-19,,1.1E7,,,,,
42494,1971-09-19,,,,,,,
42495,1971-02-04,,,,,,,
42496,1971-01-01,,,,,,,
424971,2016-11-20,,,,,,,
42498,1970-10-27,,,,,,,
42499,1971-08-18,,,,,,,
4250,2007-10-11,,,,,,,
42500,1971-01-01,,,,,,,
425003,2016-11-18,,,,,,,
42502,1953-02-05,,,,,,,
42506,1960-11-03,,,,,,,
425071,2016-11-11,,,,,,,
4251,2004-11-12,7000000.0,2.938532E7,2.238532E7,4.0,3,0.0,2010-05-01
42510,1921-09-25,,,,,,,
42513,1971-11-18,,,,,,,
425134,2017-04-28,,2.6251899E7,,,,,
42514,1971-05-12,,,,,,,
42515,1966-08-03,,,,,,,
42516,1971-01-21,,,,,,,
42518,1939-11-10,,,,,,,
42519,1971-08-06,,,,,,,
4252,2003-06-12,,,,5.0,1,,2001-07-06
42521,2008-04-26,,,,,,,
42522,1971-08-11,,,,,,,
42525,1971-01-28,,,,,,,
42526,1971-01-01,,,,,,,
42527,1971-01-17,,,,,,,
42529,1971-10-13,,,,,,,
4253,2004-05-28,,,,,,,
42531,1971-06-23,,,,,,,
42532,1971-07-30,,,,,,,
42533,1970-07-08,,,,,,,
42538,1928-01-07,,,,,,,
4254,2003-11-27,,1.3200241E7,,2.4,5,1.2942179105544784,2016-01-15
42541,1960-09-09,,,,,,,
42542,1977-10-14,,,,,,,
425487,2016-10-21,,,,,,,
425488,2016-11-09,,,,,,,
42551,1976-03-26,,,,,,,
42552,1989-09-22,,,,,,,
42553,1912-10-31,,,,,,,
42554,2009-12-05,,,,,,,
425553,2016-11-11,,,,,,,
425591,2017-01-19,,,,,,,
42560,2005-01-01,,,,,,,
42565,1927-08-20,,,,,,,
42566,1981-08-14,,7496681.0,,,,,
42567,1951-08-10,,,,,,,
42570,1991-10-07,,,,,,,
42571,2009-10-09,3906840.0,4300000.0,393160.0,,,,
425716,2017-01-12,,,,,,,
425751,2017-06-09,,3384747.0,,,,,
42576,1961-08-19,,,,,,,
425774,2016-12-01,,,,,,,
42580,1993-06-04,,,,,,,
42581,1958-07-23,,,,,,,
425841,2016-11-10,,,,,,,
42585,2008-10-03,500000.0,,,,,,
42586,1970-01-01,,,,,,,
42587,1970-01-01,,25.0,,,,,
42589,1970-04-27,,,,,,,
42590,1970-08-30,,,,,,,
425916,,,,,,,,
425931,2016-10-31,,,,,,,
42595,1970-10-25,,,,,,,
425961,2016-11-11,,,,,,,
42597,1970-01-01,,,,,,,
42599,1970-12-15,,,,,,,
426,1958-05-09,2479000.0,2.8E7,2.5521E7,3.1666666666666665,12,0.8348471099367218,2004-08-31
42601,1970-01-15,,,,,,,
42602,1969-11-10,,,,,,,
42603,1977-09-07,5000000.0,,,,,,
42604,1969-01-01,,,,,,,
42605,1969-12-21,,,,,,,
42612,1969-08-27,,,,,,,
42616,1929-11-09,,,,,,,
426166,2016-11-24,,,,,,,
42617,1969-12-21,,,,,,,
42621,1969-05-22,,,,,,,
42622,1968-10-09,,,,,,,
426253,2017-05-05,,214078.0,,,,,
426256,2017-08-18,,,,,,,
426264,2017-08-31,,,,,,,
426272,2017-05-05,,,,,,,
42628,1968-08-14,,,,,,,
42630,1968-11-19,,,,,,,
42633,1968-03-20,,,,,,,
42634,1968-06-10,,,,,,,
42636,1968-05-28,,,,,,,
42637,1929-09-27,,,,,,,
42640,1930-11-01,,,,,,,
42642,1979-01-01,,,,,,,
42647,1956-12-30,,,,,,,
42649,1968-01-01,,,,,,,
42652,1988-01-01,,,,,,,
42655,1967-12-04,,,,,,,
42657,1920-12-05,,,,,,,
426576,2016-05-14,,,,,,,
426634,2016-12-05,,,,,,,
426670,2016-11-30,,,,,,,
42668,1956-03-28,,,,,,,
42669,1931-09-26,,,,,,,
42673,2009-12-13,,,,,,,
42675,2010-02-26,,,,,,,
42676,1971-08-28,,,,,,,
42678,1941-12-25,,,,,,,
426830,2017-01-04,,,,,,,
42685,1968-12-25,,,,,,,
42687,1968-01-01,,,,,,,
42689,1967-11-01,,,,,,,
42690,1967-12-22,,,,,,,
42692,1967-04-24,,,,,,,
42695,1967-01-01,,,,,,,
426958,2016-11-10,,,,,,,
42696,1967-09-22,,,,,,,
42697,1967-06-30,,,,,,,
427,1958-05-10,,,,2.4285714285714284,14,0.9376144618769908,2009-02-01
42700,1967-01-29,,,,,,,
42702,1967-06-30,2175000.0,,,,,,
42703,1967-05-24,,,,,,,
427043,1996-10-03,,,,,,,
427045,2016-11-20,,,,,,,
42706,1995-04-22,,,,,,,
42709,1989-11-17,,,,,,,
42712,1967-03-25,,,,,,,
42717,1966-04-29,,,,,,,
42721,1966-09-09,,,,1.0,1,,2016-05-08
42722,1966-12-31,,,,,,,
42724,1966-01-01,,,,,,,
42725,1966-07-20,,,,3.5,3,0.5,2016-08-17
42726,1966-01-01,,,,,,,
42728,1966-09-09,,,,3.0,1,,2006-06-12
42729,1965-10-01,,,,,,,
42731,1965-12-13,,,,,,,
42732,1965-12-24,,,,3.25,2,1.7677669529663689,2009-02-10
42733,1965-05-05,,,,,,,
427342,2016-11-24,,,,,,,
42735,1965-03-21,,,,,,,
42738,1973-04-10,,,,3.1666666666666665,15,0.6454972243679028,2016-10-15
42739,1999-06-11,,,,,,,
4274,1984-05-11,6000000.0,,,2.5,2,0.7071067811865476,2002-02-02
42740,1965-06-17,,,,2.5,1,,2007-05-13
427409,2016-07-01,,,,,,,
42741,1972-09-30,,,,,,,
427413,2016-02-21,,,,,,,
427416,2016-11-06,,,,,,,
42748,2010-02-10,,,,,,,
42752,1934-03-17,,,,,,,
42756,1940-10-02,,,,,,,
42757,2010-01-28,,,,,,,
42759,1972-11-30,,,,,,,
42762,1996-09-11,,,,,,,
42764,1995-04-21,,,,,,,
42767,1950-07-12,,,,,,,
427673,2016-12-09,,,,,,,
42770,1996-10-03,,,,,,,
42772,1995-10-14,,,,,,,
42779,1965-01-28,,,,,,,
42788,1964-05-13,,,,,,,
42790,1964-01-30,,,,,,,
42794,1964-06-01,,,,,,,
42795,1964-01-01,,,,,,,
42796,1964-04-01,,,,,,,
42797,1964-06-11,,,,,,,
42798,1963-10-10,,,,,,,
42802,2007-09-19,,,,,,,
42807,1998-03-26,2.7E7,7.6E7,4.9E7,,,,
428074,2016-11-27,,,,,,,
42808,2009-10-16,,,,,,,
4281,1988-04-15,,960040.0,,3.0,1,,2002-06-02
42812,1930-02-21,,,,,,,
42814,1931-04-04,,,,,,,
42818,1931-10-09,,,,,,,
42822,1932-12-24,,,,,,,
42825,1942-07-23,,,,,,,
4283,2007-01-12,,1.0597734E7,,,,,
42832,1997-12-12,,,,,,,
428355,2016-12-22,,,,,,,
428356,2017-03-16,5000000.0,,,,,,
42836,1931-11-17,,,,,,,
42839,1956-12-01,,,,,,,
428398,2016-12-24,,,,,,,
428449,2017-07-07,100000.0,1.5584255E7,1.5484255E7,,,,
42848,1998-09-06,,,,,,,
428495,2017-07-12,,,,,,,
4285,1995-09-30,,,,,,,
42850,2010-08-10,,,,,,,
428501,2017-07-14,,,,,,,
42861,1931-02-09,,,,,,,
428612,2017-01-23,,,,,,,
42862,2008-02-07,,,,,,,
428645,2017-01-12,2500000.0,,,,,,
42870,1994-01-01,250000.0,,,,,,
42871,1958-07-01,,,,,,,
42872,1980-04-11,,,,,,,
4288,1983-05-01,,,,,,,
42881,1999-09-07,,,,,,,
42884,1997-11-02,,,,,,,
42885,1944-09-12,,,,,,,
42886,1943-10-08,,,,,,,
428863,2007-03-01,,,,,,,
42888,2010-12-17,,4.8668907E7,,,,,
42889,2010-09-10,2000000.0,563706.0,-1436294.0,,,,
42892,2010-03-26,,,,,,,
428950,2016-05-05,,,,,,,
429,1966-12-23,1200000.0,6000000.0,4800000.0,2.5555555555555554,9,1.4240006242195884,2016-06-15
4290,2007-07-14,,,,3.0,3,1.0,2015-08-12
42903,2005-11-06,,,,,,,
429039,2016-11-23,,,,,,,
42904,2005-09-05,,,,,,,
429070,2017-05-17,,,,,,,
42910,2008-06-13,980000.0,,,,,,
42911,1996-02-29,,,,,,,
429126,2016-12-06,,,,,,,
42914,1932-10-29,,,,,,,
42916,2011-07-08,450000.0,,,,,,
429174,2017-06-01,,,,,,,
42918,2009-03-14,,178174.0,,,,,
429191,2017-04-06,,,,,,,
429199,2017-02-03,,,,,,,
429200,2017-08-11,,1.0893246E7,,,,,
429238,2017-01-06,,,,,,,
42939,2007-06-19,,,,,,,
429392,2016-12-29,,,,,,,
42941,2010-10-04,,,,,,,
42943,1935-05-03,,,,,,,
42944,2008-07-22,,,,,,,
429450,2016-12-07,,,,,,,
42952,2004-02-12,1600000.0,,,,,,
429524,2016-03-30,,,,,,,
42966,2010-07-30,10.0,,,,,,
429662,2017-03-03,,,,,,,
42968,2005-11-03,,,,,,,
429698,2017-02-02,,,,,,,
429713,2016-11-08,,,,,,,
42979,2007-07-17,,,,,,,
429792,2016-12-02,,,,,,,
429803,2015-02-17,,,,,,,
42983,1987-03-15,,,,,,,
42986,1963-03-27,,,,,,,
42987,1963-11-01,,,,,,,
42988,1963-01-01,,,,,,,
42990,1962-01-01,,,,,,,
42991,1962-12-06,,,,,,,
42996,1962-01-01,,,,,,,
42997,1962-04-15,,,,,,,
430,1961-12-15,,4000000.0,,,,,
43001,1962-11-12,,,,,,,
43003,1973-03-13,,,,,,,
43004,1962-10-09,,,,,,,
430058,2016-12-16,,,,,,,
43007,1962-10-31,,,,,,,
43011,1962-01-01,,,,,,,
43012,1962-11-21,,,,,,,
43013,1962-04-17,,,,,,,
43015,1962-12-07,,,,,,,
430158,2016-12-29,,,,,,,
43017,1961-10-11,,,,,,,
43018,1961-06-02,,,,,,,
43021,2008-08-22,,,,,,,
43022,1961-06-11,,,,,,,
43023,1961-01-01,,,,,,,
430250,2014-11-15,,,,,,,
43026,1961-12-13,,,,,,,
43027,1961-05-05,,,,,,,
43028,1961-08-01,,,,,,,
43030,1960-01-27,,,,,,,
43031,1960-02-19,,,,,,,
43034,1960-08-01,,,,,,,
43037,1960-01-01,,,,,,,
43041,1960-08-03,,,,,,,
43042,1960-06-17,,,,,,,
43045,1960-02-27,365000.0,,,,,,
43046,1960-02-03,,,,,,,
43048,1960-08-16,,,,,,,
43049,1960-12-28,,,,,,,
43052,2006-08-25,,,,,,,
43065,2009-08-06,,,,,,,
43074,2016-07-14,1.44E8,2.29147509E8,8.5147509E7,,,,
43079,2000-04-04,,,,,,,
430830,2017-01-24,,,,,,,
430834,2017-01-23,,,,,,,
43088,2007-03-30,,,,,,,
43090,2010-04-30,1.0E7,,,,,,
43092,1960-08-21,,,,,,,
43093,1959-03-03,,,,,,,
43094,1959-06-01,,,,,,,
43095,1959-06-23,,,,,,,
430977,2016-12-25,,,,,,,
430985,1992-09-17,,,,,,,
430988,2017-02-22,,,,,,,
431,1997-09-09,250000.0,501818.0,251818.0,3.671875,32,0.7992877373616927,2016-08-17
43100,1959-10-07,,,,,,,
43101,1959-11-11,,,,,,,
43106,1960-02-25,,,,,,,
431071,2017-01-12,,,,,,,
43109,1959-06-25,,,,,,,
431093,2017-02-10,2000000.0,,,,,,
4311,1965-11-17,,,,,,,
43110,1959-04-29,,,,,,,
43112,1959-03-01,,,,,,,
43116,1958-05-30,,,,,,,
43118,1958-06-06,,,,,,,
43119,1958-05-01,,,,,,,
43120,1958-11-15,,,,,,,
431242,2016-06-30,,,,,,,
431244,2017-01-27,,,,,,,
431251,2016-12-14,,,,,,,
43128,1933-12-29,,,,,,,
43130,1933-09-13,,,,,,,
43135,1958-09-08,,,,,,,
43136,1958-12-18,,,,,,,
43142,1958-08-06,,,,,,,
43143,1958-07-07,,,,,,,
431435,2017-07-13,,,,,,,
43145,1932-03-22,,,,,,,
43146,1932-11-02,,,,,,,
43147,1932-09-10,,,,,,,
43148,1933-01-21,,,,,,,
43149,1933-12-22,250000.0,,,,,,
43150,1934-06-01,,,,,,,
43153,1937-10-28,,,,,,,
431714,2017-01-23,,,,,,,
43172,1943-11-27,,,,,,,
431742,2016-12-25,,,,,,,
43176,1945-08-13,,,,,,,
43177,1945-01-01,,,,1.0,1,,2009-11-28
43187,1949-11-03,,,,,,,
43189,1952-12-04,,,,,,,
43191,1952-08-07,,,,,,,
43193,1953-07-03,,,,,,,
43200,2010-04-09,,,,,,,
432025,2017-01-27,,,,,,,
43205,1959-07-08,,,,,,,
43206,2005-11-04,,,,,,,
43211,1986-01-01,,,,,,,
43212,2010-05-20,,4214668.0,,,,,
43213,2009-10-10,3200000.0,,,,,,
432132,2016-12-28,,,,,,,
43219,2009-01-19,,,,,,,
43226,1957-12-28,,,,,,,
43228,1957-06-19,82000.0,2000000.0,1918000.0,,,,
43229,1957-06-15,,,,,,,
43230,1957-03-31,,,,,,,
43232,1957-01-01,,,,,,,
43236,1957-12-13,,,,,,,
43241,1957-10-25,,,,,,,
43248,1957-10-01,,,,,,,
43250,1957-06-21,,,,,,,
43254,1956-01-01,,,,,,,
43257,1956-12-12,,,,,,,
4326,2003-10-01,,,,4.090909090909091,11,0.6252272314199782,2012-06-23
432602,2017-07-28,1000000.0,,,,,,
432607,2017-10-20,,,,,,,
43261,1956-01-01,,,,,,,
43266,1941-10-28,1250000.0,6000000.0,4750000.0,,,,
43267,1991-11-01,,,,5.0,1,,2011-06-28
43269,1945-08-17,,,,,,,
4327,2000-11-02,9.2E7,2.64105545E8,1.72105545E8,3.8214285714285716,14,0.7747739833491605,2016-08-03
43271,2004-08-27,,,,,,,
43275,1994-07-31,,,,,,,
43278,1937-10-02,,,,,,,
432789,2017-01-27,,,,,,,
43279,1982-06-10,,88000.0,,,,,
432883,2017-01-03,,,,,,,
43292,2007-04-13,,,,,,,
432959,2017-01-10,,,,,,,
43303,2009-04-11,,,,,,,
433034,2015-09-16,,,,,,,
433054,2017-01-21,,,,,,,
433056,2017-01-21,,,,,,,
43306,1944-03-01,2627000.0,5363000.0,2736000.0,,,,
433067,2017-01-24,,,,,,,
43307,1944-05-25,,,,,,,
433082,2016-10-27,,,,,,,
43311,1956-10-26,,,,,,,
43313,1956-01-01,,,,,,,
43314,1955-11-15,,,,,,,
43316,1955-12-25,,3100000.0,,,,,
43319,1955-03-24,,,,,,,
43322,1955-01-26,,,,,,,
43323,1955-12-13,,,,,,,
433244,2017-01-13,,,,,,,
43327,1955-07-22,,,,,,,
43329,1954-07-09,,,,,,,
43332,1954-06-16,,,,,,,
43333,1954-11-16,,,,4.0,1,,2006-05-29
43337,1954-01-01,,,,,,,
43338,1954-01-01,,,,,,,
43340,1954-12-01,,,,,,,
433410,2017-01-29,,,,,,,
43342,1953-09-30,,,,,,,
43345,1989-10-06,,,,,,,
43347,2010-11-22,3.0E7,1.02820008E8,7.2820008E7,,,,
433471,2017-06-16,,,,,,,
43349,1953-10-30,,,,,,,
43350,1953-07-10,,,,,,,
43351,1953-01-01,,,,3.0,1,,2009-02-16
43353,1953-06-25,16000.0,1000000.0,984000.0,,,,
43355,1953-01-01,,,,,,,
43360,1952-02-29,,,,,,,
43361,1952-09-20,,,,,,,
43363,1952-07-01,,,,,,,
43364,1952-01-01,,,,,,,
43365,1952-01-01,,,,,,,
43367,1952-08-19,140.0,,,,,,
43368,1952-02-05,,,,,,,
43370,1952-10-24,,,,,,,
43371,1951-04-05,,,,,,,
43373,1952-01-01,,,,,,,
43376,1951-02-07,,,,3.6666666666666665,3,0.7637626158259734,2015-09-02
4338,1998-09-13,,,,4.75,2,0.3535533905932738,2003-08-20
43380,1951-03-25,,,,,,,
43387,1950-01-01,,,,,,,
43388,1950-11-09,,,,,,,
4339,1990-02-15,,,,3.625,4,0.47871355387816905,2005-05-04
43391,1950-01-04,,,,3.0,1,,2009-04-14
433945,2017-07-29,,,,,,,
43396,1950-10-04,,,,3.5625,8,0.32043497223082784,2015-09-02
43397,1949-02-17,,,,,,,
43407,1965-02-24,,,,,,,
43409,2010-03-10,,,,,,,
43417,1972-08-01,3000000.0,,,,,,
434178,2017-01-27,,,,,,,
43418,2010-04-15,7347125.0,,,,,,
43419,1937-09-03,,,,2.0,1,,2012-07-22
43422,1998-01-01,,,,,,,
434234,2017-01-10,,,,,,,
434336,2015-11-01,,,,,,,
43434,2010-05-19,1.8E7,871279.0,-1.7128721E7,,,,
4344,2007-02-13,,,,2.9242424242424243,33,0.9611289920681508,2016-07-24
43440,1949-06-01,,,,,,,
43441,1948-12-25,,,,,,,
43444,1948-10-30,,,,,,,
43445,1948-09-02,,,,,,,
43448,1948-09-20,,,,,,,
43449,1948-06-25,,,,,,,
43450,1948-11-29,,,,,,,
43451,1948-04-15,,,,,,,
43454,1948-06-01,,,,,,,
43455,1948-08-23,,,,,,,
43456,1948-03-27,,,,,,,
43457,1948-04-07,,,,,,,
43458,1948-12-31,,,,,,,
43459,1947-01-01,,,,,,,
43460,1947-11-05,,,,,,,
43466,1947-01-01,,,,,,,
434661,2017-04-27,,,,,,,
43469,1946-04-27,,,,,,,
43470,1946-07-06,,,,,,,
43471,1946-08-11,,,,,,,
434711,2016-11-19,,,,,,,
434758,2017-01-10,,,,,,,
4348,2005-09-16,2.8E7,1.21147947E8,9.3147947E7,,,,
43481,2001-07-06,,,,,,,
43486,1946-02-06,,,,,,,
43487,1946-10-29,,,,,,,
434873,2016-10-08,,,,,,,
43488,1945-12-25,,,,,,,
43489,1945-04-07,,,,,,,
4349,2007-08-22,7.0E7,8.6658558E7,1.6658558E7,4.5,4,0.408248290463863,2008-01-04
43490,1945-02-17,,,,,,,
43492,1945-07-14,,,,,,,
43497,1945-01-09,,,,,,,
434973,1999-03-12,,,,,,,
43498,1945-11-20,,,,,,,
435,2004-05-26,,5.44272402E8,,2.463636363636364,55,0.9663531361973137,2016-05-08
43500,1944-01-01,,,,,,,
43504,1944-02-03,,,,,,,
4351,2006-05-18,2.1E7,,,3.3823529411764706,17,0.9105185981884494,2016-08-17
43511,1943-12-31,,,,,,,
43512,1943-04-29,,,,,,,
43513,1943-07-21,,,,,,,
43514,1943-09-25,,,,,,,
43516,1943-12-21,,,,,,,
43522,1942-11-14,,,,,,,
43524,1942-09-21,,,,,,,
43532,1963-02-18,,,,,,,
43533,1945-04-13,,,,,,,
43535,1994-09-02,,,,,,,
435351,2017-01-17,,,,,,,
43542,1956-12-13,,,,,,,
43546,1944-07-01,2361000.0,6892000.0,4531000.0,,,,
435473,2017-02-03,,,,,,,
43548,1982-01-15,,,,,,,
43549,2010-07-15,2.18E7,,,,,,
43550,2009-04-29,,,,,,,
43551,1942-01-16,,,,,,,
43552,2010-09-11,1.0E7,1068682.0,-8931318.0,,,,
43562,1951-06-02,,,,,,,
43566,1996-02-23,3.5E7,,,,,,
43571,1983-01-01,,,,,,,
43580,1971-03-10,,,,,,,
435821,2017-02-15,,,,,,,
43585,2007-10-27,,,,,,,
43594,1933-09-29,,,,,,,
43595,1933-02-09,200000.0,2200000.0,2000000.0,,,,
43597,1933-12-09,,,,,,,
43599,1933-02-11,,,,,,,
436,2004-01-18,,,,2.2,5,1.3038404810405297,2002-08-21
43608,1955-07-13,,,,,,,
43610,1945-06-01,2160000.0,9132000.0,6972000.0,,,,
43612,1995-01-31,1.3365E7,,,,,,
43618,1965-09-24,,,,,,,
43625,2005-08-19,,,,,,,
43626,1986-09-01,,,,,,,
43629,1997-01-01,,,,,,,
436305,2017-02-26,,,,,,,
436334,2017-04-26,,,,,,,
43634,1996-05-10,,,,,,,
436343,2017-03-02,,,,,,,
43635,2009-11-07,,,,4.0,1,,2009-06-24
436352,2017-05-11,,,,,,,
43637,1987-04-16,,,,,,,
43641,2010-11-09,,,,,,,
43642,2010-08-24,,,,,,,
43643,1994-04-15,,,,,,,
436450,2017-02-03,,,,,,,
43652,2009-11-19,,,,,,,
43653,2007-01-01,,,,,,,
43654,1991-09-03,,694438.0,,,,,
43656,2002-08-30,,,,,,,
43657,2002-01-19,,,,,,,
4368,2003-04-15,2500000.0,,,2.0,4,1.7795130420052185,2015-11-18
43681,1967-01-01,,,,,,,
43685,1962-01-03,,,,,,,
43687,1934-01-01,,,,,,,
43688,1934-07-13,,,,,,,
43689,1934-11-02,,,,,,,
43691,1934-09-06,,,,,,,
436932,2017-05-12,,,,,,,
43699,2003-09-28,,,,,,,
436994,2017-02-22,5000000.0,,,,,,
437,2002-04-15,,,,2.75,4,0.5,2002-04-18
437031,2017-03-10,,5000000.0,,,,,
43705,1941-04-12,,,,,,,
43711,2009-11-16,,,,,,,
437122,2016-08-30,,,,,,,
43716,1957-08-01,,,,,,,
43719,2009-12-06,,,,,,,
43721,2009-03-26,,,,,,,
437220,2017-02-17,,,,,,,
437253,2016-12-15,,,,,,,
43727,2008-06-13,,,,,,,
437311,2017-04-07,,,,,,,
43734,2008-01-01,,,,,,,
43738,2009-10-16,,,,,,,
43740,2009-01-01,,,,,,,
43743,2002-01-01,,,,,,,
4375,1966-12-09,,,,4.0,1,,2001-11-12
43750,1963-10-23,,,,,,,
43751,1976-04-26,,,,,,,
43753,1976-03-01,,,,,,,
43754,2010-02-14,,,,,,,
43756,2005-01-01,,,,,,,
43759,1948-11-16,,,,,,,
43761,1990-01-01,,,,,,,
43764,2006-01-01,,,,,,,
4377,2002-01-01,,,,,,,
43772,2001-01-01,,,,,,,
43778,1966-07-24,,,,,,,
43779,1942-11-27,,,,,,,
43780,1942-04-24,,,,,,,
43781,1942-09-04,,,,,,,
43783,1942-03-13,,,,,,,
437830,2017-01-27,,,,,,,
43786,1942-08-11,,,,,,,
43787,1942-11-19,,,,,,,
4379,2005-05-13,,1.54749918E8,,,,,
43791,1956-03-15,,,,,,,
43792,1941-09-01,,,,,,,
43793,1941-08-15,,,,,,,
43795,1941-04-24,,,,,,,
438,2004-10-15,825000.0,,,3.0,2,0.0,2001-07-10
4380,2004-10-15,5.0E7,1.7012846E8,1.2012846E8,3.8333333333333335,3,1.607275126832159,2004-10-28
438012,1981-11-20,,,,,,,
43804,1941-02-21,,,,,,,
43805,1940-02-23,,,,,,,
43808,1940-07-05,,,,,,,
43810,1940-10-11,,,,,,,
438108,1997-12-16,,,,,,,
43811,1940-05-10,,,,,,,
43812,1940-10-05,,,,,,,
438144,1937-12-31,,,,,,,
43817,2009-01-19,,,,,,,
43819,1940-09-27,,,,,,,
43822,1940-01-22,,,,,,,
43823,1940-07-19,,,,,,,
43824,1940-05-17,,,,,,,
43825,1939-11-10,,,,,,,
43828,1939-11-30,,,,,,,
43829,1939-01-14,1600000.0,,,,,,
43836,1939-07-13,,,,2.125,4,1.1086778913041726,2016-05-08
43837,1939-05-05,,,,,,,
43839,1938-05-24,2000000.0,4000000.0,2000000.0,,,,
43841,1938-08-18,,,,,,,
438446,2017-03-11,,,,,,,
43845,1938-02-02,,,,,,,
43849,1938-12-30,,,,,,,
43850,1938-01-15,,,,,,,
43853,1938-03-18,,,,,,,
43855,1938-10-21,,,,,,,
43857,1937-08-20,,,,,,,
438597,2017-02-19,,,,,,,
43860,1937-01-01,,,,,,,
43862,1937-03-26,,,,,,,
43863,1937-03-19,,,,,,,
438634,2017-06-30,,,,,,,
43864,1937-10-08,,,,,,,
438643,2015-10-04,,,,,,,
43866,1937-11-05,,,,,,,
438665,2017-02-01,,,,,,,
43868,1937-09-03,,,,,,,
43869,1937-07-30,,,,4.0,1,,2008-11-29
43872,1936-11-27,,,,,,,
43873,1936-01-01,,,,,,,
43874,1936-12-12,,,,,,,
43876,1936-01-31,,,,,,,
43877,1936-05-28,,,,,,,
43879,1936-09-03,,,,,,,
43880,1936-01-31,,,,,,,
43881,1936-06-26,1300000.0,5273000.0,3973000.0,,,,
43885,1936-11-16,,,,,,,
43886,1935-08-23,,,,,,,
43887,1935-11-15,,,,,,,
43889,1935-08-23,,,,,,,
43890,1935-09-20,,,,,,,
43892,1935-03-14,,,,,,,
43893,1935-04-02,,,,,,,
43894,1935-03-29,,,,,,,
43897,1935-11-22,,,,,,,
43899,1935-01-18,,,,3.0,1,,2011-06-04
439,1960-02-05,,1.9516E7,,1.0,1,,2002-12-09
43900,1934-10-26,,,,,,,
43902,1934-10-05,,,,,,,
43904,1934-04-24,,,,2.5,1,,2006-09-03
439056,2010-12-23,,,,,,,
43911,1998-11-17,,,,,,,
439121,2016-11-08,,,,,,,
439154,2017-03-22,,,,,,,
43919,2010-08-26,2500000.0,52604.0,-2447396.0,1.6,5,0.5477225575051661,2009-10-15
43923,2010-07-06,,6491240.0,,,,,
43924,2010-08-22,,,,,,,
43925,2005-07-08,,,,,,,
43930,2010-08-08,2.7E7,1.6504936E7,-1.0495064E7,3.5,2,1.4142135623730951,2012-02-22
439314,,,,,,,,
43935,2011-03-16,,4634062.0,,,,,
43936,2003-05-17,,,,2.888888888888889,9,1.0833333333333333,2016-05-08
43938,2010-11-04,,25.0,,,,,
43939,2010-09-10,,,,,,,
43947,2010-06-17,2000000.0,572809.0,-1427191.0,,,,
43949,2010-08-06,,1755212.0,,,,,
43950,2009-09-23,,,,,,,
43956,2010-08-24,,,,,,,
43959,2011-04-08,1.8E7,4.708899E7,2.908899E7,,,,
43962,1949-12-27,,,,,,,
43967,1984-02-11,,,,,,,
43969,2003-05-16,,,,,,,
43976,1996-08-13,,37598.0,,,,,
43978,1998-01-01,,,,,,,
4398,2007-10-24,,,,,,,
43980,1989-01-01,,,,,,,
43981,1995-01-01,,,,,,,
43984,1969-01-01,,,,,,,
43985,2006-09-01,,,,,,,
43989,1993-10-17,,,,,,,
43990,1989-05-05,,1247946.0,,,,,
43995,1966-03-29,,,,,,,
43997,1998-10-01,,,,,,,
439998,2017-03-02,,,,,,,
44004,1980-02-08,,1.5934737E7,,2.9166666666666665,6,1.241638702145945,2016-06-14
44009,2010-11-05,8000000.0,1.8124262E7,1.0124262E7,,,,
44010,2010-09-10,135000.0,10474.0,-124526.0,,,,
44012,1975-05-14,,,,,,,
440143,2017-02-14,,,,,,,
440145,2010-01-01,,,,,,,
440178,1972-03-29,,,,,,,
44022,1956-09-01,,,,3.175,20,1.0671531237239031,2016-08-17
440249,2017-03-28,,,,,,,
44026,1955-03-01,,,,,,,
440266,2017-02-07,,,,,,,
44027,2009-09-06,,,,,,,
440361,,,,,,,,
44038,2008-07-24,,,,,,,
44041,1946-10-17,,,,,,,
44043,1946-09-28,,,,,,,
44047,2000-03-04,,,,,,,
44048,2010-11-04,1.0E8,1.67805466E8,6.7805466E7,,,,
44049,2010-08-19,,,,,,,
440508,2017-03-24,7000000.0,,,,,,
44052,1954-10-28,,,,,,,
44053,2008-07-25,,,,,,,
44054,2007-12-07,,,,,,,
44055,2006-02-24,,,,,,,
44059,1979-04-13,,,,,,,
440642,2017-04-12,7075038.0,9868942.0,2793904.0,,,,
44065,1963-01-01,,,,,,,
44069,2000-09-01,,,,,,,
440708,2017-02-14,,,,,,,
44072,1987-02-01,,,,,,,
44076,2000-09-08,,,,,,,
44081,2001-02-04,,,,,,,
44085,2006-06-01,,,,,,,
44092,2010-09-01,1.2E7,,,,,,
44095,2007-08-07,,,,,,,
44099,1946-12-02,,,,,,,
44104,2004-08-12,,,,,,,
441043,2017-02-10,,,,,,,
44114,2009-10-25,,,,,,,
44115,2010-11-05,1.8E7,3.569292E7,1.769292E7,,,,
4412,1958-03-11,,,,,,,
44123,1987-04-17,,,,,,,
44124,2005-10-07,,,,,,,
44126,1989-04-01,,,,,,,
44129,2010-10-21,,4882577.0,,,,,
4413,2007-09-14,7.0E7,6.9766619E7,-233381.0,,,,
44131,2000-12-31,,,,,,,
44133,2009-08-13,1680000.0,,,,,,
44140,1953-12-23,,,,,,,
44147,2010-06-17,8000000.0,3453043.0,-4546957.0,,,,
44154,1971-11-17,,,,,,,
44155,2010-07-07,,,,,,,
44157,1971-02-01,,,,,,,
44158,2010-06-25,,,,,,,
44159,2009-09-11,,,,,,,
44165,1975-05-24,,,,,,,
441652,1985-11-26,,,,,,,
441728,2017-06-23,,,,,,,
44173,1942-05-29,,,,,,,
44181,2003-06-15,,527000.0,,,,,
441826,,,,,,,,
44184,2002-01-22,,,,,,,
4419,1948-01-21,,,,,,,
44190,1948-08-06,,,,,,,
44192,1991-03-01,,,,,,,
44203,2000-03-25,,,,,,,
442075,2007-11-10,,,,,,,
4421,1997-08-22,5.0E7,4.8169156E7,-1830844.0,,,,
44211,2010-03-07,,,,,,,
44214,2010-12-02,,3.27803731E8,,,,,
44216,2010-02-24,,,,,,,
44219,2010-09-03,,,,,,,
44220,2006-04-04,,,,,,,
44221,2010-08-24,,,,,,,
44222,2010-08-24,,,,,,,
44223,2009-10-09,,,,,,,
44239,1968-01-01,,,,,,,
442417,,,,,,,,
44245,2010-06-30,,,,4.0,1,,2011-05-03
442491,2017-02-06,,,,,,,
44251,1994-03-12,,,,,,,
44255,2009-04-22,,,,,,,
44256,1955-04-16,,,,,,,
44257,1990-01-01,,,,,,,
44260,2006-09-09,,25.0,,,,,
44264,2010-12-22,3.8E7,2.52276927E8,2.14276927E8,,,,
442640,2017-01-23,,,,,,,
44265,1994-07-27,,,,,,,
44268,1986-12-23,,,,,,,
442750,2017-03-19,,,,,,,
442752,1988-03-18,,,,,,,
44282,2009-03-27,,,,,,,
44283,1990-06-20,,,,,,,
44297,1998-09-14,,,,,,,
443053,2017-01-01,42000.0,,,,,,
443113,2016-02-28,,,,,,,
44320,2007-01-01,,,,,,,
44321,2000-09-01,,,,,,,
44322,1996-01-01,,,,,,,
44326,1986-08-22,,1.3418091E7,,,,,
443297,2017-02-07,,,,,,,
443319,2017-04-21,2800000.0,3600000.0,800000.0,,,,
44333,1905-01-01,,,,,,,
44334,1951-04-04,,,,,,,
44338,1989-01-01,,,,,,,
44340,2001-01-23,,,,,,,
44341,1903-01-21,,,,,,,
44342,1905-01-01,,,,,,,
44345,2004-01-01,,,,,,,
44349,1998-12-06,,,,,,,
4435,2001-09-13,,1.9E7,,,,,
44351,2002-01-01,,,,,,,
44361,1997-02-20,,,,,,,
443700,2017-04-14,,,,,,,
44375,2003-09-07,,,,,,,
44386,1997-10-14,,,,,,,
44389,1997-01-01,,,,,,,
44405,1921-10-22,,,,,,,
444066,2016-05-06,,,,,,,
44407,1937-09-10,,,,,,,
44408,2002-05-17,,,,,,,
44409,1920-12-26,,,,,,,
44411,2009-02-10,2500000.0,,,,,,
44415,2004-03-26,,,,,,,
444193,2017-06-13,4000000.0,,,,,,
4442,2005-08-26,,1.05316267E8,,5.0,1,,2003-02-08
4443,1974-11-20,,,,4.125,4,0.6291528696058958,2016-03-10
44432,2008-09-08,,,,,,,
44434,2006-03-13,,,,,,,
44435,1993-03-12,,,,,,,
44436,2010-08-04,,,,,,,
44439,1925-11-06,,,,,,,
44443,2007-01-01,,,,,,,
44444,1961-01-01,,,,,,,
44445,1944-01-01,,,,,,,
44449,1903-08-14,,,,,,,
44458,2005-12-01,,,,,,,
44459,1957-03-31,,,,,,,
44461,1960-10-21,,,,,,,
444623,2003-04-01,,,,,,,
44463,1931-07-17,,,,,,,
44465,1996-09-13,,8538318.0,,,,,
444705,2017-03-21,,,,,,,
444713,2017-03-02,,,,,,,
44478,1958-11-22,,,,,,,
44486,2010-11-03,,,,,,,
44490,2000-01-21,,,,,,,
444935,2016-10-13,400000.0,,,,,,
44494,1933-04-07,,,,,,,
44495,1974-01-01,,,,,,,
44497,1996-07-19,,127251.0,,,,,
445,2005-05-02,,3.6E7,,3.111111111111111,9,1.0540925533894598,2004-04-24
44507,2006-06-27,,,,,,,
44510,1970-01-01,,,,,,,
44511,2007-07-26,,,,4.0,1,,2010-05-01
44517,2001-10-04,,,,,,,
44519,1960-01-01,,,,,,,
44522,1962-10-03,,,,,,,
445224,2017-03-31,,,,,,,
44524,2004-09-03,,,,,,,
44527,2009-04-08,,,,,,,
44533,1949-11-11,,,,,,,
44534,1947-12-25,,,,,,,
44535,1994-09-27,,,,,,,
44536,1953-06-11,,,,,,,
44539,2002-09-12,,,,,,,
44540,2002-01-01,,,,,,,
44541,2008-01-01,,,,,,,
44545,1956-07-01,,,,,,,
44546,2002-09-08,500000.0,,,,,,
44549,2010-08-13,2270000.0,6900000.0,4630000.0,,,,
44554,1999-07-17,,,,,,,
44555,2009-12-11,,,,3.9324324324324325,37,1.2647033148033078,2016-06-13
44559,1958-02-18,,,,,,,
445602,2017-03-07,,,,,,,
44562,1993-06-04,,,,,,,
44563,2005-01-01,,,,,,,
44564,2011-01-13,7.0E7,6.7112664E7,-2887336.0,,,,
44565,2010-07-23,7500000.0,1.0E7,2500000.0,,,,
44571,2009-11-04,1.2E7,,,,,,
445727,2017-04-04,,,,,,,
44585,1958-04-01,,,,,,,
44588,2007-03-28,,,,,,,
44589,1984-11-30,,,,,,,
44591,1957-10-11,,,,,,,
44593,2004-02-06,,,,,,,
44594,2010-03-13,,,,,,,
4460,1952-08-18,,,,,,,
446076,2017-03-31,,,,,,,
44617,1997-04-19,,,,,,,
44618,1972-12-16,,,,,,,
4462,1952-06-13,,,,3.0,1,,2004-02-17
44630,1976-05-19,,,,,,,
44631,1952-12-24,,,,,,,
44639,2010-10-08,2000000.0,7871522.0,5871522.0,,,,
44641,1997-01-01,,,,,,,
446493,2017-04-08,,,,,,,
44655,1951-04-11,,,,,,,
44657,1927-09-03,,,,,,,
44658,1987-02-01,,,,,,,
44662,1962-11-03,,,,,,,
44663,2007-01-01,,,,,,,
44668,1933-07-15,,,,,,,
44669,1949-05-26,,,,,,,
44672,1985-04-01,,,,,,,
44678,2010-10-10,,,,,,,
44680,2009-09-09,,,,,,,
44685,2001-03-31,,,,,,,
446850,2017-01-01,,,,,,,
44687,2010-08-17,600.0,,,,,,
44692,1953-02-18,,,,,,,
44693,1958-04-10,,,,,,,
44694,1988-09-15,,148426.0,,3.45,10,0.9264628073124864,2015-07-16
44695,1967-08-18,360000.0,3.6E7,3.564E7,,,,
44697,1975-10-29,,,,,,,
44705,1996-10-31,,,,,,,
447061,2017-03-24,4000000.0,,,,,,
44708,2002-09-27,,,,,,,
44711,1953-05-29,,,,,,,
44716,2010-08-26,1.5E7,,,,,,
447169,1901-09-30,,,,,,,
44718,2010-01-22,7500000.0,,,,,,
44721,1970-10-21,,,,,,,
447236,2017-03-16,,,,,,,
44732,2005-03-20,,,,,,,
44736,1964-06-24,,,,,,,
4474,2006-06-20,,6.0896147E7,,2.6666666666666665,6,1.4719601443879746,2005-03-24
44749,2013-01-25,,,,,,,
4475,2009-07-07,,,,4.0,1,,2005-05-30
447511,2000-11-21,,,,,,,
44752,2010-11-16,,,,,,,
44754,2011-09-30,1.4E7,46495.0,-1.3953505E7,,,,
44762,2008-08-30,,,,,,,
44766,1958-06-06,,,,,,,
44768,2001-11-03,,,,,,,
4477,1997-03-12,,1.40807547E8,,1.0,1,,2002-07-31
44773,2010-01-01,,,,,,,
44775,1932-09-16,,,,,,,
44781,2001-04-26,,,,,,,
447818,2017-05-12,,,,,,,
44785,1960-03-22,,,,,,,
4479,1978-12-27,,,,4.0,1,,2004-05-26
4480,1986-08-27,4940939.0,,,3.0,4,0.816496580927726,2016-08-17
44805,1980-08-01,,,,,,,
44806,2010-04-01,,,,,,,
44807,1998-05-28,,570000.0,,,,,
4481,1986-11-19,,,,,,,
44813,2007-03-30,,,,,,,
4482,1995-02-08,,,,2.5,4,1.2909944487358056,2004-05-26
44826,2011-11-22,1.7E8,1.8577016E8,1.577016E7,,,,
44827,2006-09-22,,,,,,,
448290,,,,,,,,
4483,1982-05-12,,,,2.5,4,1.8708286933869707,2008-11-29
44835,2010-01-22,,382946.0,,,,,
44839,2009-02-19,5000000.0,,,,,,
4485,1981-03-11,,,,,,,
44850,2003-01-01,,,,,,,
448538,2009-10-01,,,,,,,
44859,1983-09-02,,,,,,,
4486,1989-05-17,,,,2.5,3,1.5,2004-02-18
44868,1947-05-30,,,,,,,
44874,2010-09-14,,,,,,,
44875,1941-03-21,,,,,,,
448763,2017-06-01,,,,,,,
448767,1994-05-02,,,,,,,
44877,2010-06-02,4600000.0,1163967.0,-3436033.0,,,,
44878,2009-05-29,,,,,,,
4488,1980-05-09,550000.0,5.9754601E7,5.9204601E7,2.875,4,0.6291528696058958,2013-06-01
44892,1932-04-16,,,,,,,
44895,2000-06-16,1200000.0,1404.0,-1198596.0,,,,
44896,2011-03-02,1.35E8,2.45724603E8,1.10724603E8,,,,
44899,2003-01-24,,,,,,,
448992,1964-02-05,,,,,,,
44912,2011-06-16,2.0E8,2.19851172E8,1.9851172E7,,,,
449131,,,,,,,,
44918,2010-08-07,,,,,,,
44921,1956-09-21,,,,,,,
44932,1980-09-26,150000.0,,,,,,
4494,1979-06-09,,,,,,,
44940,1957-07-23,,,,,,,
44943,2011-03-08,7.0E7,2.02466756E8,1.32466756E8,,,,
44944,2010-11-05,,3.7E7,,,,,
44945,2010-09-10,9500000.0,120000.0,-9380000.0,,,,
449503,2017-05-08,,,,,,,
44952,2009-10-24,,,,,,,
44960,1976-09-17,,,,,,,
44963,1980-11-15,,,,,,,
449674,2017-04-04,,,,,,,
449677,2005-01-23,,,,,,,
44969,1958-11-26,,,,,,,
449696,1991-01-01,,,,,,,
4497,1961-05-17,,,,,,,
44974,2006-10-15,,,,3.8333333333333335,6,0.6831300510639732,2015-06-10
44977,2013-12-18,,9.1E7,,,,,
44978,2010-11-05,1.0E7,,,,,,
44982,2010-03-12,,3317662.0,,,,,
449863,2017-03-31,,,,,,,
44989,2008-10-23,,,,,,,
4499,1980-10-27,,,,3.4761904761904763,21,1.3083977842784518,2016-08-17
44990,2009-03-14,,,,,,,
44991,2010-01-01,,,,,,,
44997,2010-02-19,,,,,,,
44998,2010-07-30,,12000.0,,,,,
45000,1942-12-05,,,,4.0,1,,2011-06-04
45002,1992-07-08,,,,,,,
45005,1963-10-26,,,,,,,
45007,1971-07-16,,,,,,,
45009,2008-10-06,,,,,,,
45017,2010-05-14,,,,,,,
45019,1997-10-10,,1.0,,,,,
45020,2009-11-11,,,,,,,
45022,2010-05-21,,,,,,,
450225,2016-01-01,,,,,,,
45035,2005-12-29,,,,,,,
45041,2009-03-14,,,,,,,
45043,1999-09-04,,,,,,,
45048,1978-10-09,,,,,,,
45052,2006-10-31,,,,,,,
450530,2017-03-17,,,,,,,
4507,1992-09-03,,,,,,,
45075,2010-04-28,,,,,,,
45083,2009-08-06,,,,,,,
450875,2017-04-28,,,,,,,
45089,2005-05-04,,,,,,,
45094,2010-09-11,1.25E7,6732980.0,-5767020.0,,,,
45096,1991-01-18,1.3E7,,,,,,
45098,2009-03-11,,,,,,,
45099,1951-11-29,,,,,,,
45103,1971-04-29,,,,,,,
45109,2008-12-05,,,,,,,
45115,2003-01-01,,,,,,,
45120,1997-08-12,,,,,,,
45126,2005-09-14,,,,,,,
4513,2007-10-17,,7.5505973E7,,,,,
45130,2001-09-26,,,,,,,
45133,2010-03-12,,,,,,,
45136,1955-03-31,,,,,,,
45139,1979-10-19,,,,,,,
45145,1991-08-18,500000.0,,,,,,
45147,1991-11-08,,7683267.0,,,,,
4515,2007-10-22,3.5E7,6.3215872E7,2.8215872E7,3.25,2,0.3535533905932738,2012-07-21
45153,1997-09-07,,,,,,,
45156,2011-02-03,,1296937.0,,,,,
4516,2006-09-12,,,,3.5,2,0.7071067811865476,2008-11-29
45167,2009-10-20,35000.0,,,,,,
45169,1979-02-09,,,,,,,
451709,2017-04-18,,,,,,,
45176,1931-04-02,,,,,,,
45179,1990-06-22,,,,3.5,1,,2010-06-24
4518,1998-09-13,3.0E7,8.2150642E7,5.2150642E7,4.75,2,0.3535533905932738,2012-08-05
45181,2008-01-03,,,,,,,
45184,1949-08-25,,,,,,,
45186,1974-09-19,,,,3.3095238095238093,21,1.0304876330673562,2016-10-07
45189,1959-01-01,,,,,,,
4519,2007-06-06,,,,3.4,5,1.140175425099138,2016-05-08
45192,1971-04-07,,,,,,,
451955,2017-05-26,,,,,,,
45197,1962-12-05,,,,,,,
4520,2007-10-12,,342835.0,,2.6666666666666665,3,2.254624876411447,2016-08-17
45202,2010-05-13,4000000.0,,,,,,
45204,2007-11-08,,,,,,,
45205,2006-01-01,,,,,,,
452068,2017-05-26,4000000.0,,,,,,
45210,1961-06-06,,,,3.75,2,1.0606601717798212,2007-12-28
45211,1967-11-23,,,,,,,
45212,1946-02-15,,,,,,,
45213,1954-12-27,,,,,,,
45215,1941-10-23,,,,,,,
45220,1943-05-07,,,,,,,
45225,1989-09-15,5000000.0,117463.0,-4882537.0,,,,
45226,1981-11-13,,,,,,,
45227,1987-06-23,,,,,,,
4523,2007-11-20,8.5E7,3.40487652E8,2.55487652E8,3.5,2,0.7071067811865476,2005-08-03
45233,1983-08-31,,,,,,,
45235,1957-08-13,,,,,,,
452372,2017-05-01,,,,,,,
45243,2011-05-25,8.0E7,2.54455986E8,1.74455986E8,,,,
45249,1989-09-23,,,,,,,
45256,1965-01-01,,5275000.0,,,,,
452606,1978-12-01,,,,,,,
45266,1997-05-23,,,,,,,
45272,2010-12-22,1.5E7,2.0529194E7,5529194.0,,,,
45274,2010-11-05,,,,,,,
4529,1966-10-20,,,,2.5,2,0.7071067811865476,2002-12-29
453008,2017-06-11,,,,,,,
45301,2003-06-01,,,,,,,
45302,2000-01-01,,,,,,,
45303,2001-12-27,,,,,,,
453053,2017-06-03,,,,,,,
45318,1989-09-06,,,,,,,
45320,2010-09-19,,11000.0,,,,,
45322,1946-05-17,,,,,,,
45324,2010-09-16,,1083683.0,,,,,
45335,1967-04-05,,1600000.0,,,,,
453354,2017-06-21,,,,,,,
45336,2008-01-01,,,,,,,
45341,2009-01-01,,,,,,,
45347,2011-04-20,,,,,,,
45360,2007-06-29,,18.0,,,,,
45368,2010-04-28,,,,,,,
45371,2010-05-29,,,,,,,
4538,2007-09-29,,2.4377151E7,,1.0,1,,2002-08-21
45380,2006-01-01,,,,,,,
45397,2002-01-01,,,,,,,
45398,1970-10-28,,,,,,,
454,1996-10-31,1.45E7,1.47298761E8,1.32798761E8,3.4727272727272727,110,0.7980376265426429,2016-08-17
45407,2004-01-30,,,,,,,
45417,2001-01-18,,,,,,,
45418,2000-06-22,,,,,,,
4543,1983-03-31,,,,3.0,1,,2003-04-30
45431,1998-01-04,,,,2.9,15,1.137038760490223,2016-08-17
45458,2007-09-01,,,,,,,
454787,2017-05-06,,,,,,,
45489,1987-02-14,,,,,,,
45490,2000-07-28,,,,,,,
45492,1988-02-11,,,,,,,
455027,,,,,,,,
455043,2017-05-27,2.5E7,,,,,,
45505,1999-01-01,,,,,,,
45509,1996-09-20,,,,,,,
4551,2005-03-04,,9.5226116E7,,,,,
45511,2000-09-08,,,,,,,
45512,1972-01-01,,,,,,,
45515,1999-01-13,,,,,,,
455188,2017-04-11,,,,,,,
45520,1958-09-01,,,,,,,
45523,2010-01-26,,,,,,,
4553,2004-02-09,5000000.0,8203235.0,3203235.0,4.166666666666667,3,0.5773502691896258,2015-09-06
45533,1998-03-27,,,,,,,
45538,2001-02-05,,,,,,,
45549,1994-12-06,,,,,,,
45554,2008-12-06,,,,,,,
4556,2007-09-06,,,,,,,
45560,1980-08-28,,,,,,,
455601,2017-05-02,,,,,,,
45569,2010-11-05,,,,,,,
45572,2002-09-13,,,,,,,
45578,1949-01-20,,,,,,,
4558,1950-09-29,,,,2.909090909090909,11,0.8312094145936334,2016-08-17
45585,2010-11-03,,,,,,,
45588,1951-10-19,,,,,,,
45592,1965-09-04,,,,,,,
45593,2006-07-07,,,,,,,
45595,2010-10-01,,852336.0,,,,,
455968,2016-12-20,,,,,,,
456018,2016-03-05,,,,,,,
45602,2000-12-09,,,,,,,
45608,1960-11-10,,,,,,,
456098,2017-06-02,,,,,,,
4561,1975-08-28,,,,4.0,1,,2002-04-17
45610,2011-09-23,3.0E7,2527904.0,-2.7472096E7,,,,
45612,2011-03-30,3.2E7,1.47332697E8,1.15332697E8,,,,
45615,2010-04-09,,,,,,,
456187,2017-05-10,,,,,,,
45622,2009-09-14,,,,,,,
45650,2009-09-09,,,,,,,
45658,2010-10-15,5000000.0,2614773.0,-2385227.0,,,,
4566,2007-09-28,2.5E7,9.2991835E7,6.7991835E7,3.5,2,2.1213203435596424,2003-02-25
45663,2009-12-13,,,,,,,
45664,2006-11-09,,,,,,,
45675,2009-10-01,,,,,,,
45677,2006-01-01,,,,,,,
456781,2017-05-09,,,,,,,
45682,2009-07-03,,,,,,,
45690,1968-03-11,,,,,,,
45691,1978-05-20,,,,,,,
45693,2003-07-20,,,,,,,
45694,1966-05-20,,,,,,,
456956,,,,,,,,
45697,1977-12-24,,,,,,,
45698,1973-12-11,,,,,,,
45699,2002-12-18,,,,,,,
457,1955-12-22,,,,3.9530516431924885,213,0.7633420696155351,2016-10-07
45706,1966-04-10,,,,,,,
45708,2009-08-29,3200000.0,,,,,,
45712,1999-01-22,3.0E7,,,,,,
45713,1969-05-24,,,,,,,
45716,1987-01-01,,,,,,,
45722,2008-03-07,,,,3.4152542372881354,59,1.071385432322936,2016-10-16
45729,2009-04-19,,,,,,,
45739,1999-01-01,,,,,,,
457470,2017-06-04,,,,,,,
45752,2010-09-14,,,,,,,
45760,2006-03-20,,,,,,,
45764,1971-01-01,,,,,,,
45765,2009-10-16,,,,,,,
45767,2002-10-25,,,,,,,
45772,2011-01-13,3.6E7,1.89712432E8,1.53712432E8,,,,
45774,1988-05-13,,1328001.0,,,,,
45778,2010-08-13,3000000.0,,,,,,
45779,1992-05-25,1000000.0,,,,,,
4578,1968-12-16,,,,2.0,1,,2002-12-09
45783,2004-08-26,,,,,,,
45793,1972-12-20,,,,,,,
457962,2017-06-09,,,,,,,
45801,1942-01-20,,,,,,,
45802,1936-12-11,,,,,,,
45803,1931-05-22,,,,,,,
45806,2009-08-14,,,,,,,
45807,1923-01-22,,,,,,,
45817,1970-02-01,,,,,,,
45823,2001-06-15,,,,,,,
45827,1973-06-20,,,,,,,
458310,2017-05-23,,,,,,,
45839,2010-09-18,,,,,,,
458506,2017-07-08,,,,,,,
458618,2017-05-15,,,,,,,
45862,2003-09-12,,,,,,,
45864,2001-09-28,,1.0,,,,,
45871,1999-11-19,,,,,,,
45873,1970-09-02,,,,,,,
45874,1975-06-04,,,,,,,
45875,1996-10-30,,,,,,,
4588,2007-09-28,1.5E7,,,,,,
458808,2015-06-04,,,,,,,
45882,2005-01-01,,,,,,,
45887,2005-01-01,,,,,,,
45891,2007-10-31,,,,,,,
45899,1997-04-25,,,,,,,
45905,2000-05-17,,,,,,,
4592,2003-07-04,,,,1.0,1,,2002-08-21
45921,2008-11-20,,,,,,,
45926,1996-12-13,,,,,,,
45928,1997-11-14,,,,3.5,2,0.7071067811865476,2008-06-19
459295,2017-05-30,,,,,,,
45930,1986-06-27,,,,,,,
45935,1998-10-01,,,,,,,
45939,2006-09-20,,,,,,,
45943,2001-01-01,,,,,,,
45948,1961-01-01,,,,,,,
45949,2001-08-01,,,,,,,
45960,1947-02-06,,,,,,,
45964,1979-10-26,,,,,,,
45965,1945-05-03,,,,,,,
45966,1951-04-26,3900.0,,,,,,
45967,1947-06-25,,,,,,,
4597,2009-12-04,2.0E7,2.2942221E7,2942221.0,,,,
45970,1951-03-23,,,,,,,
45971,1938-06-03,,,,,,,
45974,1993-10-31,,,,,,,
45993,1954-06-20,,,,,,,
45997,1995-09-03,,,,,,,
45999,1985-08-03,,,,,,,
460,2005-01-06,,,,2.5,2,0.7071067811865476,2001-05-06
460024,2017-06-02,,,,,,,
46007,1956-04-27,,,,,,,
46010,1971-01-01,,,,,,,
46011,1953-03-25,,,,,,,
460135,2017-08-30,,,,,,,
46014,1952-09-27,,,,,,,
46018,1974-01-23,,,,,,,
46020,2010-09-25,,,,,,,
46021,1988-06-24,,,,,,,
46025,2002-11-09,,,,,,,
46027,1996-10-22,,,,,,,
46028,1992-12-17,,,,,,,
46041,1966-11-10,,,,,,,
46043,1951-06-22,,,,,,,
46063,1996-05-02,,5.0,,,,,
46076,1962-05-03,,,,,,,
46081,1962-10-10,,,,,,,
460822,2017-06-13,,,,,,,
460846,2017-03-04,,,,,,,
460870,2011-10-06,,,,,,,
46094,1994-01-07,1.708E7,2.10115E7,3931500.0,,,,
46095,1946-11-20,,,,,,,
46101,2007-08-26,,,,,,,
46103,2010-10-19,1.0E7,,,,,,
46106,2010-08-14,,,,,,,
461088,2016-03-22,,,,,,,
46112,2002-02-21,,,,,,,
46119,2000-01-01,,26394.0,,,,,
4612,2003-01-01,,,,4.75,2,0.3535533905932738,2012-08-06
46127,2009-01-02,,,,,,,
46128,2009-05-21,,,,,,,
461297,2017-08-01,,,,,,,
46136,1976-01-13,,,,,,,
46138,2010-09-11,7200000.0,,,,,,
4614,2002-05-31,6.8E7,1.93E8,1.25E8,2.8333333333333335,3,0.7637626158259733,2016-08-17
46146,2010-10-29,3500000.0,4159678.0,659678.0,,,,
46147,2010-11-05,,,,,,,
46149,1958-09-30,,,,,,,
461533,2013-04-23,,,,,,,
46159,1934-05-04,,,,,,,
461615,2017-06-13,,,,,,,
46169,2007-10-12,,,,,,,
46175,1971-05-28,,,,,,,
461805,2017-06-12,,,,,,,
46184,1944-12-22,,,,,,,
46189,1957-02-22,,,,,,,
46190,1956-08-17,,,,,,,
46193,1953-07-17,,,,,,,
46197,2010-02-19,,,,,,,
46198,2010-04-22,1400000.0,,,,,,
46207,2010-03-24,,,,,,,
46217,2009-11-06,,,,,,,
46223,1981-01-04,,,,,,,
46226,2000-09-08,,,,,,,
46228,2003-09-01,,,,,,,
46247,2006-10-23,,,,,,,
46258,1951-11-08,,,,,,,
46260,1940-05-03,,,,,,,
46261,2010-11-06,2.5E7,3.6993168E7,1.1993168E7,,,,
462788,1966-12-02,,,,,,,
4628,1983-01-28,,,,3.625,4,1.1086778913041726,2015-07-17
46280,2005-06-08,,,,,,,
4629,2007-09-20,4000000.0,46474.0,-3953526.0,2.0,2,0.0,2001-08-05
46302,2007-05-29,,,,,,,
46314,1996-12-20,,,,,,,
46334,1996-10-16,,,,,,,
46336,2005-01-21,250000.0,245000.0,-5000.0,,,,
46338,1996-12-12,,,,,,,
46341,2006-08-14,,,,,,,
46342,2004-04-16,9700000.0,,,,,,
46343,2007-01-01,,,,,,,
46360,1990-11-09,,,,,,,
46373,1998-10-06,,,,,,,
463800,2017-06-28,,,,,,,
46383,2007-12-07,,,,,,,
46387,1994-08-05,,2.69E7,,,,,
463906,2017-07-11,,,,,,,
464,2004-09-03,,,,3.111111111111111,9,0.7817359599705717,2000-11-05
46409,2007-06-08,,,,,,,
4641,2006-07-21,,,,3.6666666666666665,36,1.0488088481701514,2016-08-17
46420,2009-09-13,,,,,,,
46426,2007-02-07,,,,,,,
46429,2012-10-27,1.7E7,,,,,,
4643,2006-09-28,7.0E7,5.5011732E7,-1.4988268E7,2.875,44,1.0627137267939466,2016-05-08
46430,2001-04-13,,,,,,,
46432,2006-09-26,,,,,,,
46434,1959-06-10,,,,,,,
46435,1999-09-03,,,,,,,
46439,1972-11-17,,,,,,,
46442,2009-06-25,,,,,,,
46445,1981-05-14,,,,,,,
46448,1977-03-05,,,,,,,
4645,1988-03-10,,,,4.5,1,,2005-09-23
46451,2010-08-10,,,,,,,
46460,1979-06-01,,2411145.0,,,,,
46466,1999-09-13,,,,,,,
464819,1992-01-01,,,,,,,
465,1988-03-03,,,,3.5,5,0.8660254037844387,2006-05-27
46500,1984-09-07,,,,,,,
46504,2009-04-23,,,,,,,
465044,2017-06-28,,,,,,,
46510,1921-04-18,,,,,,,
46521,1961-12-06,,,,,,,
46522,1982-01-01,250000.0,,,,,,
46523,2010-12-09,1500000.0,8786756.0,7286756.0,,,,
46526,2006-12-02,,,,,,,
46528,2010-12-02,4.2E7,1.1087569E7,-3.0912431E7,,,,
46531,1950-03-01,,,,,,,
46537,2009-10-10,,,,,,,
46558,2009-12-10,,,,,,,
46563,1945-11-21,1750000.0,,,,,,
46564,2010-11-05,,,,,,,
46565,1972-05-22,,,,,,,
4657,2006-07-20,,,,,,,
46570,1968-03-28,,,,,,,
46578,1979-09-01,,,,3.9078947368421053,76,0.951176556747097,2016-08-17
4658,2007-06-17,,,,3.8,5,1.1510864433221337,2015-07-17
46581,1974-08-17,,,,,,,
46591,1965-10-31,,,,,,,
46595,1974-01-01,22500.0,,,,,,
46617,1938-07-01,,,,,,,
46625,1997-09-12,5000000.0,,,,,,
46629,1998-12-04,,,,,,,
46632,1977-11-01,,,,,,,
46636,2010-01-14,,,,,,,
46651,2008-11-14,,,,,,,
46658,1989-01-01,,,,,,,
46663,2007-11-29,,,,,,,
46667,1973-12-14,,,,,,,
46681,1958-09-01,,,,,,,
46686,1999-09-14,,40717.0,,,,,
46688,1938-12-24,,,,,,,
46689,2010-01-24,1500000.0,187716.0,-1312284.0,,,,
46691,1970-07-15,106000.0,1.9319254E7,1.9213254E7,,,,
46696,1976-05-06,,,,,,,
46697,1994-01-01,,,,,,,
46702,1998-08-28,,1.241365E7,,,,,
46705,2010-12-27,3500000.0,1.656624E7,1.306624E7,,,,
46717,1994-01-21,4.5E7,2.1355893E7,-2.3644107E7,,,,
46718,2010-09-28,,,,,,,
46724,1960-04-05,,,,,,,
46725,1995-01-01,,,,,,,
46727,1999-02-11,,,,,,,
46732,1995-09-10,,,,,,,
46734,2010-08-01,3383700.0,,,,,,
46740,1971-01-01,,,,,,,
46744,1912-01-01,,,,,,,
46748,1997-12-03,,,,,,,
46754,1996-02-09,,,,,,,
4676,2004-02-04,,,,2.8333333333333335,3,0.5773502691896258,2016-05-08
46761,1998-05-27,,,,,,,
46767,1987-03-03,,,,,,,
46768,1969-11-13,,,,,,,
46769,1945-01-01,,,,,,,
46770,1988-01-01,,,,,,,
46772,1974-12-12,,,,2.0,1,,2008-08-05
46773,2005-07-13,,,,,,,
46780,1965-01-01,,,,,,,
46781,1949-01-01,,,,,,,
46783,1998-01-01,,,,,,,
46784,1971-01-02,,,,,,,
46787,1964-01-01,,,,,,,
46789,2010-09-01,,,,,,,
46793,1978-09-13,,,,,,,
46797,1994-04-15,,,,,,,
46798,1999-10-22,,,,,,,
46799,1971-12-17,,,,,,,
46804,1999-02-25,,,,,,,
46806,2003-01-01,,,,,,,
46809,1969-12-20,,,,,,,
46813,1933-01-01,,,,,,,
46814,2003-01-03,,,,,,,
46817,1998-09-23,,,,,,,
46820,2006-01-26,,,,,,,
46821,1989-12-07,,,,,,,
46827,1996-03-23,,,,,,,
4683,1972-09-13,,457163.0,,,,,
46830,1985-02-10,,,,,,,
468343,1956-01-01,,,,,,,
46835,1999-01-23,,,,,,,
46836,1986-11-14,,235262.0,,,,,
46837,2010-08-22,,539957.0,,,,,
46838,2010-01-22,5000000.0,5476793.0,476793.0,,,,
46845,1971-11-24,,,,,,,
46847,2007-09-13,,,,,,,
46853,1977-05-17,,,,,,,
46863,1965-01-01,,,,,,,
46869,2004-09-30,,,,,,,
46871,2005-09-09,1500000.0,,,,,,
46875,1951-11-21,,,,,,,
46878,1978-07-14,,,,,,,
4688,2007-09-14,,,,4.0,3,1.0,2010-08-08
46883,2007-03-12,2500.0,15425.0,12925.0,,,,
46884,1959-06-01,,,,,,,
46885,1982-05-21,,,,,,,
46888,2006-04-29,,,,,,,
4689,2002-03-29,4000000.0,1954937.0,-2045063.0,,,,
46891,2006-01-01,500000.0,,,,,,
46897,2000-01-01,,,,,,,
46898,1972-05-24,,,,,,,
469,1984-10-01,,,,3.125,8,0.6408699444616557,2000-11-22
46902,2006-04-08,900000.0,82701.0,-817299.0,,,,
46909,2010-07-16,,,,,,,
46910,1934-02-16,,,,,,,
46914,2007-10-18,,,,,,,
46918,1959-11-17,,,,,,,
46919,1966-12-30,,,,4.0,1,,2013-06-21
46920,2010-05-21,,,,,,,
46924,1994-05-06,,,,,,,
46929,1947-09-27,,,,,,,
46930,2007-05-18,,,,,,,
46934,2010-10-07,,850994.0,,,,,
46943,2001-09-07,,,,,,,
46948,1986-01-31,,,,3.25,4,0.6454972243679029,2016-07-05
4695,1991-02-21,,,,,,,
46953,2010-09-10,,,,,,,
46975,1987-11-30,,,,,,,
46978,1975-04-25,,,,,,,
46979,1955-11-18,,,,,,,
46982,1964-04-16,,,,,,,
46983,1959-09-30,,,,,,,
46986,1995-09-14,,,,,,,
46989,2002-01-11,1000000.0,464000.0,-536000.0,,,,
46992,1998-12-30,,,,,,,
46995,1950-02-14,,,,,,,
46997,1952-12-20,,,,,,,
46998,2009-10-01,,,,,,,
47003,1966-12-23,,,,,,,
47011,1983-01-01,,,,,,,
47018,1995-11-08,,,,,,,
47045,1989-04-14,,1.2065892E7,,,,,
47046,2002-10-08,,,,,,,
4705,1975-12-19,,,,3.75,4,1.2583057392117916,2005-04-08
47055,2010-11-08,,,,,,,
47057,1988-01-01,,,,,,,
47060,1998-09-14,,,,,,,
47065,2010-07-31,1000000.0,,,,,,
47070,1989-05-15,,,,,,,
47072,1998-11-13,,,,,,,
47075,2009-05-07,,,,,,,
4708,1966-10-26,,,,,,,
47088,2010-08-01,7000000.0,453079.0,-6546921.0,,,,
47089,2003-09-12,,,,,,,
4709,1952-12-17,,,,3.5,5,0.5,2003-08-20
47090,1991-06-27,2000000.0,,,,,,
47099,1998-01-01,,,,3.7916666666666665,24,0.9197904613299831,2016-10-16
471,1997-01-01,,,,3.877551020408163,49,0.8631978592522613,2013-06-01
4710,1966-03-22,,,,3.5,2,0.7071067811865476,2002-02-02
47104,1994-01-01,,,,,,,
47112,1997-01-01,,,,,,,
47115,2002-01-01,,,,,,,
47116,1979-03-09,,,,,,,
47121,1978-05-01,,302553.0,,,,,
47122,1963-04-29,300.0,,,4.0,1,,2012-02-22
47139,1998-10-16,7300.0,13674.0,6374.0,,,,
47143,2005-05-04,,,,,,,
47149,1954-01-27,,,,,,,
47155,1942-03-01,,,,,,,
47156,1939-05-19,,,,,,,
47161,2000-01-01,,,,,,,
47166,1938-11-23,,,,,,,
47168,1996-10-16,12.0,1.0,-11.0,,,,
47171,2006-08-31,,,,,,,
47177,2010-08-21,,,,,,,
47184,1951-11-23,,,,,,,
47186,1998-11-18,,,,,,,
47189,1968-05-24,,,,,,,
47197,1939-11-03,,,,,,,
47199,1996-11-08,,,,,,,
47201,1981-01-01,,,,,,,
47208,2000-02-27,,,,,,,
47212,1987-09-25,,1262091.0,,,,,
47215,1999-02-16,,,,,,,
47218,2010-01-20,,215576.0,,,,,
4722,1993-06-09,,428868.0,,4.333333333333333,3,0.5773502691896258,2015-08-15
47232,2001-01-01,,,,,,,
47234,1997-01-01,,,,,,,
47238,1994-12-12,,,,,,,
47239,1975-07-08,,,,,,,
47240,1961-03-27,,,,,,,
47241,2007-01-01,,,,,,,
47245,1982-01-01,,,,,,,
47246,1973-12-01,,,,,,,
47247,2006-10-19,,,,,,,
47250,1930-06-14,,,,,,,
47251,1972-10-27,,,,,,,
47260,1996-01-24,,,,,,,
47261,2010-05-06,,,,3.0,1,,2007-09-24
4727,1964-09-08,,,,2.3333333333333335,6,1.4719601443879746,2006-07-02
47273,2011-01-01,,,,,,,
4728,1965-10-28,,,,2.9375,8,1.1783008347374015,2015-07-16
47282,1987-12-11,,,,,,,
4729,1968-10-30,,,,,,,
47291,1988-07-14,,,,,,,
47295,1999-01-01,,,,,,,
473,1998-07-10,60000.0,3221152.0,3161152.0,1.0,3,0.0,2000-11-22
47310,1956-05-22,,,,,,,
47312,1954-03-02,,,,,,,
47329,1990-02-02,,2.0240128E7,,,,,
47330,2010-10-11,,,,1.0,1,,2008-11-11
47331,2004-10-01,,,,,,,
47333,1996-02-09,,,,,,,
4734,1991-10-30,,138000.0,,3.2419354838709675,31,1.0397994016630923,2016-08-17
47350,1993-11-14,,,,,,,
47352,1943-05-28,,,,,,,
47354,2002-07-30,,,,,,,
47364,1983-08-19,,,,,,,
47365,2008-08-01,,,,,,,
47367,1996-01-01,,,,,,,
47370,1967-08-12,,,,,,,
47383,2009-11-10,,,,,,,
47386,2010-01-23,500000.0,,,,,,
47401,1940-09-27,,,,,,,
47407,2010-10-17,500000.0,,,,,,
47408,2005-05-11,,,,,,,
47410,1982-05-28,,,,,,,
47413,2004-03-12,,,,,,,
47423,1991-02-02,,4303351.0,,2.75,6,1.6046806535881213,2014-11-16
47426,2009-09-07,,,,,,,
47430,1990-01-01,,,,,,,
47434,1996-01-01,,,,,,,
47435,2009-03-11,,,,,,,
47439,1999-05-19,,,,,,,
47444,1987-01-01,,,,,,,
47447,1962-01-01,,,,,,,
47448,1972-11-09,,,,,,,
47449,1995-05-17,,,,,,,
47453,1988-01-01,,,,,,,
47454,1960-01-01,,,,,,,
47455,1966-01-01,,,,,,,
47462,2004-09-30,,,,,,,
47466,1980-09-05,,,,,,,
4747,1972-10-06,,,,,,,
47473,1951-10-01,,,,,,,
47474,1977-10-28,,,,,,,
47475,1996-02-16,,,,,,,
47477,1996-04-28,,,,,,,
47479,2010-04-25,,,,,,,
47491,2006-07-21,400000.0,,,3.25,2,1.7677669529663689,2012-05-02
47493,1988-01-01,,,,3.0,1,,2016-10-16
47496,1996-02-21,,,,,,,
47497,2008-02-29,,,,,,,
47500,2002-02-20,,,,,,,
47502,1996-04-03,,9789900.0,,,,,
47504,1994-10-27,,,,,,,
47507,1993-01-01,,,,,,,
47508,1925-01-01,,,,,,,
47510,2006-01-23,,,,,,,
47518,2010-06-15,8500000.0,,,3.590909090909091,11,0.8005679801922451,2016-05-11
47536,1973-04-19,,,,,,,
47542,1981-12-25,48740.0,955401.0,906661.0,,,,
47553,1963-09-01,,,,,,,
47555,1951-08-28,,,,,,,
47559,2010-09-04,,,,,,,
47561,1979-04-27,,,,,,,
47562,2004-01-19,,,,,,,
47574,2000-09-27,,,,,,,
47578,1983-12-10,,,,,,,
47582,1973-05-10,,,,,,,
47585,1999-05-18,,,,,,,
47587,1994-11-24,,,,,,,
47590,1927-01-01,,,,,,,
47595,2000-09-15,,,,,,,
47596,1999-01-01,,,,,,,
47607,2010-11-12,65000.0,416498.0,351498.0,,,,
47610,2010-03-24,,,,3.727272727272727,33,0.8846866420069056,2016-07-28
47614,2003-08-31,,,,,,,
47615,1965-01-01,,,,,,,
47626,2010-10-15,,,,,,,
47643,1996-09-07,,,,,,,
47647,1991-12-31,,,,,,,
47648,1992-12-17,,,,,,,
47655,2010-10-22,,,,,,,
47657,2001-01-01,,,,,,,
47658,2006-11-24,,,,,,,
47670,1986-12-06,,,,,,,
47676,1993-01-10,2500000.0,764083.0,-1735917.0,,,,
47680,1983-01-01,,,,,,,
47683,2004-11-25,,,,,,,
47684,1934-04-24,,,,,,,
47686,1997-01-01,,,,,,,
47692,1999-11-24,,,,,,,
47694,1996-05-09,,,,,,,
47695,1930-06-29,,,,,,,
47697,1951-11-27,,,,,,,
47703,1923-01-01,,,,,,,
4771,2007-10-19,1.9E7,3.4619699E7,1.5619699E7,4.0,1,,2016-06-27
47713,1955-01-01,,,,,,,
47714,1992-01-01,,,,3.0,1,,2011-01-28
47715,1987-01-01,,,,,,,
4772,1966-02-01,,,,3.875,4,1.0307764064044151,2006-05-21
47721,1953-09-14,,,,3.1,5,1.51657508881031,2015-07-17
47723,1997-11-01,,,,,,,
47724,2000-04-14,,,,,,,
47735,1953-02-09,,,,,,,
47737,1974-06-08,,,,,,,
47748,2008-10-04,,,,,,,
47755,2011-10-27,,,,,,,
47758,1935-02-18,,,,,,,
47759,1964-12-07,,,,,,,
47760,2011-09-16,8000000.0,163265.0,-7836735.0,,,,
47762,1991-02-22,3000000.0,9563393.0,6563393.0,,,,
47771,2008-08-28,,,,,,,
47774,2001-01-23,,,,,,,
47778,1955-04-04,,,,,,,
47792,1984-04-21,,,,,,,
47795,1988-01-01,,,,,,,
47796,1962-08-31,,,,,,,
4780,1976-08-01,,,,,,,
47802,1992-10-14,,,,,,,
47808,1983-12-01,,,,,,,
47812,2010-02-25,,1.0198357E7,,,,,
47816,2000-03-01,6000000.0,9000000.0,3000000.0,,,,
47817,1988-08-18,,5979011.0,,,,,
47819,1979-08-10,,,,,,,
47821,1992-04-15,2.7E7,1.4683921E7,-1.2316079E7,,,,
47825,1984-04-19,,,,,,,
47837,1960-04-14,,,,,,,
47848,1974-12-25,,,,,,,
47854,2010-09-01,,48398.0,,,,,
47855,2002-01-01,,,,,,,
47860,1989-01-01,,,,,,,
47863,2010-10-22,,,,,,,
47867,1995-05-12,,3992809.0,,,,,
47869,1990-11-21,,1030938.0,,,,,
4787,2007-06-18,,,,3.7857142857142856,7,0.6986381310057718,2006-02-16
47878,1982-10-08,1.7E7,946461.0,-1.6053539E7,,,,
47883,1938-11-19,,,,,,,
47890,1981-02-11,1.4E7,439564.0,-1.3560436E7,,,,
47893,1999-03-16,,,,,,,
4790,1974-03-21,,,,,,,
47900,1969-09-26,,,,,,,
47902,2010-10-03,,,,,,,
47904,2010-09-21,3.0E7,,,,,,
47906,1979-08-17,,,,,,,
47908,1985-12-20,,7218340.0,,,,,
47909,2010-05-13,,349899.0,,,,,
47913,2002-06-02,,,,,,,
47914,1977-05-01,,,,,,,
47920,1935-12-30,,,,,,,
47921,1934-11-26,,,,,,,
47931,2010-10-08,,6.3027681E7,,,,,
47934,,,,,,,,
47939,1995-10-27,,7025496.0,,,,,
47941,1981-07-31,2.0E7,2297493.0,-1.7702507E7,,,,
47942,1980-03-28,2.0E7,3763988.0,-1.6236012E7,,,,
47943,2000-08-15,,3818452.0,,,,,
47947,1982-07-16,,3.068886E7,,,,,
47951,1986-06-27,,,,,,,
47957,1982-01-01,,,,,,,
47959,2002-09-18,,,,,,,
47962,1969-11-06,,,,,,,
47963,2007-10-22,,,,,,,
47964,2013-02-06,9.2E7,3.04654182E8,2.12654182E8,,,,
47971,2017-01-13,8.5E7,3.46147658E8,2.61147658E8,,,,
4798,1968-04-24,,,,3.5,2,0.7071067811865476,2012-06-23
47985,1987-11-01,,,,,,,
47993,1957-12-26,,,,,,,
480,2001-08-30,,,,3.7062043795620436,274,0.9170734080386719,2016-09-07
48000,1926-01-02,,,,,,,
48003,1962-11-01,,,,,,,
48008,2009-03-08,,,,,,,
48011,2008-01-01,,,,,,,
48014,1974-02-23,,,,,,,
48015,2010-08-28,,,,,,,
48035,1955-01-09,,,,,,,
48038,1994-12-31,,,,,,,
48109,2000-01-21,,,,,,,
48118,1996-08-20,,,,,,,
48119,2006-11-17,,,,,,,
48121,2004-01-01,,,,,,,
48125,2003-10-24,,,,,,,
48129,1991-02-01,1.6E7,4409328.0,-1.1590672E7,,,,
48133,1944-01-01,,,,,,,
48135,1967-07-13,,,,,,,
48138,2011-02-16,,1.30786397E8,,,,,
48139,1983-05-18,,,,,,,
48144,1994-01-01,,,,,,,
48149,1987-05-13,,183700.0,,,,,
48150,1992-09-02,,1666511.0,,,,,
48155,1955-10-25,,,,,,,
48156,1957-09-12,,,,,,,
4816,1999-09-13,,,,3.2282608695652173,46,1.1387445413413766,2016-08-17
48169,1968-08-28,,,,,,,
48171,2011-01-28,3.7E7,9.6047633E7,5.9047633E7,,,,
48180,1986-10-26,,,,,,,
48197,1976-09-26,,,,,,,
48199,1994-02-07,,,,,,,
482,1971-07-02,4000000.0,1.2121618E7,8121618.0,2.85,10,1.5994790818680102,2015-04-16
4820,1959-12-07,,,,,,,
48202,1961-06-01,,,,,,,
48203,1976-01-01,,,,,,,
48204,2008-01-01,,,,,,,
48205,1976-05-19,,,,,,,
48210,1986-01-01,,,,,,,
48214,1917-11-30,,,,,,,
48215,1985-01-01,,,,,,,
48217,2000-01-01,,,,,,,
4822,1955-10-08,,,,5.0,1,,2011-04-30
48231,2011-09-30,1.5E7,2.7462041E7,1.2462041E7,3.5,1,,2015-06-10
48233,1998-09-12,,140021.0,,,,,
4824,1997-11-14,6.0E7,1.5933028E8,9.933028E7,,,,
48242,1983-01-01,,,,,,,
48243,2010-09-06,3167000.0,,,,,,
48249,1982-08-13,,,,,,,
48250,2006-10-27,,,,,,,
48254,1997-09-12,,,,,,,
48266,2004-05-19,,,,,,,
48267,1970-10-09,,,,,,,
48268,1979-01-01,,,,4.0,1,,2011-08-15
48287,1995-08-18,,,,,,,
48288,2007-03-31,,,,,,,
48300,1969-02-28,,,,,,,
48309,1988-03-04,1300000.0,354704.0,-945296.0,,,,
48311,1982-03-12,800000.0,7000000.0,6200000.0,,,,
48313,1982-04-20,,,,,,,
48315,1993-03-17,,,,,,,
48319,1997-01-01,,,,2.75,2,1.0606601717798212,2008-04-15
4832,2007-08-17,,,,3.0,2,0.0,2004-04-17
48336,1995-01-01,,,,,,,
48340,2011-02-03,3.0E7,1.0860931E8,7.860931E7,,,,
48346,1978-01-01,,,,,,,
48364,1975-01-27,,,,,,,
48369,1938-12-19,,,,,,,
48373,2010-08-14,,,,,,,
48374,1995-10-01,,,,,,,
48385,1956-03-24,,,,3.272727272727273,44,1.0312249740700994,2016-08-17
4839,2007-11-08,,,,,,,
48395,2010-12-03,1948000.0,,,,,,
48397,2008-01-05,,,,,,,
48405,2001-03-01,,,,,,,
48406,1987-12-27,,,,,,,
48407,1952-01-25,,,,,,,
48408,1970-11-18,,,,,,,
48409,1959-06-17,,,,,,,
48411,2007-10-18,,,,,,,
48415,2010-10-01,,6.5584679E7,,,,,
48419,1976-07-01,,,,,,,
48426,2004-08-18,,,,,,,
48448,1991-02-14,,,,,,,
48458,2001-09-04,,,,,,,
48463,2004-12-17,1.0,,,,,,
48464,1999-07-09,,,,,,,
48471,2008-09-08,,,,,,,
48481,1951-04-25,,,,,,,
48482,1984-10-19,,1.0364904E7,,,,,
48486,1994-01-01,,,,,,,
48488,2002-01-01,,,,,,,
48489,2004-05-14,,,,,,,
48490,1983-06-10,,,,,,,
48496,1981-05-01,,,,,,,
48502,2010-10-10,,170000.0,,,,,
48508,2009-10-29,,,,,,,
48524,1989-10-21,,,,,,,
48567,2003-10-22,,,,,,,
4857,1968-08-14,,,,3.5,13,0.816496580927726,2012-06-23
48572,2011-08-19,4000000.0,1104682.0,-2895318.0,,,,
48573,2010-09-03,,,,,,,
4858,2007-08-17,8.0E7,1.5071514E7,-6.4928486E7,,,,
48580,1996-01-01,,,,,,,
48585,2003-01-01,,,,,,,
48591,1919-06-16,,,,0.5,1,,2009-10-15
48594,2004-10-21,,,,,,,
48598,2003-01-01,,,,,,,
48609,1986-08-08,,6029824.0,,,,,
48612,1969-01-01,,,,,,,
48620,2009-10-21,7000000.0,,,,,,
48636,1991-05-07,,,,,,,
48643,2005-04-22,,,,,,,
48645,1950-12-26,,,,,,,
48660,1987-01-09,,,,1.0,1,,2012-11-14
48675,2007-01-01,,,,,,,
48676,1965-10-31,,,,,,,
48688,1969-09-28,,,,,,,
48689,1998-12-05,,,,,,,
48691,1971-09-30,,,,,,,
48693,1973-05-01,,,,,,,
48706,1993-11-24,1.8E7,1528163.0,-1.6471837E7,,,,
48709,1996-01-31,,,,,,,
48714,1968-01-01,,,,,,,
48719,1988-01-01,,,,,,,
48734,1929-01-26,,,,,,,
48745,1990-09-09,,,,,,,
48747,1990-01-06,,,,,,,
48748,2010-12-16,,,,,,,
48753,2006-12-05,,,,,,,
48763,2010-02-26,,,,,,,
48770,2002-01-23,,,,,,,
48773,1981-03-21,,,,,,,
48775,1956-01-01,,,,,,,
48780,2007-01-30,,,,4.125,52,0.8737736504134596,2016-08-17
48784,1967-01-01,,,,,,,
4880,2006-11-29,,,,3.8125,8,0.8838834764831843,2013-06-21
4883,1974-09-24,,,,,,,
48831,1969-06-04,,,,,,,
48833,2010-12-03,,,,,,,
48836,2010-10-10,,,,,,,
48841,1986-11-01,,,,,,,
48843,2001-08-01,,,,,,,
48845,2009-03-19,,,,,,,
48848,1972-01-01,,,,,,,
48854,2004-01-29,,,,,,,
4886,1945-10-31,,,,3.8846153846153846,130,0.8882053623194083,2016-10-16
48862,1996-09-04,,,,,,,
48871,2010-10-30,,,,,,,
48874,1994-11-24,,,,,,,
48882,1977-06-20,,,,,,,
48885,1967-08-28,,,,,,,
48894,1997-04-25,,,,,,,
489,1997-12-05,1.0E7,2.25933435E8,2.15933435E8,2.625,12,0.9799118698777317,2004-08-21
48929,1955-01-07,,,,,,,
4893,1966-01-26,,,,3.0,1,,2015-06-10
48935,1982-03-15,,,,,,,
48937,1958-10-03,,,,,,,
48943,1998-01-01,,,,,,,
48949,1980-03-21,,,,,,,
48954,1954-02-25,,,,,,,
48959,1998-01-23,,,,,,,
48967,2003-06-13,,,,,,,
48988,2011-02-25,3.6E7,8.3160734E7,4.7160734E7,,,,
48992,1994-10-14,,1777020.0,,,,,
48993,1943-03-02,,,,,,,
48996,2006-01-09,,,,,,,
490,1957-02-16,,,,3.4285714285714284,14,0.646206172658864,2003-04-30
49001,2010-07-14,,,,,,,
49004,2010-11-05,,,,,,,
49007,2004-01-16,,,,,,,
49009,2010-09-03,3.0E7,2.0348249E7,-9651751.0,,,,
49010,2011-05-06,3000000.0,748453.0,-2251547.0,,,,
49012,2011-04-08,4.0E7,4.5735397E7,5735397.0,,,,
49017,2014-10-01,7.0E7,2.15529201E8,1.45529201E8,,,,
49021,2011-09-23,6.6E7,5.7777106E7,-8222894.0,,,,
49022,2011-05-05,,5.9901913E7,,,,,
49026,2012-07-16,2.5E8,1.084939099E9,8.34939099E8,,,,
49028,2010-10-21,390000.0,,,,,,
49029,2003-05-05,1.0,3.0,2.0,,,,
49035,2000-04-14,,6000000.0,,,,,
49037,2004-02-28,,,,,,,
49040,2012-08-08,1.3E8,2.76572938E8,1.46572938E8,,,,
49041,1988-12-25,,,,,,,
49047,2013-09-27,,7.16392705E8,,,,,
49050,1994-06-06,,,,,,,
49060,2003-06-17,,,,,,,
49069,1980-11-21,,,,,,,
49070,2005-06-10,,,,,,,
49082,1991-08-28,,,,,,,
49087,2010-07-14,,,,,,,
4909,1973-05-15,,,,,,,
49099,1982-06-30,,,,,,,
4910,1970-02-18,400000.0,,,,,,
49106,1972-06-06,,,,,,,
4911,2002-12-14,1.5E7,9237470.0,-5762530.0,3.0,3,1.0,2008-08-05
49110,2001-10-04,,,,,,,
49112,1966-01-01,,,,,,,
49125,1974-12-08,,,,,,,
4913,2005-09-10,200000.0,,,,,,
49131,2002-08-11,,,,,,,
49133,1994-01-01,,,,,,,
49158,1977-02-25,750000.0,3000000.0,2250000.0,,,,
4916,1993-06-04,,2.2886222E7,,,,,
49160,1964-10-29,250000.0,,,,,,
49162,2007-10-06,,,,,,,
4917,1975-11-20,,,,,,,
4918,1987-08-28,,,,,,,
49183,1967-05-25,,,,,,,
49199,1999-12-18,,,,,,,
4921,2007-04-26,,,,3.1666666666666665,3,1.607275126832159,2007-02-05
49212,1991-01-05,,,,,,,
49214,2004-01-15,,,,,,,
49216,1983-05-29,,,,,,,
4922,2008-11-24,1.5E8,3.33932083E8,1.83932083E8,,,,
49220,2005-08-05,5600000.0,,,3.0,2,0.7071067811865476,2008-03-16
49225,1969-05-13,,,,3.5,1,,2011-01-28
4923,1974-02-06,,,,4.0,1,,2002-09-09
49239,1983-10-23,,,,,,,
49249,1980-12-02,,,,,,,
49250,2010-01-23,500000.0,,,,,,
49258,2004-03-13,,,,,,,
4927,1998-05-14,,870751.0,,4.5,1,,2003-05-17
49270,1909-12-13,,,,,,,
49271,1909-01-01,,,,,,,
49273,1903-08-15,,,,,,,
49291,2000-10-19,,,,,,,
49295,1899-01-01,,,,,,,
49296,1898-01-01,,,,,,,
49308,1930-07-06,,,,,,,
49314,1988-03-18,,,,3.5,1,,2007-11-02
4932,1967-01-01,,,,3.125,4,0.8539125638299665,2004-02-18
49320,1999-01-22,,,,,,,
49321,1970-03-08,,,,,,,
49323,1995-05-06,,,,,,,
49326,1971-01-25,,,,,,,
4933,1958-12-11,,,,3.0,1,,2003-08-20
49338,1994-04-29,,,,,,,
49341,2007-01-01,,,,,,,
49343,1988-10-06,,,,,,,
49347,2010-06-04,3500000.0,,,,,,
49352,1985-05-01,,,,,,,
49353,1977-04-28,,,,,,,
49354,1972-09-26,,,,,,,
49355,1969-05-01,,,,,,,
49363,1969-03-01,,,,,,,
49365,1988-04-22,,,,,,,
49370,1985-06-07,1.9E7,1.2918858E7,-6081142.0,,,,
4938,1955-12-07,,,,,,,
4939,1964-10-14,,,,,,,
49396,1991-05-06,,,,3.5,4,0.5773502691896257,2015-11-12
49398,1982-10-05,,,,,,,
494,1973-06-14,2142000.0,1458000.0,-684000.0,3.4754098360655736,61,0.8535525247858541,2016-07-22
49409,1982-04-08,,,,,,,
49411,1970-08-19,,,,,,,
49426,2010-05-09,,,,,,,
49431,1957-08-01,,,,,,,
49444,2011-05-25,1.5E8,6.65692281E8,5.15692281E8,,,,
49445,2010-04-15,,,,,,,
49446,2009-01-16,,,,,,,
49452,1923-11-09,,,,,,,
49456,1969-05-29,,,,,,,
4946,1969-01-15,,,,,,,
49462,1997-06-01,,,,,,,
49467,1960-01-01,,,,,,,
49474,1995-09-16,,,,,,,
49475,2002-01-01,,,,,,,
49478,1997-05-02,,,,,,,
4948,1979-08-29,,,,1.5,1,,2007-08-08
49481,2003-10-08,,,,,,,
49494,2011-02-08,2.5E7,2.712204E7,2122040.0,,,,
49496,2005-09-02,,,,,,,
49497,1990-09-23,,,,,,,
49502,1948-03-03,,,,,,,
49503,1949-12-10,,,,,,,
49505,2010-11-08,,,,,,,
49508,1951-05-05,,,,,,,
49511,2000-09-02,,,,,,,
49519,2013-03-20,1.35E8,5.85178928E8,4.50178928E8,,,,
4952,1959-10-07,,,,2.5,2,0.7071067811865476,2007-05-12
49520,2011-08-05,,7.5450437E7,,,,,
49524,2013-07-18,1.3E8,6.16485E7,-6.83515E7,,,,
49526,2012-08-24,,3.1083599E7,,3.0,2,0.7071067811865476,2016-05-11
49527,2012-01-13,,4.6221189E7,,,,,
49538,2011-05-24,1.6E8,3.53624124E8,1.93624124E8,,,,
49542,2010-11-11,,,,,,,
4955,1958-07-07,,,,,,,
4956,1958-12-19,,,,3.0,2,0.0,2002-12-29
49565,1987-05-13,,,,,,,
49571,1964-06-28,,,,,,,
49574,1990-12-04,,,,,,,
49578,1963-06-06,,,,,,,
49579,2009-06-10,,,,,,,
4958,2000-11-02,8.0E7,3.9459427E7,-4.0540573E7,2.9583333333333335,12,1.3727598832169072,2016-07-24
49583,1978-08-30,,,,,,,
49584,1999-10-06,,,,,,,
49585,2009-01-28,,,,,,,
49588,2010-02-12,,,,,,,
4959,2009-02-03,5.0E7,6.0161391E7,1.0161391E7,,,,
49594,2010-11-11,300000.0,,,,,,
49597,2005-01-02,,,,,,,
4960,2008-10-24,2.1E7,,,4.0,1,,2002-05-05
49609,1941-09-26,,,,,,,
49616,1952-08-20,,,,,,,
4962,1999-12-01,,,,,,,
49635,2002-02-24,,,,,,,
49640,1934-11-22,,,,,,,
49642,1979-06-26,,,,,,,
49645,1998-02-13,,,,,,,
4965,2001-12-03,4.0E7,,,3.9,5,1.1401754250991378,2005-11-10
49653,2003-09-25,,,,,,,
4966,1999-10-18,,,,,,,
49680,2001-01-01,,,,,,,
49681,2004-03-14,,,,,,,
49684,1987-01-01,,,,,,,
49691,2001-01-01,,,,,,,
49693,1988-08-17,,,,,,,
497,1999-12-10,,2.846E8,,3.9833333333333334,60,0.9158059646954432,2011-01-28
49701,1956-01-01,,,,,,,
49706,2010-04-25,,,,,,,
49709,2000-09-07,,,,,,,
49711,1971-01-01,,,,,,,
49712,1987-09-04,,,,,,,
49717,2005-09-16,,,,,,,
49719,1971-10-06,,,,,,,
49721,2000-04-20,,369975.0,,,,,
49728,1997-01-01,,,,,,,
49729,2006-05-10,7677765.0,,,,,,
49730,2011-03-11,4.2E7,8.9162162E7,4.7162162E7,,,,
49733,2010-07-15,,,,,,,
49745,1999-07-31,,,,,,,
49754,2010-05-31,,,,,,,
49762,1993-06-14,,,,,,,
49763,1996-11-01,7000000.0,1100000.0,-5900000.0,,,,
49767,2006-03-09,,,,,,,
49776,1968-03-08,,,,,,,
4978,1986-11-21,,8.4542002E7,,3.6,5,1.0839741694339402,2006-05-27
49788,1989-03-18,,,,,,,
49789,1981-10-11,,,,,,,
49792,1991-02-01,,,,,,,
49797,2010-08-12,,,,,,,
49802,1981-01-01,,,,,,,
49805,1994-10-12,,,,,,,
49806,1996-01-01,,,,,,,
49813,1997-01-01,,,,,,,
49814,2002-01-01,,,,,,,
49815,1987-10-14,,,,,,,
4982,2007-11-02,1.0E8,2.66465037E8,1.66465037E8,,,,
49823,1986-09-26,,,,,,,
49828,2007-02-16,,,,,,,
49830,2010-03-29,,,,,,,
49833,2010-03-12,,,,,,,
49837,1919-01-01,,,,,,,
4984,1973-08-06,,,,1.0,1,,2002-08-21
49844,1962-04-01,,,,,,,
49845,1945-09-21,,,,,,,
49846,2006-04-03,,,,,,,
49847,2010-01-01,,,,,,,
49848,2009-10-23,485000.0,,,,,,
49849,2011-07-29,1.63E8,1.74822325E8,1.1822325E7,,,,
49850,2010-11-05,,1700000.0,,,,,
49853,2009-08-13,,,,,,,
49863,1966-04-02,,,,,,,
49870,2004-10-19,,,,,,,
49872,2002-10-16,,100477.0,,,,,
49874,2010-06-04,,,,,,,
49876,1963-05-07,,,,,,,
49877,2005-11-12,,,,,,,
49890,2003-01-19,,,,,,,
499,1962-04-11,,,,3.0,1,,2001-07-21
4990,1975-12-25,,,,3.3333333333333335,3,0.5773502691896258,2006-05-19
49907,1973-03-05,,,,,,,
49908,2002-06-06,,,,,,,
49914,1976-03-31,,,,,,,
49920,2001-01-01,,,,,,,
49927,1994-02-19,,,,,,,
49928,1999-08-22,,,,,,,
49929,2000-01-01,,,,,,,
4993,1968-07-28,,,,4.1825,200,1.0262601029928888,2016-10-15
49940,1999-02-19,,,,,,,
49941,2001-01-01,,,,,,,
49943,2001-05-10,,,,,,,
49948,1999-12-17,,9.087457E7,,,,,
49954,1995-10-08,,,,,,,
49956,1992-05-22,,,,,,,
49961,1933-11-07,,,,3.5,2,0.0,2007-12-30
49963,1996-07-17,,,,,,,
4997,2003-10-23,5000000.0,2466444.0,-2533556.0,,,,
49971,1991-09-09,,,,,,,
49974,1995-01-01,,,,,,,
49981,1998-05-01,2.0E7,,,,,,
49982,1989-09-04,,,,,,,
500,1992-09-02,1200000.0,1.4661007E7,1.3461007E7,3.4673202614379086,153,0.9277753574347021,2016-08-17
50006,2010-06-30,,,,,,,
50008,1999-11-20,,,,,,,
50012,1987-05-17,,,,,,,
50013,1966-01-01,,,,,,,
50014,2011-08-09,2.5E7,1.24272124E8,9.9272124E7,,,,
5002,1976-07-23,,,,2.75,2,1.0606601717798212,2016-08-17
50021,2010-11-12,,,,,,,
50025,2009-11-29,2000000.0,,,,,,
50028,2009-03-28,,,,,,,
50030,1950-09-27,,,,,,,
50031,1936-11-06,,,,,,,
50032,2007-09-23,,,,,,,
50037,2010-12-03,1100000.0,,,,,,
50042,2009-12-18,4500000.0,,,,,,
50043,1998-06-12,,,,,,,
50053,2010-11-23,,,,,,,
50069,2009-07-10,,1131688.0,,,,,
50071,2009-02-04,,206728.0,,,,,
50072,1932-01-09,,,,,,,
50075,1926-03-08,,,,,,,
50076,1977-01-01,,,,,,,
50078,1932-08-13,,,,,,,
50079,1934-08-31,,,,,,,
50081,2011-04-08,,7732325.0,,,,,
50085,1952-12-25,,,,,,,
50087,2010-07-10,,,,,,,
50091,1997-03-07,,532654.0,,,,,
50106,1995-11-28,,,,,,,
50107,1933-12-23,,,,,,,
50108,2004-12-16,,,,,,,
50113,2004-10-29,,,,,,,
50114,1995-04-29,,,,,,,
50117,1949-04-27,,,,,,,
50119,2011-01-04,,,,,,,
50123,2002-01-14,,249204.0,,,,,
50124,1998-01-21,,,,,,,
50125,1980-09-14,,,,,,,
50153,1951-04-27,50000.0,,,,,,
50155,1944-12-25,,,,,,,
50158,2010-11-17,,,,,,,
50162,1991-09-14,,,,3.0,1,,2016-05-08
50166,1978-03-10,,,,,,,
50179,2001-10-25,,,,,,,
50183,1977-04-02,,,,,,,
50185,1991-11-20,,31815.0,,,,,
50186,1976-04-04,,,,,,,
50189,1978-12-01,,,,3.0,3,0.8660254037844386,2010-10-02
50196,1973-01-01,,,,,,,
50201,1989-12-15,,,,,,,
50210,2010-07-01,,,,,,,
50220,2004-08-05,,,,,,,
50221,2009-08-07,,4542.0,,,,,
50227,2002-08-02,,,,,,,
50231,1959-10-01,,,,,,,
50247,1951-10-03,,,,,,,
50268,1987-02-25,,,,,,,
50275,2013-02-08,,34664.0,,,,,
50291,1996-01-02,,,,,,,
50299,1999-05-22,,,,,,,
50307,1930-09-28,,,,,,,
50318,2007-05-23,4000000.0,907456.0,-3092544.0,,,,
50326,1994-11-19,,,,,,,
50329,1924-06-14,,,,,,,
50332,2004-12-13,,,,,,,
50338,2008-11-24,,,,,,,
50339,2005-05-16,,,,,,,
50341,2008-09-04,,,,,,,
50350,2002-05-29,,,,,,,
50356,1954-07-14,,,,,,,
50357,2011-07-20,5000000.0,2.5562924E7,2.0562924E7,,,,
50363,1955-01-01,,,,,,,
50364,2007-01-01,,,,,,,
50365,2010-09-15,4500000.0,,,,,,
50374,1977-03-11,,,,,,,
50379,1977-06-28,,,,,,,
5038,2008-08-15,1.5E7,9.6408652E7,8.1408652E7,4.0,1,,2003-03-25
50380,2000-09-15,,,,,,,
50382,1986-05-15,,,,,,,
50388,2009-10-09,,,,,,,
50392,2007-04-05,,,,,,,
50393,2010-11-26,,,,,,,
504,2003-11-16,8000000.0,6.0378584E7,5.2378584E7,3.2,5,0.44721359549995787,2003-02-08
50420,2010-01-25,271323.0,,,,,,
50425,1981-02-24,,,,,,,
50435,1977-03-16,,,,,,,
50451,2009-10-08,,,,,,,
50458,2009-08-20,,,,,,,
50463,1994-04-29,,,,,,,
50467,2002-01-18,,,,,,,
50475,2010-01-07,,,,,,,
50489,2005-04-21,,,,,,,
50492,2001-10-05,,,,,,,
50497,2012-01-31,,,,,,,
50506,2009-12-05,,,,,,,
50507,1991-07-05,,,,,,,
50512,1997-04-04,,791830.0,,,,,
50526,2009-03-12,,,,,,,
50530,2008-12-04,3200000.0,3877492.0,677492.0,,,,
50531,2000-12-15,,,,,,,
50535,2009-02-10,,,,,,,
50536,1993-10-21,,,,,,,
50541,1978-12-31,,,,,,,
50544,2011-07-21,3.5E7,1.50483765E8,1.15483765E8,,,,
50549,1952-05-01,,,,,,,
5055,1958-10-03,,,,3.25,8,1.2535663410560174,2009-10-17
50553,1943-09-17,,,,,,,
50562,2001-01-01,,,,,,,
50571,1985-05-17,,,,,,,
50573,2001-10-17,,,,,,,
50578,2005-01-01,,,,,,,
50583,2010-10-07,,,,3.0,1,,2013-05-28
50590,2010-06-11,,,,,,,
506,1964-07-09,2135161.0,7000000.0,4864839.0,3.111111111111111,9,1.0540925533894598,2001-01-12
50601,2011-04-14,,17479.0,,2.625,4,1.3149778198382918,2016-05-07
5061,1966-12-10,,,,1.6666666666666667,3,1.2583057392117916,2003-08-20
50619,2011-03-15,1.1E8,7.12171856E8,6.02171856E8,,,,
50627,1972-10-12,,,,,,,
5065,1966-03-01,,,,2.5714285714285716,7,0.8864052604279185,2011-08-21
50650,2009-05-14,,,,,,,
50656,2007-12-25,,,,,,,
5066,1964-11-08,,,,3.1,10,1.0749676997731399,2016-05-11
50662,2007-10-25,,,,,,,
50670,1980-11-07,,,,,,,
50696,1968-11-22,,,,,,,
50697,1958-12-02,,,,,,,
507,1993-10-01,1500000.0,418961.0,-1081039.0,3.5,17,0.7071067811865476,2016-08-11
5070,2005-10-26,,,,,,,
50700,2008-04-10,6000000.0,,,,,,
50701,2009-10-30,,,,,,,
50704,1921-11-10,,,,,,,
50719,1987-04-10,250000.0,154323.0,-95677.0,,,,
50722,2009-09-24,,,,,,,
50725,2011-03-04,1.9E7,6928068.0,-1.2071932E7,,,,
50730,2005-11-01,,,,,,,
50754,1970-01-01,,,,,,,
50761,1966-07-22,,,,,,,
50765,2011-01-04,6000000.0,,,,,,
50767,1994-01-07,,447784.0,,,,,
50779,2010-06-04,,,,,,,
50787,2006-10-13,,,,,,,
50789,1968-11-30,500000.0,,,,,,
50797,1994-05-01,2800000.0,2616503.0,-183497.0,,,,
508,2003-09-07,4.0E7,2.44931766E8,2.04931766E8,3.6686046511627906,86,0.8997073547623171,2016-10-07
50819,2001-09-29,344.0,4.0,-340.0,,,,
50834,2007-11-17,,,,,,,
50835,1997-09-26,,,,,,,
50839,2011-09-28,3500000.0,1.9504039E7,1.6004039E7,,,,
50848,2010-11-24,4600000.0,,,,,,
50855,1929-12-14,,,,,,,
5086,1990-01-01,,,,,,,
50875,2011-08-26,2000000.0,841733.0,-1158267.0,,,,
509,1999-05-13,4.2E7,3.63889678E8,3.21889678E8,3.75,78,1.1216580954626427,2016-01-15
50922,1928-04-21,,,,,,,
50934,1980-12-03,,,,,,,
50938,2010-08-19,,,,,,,
50942,1998-05-17,,,,,,,
50958,1974-04-04,,,,,,,
50988,2003-10-24,,,,,,,
50990,2010-01-29,,,,,,,
510,1975-11-18,,1.08981275E8,,2.3,5,1.3038404810405297,2009-10-15
51000,2008-09-06,,,,,,,
51010,2009-04-23,,,,,,,
51021,2010-11-16,3000000.0,,,,,,
51022,1998-05-27,10000.0,150000.0,140000.0,,,,
51039,2001-09-07,,,,,,,
51043,1996-08-23,,,,,,,
51044,1954-10-27,750000.0,,,4.0,1,,2011-01-28
51049,1994-11-03,,,,,,,
51054,1965-12-23,,,,,,,
51059,2007-04-29,,,,,,,
51066,1987-01-01,,,,,,,
51069,2004-01-01,,14000.0,,,,,
51072,2010-12-08,,,,,,,
51078,1994-04-25,,,,,,,
51083,2003-12-06,,,,,,,
51091,2005-01-22,,,,4.0,1,,2008-08-30
51092,1963-10-23,,,,,,,
511,1975-02-21,,,,3.0,3,0.0,2006-09-19
51104,1969-03-17,,,,,,,
51106,1999-04-29,,,,,,,
51120,1960-01-01,,,,,,,
51122,2008-04-12,150000.0,,,,,,
51138,2006-05-28,,,,,,,
51141,1948-10-11,,,,,,,
51143,1949-10-17,,,,,,,
51144,1944-10-02,,,,,,,
51162,2011-04-13,3.0E7,1.446E7,-1.554E7,,,,
51167,2001-08-15,,,,,,,
51170,2010-01-25,,,,,,,
51177,2005-02-18,,,,,,,
51182,1999-02-11,,,,,,,
51190,2010-10-12,1552334.0,,,,,,
51191,1995-11-11,,,,,,,
51195,1993-08-31,,,,,,,
51196,1994-01-26,,,,,,,
51200,2010-06-16,1.04E7,2.096766E7,1.056766E7,,,,
51205,1969-07-12,,,,,,,
51209,2011-03-10,,1188194.0,,,,,
5121,1974-04-05,3000000.0,1.28E7,9800000.0,4.5,3,0.5,2015-12-06
51210,2001-11-20,,,,,,,
51213,1976-10-13,,,,,,,
5122,1975-05-07,,,,4.0,1,,2002-02-18
5123,2007-11-21,2.5E7,6.6122026E7,4.1122026E7,,,,
51230,2002-07-06,,,,,,,
51239,2010-01-01,,,,,,,
51241,2010-05-16,,62985.0,,,,,
51242,1974-05-05,,,,,,,
51247,1988-01-01,,,,,,,
51248,2011-11-11,,,,,,,
51249,2009-09-27,,,,,,,
5125,2007-09-07,2.75E7,2.474867E7,-2751330.0,2.0,1,,2002-02-04
51250,2010-06-10,,,,,,,
5126,2007-11-02,,,,,,,
51260,1963-09-04,100000.0,,,,,,
51261,2014-03-07,,,,,,,
51268,1998-01-01,,,,,,,
51272,2009-10-01,,,,,,,
51273,2010-10-07,,,,,,,
51275,2009-04-04,,1708837.0,,,,,
51277,1934-08-31,,,,4.5,2,0.0,2012-05-21
51281,2010-09-16,1.0,,,,,,
51284,2008-11-27,3600000.0,766075.0,-2833925.0,,,,
51285,2010-09-16,,,,,,,
51290,2009-09-01,50000.0,,,,,,
51299,2010-10-02,,,,,,,
513,1996-09-06,,501533.0,,2.5,6,1.0488088481701516,2003-03-25
51300,1998-10-13,3.5E7,,,,,,
51303,1929-03-24,,,,,,,
51306,2010-06-04,,,,,,,
51309,2007-01-31,,,,,,,
51317,1961-10-20,,,,,,,
51322,2010-10-13,4500000.0,,,,,,
51333,2000-03-31,,299792.0,,,,,
51334,2010-04-09,,,,,,,
51352,1995-06-08,,1.0,,,,,
51355,1917-06-25,,,,,,,
51357,1920-12-22,,,,4.0,1,,2011-07-06
51358,1920-12-22,,,,,,,
51359,1921-02-21,,,,,,,
51360,1921-05-14,,,,,,,
51363,2004-06-06,,159429.0,,,,,
51365,2009-11-26,,,,,,,
51370,2008-03-07,,,,,,,
51371,1926-09-19,,,,,,,
51384,2008-01-01,,,,,,,
51389,1951-06-29,,,,,,,
5139,2007-12-27,1.3E7,,,3.5,3,0.5,2013-05-26
51391,2001-09-14,,,,,,,
51392,1920-09-01,,,,,,,
51394,1931-07-15,,,,,,,
51395,1941-09-26,,,,,,,
51402,2010-12-12,,,,,,,
51403,2010-06-08,,,,,,,
51409,2010-05-23,,,,,,,
51416,1942-07-25,,,,,,,
51422,2000-01-01,,,,,,,
51423,2010-12-10,,4800080.0,,,,,
51426,1955-02-02,,,,,,,
51428,2007-03-09,,,,,,,
5143,1986-02-07,6400000.0,4.0084041E7,3.3684041E7,,,,
51442,1988-06-03,,,,,,,
51443,2008-11-29,,,,,,,
51444,1980-09-12,,,,,,,
51447,2010-11-10,,1611000.0,,,,,
5146,2003-05-23,,2.0440627E7,,3.6363636363636362,11,1.12006493318265,2016-05-08
5147,1968-06-19,,,,4.125,8,0.5824823725107174,2015-07-16
51472,1920-01-11,,,,,,,
51481,2011-01-23,,,,,,,
51484,2002-03-14,,,,,,,
51485,2012-10-19,,,,,,,
51486,2010-01-25,,,,,,,
51490,2011-12-31,4000000.0,,,,,,
51501,2007-04-29,1000000.0,,,,,,
51505,2009-12-13,,,,,,,
51507,2010-02-04,,,,,,,
51512,2010-05-10,,,,,,,
51515,1991-12-06,3.6E7,1345903.0,-3.4654097E7,,,,
51520,2007-05-19,,,,,,,
51521,1987-04-24,,,,,,,
51522,2008-05-03,10.0,,,,,,
5153,1914-06-01,210.0,,,3.0,1,,2015-06-11
51531,2000-10-31,,,,,,,
5155,1943-05-16,,,,,,,
5157,1979-05-11,,,,,,,
51571,1946-10-10,,,,,,,
51581,1992-01-15,,,,,,,
51588,2011-04-29,8000000.0,1.013E7,2130000.0,,,,
51592,1994-12-18,,,,,,,
51601,1937-05-24,,,,,,,
51604,2010-02-11,,,,,,,
51608,2010-08-04,,4.305979E7,,,,,
51617,1944-06-01,,,,,,,
51618,1949-01-26,,,,,,,
51620,2010-11-12,7000000.0,,,,,,
51649,1943-06-18,,,,,,,
5165,1960-05-15,,,,3.6666666666666665,3,0.28867513459481287,2015-09-06
51679,1999-01-01,,360895.0,,,,,
5168,2002-05-19,1000000.0,,,4.0,3,0.5,2006-05-19
51707,2003-10-13,,,,,,,
5172,2006-10-15,1.3E7,1.1130889E7,-1869111.0,2.5,2,2.1213203435596424,2003-04-29
51730,1992-07-30,,,,,,,
51735,2008-11-22,,,,,,,
51739,2010-07-16,3.7E7,1.45570827E8,1.08570827E8,,,,
5174,2007-08-08,1.4E8,2.58022233E8,1.18022233E8,,,,
51743,1986-08-01,,,,,,,
5175,2001-08-03,9.0E7,3.47325802E8,2.57325802E8,,,,
5176,2007-09-06,5.5E7,7.001622E7,1.501622E7,,,,
51763,1990-12-21,,,,,,,
51765,1996-05-12,,,,,,,
51768,1997-07-20,,,,,,,
5177,2005-05-13,,,,4.0,5,0.6123724356957945,2011-01-28
51780,2005-06-21,,,,,,,
51792,1943-03-20,,,,,,,
51794,2010-03-09,1.2E7,,,,,,
51795,2010-12-14,,,,,,,
51800,2009-10-08,,,,,,,
51802,1939-12-30,,,,,,,
51806,1992-05-15,,,,,,,
51808,1965-05-19,,,,,,,
51817,2002-10-31,,,,,,,
51822,2002-11-08,5000000.0,,,,,,
51823,2010-12-28,,,,,,,
51831,1998-09-26,,,,,,,
51832,2010-06-23,2150000.0,,,,,,
51836,2008-08-08,,,,,,,
51839,2007-04-15,,,,,,,
51844,2007-05-23,,,,,,,
5185,1970-10-29,1.0E7,1500000.0,-8500000.0,,,,
51851,2006-06-21,,,,,,,
51854,1999-01-01,,,,,,,
51859,2010-04-02,,,,,,,
51873,2002-10-04,,,,,,,
51875,2010-06-10,,,,,,,
51878,1985-04-15,,,,,,,
51881,1986-07-26,,,,,,,
51883,2003-03-30,,,,,,,
51885,2007-09-20,,,,,,,
51902,1980-11-01,,,,,,,
51911,1995-01-19,,,,,,,
51917,2008-03-28,5940000.0,4250000.0,-1690000.0,,,,
51933,2009-04-25,1000000.0,,,,,,
51938,2006-04-22,,,,,,,
51942,1998-08-28,,203.0,,,,,
51949,1935-02-22,,,,,,,
51955,1997-09-11,,,,,,,
51956,1970-08-28,,,,,,,
51959,1959-12-18,,,,,,,
51976,2010-07-02,,,,,,,
51980,1993-09-29,,,,,,,
51985,1998-11-17,,,,,,,
51986,2001-11-02,,,,,,,
51992,1970-09-10,,,,,,,
51993,2011-07-01,,144633.0,,,,,
51996,2011-01-24,,790421.0,,,,,
51997,1959-02-01,,,,,,,
51999,2011-01-24,,908000.0,,,,,
52001,2012-07-11,,,,,,,
52009,2010-08-13,,,,,,,
5201,1929-02-23,322000.0,,,,,,
52010,2010-12-10,,,,,,,
52011,1963-12-07,,,,,,,
52017,1993-05-26,,,,,,,
52021,1994-02-16,,,,,,,
52032,2009-01-01,,246574.0,,,,,
52034,2009-09-05,,,,,,,
52035,1916-06-11,,,,,,,
52038,1994-12-22,,953.0,,,,,
52046,2010-09-02,,,,,,,
52047,1936-09-15,,,,,,,
52048,2006-04-01,,,,,,,
52050,2008-06-20,,,,,,,
52051,2000-11-12,,,,,,,
52058,2010-01-01,,,,,,,
5206,2006-09-21,3000000.0,,,,,,
52072,1999-12-10,,,,,,,
52088,2003-07-01,,,,,,,
52103,1997-01-01,,,,,,,
52105,1970-12-08,1000000.0,,,,,,
52109,1984-02-20,,,,,,,
52111,1997-11-28,,,,,,,
52113,1982-07-31,,,,,,,
52116,2007-03-22,,,,,,,
52143,1996-06-21,,,,,,,
52147,2008-02-25,,,,,,,
52183,2009-01-01,,,,,,,
52188,2004-02-27,,,,,,,
522,1994-09-27,1.8E7,5887457.0,-1.2112543E7,2.8333333333333335,9,1.224744871391589,2009-10-18
52207,1977-10-29,,,,,,,
52212,1985-10-15,,,,,,,
52216,1976-01-07,,,,,,,
52221,2009-01-25,,,,,,,
52228,1933-05-14,,,,,,,
52236,2010-01-01,,,,,,,
52237,1937-03-26,,,,,,,
52238,1979-10-10,,,,,,,
52239,1931-11-21,,,,,,,
52247,2008-06-26,,,,,,,
52249,2009-05-04,,,,,,,
52252,2010-12-18,,,,,,,
52254,2010-05-06,,,,,,,
52255,2010-05-19,,,,,,,
52256,2007-10-28,1.2E7,,,,,,
52260,1985-03-14,,,,,,,
5227,1969-02-23,,,,1.0,1,,2002-04-06
52270,1946-05-01,,,,,,,
52274,2010-10-29,,1.2884923E7,,,,,
52279,1932-12-09,,,,,,,
52297,2005-09-06,,,,,,,
52302,1963-08-11,,,,,,,
52314,1994-01-01,,,,,,,
52315,1993-08-25,,,,,,,
52323,2008-04-29,2000000.0,,,,,,
52337,1945-08-24,,,,,,,
52338,2010-02-10,,,,,,,
52345,2003-08-22,,,,,,,
52349,2010-03-07,,,,,,,
52355,1932-10-28,,,,,,,
52359,1937-07-30,,,,,,,
5236,2005-09-05,1.5E7,1.5785148E7,785148.0,1.0,1,,2002-08-21
52360,1940-09-19,,,,,,,
52362,1944-10-17,,,,,,,
52365,1953-06-19,,,,,,,
52366,1997-02-26,,458557.0,,,,,
52367,1957-12-10,,,,,,,
52369,2010-09-29,,,,,,,
5237,1992-08-08,8000000.0,,,2.75,4,1.5,2003-04-30
52371,2010-10-09,,,,,,,
52400,2008-06-30,,,,,,,
5241,1988-04-29,,1547397.0,,1.5,2,0.7071067811865476,2002-08-21
52437,1939-06-07,,,,,,,
52440,1944-05-11,,,,,,,
52444,2006-12-07,2800000.0,,,,,,
52448,1978-10-27,,,,,,,
52449,2011-05-16,2.0E7,2.16197492E8,1.96197492E8,,,,
52451,2011-08-31,7.5E7,1.32274484E8,5.7274484E7,,,,
52454,2010-12-21,,,,,,,
52457,1995-02-05,,,,,,,
52461,2010-12-10,,,,,,,
52462,2006-05-17,,,,3.75,2,0.3535533905932738,2012-04-14
5247,2000-02-11,,,,2.5,6,1.2649110640673518,2016-05-08
52470,1957-10-11,,,,,,,
52473,2005-09-30,1500000.0,,,,,,
5248,1999-07-02,,,,1.25,2,0.3535533905932738,2007-05-12
52485,1978-11-15,,,,,,,
52505,2010-10-28,3.0E7,1.02E8,7.2E7,,,,
52512,2004-09-01,,,,,,,
52517,1933-02-10,,,,,,,
5252,2002-11-08,,,,,,,
52520,2012-01-19,7.0E7,1.60112671E8,9.0112671E7,,,,
52531,1960-09-01,,,,,,,
52537,1996-11-14,,,,,,,
5255,2004-11-10,1.65E8,3.0587573E8,1.4087573E8,2.375,4,1.3768926368215255,2006-03-18
52556,1982-09-01,,,,,,,
5259,2007-05-19,,,,,,,
52593,1946-10-18,,,,,,,
526,1985-03-27,2.0E7,1.8432E7,-1568000.0,1.0,1,,2000-11-22
52608,1972-05-25,,,,,,,
52612,1999-06-16,,,,,,,
52616,2001-03-16,,,,,,,
52620,1953-10-06,30000.0,,,,,,
52622,2000-06-13,,,,,,,
52633,1975-01-05,,,,,,,
52637,2009-11-27,,,,,,,
52639,1958-08-25,,,,,,,
52654,2000-08-21,,,,,,,
52660,1991-01-01,,,,,,,
52663,2000-02-04,,,,,,,
52666,1999-11-19,,,,3.375,4,1.0307764064044151,2015-07-16
52679,1928-01-22,,,,,,,
52681,1978-01-06,,,,,,,
52686,1968-07-24,,,,,,,
52701,1997-05-22,,,,,,,
52710,1985-05-10,,,,,,,
52713,1993-09-08,,,,,,,
52717,2001-05-16,,,,3.5,1,,2008-05-12
52721,1971-03-12,,,,,,,
52725,2008-01-01,1180000.0,,,,,,
52726,1956-09-05,,,,,,,
52728,1967-03-15,,,,,,,
52735,2002-11-01,,,,,,,
52736,1984-05-04,,,,,,,
52738,2007-08-08,,,,,,,
52741,1990-03-30,,,,,,,
52745,1960-05-01,,,,,,,
52758,1937-01-29,,,,,,,
52761,1971-11-01,,,,,,,
52762,2005-01-19,,,,,,,
52764,2007-08-24,,,,,,,
52767,2010-04-08,,,,4.5,5,0.3535533905932738,2013-01-09
52770,1988-10-21,,,,,,,
52772,1982-01-22,,8100000.0,,,,,
52776,2010-02-11,,,,,,,
52777,1982-11-04,,263635.0,,,,,
52778,1984-09-21,,4100000.0,,,,,
52780,1987-10-23,,,,,,,
52782,1927-10-24,,,,,,,
52784,2001-09-02,,,,,,,
52788,2006-11-10,60000.0,,,,,,
5279,2001-11-07,1.98E7,8.7754044E7,6.7954044E7,1.8333333333333333,3,1.2583057392117916,2003-06-01
52803,2008-06-07,2000.0,,,,,,
52810,1977-02-03,,,,,,,
52817,2010-07-08,,,,,,,
52826,1984-09-06,,,,,,,
52827,1945-03-15,,,,,,,
52841,1961-11-01,,,,,,,
52847,1950-08-24,,,,,,,
52849,1973-10-01,,,,,,,
52854,1975-10-02,,,,,,,
52855,1997-02-12,,3028094.0,,,,,
52856,1995-09-15,,,,,,,
52863,1935-12-25,,,,,,,
52864,1935-09-14,,,,,,,
52867,1966-02-21,,,,,,,
52868,1992-01-21,,,,,,,
52870,2010-02-20,,,,,,,
52873,1993-05-14,,,,,,,
52874,1973-09-25,,,,,,,
52885,1967-11-03,,,,4.090909090909091,11,0.7006490497453707,2016-05-08
52886,1986-03-05,,,,,,,
52891,2008-09-18,3000000.0,9713500.0,6713500.0,,,,
52894,1985-08-01,,,,,,,
52903,2010-03-26,580000.0,,,,,,
52906,1964-11-18,,,,,,,
52907,1934-01-31,,,,,,,
52913,1978-10-10,,,,4.0,1,,2009-08-26
52918,2010-05-09,,,,,,,
52925,2005-12-05,,,,,,,
52941,1971-11-01,,,,,,,
52943,1972-12-13,,,,,,,
52959,1968-07-18,1.432E7,1.4E7,-320000.0,,,,
52961,1986-10-10,,,,,,,
52970,1982-12-18,,,,,,,
52979,1974-01-15,,,,,,,
52980,1973-04-28,,,,,,,
52989,1996-12-05,,,,,,,
52998,1988-04-20,,,,,,,
530,1990-05-18,,,,,,,
53019,1966-10-01,,,,,,,
5302,1990-05-11,,1218730.0,,3.5,1,,2004-05-26
53021,1964-12-22,,,,,,,
53027,1991-08-16,,6166819.0,,,,,
53031,1972-12-16,,,,,,,
53033,2008-03-31,,,,,,,
53034,1987-07-24,,,,,,,
53045,1971-10-17,,,,,,,
53050,1959-07-01,,,,,,,
53061,1995-08-15,,,,,,,
53063,1994-05-18,,,,,,,
53064,1992-05-02,,,,,,,
53079,2010-10-26,,28200.0,,,,,
53092,1997-08-30,,168462.0,,,,,
53094,1973-10-14,,,,,,,
531,1993-12-17,,,,3.564516129032258,31,0.8731354942950432,2012-03-10
53100,2011-11-25,,,,,,,
53101,2011-09-22,,,,,,,
53103,2009-10-28,,,,,,,
53104,2009-05-02,,,,,,,
53121,2009-01-17,,,,3.1153846153846154,13,1.2102659169552736,2016-07-29
53128,2009-10-22,,,,,,,
53146,2007-11-29,,,,,,,
53150,1989-05-05,,,,,,,
53151,1999-10-17,,,,,,,
53155,1976-08-27,,,,,,,
53157,1985-10-06,4500000.0,,,,,,
53163,1994-02-04,,,,,,,
53172,2010-01-14,1.2E7,204940.0,-1.179506E7,,,,
53174,2011-02-02,5650000.0,4.3E7,3.735E7,,,,
53178,1931-07-28,11087.0,,,,,,
53179,1981-10-28,,,,,,,
53182,2014-03-05,,3.37580051E8,,,,,
53185,1993-09-05,,,,,,,
5319,1999-06-18,,,,4.0,5,1.2747548783981961,2015-07-16
53190,2010-06-22,,,,,,,
53194,1965-12-31,,,,,,,
53196,2005-10-10,,,,,,,
53197,1977-11-23,,,,,,,
53198,1999-09-11,,,,,,,
532,1995-12-24,,,,3.25,18,0.8786687791935092,2012-08-06
53202,1964-12-29,,,,,,,
53209,1928-04-22,,,,,,,
53210,1953-02-28,,,,,,,
53211,1955-12-30,,,,,,,
53214,2008-03-10,,,,,,,
53216,2007-01-01,,,,,,,
53218,1962-05-01,,,,,,,
53220,1951-05-19,,,,,,,
53222,2008-06-09,,,,,,,
53231,1922-05-07,,,,,,,
53234,1982-10-21,,,,,,,
53237,2009-10-03,,,,,,,
53244,2002-06-05,,,,,,,
53245,2008-11-08,,,,,,,
53252,2006-10-19,,,,,,,
53263,2000-05-31,1.0E7,,,,,,
53267,2002-03-22,,,,,,,
53268,2007-01-01,,,,,,,
53284,2010-10-08,,,,,,,
53287,1991-10-04,2.2E7,1.1000863E7,-1.0999137E7,,,,
533,2005-09-04,3.0E7,1.92452832E8,1.62452832E8,3.3333333333333335,6,0.5163977794943222,2002-04-18
53310,1996-12-30,,,,,,,
53315,2008-06-20,,,,,,,
53318,1998-01-01,,,,3.9,5,0.6519202405202649,2015-09-27
5332,1998-09-04,,,,,,,
5333,1988-09-30,4000000.0,670774.0,-3329226.0,4.0,1,,2005-03-05
53335,2006-06-27,,,,,,,
53336,1963-11-27,,,,,,,
5334,1962-11-12,,,,2.8333333333333335,3,1.6072751268321592,2004-05-27
53344,2010-03-15,,,,,,,
5335,1968-09-04,,,,2.0,1,,2002-04-21
53355,1988-09-28,,,,,,,
5336,1975-11-22,,,,,,,
53367,2003-05-01,,,,,,,
53368,1914-02-02,,,,,,,
53374,1914-04-18,,,,,,,
53387,1914-06-20,,,,,,,
53397,1914-11-07,,,,,,,
53403,1915-02-15,,,,,,,
53406,1915-04-29,,,,,,,
53407,1915-05-07,,,,,,,
53411,1915-10-04,,,,,,,
53414,1916-05-27,,,,,,,
53416,1916-05-15,,,,,,,
53417,1916-06-12,,,,,,,
53418,1916-08-07,,,,,,,
53421,1918-08-11,,,,,,,
53424,1919-06-15,,,,,,,
53425,1919-12-15,,,,,,,
53426,1984-03-14,,,,,,,
53435,1979-09-28,,,,3.1666666666666665,3,1.0408329997330665,2015-06-11
53456,2010-09-15,,,,,,,
53459,2010-09-07,,,,,,,
53472,1994-04-21,,,,,,,
53482,2001-08-31,,,,,,,
53486,2006-10-01,,,,,,,
53500,2000-12-01,,,,,,,
53503,2001-12-28,,,,,,,
53505,2011-02-11,,,,,,,
53516,1919-07-06,,,,,,,
53518,1921-03-27,,,,,,,
53520,2009-10-02,,,,,,,
53527,1938-07-29,,,,,,,
5353,2007-09-03,,,,2.0,1,,2002-04-20
53543,1991-05-29,,,,,,,
53567,2012-02-16,,,,,,,
53569,2011-01-07,,,,,,,
53574,1937-12-10,,,,,,,
53575,1932-02-06,,,,,,,
53576,1933-02-10,,,,,,,
53596,2010-09-16,1.06E7,,,,,,
53617,1964-11-11,,,,,,,
53648,1979-10-24,,,,,,,
53650,1963-04-02,,,,,,,
53654,1968-12-01,,,,,,,
53655,2007-01-01,,,,,,,
53657,1971-02-12,,,,,,,
53670,2001-08-01,,,,,,,
53688,1991-03-03,,,,,,,
53689,1996-11-29,,,,,,,
53701,2005-10-03,,,,,,,
53712,1956-06-12,,,,,,,
53739,2010-06-03,,,,,,,
53741,1987-10-01,,119919.0,,,,,
5375,2007-11-03,,9.7838349E7,,3.75,2,1.0606601717798212,2005-11-27
53761,1919-11-23,,,,,,,
53765,1997-09-11,,,,,,,
53766,1920-05-21,,,,,,,
53769,1947-08-13,,,,,,,
53772,1921-09-25,,,,,,,
53774,2011-01-06,1.8550417E7,,,,,,
53776,2011-01-12,,,,,,,
53778,2010-10-15,,,,,,,
53779,1942-04-18,,,,,,,
53780,1972-12-07,,,,,,,
53781,1935-03-15,,,,,,,
53796,1929-11-11,,,,,,,
53798,1941-10-03,,,,,,,
53800,1922-03-07,,,,,,,
53804,2010-12-10,,,,,,,
53807,2010-11-25,,,,,,,
53827,1935-06-20,,,,,,,
53828,1934-05-10,,,,,,,
53850,2006-11-25,,,,,,,
53851,1938-02-18,,,,,,,
53857,1937-02-19,,,,,,,
53863,1935-04-19,280.0,831.0,551.0,,,,
53865,1934-06-09,,,,,,,
53868,1973-03-16,,,,,,,
53870,2004-05-02,2.0E7,,,,,,
53871,2006-04-13,,,,,,,
53875,1999-07-07,,,,,,,
53879,1955-08-18,,,,,,,
53882,1999-10-15,17.0,,,,,,
53883,2008-02-14,,,,4.5,2,0.7071067811865476,2012-11-12
53906,1957-10-11,9000000.0,,,,,,
53909,1988-08-03,,,,,,,
53915,1999-10-01,,,,,,,
53922,1981-09-25,,9566593.0,,,,,
53928,2005-11-05,,,,,,,
5393,2006-09-14,4.7E7,3.8085778E7,-8914222.0,,,,
53931,1974-12-20,,,,,,,
53935,2005-10-21,,,,,,,
53939,1960-08-29,,,,,,,
53947,1971-01-01,,,,,,,
53950,1980-06-01,,,,,,,
53953,2006-08-08,,,,3.5714285714285716,7,1.4556948921555022,2016-07-29
53961,2001-06-22,,,,,,,
53962,1990-01-01,,,,,,,
540,2004-01-21,3500000.0,,,2.6944444444444446,18,1.2143612323416697,2012-08-09
54000,1978-05-30,6727000.0,,,,,,
54002,1998-11-03,,,,,,,
54003,1999-04-18,,,,,,,
54022,1995-01-01,4000000.0,389503.0,-3610497.0,,,,
54028,1945-04-25,,,,,,,
54050,1969-10-07,,,,,,,
54051,1934-11-30,,,,,,,
54052,1994-07-07,,,,,,,
54054,2012-01-26,4.0E7,3.6893721E7,-3106279.0,,,,
54075,2011-01-17,,,,,,,
54081,2010-10-01,,,,,,,
54083,2010-05-17,,,,,,,
54099,2010-05-12,,,,,,,
54105,2010-04-17,,,,,,,
54107,1988-05-01,,,,,,,
54109,1976-02-06,,,,,,,
54111,1999-12-24,,,,,,,
54113,1997-01-01,,273644.0,,,,,
54118,1981-01-07,,,,,,,
54120,2005-01-01,,,,,,,
54138,2013-05-05,1.9E8,4.67365246E8,2.77365246E8,,,,
54139,1951-04-01,,,,,,,
54140,1977-01-25,,,,,,,
54146,1962-07-01,,,,,,,
54148,2003-09-19,,1.2212123E7,,,,,
54157,2003-07-30,,,,,,,
54160,1978-04-29,,,,,,,
54162,2008-07-25,,,,,,,
54165,1983-06-06,,,,,,,
54166,1967-12-21,,,,,,,
54178,1967-07-26,,,,,,,
54182,1979-04-07,,,,,,,
54186,2010-06-04,,,,,,,
54194,1978-10-01,,,,,,,
542,2002-10-01,1800000.0,,,2.736842105263158,19,1.1470786693528088,2016-08-17
5422,1980-11-18,,,,4.5,1,,2008-07-11
54225,2009-07-09,,2484095.0,,,,,
54227,1966-07-29,,,,,,,
54229,2006-12-29,,,,,,,
54233,1994-01-01,,,,,,,
5424,1980-08-07,,,,,,,
54241,1923-10-28,,,,,,,
54242,1918-08-01,250000.0,8000000.0,7750000.0,,,,
54243,2003-05-16,,,,,,,
54257,1996-11-29,,,,,,,
54265,1964-07-11,,,,,,,
54266,1964-10-17,,,,,,,
54272,1964-12-30,,,,3.3378378378378377,37,0.9432071032597452,2016-08-17
54273,1965-04-03,,,,,,,
54277,1967-01-03,,,,,,,
54278,1967-08-12,,,,,,,
54279,1967-12-30,,,,,,,
54284,1972-01-15,,,,,,,
54285,1995-04-22,,,,,,,
54287,1980-07-01,,6000000.0,,,,,
54293,2011-01-15,,,,,,,
54297,1965-07-09,,,,,,,
54300,2003-03-07,,,,,,,
54302,1975-10-10,,,,,,,
54307,1973-04-21,,,,,,,
54313,1976-12-14,1000.0,,,,,,
54315,2008-10-16,,,,,,,
54316,1967-09-26,,,,,,,
54318,2007-12-25,4.0E7,1.03071443E8,6.3071443E7,,,,
54320,2011-02-02,500000.0,,,,,,
54326,2007-09-04,,,,,,,
54328,2010-08-05,,,,5.0,1,,2011-05-07
54330,2008-08-13,,,,,,,
54336,2008-03-03,,,,,,,
54356,2001-09-26,,,,,,,
54388,1973-07-01,,,,,,,
54390,2003-08-17,,,,,,,
54391,1943-06-01,,,,,,,
54396,1973-03-01,,,,,,,
54405,1991-12-27,,,,,,,
54415,2014-02-07,,,,,,,
54418,1965-01-01,,,,,,,
54419,1930-01-02,,,,3.0,1,,2011-01-28
54424,2010-01-10,,,,,,,
54430,1938-12-29,,,,,,,
54436,1955-05-13,,,,,,,
54440,1974-07-17,,,,,,,
54445,2011-03-01,8000000.0,,,,,,
54466,2009-10-06,,,,,,,
54469,2010-10-21,1.0E7,,,,,,
54474,2002-05-06,,809000.0,,,,,
54491,2001-05-11,,100202.0,,,,,
54494,1969-10-22,,,,,,,
54505,1973-01-01,,,,,,,
54507,2009-04-09,,,,,,,
54509,1934-07-14,31386.0,,,,,,
54523,1977-04-30,,,,,,,
54525,2010-11-24,,,,,,,
54527,2010-11-12,900000.0,,,,,,
54540,2011-02-01,,1.2E7,,,,,
54541,1957-11-13,,,,,,,
54551,2010-12-13,,,,,,,
54557,2011-02-11,,,,,,,
54561,1977-03-17,,,,,,,
54563,1963-10-08,,,,,,,
54568,1946-03-12,,,,,,,
54570,1935-09-13,,,,,,,
54583,2004-01-12,500000.0,,,,,,
54598,2011-07-06,,,,,,,
546,2005-12-23,1000000.0,1.3350369E7,1.2350369E7,1.7352941176470589,17,1.0475812477265118,2012-04-14
5460,2004-05-25,,,,3.875,4,1.0307764064044151,2003-12-31
54615,1950-02-01,,,,,,,
54625,2006-09-15,500000.0,,,,,,
54638,2000-04-13,,,,,,,
54642,1986-01-01,,,,,,,
5465,1970-10-18,,,,,,,
54653,2006-06-30,,,,,,,
54655,1992-07-31,,,,,,,
54656,1988-11-01,,,,,,,
54657,2010-10-08,,,,,,,
54659,2006-08-31,,,,,,,
54663,1979-10-05,,,,,,,
54669,2008-08-29,,,,,,,
54685,2010-08-31,,,,,,,
54690,2000-05-27,,,,,,,
54694,2010-12-11,,,,,,,
547,1998-05-14,6.0E7,1.86883563E8,1.26883563E8,3.0,5,1.224744871391589,2000-11-22
5470,1999-04-01,2.0E7,1531251.0,-1.8468749E7,3.4,5,1.51657508881031,2006-05-27
54715,1992-04-29,,,,,,,
54723,1962-01-19,,,,,,,
54732,2010-04-20,,,,2.8333333333333335,3,1.2583057392117918,2016-08-17
54735,2010-05-11,,,,,,,
54743,2009-11-10,,,,,,,
54744,2009-12-12,,,,,,,
54764,2003-08-29,,,,,,,
54768,1990-04-14,,,,0.5,1,,2009-12-02
54769,1955-07-14,,,,,,,
54779,2009-01-01,,,,,,,
54793,2010-11-22,,,,,,,
54795,1997-11-20,,,,,,,
54796,2005-11-23,,,,,,,
54797,1957-03-04,,,,,,,
54807,2004-05-02,,293793.0,,,,,
5481,1977-08-12,,,,2.911111111111111,45,1.1495497581508365,2016-08-17
54812,2010-06-11,,,,,,,
54821,1992-10-05,500000.0,,,,,,
54825,1989-07-15,500000.0,,,,,,
5483,1973-05-08,1000000.0,,,3.6,5,0.6519202405202649,2005-12-05
54832,1952-09-03,,,,,,,
54837,1991-12-28,500000.0,,,,,,
5484,1972-04-15,,,,,,,
5485,1972-02-25,,,,,,,
54857,1978-01-01,,,,,,,
54858,1979-12-31,,,,,,,
5486,1971-08-08,,,,,,,
54860,1973-06-30,,,,,,,
54865,2009-03-11,3000000.0,,,,,,
5488,2006-12-07,,4354510.0,,,,,
54890,2011-01-21,,,,,,,
54898,1986-08-29,,,,,,,
54900,2008-04-25,,,,,,,
54928,2002-05-15,500000.0,,,,,,
5493,2002-08-31,,,,,,,
54933,1999-09-13,,,,,,,
54934,1992-09-11,,340147.0,,,,,
5494,2004-03-28,3.2E7,,,,,,
54959,1998-12-10,,,,,,,
54969,1997-08-22,,,,,,,
54970,1956-11-26,,,,,,,
54971,1998-07-10,,,,,,,
54973,2003-10-03,,22278.0,,,,,
54982,1999-08-21,,,,,,,
54988,1974-07-05,,,,,,,
54994,2010-01-22,,,,,,,
55,2000-06-16,,2.0908467E7,,3.3333333333333335,6,1.2110601416389966,2000-11-22
550,1999-10-15,6.3E7,1.00853753E8,3.7853753E7,3.272727272727273,11,1.1037127426019044,2015-08-23
55011,2001-11-22,500000.0,,,,,,
55012,2002-04-10,,,,,,,
55015,2002-04-12,,,,,,,
55027,2005-07-15,,,,,,,
55035,1982-05-26,,,,,,,
55045,2010-05-07,5000000.0,,,,,,
55049,1996-05-15,500000.0,,,,,,
55058,1996-05-10,,,,,,,
5506,1955-12-08,,,,3.375,4,0.47871355387816905,2016-05-08
55063,2010-01-27,,,,4.25,2,1.0606601717798212,2011-01-28
55069,1999-09-16,500000.0,,,4.375,4,0.6291528696058959,2013-01-09
551,1972-12-01,5000000.0,8.4563118E7,7.9563118E7,3.65,90,1.115392811342939,2016-10-16
55107,1998-11-14,,,,,,,
5511,1967-10-25,,39481.0,,,,,
55130,2003-05-21,,,,,,,
55138,1998-06-01,,,,,,,
55144,1993-10-01,500000.0,,,,,,
55146,1995-08-29,500000.0,,,,,,
55151,2010-05-13,,20666.0,,,,,
55154,1974-11-04,,,,,,,
55156,1994-01-01,,,,4.0,1,,2010-04-06
55157,1993-02-05,,,,,,,
55165,2010-09-03,,,,,,,
55180,1998-09-23,,,,,,,
55197,1952-10-01,,,,,,,
55198,1950-08-08,,,,,,,
552,2000-03-03,,,,3.14,50,0.9950899867010283,2016-05-08
55204,2009-01-31,,,,,,,
55207,1940-06-25,,,,4.0,1,,2016-03-10
55215,2010-12-31,2500000.0,,,,,,
55225,2007-05-18,,,,,,,
55236,1942-09-25,,,,,,,
55238,1943-01-01,,,,,,,
55244,2010-03-24,,1339650.0,,,,,
55245,2010-01-01,,,,3.25,2,0.3535533905932738,2016-05-11
55246,2010-10-08,,22270.0,,,,,
55249,2002-05-17,,,,,,,
55253,2006-04-26,,,,4.25,2,0.3535533905932738,2016-08-30
55254,1998-08-28,,,,,,,
55257,1999-02-25,1000000.0,,,,,,
5528,2004-03-17,,,,3.1842105263157894,19,0.931106365743187,2016-05-08
55294,2006-11-12,1500000.0,,,2.5,1,,2011-07-25
553,2003-05-19,1.0E7,1.6680836E7,6680836.0,3.482456140350877,57,0.8912516894429077,2011-09-02
55301,2011-12-14,7.5E7,3.42695435E8,2.67695435E8,,,,
55306,1997-06-13,,,,,,,
55316,1968-03-14,,,,,,,
55328,2001-10-20,,,,,,,
55335,2005-01-21,,,,,,,
55343,1975-07-01,,,,,,,
55344,2010-01-30,,,,,,,
55368,1974-01-30,,,,,,,
55372,2001-09-28,,,,,,,
55396,2004-02-12,,,,,,,
55398,1960-09-09,,,,,,,
55403,1999-02-19,,,,,,,
55408,2002-08-30,,,,,,,
55418,1973-11-02,,,,,,,
55420,2011-07-22,100000.0,1776935.0,1676935.0,,,,
55424,2006-03-06,,,,,,,
55426,2010-05-29,,,,,,,
55429,2010-02-12,,,,,,,
55430,2010-06-26,,,,,,,
55431,2010-10-28,,,,,,,
55433,2009-03-14,,,,,,,
55437,2011-01-21,,,,,,,
5544,1959-06-10,,,,3.5,3,1.3228756555322954,2004-02-18
55441,1950-07-19,,,,,,,
55448,1993-09-10,1.1E7,1044824.0,-9955176.0,,,,
55457,1978-04-20,2700000.0,,,,,,
55472,1950-07-20,,,,,,,
55479,2001-01-01,,,,,,,
5548,1987-07-17,1.3E7,5.3E7,4.0E7,3.5,2,0.7071067811865476,2002-08-17
5549,1990-06-22,3.5E7,4.5681173E7,1.0681173E7,,,,
55495,1968-08-22,,,,,,,
55496,2003-02-28,,,,,,,
55502,2004-12-16,,,,,,,
55504,2005-06-10,,,,,,,
55505,1993-08-03,,,,,,,
5552,2004-03-13,2.466581E7,,,,,,
55536,1924-01-07,,,,,,,
55538,1981-04-28,,,,,,,
55539,1987-10-02,,,,,,,
55544,1925-11-20,,,,,,,
55547,2001-10-30,2300000.0,,,,,,
55553,1999-09-17,,,,,,,
55558,1978-08-25,,,,,,,
55562,1986-04-10,,,,,,,
5558,1974-09-10,,,,2.5,1,,2006-03-21
55580,1995-08-30,,,,,,,
55584,1929-03-12,,,,,,,
5559,2007-10-28,1.5E8,2.87594577E8,1.37594577E8,,,,
55596,1992-04-13,,,,,,,
55604,1940-08-30,2000000.0,9172000.0,7172000.0,,,,
55612,2011-01-21,,,,,,,
55613,1992-09-30,,,,,,,
5562,1958-06-06,,,,2.0,1,,2005-03-23
55627,1991-01-01,,,,,,,
55628,1977-06-15,,,,,,,
55632,2010-09-15,,10967.0,,,,,
55655,2009-05-01,,,,,,,
55657,2006-01-01,,,,,,,
55662,2010-10-01,3500000.0,,,,,,
55663,1960-08-10,,,,,,,
55667,1996-11-21,,,,,,,
55680,2011-01-03,,,,,,,
55681,2004-02-14,,,,,,,
55685,1978-07-14,,,,,,,
55689,1973-09-20,,,,,,,
557,2002-05-01,1.39E8,8.21708551E8,6.82708551E8,,,,
55710,1999-01-01,,,,,,,
55712,1997-10-27,,,,,,,
55717,2006-09-30,,,,,,,
55723,2011-09-20,,,,,,,
55725,2011-03-18,1.0831173E7,1.0654385E7,-176788.0,,,,
55728,1988-01-01,,,,,,,
55731,1996-03-22,,,,,,,
55734,2002-12-18,,,,,,,
55735,2003-03-16,,,,,,,
55738,2004-03-05,,,,,,,
55739,2004-01-01,,,,,,,
55740,2006-08-11,,11455.0,,,,,
55741,2010-12-17,1.0E7,,,,,,
55754,1991-10-18,,,,,,,
55762,1977-01-14,209595.0,,,,,,
55763,1994-09-16,,,,,,,
55765,2006-10-19,4500000.0,,,3.4545454545454546,22,0.8578640544577769,2016-10-07
55773,1935-08-03,,,,,,,
55774,2009-11-17,,,,,,,
55776,1987-08-28,,,,,,,
55779,2011-08-12,4.7E7,1.57887643E8,1.10887643E8,,,,
55785,2010-10-08,,,,,,,
55787,2011-03-15,3.8E7,1.1415623E8,7.615623E7,,,,
55802,2009-12-17,,,,,,,
55804,2008-02-09,,,,,,,
55819,1983-08-26,,,,,,,
55823,1959-10-28,,,,,,,
55845,2011-01-05,,,,,,,
55846,2011-05-20,1.5774948E7,741875.0,-1.5033073E7,,,,
55853,1989-02-08,,,,,,,
55859,1954-04-06,,,,,,,
55863,1961-05-19,,,,,,,
55888,2000-11-17,,5708.0,,,,,
5589,1968-06-07,,,,,,,
55890,2010-07-16,,,,,,,
55892,2000-05-25,,,,,,,
55893,2010-02-18,,48132.0,,,,,
55902,1997-03-01,,,,,,,
55909,1974-04-22,,,,,,,
55912,1998-11-27,,258464.0,,,,,
55916,2002-02-01,,,,,,,
55922,2004-05-16,,,,,,,
55936,1996-03-15,,,,,,,
55949,1996-09-28,,,,,,,
55950,1993-08-20,,,,,,,
55951,2009-10-17,,,,,,,
55952,1990-05-04,,,,,,,
55955,1997-10-21,,408339.0,,,,,
55960,1956-08-14,,,,,,,
55996,1981-02-04,,,,,,,
55998,2011-01-20,,,,,,,
56002,2011-01-26,,,,,,,
56007,1997-12-31,,,,,,,
5601,1973-01-18,,,,3.0,1,,2005-05-04
56014,2010-10-27,,,,,,,
56041,2010-10-22,,,,,,,
56049,2007-01-26,,,,,,,
56067,1972-03-22,,,,,,,
5608,1966-12-13,,,,4.083333333333333,6,0.8612007121842542,2014-11-16
56083,2009-11-26,,,,,,,
56088,1995-08-25,,,,,,,
56092,1968-10-15,,,,,,,
561,2005-02-08,1.0E8,2.30884728E8,1.30884728E8,3.0,1,,2000-11-20
56100,2005-08-30,,,,,,,
56115,1992-01-01,,,,,,,
56122,1954-12-03,,,,,,,
56126,1982-11-18,,,,,,,
56132,1978-01-01,,,,,,,
56134,1986-01-01,,,,,,,
56135,1946-11-19,,,,,,,
56142,1974-12-10,,,,,,,
56143,1942-09-14,,,,,,,
56146,1942-10-27,401000.0,,,,,,
56152,1940-09-27,,,,3.7333333333333334,15,0.7988086367179803,2016-05-11
56153,1972-01-01,,,,,,,
56154,1940-03-15,,,,,,,
56156,1958-10-24,,,,2.5,3,1.0,2014-03-04
56164,1933-02-08,,7630000.0,,,,,
56165,1966-01-01,,,,,,,
56167,1952-12-05,,,,,,,
56168,1966-03-04,,,,,,,
56177,1978-12-21,,,,,,,
56179,1989-01-01,,,,,,,
5618,1975-11-19,,,,4.134920634920635,63,0.9427411525420776,2016-10-16
56180,2010-08-25,,,,,,,
56190,1992-01-01,,,,,,,
56191,1994-06-23,,,,,,,
56192,2008-06-08,,,,,,,
562,1988-07-15,2.8E7,1.40767956E8,1.12767956E8,3.716666666666667,30,0.9439766702747417,2016-04-16
5620,1970-04-03,,,,3.090909090909091,22,1.191601200030203,2016-08-17
56212,2010-10-13,,183640.0,,,,,
5622,1983-10-06,,,,4.5,1,,2003-08-20
56231,1971-09-17,,,,,,,
56232,2010-06-05,,,,,,,
56233,1968-08-22,,,,,,,
56235,1999-06-11,1000000.0,,,,,,
56245,2008-07-18,,,,,,,
56264,1995-01-01,,,,,,,
56272,2010-03-14,,10.0,,,,,
56287,1955-12-22,,,,,,,
56292,2011-12-07,1.45E8,6.9471338E8,5.4971338E8,,,,
563,1997-11-06,1.05E8,1.21214377E8,1.6214377E7,3.0,1,,1996-06-14
56304,2011-01-20,,,,,,,
56309,1957-05-14,,,,,,,
56320,2010-04-16,,,,,,,
56321,1991-05-15,,,,,,,
56325,2009-04-30,230.0,,,,,,
56329,2007-09-25,,,,,,,
56340,1959-01-01,,,,,,,
56343,1961-12-19,,,,,,,
56345,1996-08-29,,,,,,,
56354,1969-12-19,,,,,,,
56366,1970-04-30,,,,,,,
56369,1968-10-04,,,,,,,
56373,1967-12-19,,,,,,,
5638,1969-08-20,,,,3.0,1,,2008-01-04
56383,1974-07-23,,,,,,,
56385,1991-07-23,,,,,,,
56391,1987-06-26,,,,,,,
564,1999-04-16,8.0E7,4.15885488E8,3.35885488E8,3.0,1,,1999-12-17
56401,2011-03-18,4000000.0,253899.0,-3746101.0,,,,
56424,2010-03-31,,,,,,,
56435,1955-03-12,,,,,,,
56440,2010-10-08,,,,,,,
56448,1992-11-21,,,,,,,
5646,1962-05-09,,,,3.5,2,0.7071067811865476,2002-12-09
56474,2002-03-15,,,,,,,
56475,2004-09-10,,,,,,,
5648,1959-01-01,,,,,,,
56481,2011-01-28,,,,,,,
56486,1992-01-01,,,,,,,
56487,1997-01-01,,,,,,,
56491,2006-04-21,1000000.0,,,,,,
56499,1959-09-18,,,,,,,
56500,1968-03-25,12000.0,,,,,,
56508,1913-05-09,,,,,,,
56511,1913-09-12,,,,,,,
56512,1914-03-13,,,,,,,
56515,1914-05-08,,,,,,,
56518,1950-12-14,,,,,,,
5652,1957-08-13,,,,,,,
56529,2010-01-25,,,,,,,
56531,2009-09-16,,,,,,,
56533,1977-06-10,,,,,,,
56547,1979-06-06,,,,,,,
56549,1996-01-01,,,,,,,
56552,2007-01-28,,,,,,,
56555,2007-03-10,,,,,,,
56557,1937-02-12,,,,,,,
56578,2010-09-12,,,,,,,
56579,2006-01-19,,,,,,,
56583,1993-11-03,,,,,,,
56584,1979-01-01,,,,,,,
56589,1977-12-07,,,,,,,
56590,2011-02-22,,,,,,,
56591,2011-01-21,,,,,,,
56596,2010-08-20,,,,,,,
56598,1940-08-07,,,,,,,
56599,1968-06-01,,,,,,,
56608,1999-08-27,,,,,,,
56616,2003-08-29,,,,,,,
56619,1989-01-01,,,,,,,
56651,1997-09-26,,,,,,,
56653,1998-08-06,,,,,,,
56693,1969-02-25,,,,,,,
56697,1957-08-19,,,,,,,
567,1954-08-01,1000000.0,3.6764313E7,3.5764313E7,4.0,2,1.4142135623730951,2000-11-22
56709,1998-10-09,,,,,,,
56715,2001-04-06,,,,4.0,5,0.7071067811865475,2016-08-02
56725,1989-09-21,,,,,,,
56743,2010-06-25,,,,,,,
56744,2002-11-15,,,,,,,
56745,2008-02-01,,,,,,,
56763,1984-04-14,,,,,,,
56764,1973-12-16,,,,,,,
5678,1988-05-13,,,,2.0,1,,2006-03-19
56780,2011-04-14,1.5E7,4627375.0,-1.0372625E7,,,,
56787,1974-10-23,,,,,,,
56790,2004-08-06,,,,,,,
5680,1988-09-30,,5596267.0,,3.7,5,0.44721359549995787,2006-07-02
56800,1963-12-04,,,,,,,
56807,2009-05-01,,,,,,,
56809,2007-08-16,,,,,,,
56811,2010-04-29,,35456.0,,,,,
56815,2010-07-02,,,,,,,
56816,2008-12-08,,,,,,,
56821,1984-02-17,,1.75E7,,,,,
56825,1988-12-12,,,,,,,
56828,1999-12-31,,,,,,,
56841,2010-09-24,,,,,,,
56844,2009-09-08,,,,,,,
56853,2010-11-12,,,,,,,
5689,1980-07-05,4500000.0,5.8853106E7,5.4353106E7,4.0,1,,2002-10-06
56897,2010-11-01,,,,,,,
56906,2011-01-28,,,,,,,
56909,2011-01-21,,,,,,,
5691,1972-07-01,,,,2.5,1,,2009-10-15
56913,2011-04-26,6800000.0,,,,,,
56920,1963-01-01,,,,,,,
56922,2010-10-08,,,,,,,
5693,1986-11-14,9000000.0,2.8607524E7,1.9607524E7,3.1363636363636362,11,0.9244162777371755,2010-05-17
56930,1947-12-27,,,,,,,
56931,1958-12-24,,,,,,,
56935,1977-05-25,,,,,,,
56942,1971-12-01,,,,,,,
56943,2004-09-11,,,,,,,
56946,2003-11-21,,,,,,,
56947,1992-12-02,,,,,,,
56949,1998-11-12,,,,3.125,16,0.9916316520429012,2016-07-29
56950,2010-12-08,,,,,,,
56952,2007-09-14,,,,,,,
56959,2011-02-11,,,,,,,
56967,2008-01-01,,,,,,,
56968,2010-01-23,,,,,,,
56978,1966-01-01,,,,,,,
5698,1903-12-01,150.0,,,,,,
56992,2009-01-30,,,,,,,
56997,2009-02-10,,,,,,,
57000,2008-05-05,1000000.0,,,,,,
57005,2006-10-13,,254000.0,,,,,
57016,1996-10-11,,,,,,,
57019,2010-09-29,,,,,,,
57022,2002-06-21,,,,,,,
57035,1934-04-07,,,,,,,
57046,2005-05-18,,,,,,,
57047,2001-08-15,,,,,,,
57059,2010-12-16,,,,,,,
5707,2000-12-07,,,,3.1,5,0.6519202405202649,2011-01-28
5708,2007-09-26,,8159508.0,,,,,
57082,1980-11-07,,,,,,,
57088,2011-01-01,,,,,,,
5709,1987-09-18,,,,,,,
57091,2008-01-01,,,,,,,
571,1963-03-28,2500000.0,1.1403529E7,8903529.0,4.0,1,,2000-11-20
57120,2010-09-05,,876302.0,,,,,
57124,1974-09-01,,,,,,,
57165,2012-03-27,1.5E8,3.01E8,1.51E8,,,,
5717,2005-09-01,,,,,,,
5718,2007-01-24,,1027699.0,,3.0,1,,2004-05-08
5719,1965-05-25,60000.0,,,,,,
572,2005-03-10,2400000.0,,,,,,
57203,2007-07-28,,,,,,,
57207,2011-01-25,,,,,,,
57209,2010-12-12,100000.0,,,,,,
57210,2013-10-19,,,,,,,
57212,2011-12-25,6.6E7,1.77584879E8,1.11584879E8,,,,
57218,2005-10-11,,,,,,,
57240,1987-10-02,,,,,,,
5725,1975-04-02,,,,,,,
57251,2005-03-25,,,,,,,
57258,1955-12-21,,,,,,,
5726,1966-11-17,,,,,,,
57276,2011-02-24,4317946.0,1.4624826E7,1.030688E7,,,,
57278,2001-11-09,,,,,,,
5728,1981-10-31,,,,,,,
57308,1985-09-18,,,,,,,
57309,2009-10-22,,,,,,,
5731,1977-12-22,,,,,,,
57310,1975-12-23,,,,,,,
57313,2010-09-28,500.0,,,,,,
57326,2002-11-26,,,,2.5,2,0.7071067811865476,2016-05-08
57337,2003-09-05,,,,,,,
57342,2002-03-15,,,,,,,
57343,2003-06-22,,,,,,,
57346,1997-02-18,,,,,,,
57353,2011-04-01,2.5E7,,,4.25,2,0.3535533905932738,2015-07-27
57387,2010-11-04,,,,,,,
57393,2010-10-22,,,,,,,
57394,2002-06-28,,,,,,,
57395,2010-09-24,,,,,,,
57400,2011-03-04,,,,,,,
57403,2010-10-20,2500000.0,,,,,,
57406,2006-09-11,,,,,,,
5741,1964-09-11,60000.0,,,,,,
57412,1935-11-07,,,,,,,
57419,2010-12-19,,,,,,,
57424,2003-01-24,,,,,,,
57425,2005-05-13,,,,,,,
57431,2011-12-09,2.5E7,3.4942188E7,9942188.0,,,,
57436,2010-09-26,1400000.0,,,,,,
57447,1976-08-16,,,,,,,
57448,2010-09-22,,,,,,,
57479,1997-11-23,,,,,,,
5748,1967-11-01,,,,,,,
575,2001-03-07,,,,3.5714285714285716,14,1.0350983390135313,2011-02-20
57510,2011-01-01,500000.0,,,,,,
57518,2011-02-19,,,,,,,
5753,1987-11-02,,,,,,,
57536,2010-10-01,,,,,,,
57537,1979-03-01,,,,,,,
57544,1999-03-12,3000000.0,,,,,,
57548,1997-01-01,,,,,,,
57558,2001-08-23,,,,,,,
57563,1997-02-19,,,,,,,
57565,1984-11-09,,,,,,,
57578,1978-05-12,,,,,,,
57585,2011-05-17,,,,,,,
5759,2008-01-21,,,,,,,
57597,1995-11-14,,,,,,,
576,1969-06-17,6244087.0,638641.0,-5605446.0,,,,
57602,2010-09-28,,,,,,,
5761,2007-03-11,,,,,,,
57627,2010-08-12,,,,,,,
57644,1994-10-04,,,,,,,
5765,1992-01-14,,,,5.0,1,,2005-03-22
57654,2007-01-01,,,,,,,
57656,2007-12-18,,,,,,,
57662,1937-02-25,,,,,,,
57665,1961-10-27,,,,,,,
57666,1969-05-22,,,,,,,
5767,1967-04-27,,,,,,,
57680,1999-05-09,,,,,,,
57681,1998-10-04,,,,,,,
57683,1997-10-17,,,,,,,
57684,1942-02-20,,,,,,,
57695,2010-11-03,1.4734E7,6775121.0,-7958879.0,,,,
57714,2005-06-01,,,,,,,
57726,1999-09-22,,,,,,,
57733,2011-01-01,,,,,,,
57737,2011-03-01,,,,,,,
57744,1988-10-14,6000000.0,,,,,,
57745,1998-09-03,,49501.0,,,,,
57749,2010-10-10,,,,,,,
57757,1973-10-01,,,,,,,
57775,2006-08-10,,,,,,,
57789,1993-10-30,,,,,,,
578,1975-06-18,7000000.0,4.70654E8,4.63654E8,,,,
5780,1966-07-13,3000000.0,1.3E7,1.0E7,3.625,4,0.75,2012-08-06
5781,1977-08-17,,,,,,,
57812,2011-02-26,1000000.0,,,,,,
57813,2004-04-28,,,,,,,
57816,2008-05-15,,,,,,,
57825,2004-02-11,7000000.0,,,,,,
57829,2011-03-18,,342519.0,,,,,
57834,1994-09-16,,,,,,,
57840,1936-04-24,,,,,,,
57845,1993-08-18,,,,4.5,1,,2010-06-14
57857,1995-12-17,,,,,,,
57859,2008-02-28,,,,,,,
57875,1968-04-20,,,,,,,
57876,2015-05-15,5000000.0,,,,,,
57892,2001-02-02,,,,,,,
579,1978-06-16,2.0E7,1.87884007E8,1.67884007E8,,,,
57911,1961-09-07,,,,,,,
57924,2011-02-11,,,,,,,
57946,2002-06-29,,,,,,,
57953,1997-10-03,,,,,,,
57954,1977-09-16,,,,,,,
57965,2006-10-17,,,,,,,
57967,1981-09-10,,,,,,,
57976,1997-12-01,,,,,,,
57978,1984-03-14,,,,,,,
57979,2006-03-23,,,,,,,
57981,1992-08-01,,,,,,,
57991,1954-01-01,,,,,,,
57999,1982-01-01,,,,,,,
58,2006-06-20,2.0E8,1.065659812E9,8.65659812E8,4.0,45,1.0280166252635128,2015-07-16
580,1987-07-17,2.3E7,5.1881013E7,2.8881013E7,3.0,3,1.7320508075688772,2000-11-22
5800,1977-08-01,,,,,,,
58007,1954-01-01,,,,,,,
5801,1955-08-26,,536364.0,,4.166666666666667,3,0.2886751345948129,2005-01-23
58011,1986-01-01,,,,,,,
58012,1933-01-01,,,,,,,
58028,1996-10-21,,,,,,,
58032,1997-01-01,,,,,,,
5804,2007-12-14,,,,,,,
58048,1986-08-29,1.7E7,,,,,,
58058,1995-02-01,,,,,,,
58060,2011-03-04,,,,,,,
58062,2000-09-06,,,,,,,
58069,2007-07-25,,,,,,,
58070,1984-01-12,,,,,,,
58074,1956-12-21,,,,,,,
58075,2008-08-27,,,,,,,
58076,1943-04-29,,,,,,,
58081,1996-01-01,,,,,,,
58083,1982-01-01,,,,,,,
58089,2003-10-31,,,,,,,
58097,1996-04-19,,,,,,,
58102,1996-12-25,,,,,,,
58106,2008-06-01,,,,,,,
58128,1994-04-11,,,,,,,
58129,1921-01-01,,,,,,,
58133,2008-10-09,,,,,,,
58151,2011-08-18,1.7E7,2.4922237E7,7922237.0,,,,
58156,2009-10-22,,,,2.5,6,0.7745966692414834,2016-08-17
58159,1935-01-05,32671.0,,,,,,
58166,2011-02-24,,,,,,,
58182,1952-12-31,,,,,,,
58188,1968-10-23,,,,,,,
58191,1985-02-21,,,,4.25,2,0.3535533905932738,2011-01-22
58192,1932-01-24,,,,,,,
58194,2011-03-25,600000.0,,,,,,
58195,2000-01-01,,,,,,,
582,2006-03-15,2000000.0,7.0E7,6.8E7,4.0,1,,1997-03-03
58200,1990-02-22,,,,,,,
58204,2010-12-17,,,,,,,
58207,1986-03-16,,,,,,,
58218,1971-06-06,,,,,,,
5822,1971-04-23,150000.0,1.52E7,1.505E7,,,,
58224,2011-06-17,,1.87361754E8,,,,,
58227,1962-10-03,,,,,,,
58231,2011-09-23,,,,,,,
58232,2011-02-02,8000000.0,1749457.0,-6250543.0,,,,
58235,2011-02-25,,,,,,,
58242,1999-11-20,,,,,,,
58244,2012-09-27,6.0E7,8106475.0,-5.1893525E7,,,,
5825,1989-12-01,2.7E7,7.132E7,4.432E7,4.0,1,,2007-03-04
58250,2010-12-01,,,,,,,
58251,2009-05-16,,20728.0,,,,,
58255,2003-03-11,,,,,,,
58257,1972-06-27,,,,,,,
58258,2010-08-23,,,,,,,
58287,2011-03-03,,,,,,,
58291,2010-01-01,,,,,,,
58296,2006-10-26,,,,,,,
583,1979-08-17,4000000.0,2.0045115E7,1.6045115E7,,,,
58301,2003-06-11,,,,4.0,2,0.0,2016-08-21
58306,1993-11-19,,,,3.1666666666666665,3,0.28867513459481287,2013-09-08
58311,1993-09-30,,,,,,,
58365,2010-12-03,,,,4.0,1,,2009-07-06
58368,2010-10-12,,,,,,,
58383,1963-10-09,,,,,,,
58384,2004-10-14,,,,,,,
5839,1959-09-23,,,,4.0,1,,2003-05-14
58391,2008-11-14,,,,,,,
58396,2010-04-08,,,,,,,
58400,2008-01-01,,,,,,,
58402,1973-02-01,,,,,,,
58404,1966-01-01,,,,,,,
58405,1996-01-01,,,,,,,
58414,1998-07-01,,,,,,,
58421,2002-01-17,,,,,,,
58427,1996-12-08,,,,,,,
58428,2011-12-01,750000.0,78396.0,-671604.0,,,,
58429,2001-04-12,,,,,,,
58430,1997-12-15,,,,,,,
58433,2002-12-10,,,,,,,
58434,1988-09-02,,187349.0,,,,,
5844,2002-09-12,,,,,,,
58443,2011-06-07,7000000.0,,,,,,
58447,1973-01-01,,,,,,,
58448,2011-03-05,9000000.0,,,,,,
58453,2010-01-01,,,,,,,
58455,1945-12-25,,,,,,,
5846,2003-12-05,,,,4.0,1,,2002-11-04
58467,1998-11-05,,,,,,,
58470,1956-12-21,,,,,,,
58473,1987-10-11,,,,,,,
58483,2011-02-24,,,,,,,
58487,2000-01-28,,,,,,,
58492,2011-04-22,,621951.0,,,,,
58494,2011-03-08,,,,,,,
585,2001-11-01,1.15E8,5.62816256E8,4.47816256E8,3.073170731707317,41,1.1211655520581922,2016-08-09
5850,2006-09-29,,,,0.5,1,,2011-02-13
58509,2001-01-01,,,,,,,
5851,2002-03-14,8.5E7,7.7741732E7,-7258268.0,,,,
58511,2008-02-12,,,,,,,
58515,2010-01-01,,,,,,,
58518,2011-03-04,,,,,,,
5852,2001-05-15,5.3E7,2.97E7,-2.33E7,,,,
58522,2011-04-01,3347850.0,1248748.0,-2099102.0,,,,
58526,1989-01-01,,,,,,,
58531,2004-01-01,,,,,,,
5854,1976-04-09,2000000.0,7900000.0,5900000.0,4.0,1,,2002-12-05
58547,2011-09-12,,201146.0,,,,,
58550,2010-03-27,,,,,,,
58551,2008-02-23,,,,,,,
58553,1990-01-26,,,,,,,
5856,1988-03-03,,,,,,,
58587,2005-06-13,,,,,,,
58589,2009-09-27,,,,,,,
58591,2003-10-06,,,,,,,
58595,2012-05-30,1.7E8,3.966E8,2.266E8,,,,
58607,1995-08-08,,,,,,,
58615,1987-01-01,,,,,,,
58625,2011-07-15,,,,,,,
58626,2011-04-02,6000000.0,,,,,,
58631,2002-07-29,,,,,,,
58646,2005-11-13,,6000000.0,,,,,
58658,1968-02-17,,,,,,,
58664,2008-09-30,,,,,,,
58679,2011-03-17,,,,,,,
58692,2011-02-21,7000000.0,,,,,,
58699,2011-04-16,17000.0,101236.0,84236.0,,,,
587,2003-12-25,7.0E7,1.22919055E8,5.2919055E7,3.3253968253968256,126,1.0436809096988606,2016-05-11
58700,2007-01-25,,,,,,,
58701,1962-08-31,,,,,,,
58702,1971-05-24,,,,,,,
58703,1995-04-06,,,,,,,
58704,1969-03-18,,,,,,,
5871,2008-03-14,,,,,,,
58714,2009-01-01,,,,,,,
58718,2010-11-11,,,,,,,
58725,2005-05-13,,,,,,,
58733,1962-07-31,,,,,,,
58757,1952-11-13,,,,,,,
5876,2007-11-21,,5.709619E7,,3.95,10,0.7619419633774973,2012-06-23
58760,2010-10-08,,,,,,,
58763,2010-06-12,,,,,,,
58764,2010-10-15,,,,,,,
58767,2011-04-26,,,,,,,
58770,1996-08-30,8000000.0,,,,,,
58773,1990-04-06,,,,,,,
58777,1996-12-25,,,,,,,
58782,2006-12-12,,,,,,,
58788,2005-07-14,,,,,,,
5879,1976-05-15,,,,2.0,3,1.0,2016-08-17
58792,2011-01-25,,,,,,,
588,2006-04-21,5.0E7,9.7607453E7,4.7607453E7,3.6744186046511627,215,0.9489524532508221,2016-09-07
5881,2006-11-08,,,,2.4375,8,1.2374368670764582,2016-04-16
58813,2003-05-17,,,,,,,
58820,2007-10-22,,,,,,,
58828,1946-10-18,,,,,,,
58833,1983-12-20,,,,,,,
58857,2010-09-09,6000000.0,1.7555141E7,1.1555141E7,,,,
58859,2011-03-02,,,,,,,
58865,1984-10-01,,,,,,,
58877,2009-06-04,,,,,,,
58878,1964-05-13,,,,,,,
58882,2011-07-15,134005.0,1332231.0,1198226.0,,,,
58884,2011-04-29,,,,,,,
58886,2000-04-12,,,,,,,
58887,2011-04-22,,38261.0,,,,,
5889,2003-05-10,,,,,,,
58895,2007-10-27,,,,,,,
58897,1963-12-16,,,,,,,
58899,1990-07-05,500000.0,,,,,,
58905,1935-08-21,,,,,,,
58918,2002-01-22,,,,,,,
58936,2010-10-15,,133771.0,,,,,
58937,1993-03-26,,,,,,,
58954,1976-10-28,,,,,,,
58985,1996-09-13,,,,,,,
590,2002-12-27,2.5E7,4.159783E7,1.659783E7,3.717821782178218,202,0.9565585120555158,2016-05-08
5900,1996-03-21,,,,2.388888888888889,9,1.1118053386771947,2016-08-17
59005,1970-06-13,,,,,,,
59006,2011-03-07,1000000.0,,,,,,
59013,2001-10-19,,,,,,,
59040,1984-01-01,,,,,,,
59045,1963-02-19,,,,,,,
59046,2003-01-01,,,,,,,
59050,1990-01-01,,,,,,,
59053,1991-11-15,,,,,,,
59060,1994-11-06,,,,,,,
59065,2011-03-16,,,,,,,
59087,1952-02-22,,,,,,,
59088,1967-03-26,,,,,,,
59098,1972-07-01,,,,,,,
59100,2004-10-05,,,,,,,
59101,1962-06-20,,,,,,,
59108,2011-11-02,7.5E7,1.52930623E8,7.7930623E7,,,,
59111,2010-10-22,,,,,,,
59115,2011-06-16,4000000.0,,,,,,
59117,2011-03-11,,,,,,,
59118,2011-04-12,,,,4.0,3,0.5,2016-06-27
59146,1994-02-05,,,,,,,
59147,1996-02-01,,,,,,,
5915,2007-09-11,1.5E7,5.6255142E7,4.1255142E7,4.25,2,1.0606601717798212,2006-07-25
59156,1979-02-21,,,,,,,
59158,1932-12-05,,,,,,,
59159,1974-01-01,,,,,,,
5916,1972-12-13,3352254.0,5.8831997E7,5.5479743E7,,,,
59163,2005-06-01,,,,,,,
5917,1980-03-28,,,,1.5,1,,2003-07-18
59173,1998-01-01,,,,,,,
59189,1974-09-01,,,,,,,
59199,2002-01-17,,,,,,,
592,1974-04-07,,4420000.0,,3.3979591836734695,196,0.7644645643326811,2016-08-17
5920,1971-06-23,,,,,,,
59206,2010-09-25,,,,,,,
5921,1966-06-10,,,,,,,
59210,2003-01-01,2500000.0,1062253.0,-1437747.0,,,,
5923,1966-12-20,1.2E7,2.0E7,8000000.0,2.75,2,0.3535533905932738,2004-02-18
59231,1969-08-27,,,,,,,
59232,1996-11-20,,,,,,,
59238,2011-05-21,,,,,,,
59239,1960-12-31,,,,,,,
59241,1991-03-01,,,,,,,
59248,2010-08-06,,,,,,,
59249,1960-03-25,,,,,,,
59255,2010-10-01,,,,,,,
59266,2010-10-22,,21268.0,,,,,
5928,1969-12-25,,,,,,,
59290,2008-01-01,,,,,,,
59296,2011-06-03,1.0,1378.0,1377.0,,,,
59297,2001-08-01,,,,,,,
59298,2007-07-21,,,,,,,
593,1972-03-20,,,,4.1381578947368425,304,0.8744585659525728,2016-10-07
59317,2000-01-01,,,,,,,
59333,2009-04-04,,,,3.0,4,0.9128709291752769,2016-05-11
59336,1965-12-01,,,,,,,
59354,1979-01-01,,,,,,,
59356,1985-01-01,,,,,,,
59357,1986-01-01,,,,,,,
59372,2002-09-13,,,,,,,
59387,2002-07-03,1.0E7,1.1411644E7,1411644.0,3.9545454545454546,11,0.7229988054812212,2016-08-02
59388,1985-02-08,,,,,,,
59390,1992-10-04,,,,,,,
59392,2010-07-10,,,,5.0,1,,2016-08-03
59404,1983-01-01,,,,,,,
59405,1979-12-25,,,,,,,
59406,2010-10-08,,,,,,,
59408,1970-09-01,,,,,,,
59414,1972-03-23,,,,,,,
59421,2010-08-19,700000.0,,,2.75,6,1.4404860290887933,2016-08-17
59423,2005-01-27,,,,,,,
59435,2010-10-06,,1279.0,,,,,
59436,2011-05-11,3.0E7,1.51119219E8,1.21119219E8,,,,
59439,2011-03-13,,55282.0,,,,,
59441,2011-03-12,2000000.0,,,,,,
59444,2005-04-28,,,,,,,
59468,2010-09-10,,4430765.0,,,,,
59474,2004-06-11,,,,,,,
59475,1982-06-09,,,,,,,
59481,1993-01-20,,,,,,,
59500,2006-09-08,,,,,,,
5953,1970-10-22,,,,,,,
59533,1982-09-23,,,,,,,
5955,2001-01-09,3.5E7,2.94E7,-5600000.0,3.625,8,0.8762745818846639,2011-01-28
59557,2007-04-06,,,,,,,
59558,1987-08-18,,,,,,,
59570,2011-03-18,,,,,,,
59582,2010-05-26,,,,,,,
59584,1938-04-07,,,,,,,
59589,1939-04-07,,,,,,,
59596,2009-11-25,,,,,,,
59678,2011-05-12,,3964682.0,,,,,
5968,1984-08-15,2.53E7,,,3.5,2,0.7071067811865476,2002-12-31
59700,2004-12-07,,,,,,,
59706,1940-01-15,,,,,,,
5971,1989-12-15,2.0E7,,,4.230769230769231,26,0.6816270128269453,2016-10-16
59726,2011-03-25,,,,,,,
59735,1988-12-02,7000000.0,136203.0,-6863797.0,,,,
59762,1990-11-21,,,,,,,
59797,1988-04-08,4000000.0,9797098.0,5797098.0,,,,
598,2002-02-05,3300000.0,3.064177E7,2.734177E7,,,,
59809,1976-04-02,,,,,,,
59820,1990-08-17,,,,,,,
59833,1958-05-03,,,,,,,
59838,1963-04-13,,,,,,,
59839,2001-01-01,,,,,,,
59857,1996-01-01,,,,,,,
59859,2013-07-17,,6.07E7,,,,,
59860,2011-07-01,,1.7425E7,,,,,
59871,1982-01-01,,,,,,,
59873,1974-08-13,,,,,,,
59881,1971-05-17,,,,,,,
59882,1943-05-25,,,,,,,
59883,2011-03-21,,,,,,,
59895,1955-12-14,,,,,,,
599,1950-08-10,1752000.0,5000000.0,3248000.0,4.035714285714286,14,1.0645382840658002,2012-08-06
59904,2007-06-07,,,,,,,
5991,1924-12-23,,,,3.6470588235294117,51,1.0502100630210074,2016-08-02
59912,1973-01-17,,,,,,,
59914,2010-07-21,7500000.0,,,,,,
59928,2009-01-18,,,,,,,
59930,1994-04-22,,8880705.0,,,,,
5994,2000-12-12,6.0E7,,,3.5,1,,2008-12-09
59940,2001-10-04,,,,,,,
59944,2010-09-25,,,,,,,
59958,2005-10-21,,,,,,,
59963,2012-03-28,,432274.0,,,,,
59967,2012-09-26,3.0E7,4.7042E7,1.7042E7,,,,
59990,1962-04-17,,,,,,,
59993,1998-12-01,,,,,,,
600,1987-06-26,1.7E7,4.6357676E7,2.9357676E7,4.0,1,,1998-10-03
60005,2000-06-02,,,,,,,
60009,1997-09-24,2000000.0,,,,,,
60011,2010-09-15,,,,,,,
60014,1989-01-01,,,,,,,
60015,2002-08-03,,,,,,,
60018,1988-01-01,,,,,,,
60025,2003-04-09,6844180.0,,,,,,
60033,1997-07-11,,,,,,,
60035,2007-01-01,,,,,,,
60038,1983-01-01,,,,,,,
60041,1987-11-30,5300000.0,,,,,,
60046,1960-01-01,,,,,,,
60071,2000-02-06,,,,,,,
60079,1995-12-19,,,,,,,
60080,2008-01-01,,,,,,,
60082,1997-05-14,,7553105.0,,,,,
60085,2009-11-17,,,,,,,
60106,2004-06-23,,,,,,,
60116,1941-01-01,,,,,,,
60119,2000-12-22,3.0,,,,,,
60125,1997-03-08,,,,,,,
60140,1945-11-08,,,,,,,
60141,2001-10-29,,,,,,,
60142,2002-11-22,,,,,,,
60152,2010-10-07,,,,,,,
60153,2006-05-02,,,,,,,
6016,2003-04-03,,,,4.297101449275362,69,0.8239023026200222,2016-08-24
60160,2006-11-11,,,,,,,
60163,2010-09-04,,,,,,,
60164,2011-04-29,2000000.0,,,,,,
60170,2011-03-19,,,,,,,
60189,2011-03-03,,,,,,,
60191,1993-04-09,,,,,,,
60195,1957-01-01,,,,,,,
602,1996-06-25,7.5E7,8.16969268E8,7.41969268E8,,,,
6020,2002-03-22,,,,,,,
60202,1985-10-24,,,,,,,
6022,2007-06-09,,,,4.0,1,,2007-04-04
60221,2004-01-01,,,,,,,
60225,1944-01-21,,,,,,,
60230,2007-09-10,,,,,,,
60233,2011-03-01,,,,,,,
60234,1956-08-15,,,,,,,
60236,2004-12-09,,,,,,,
60254,2010-02-10,,,,,,,
60261,1982-12-09,,,,,,,
60269,1976-07-09,,,,,,,
60270,2012-04-26,,,,,,,
60278,2001-09-02,,,,,,,
60279,2009-02-05,,,,,,,
60281,2013-02-22,,587615.0,,,,,
60285,1966-10-01,,,,,,,
60287,1978-11-04,,,,,,,
6029,1983-01-01,,,,,,,
60290,2002-01-01,,,,,,,
60293,2006-08-21,,,,3.375,4,1.6520189667999174,2015-06-15
603,1999-03-30,6.3E7,4.63517383E8,4.00517383E8,3.0,1,,1998-06-16
60302,2011-05-10,1000000.0,,,,,,
60304,2013-01-17,,2.24803475E8,,,,,
60306,2010-11-17,,,,,,,
60307,2011-03-25,2.1E7,7.2417394E7,5.1417394E7,,,,
60308,2011-09-22,5.0E7,1.10206216E8,6.0206216E7,,,,
60309,2010-09-10,2.5E7,1.54788E7,-9521200.0,,,,
60366,2009-11-17,,,,,,,
60375,1986-01-01,,,,,,,
60387,1957-01-01,,,,,,,
60389,1972-04-07,,,,,,,
60400,1940-01-19,,,,,,,
60405,2011-04-19,,,,,,,
60409,1991-07-26,,,,,,,
60420,2011-10-28,250000.0,3542353.0,3292353.0,,,,
60421,2011-08-26,,,,,,,
60422,2011-11-18,4000000.0,355688.0,-3644312.0,,,,
60430,1974-03-13,,,,,,,
60434,2010-04-23,,,,,,,
60437,1964-09-27,,,,,,,
60438,1937-10-04,,,,,,,
60440,2008-06-12,,,,,,,
60447,2010-03-22,,,,,,,
60479,2010-10-07,,,,,,,
60488,1942-12-25,,,,,,,
60495,2001-06-12,,,,,,,
605,2003-11-05,,4.24988211E8,,3.3421052631578947,19,0.8506963092234006,2016-04-16
60504,1998-07-19,,,,,,,
60531,2007-09-12,,,,,,,
60534,2010-08-13,,,,,,,
60539,1952-01-13,,,,,,,
60540,2012-12-07,2000000.0,,,,,,
60541,1947-05-02,,,,,,,
60542,1948-02-20,,,,,,,
60547,1952-08-01,,,,,,,
60551,1954-01-01,,,,,,,
60555,1966-10-23,,,,,,,
60562,1938-02-11,,,,,,,
60567,1963-09-27,,,,,,,
60568,1983-10-06,,,,,,,
60573,1984-10-08,,,,,,,
60575,2010-09-04,,,,,,,
6058,1998-07-10,2.5E7,,,2.4444444444444446,9,1.044163673845139,2016-05-08
60591,1980-09-25,,,,,,,
60592,2011-03-18,950000.0,,,,,,
60595,1972-08-01,,,,,,,
60599,2012-09-14,1.2E7,3.5485056E7,2.3485056E7,,,,
606,1985-12-20,3.1E7,1.28499205E8,9.7499205E7,2.75,6,1.08397416943394,2016-08-17
60604,2010-06-21,,,,,,,
60608,2001-09-19,,,,,,,
60612,1983-12-21,,,,,,,
60616,2003-09-03,,,,,,,
60623,1984-09-05,,,,,,,
60631,1987-03-20,,,,,,,
60643,1955-01-26,,,,,,,
60650,2011-03-23,,,,,,,
60662,1998-01-19,,,,,,,
60664,2008-01-02,,,,,,,
60670,2000-09-26,2365000.0,,,,,,
60677,2010-03-05,,,,,,,
6068,1998-06-12,7.0E7,1.64E8,9.4E7,,,,
607,1997-07-02,9.0E7,5.89390539E8,4.99390539E8,,,,
60703,2000-11-01,,,,,,,
60708,2009-08-20,,,,,,,
6071,1995-04-21,4.0E7,,,,,,
6072,1997-07-29,2.0E7,5716080.0,-1.428392E7,,,,
6073,2001-03-01,5.7E7,1.47845033E8,9.0845033E7,4.0,1,,2006-05-21
60730,1980-02-26,,,,,,,
60747,2012-11-21,6.5E7,4.4806783E7,-2.0193217E7,,,,
6075,1993-11-10,3.0E7,3.6516012E7,6516012.0,,,,
60759,1961-01-01,,,,,,,
6076,2007-12-01,,8.1303447E7,,,,,
60760,1987-02-11,,,,3.5,2,0.0,2012-08-08
6077,2005-09-01,,767311.0,,4.5,1,,2011-02-13
60773,1963-03-01,,,,,,,
60775,2010-09-08,,,,,,,
60778,1990-01-12,,2346150.0,,,,,
6078,1977-09-18,,,,3.25,2,0.3535533905932738,2003-08-20
60784,2010-05-20,,,,,,,
60792,1962-03-20,,,,,,,
608,2002-07-03,,4.41818803E8,,4.256696428571429,224,0.887102289735268,2016-10-07
60800,1986-10-02,,,,,,,
60807,2009-05-08,,,,,,,
60810,1975-01-08,,,,,,,
60813,1981-01-01,,,,,,,
60824,1991-05-22,,,,,,,
60825,2002-10-17,,,,,,,
60828,2001-01-01,,,,,,,
60836,1980-01-24,,,,,,,
60850,2007-08-08,,1101480.0,,,,,
60853,1951-08-24,,,,,,,
60855,1994-09-07,,759393.0,,,,,
60859,1970-04-29,,,,,,,
60895,2011-04-24,,,,,,,
60898,1987-10-01,,,,,,,
60899,1958-03-31,,,,,,,
60908,1950-11-17,,,,,,,
60935,2011-10-12,3.5E7,2.812867E7,-6871330.0,,,,
60948,1970-10-09,,,,,,,
60964,2011-02-26,,,,,,,
60965,2008-12-09,1000000.0,,,,,,
60966,1955-09-22,,,,,,,
60971,1958-03-25,,,,,,,
60976,2003-04-27,,,,,,,
60977,2011-03-19,,,,,,,
60981,2010-09-30,,,,,,,
60985,1994-11-18,,3777141.0,,,,,
60993,2011-03-11,,,,,,,
60994,1999-09-04,2600000.0,614202.0,-1985798.0,,,,
61002,1954-06-20,,,,,,,
61005,2010-10-24,,,,,,,
61012,2012-10-10,,5.2302796E7,,,,,
61025,2010-03-16,,,,,,,
6103,1985-09-19,,,,2.0,1,,2003-01-28
61033,2010-01-22,,,,,,,
61041,1967-06-26,,,,,,,
61044,1970-12-18,,,,,,,
61048,1956-04-26,,,,,,,
61049,1953-08-03,,,,,,,
6105,1986-01-08,,,,3.0,1,,2004-04-17
61050,2005-05-11,,,,,,,
61052,2003-08-14,,,,,,,
61054,1991-09-06,,,,,,,
6107,1986-09-30,,,,5.0,1,,2014-01-15
61070,1954-07-30,,,,,,,
6110,2001-04-22,,,,,,,
61104,2009-11-28,,,,,,,
61105,1967-05-21,,,,,,,
61108,1988-07-06,,,,,,,
61109,1941-07-07,,,,,,,
61111,1967-09-27,,,,,,,
61112,2001-01-16,,,,,,,
61113,2002-12-03,,,,,,,
61117,1986-09-12,,,,,,,
61120,1992-01-01,,,,,,,
61123,2011-04-20,,,,3.0,3,1.0,2013-06-21
61125,2011-01-06,1400000.0,,,,,,
61138,1951-10-01,,,,,,,
61139,2006-12-12,,,,,,,
6114,1992-11-13,4.0E7,2.15862692E8,1.75862692E8,3.5,1,,2012-08-05
61168,1998-06-06,,,,,,,
61178,1987-08-07,,5669831.0,,,,,
61187,2003-01-01,,,,,,,
61194,1960-09-08,,,,,,,
61198,2011-05-13,,40836.0,,,,,
612,2005-12-22,7.0E7,1.30358911E8,6.0358911E7,2.6666666666666665,6,1.0327955589886446,2002-12-09
61202,2011-07-15,,,,,,,
61203,2011-04-28,,,,,,,
61208,1999-01-01,,,,,,,
61212,1974-03-27,,,,,,,
61217,2001-01-01,,,,,,,
61221,1963-09-11,,,,,,,
61222,2008-10-29,,,,,,,
61225,1992-04-17,,1.7530973E7,,,,,
61233,2009-10-25,,,,,,,
61237,1972-12-27,,,,,,,
61263,2010-10-06,,404.0,,,,,
61266,1978-07-31,,,,,,,
61280,1977-11-14,,,,,,,
61294,2011-01-31,2.0E7,,,,,,
61302,1964-05-24,,,,,,,
61303,1992-12-18,,,,,,,
61312,2010-08-30,,,,,,,
61330,2010-07-01,,,,,,,
61341,2011-04-09,,,,,,,
61361,2002-09-10,,,,3.0,1,,2009-04-22
61369,1932-10-12,,,,,,,
61370,1957-03-19,,,,,,,
61382,1997-03-19,,,,,,,
61385,2004-09-06,,,,,,,
61401,2002-09-13,,,,3.0,1,,2009-02-02
61404,2010-12-01,1.6E7,,,,,,
61410,2010-12-03,5000000.0,,,,,,
61420,2010-09-13,,,,,,,
61431,1948-05-19,,,,,,,
61434,1942-06-11,,,,,,,
61436,1946-02-15,,,,,,,
6145,2007-04-20,,9.1354215E7,,,,,
61461,1944-10-27,,,,,,,
61462,1972-09-02,,,,,,,
61473,2001-10-31,,,,,,,
61475,1964-03-01,,,,,,,
61485,2002-09-04,,,,,,,
61488,2011-04-05,,,,,,,
61492,2003-11-08,,,,,,,
61495,1996-12-24,,,,,,,
615,2004-02-25,3.0E7,6.1189942E8,5.8189942E8,3.5,2,0.7071067811865476,2001-03-14
61501,1950-10-01,,,,,,,
61502,1953-01-01,,,,,,,
61523,1939-01-27,,,,,,,
61524,1942-08-07,,,,,,,
61525,1943-04-04,,,,,,,
61527,2010-11-12,,,,,,,
61532,2008-12-21,,,,,,,
61533,2011-01-24,,,,,,,
61535,1990-12-12,,,,,,,
61537,2011-04-17,,,,,,,
61539,2009-08-12,,,,,,,
61540,1977-12-31,,,,,,,
61546,1930-01-03,,,,,,,
61550,1996-11-30,,,,,,,
61552,2001-09-06,,,,,,,
61563,1997-02-14,,,,,,,
61564,1958-06-25,,,,,,,
61574,1973-01-01,,,,,,,
61580,2012-09-10,1635794.0,,,,,,
61591,2010-02-18,,,,,,,
61594,1972-12-29,,,,,,,
616,2003-12-05,1.4E8,4.56758981E8,3.16758981E8,3.4642857142857144,42,0.9588665637657902,2016-08-03
61613,2011-04-11,500000.0,,,,,,
61629,2011-04-29,,,,,,,
6163,2009-01-14,2.0E7,,,5.0,1,,2016-08-03
61642,1978-07-21,,,,,,,
61644,1979-09-24,,,,,,,
61648,1947-07-21,,,,,,,
61650,1948-08-20,1500000.0,,,,,,
61651,1988-03-04,,,,,,,
61656,2002-01-01,,,,,,,
6166,1963-06-08,,,,4.0,1,,2003-08-20
61663,1999-01-06,,,,,,,
61667,2011-04-15,1.1E7,,,,,,
61669,1958-05-28,,,,,,,
61672,2011-04-06,,,,,,,
61682,2010-07-31,,,,,,,
61686,2005-05-20,,,,,,,
61689,1979-09-28,,,,,,,
61702,1960-06-10,,,,,,,
61711,1960-11-02,,,,,,,
61719,2011-02-04,,,,,,,
6172,2007-01-11,,,,,,,
61722,2010-09-23,,,,,,,
61724,2010-01-01,,,,,,,
61736,1996-12-12,,,,,,,
61738,1969-10-17,,,,,,,
61755,1982-08-22,,,,,,,
61765,1965-12-04,,,,,,,
61777,1987-10-01,,,,,,,
61783,2006-05-25,5000000.0,,,,,,
61791,2011-08-03,9.3E7,4.82860185E8,3.89860185E8,,,,
61799,1971-01-01,,,,,,,
618,1915-02-08,,1.1E7,,,,,
61813,1995-01-01,,,,,,,
61814,2004-09-15,,,,,,,
61829,1957-12-30,,,,,,,
6183,2005-03-30,,,,3.5,3,1.3228756555322954,2004-10-11
61854,2011-04-01,,,,,,,
61863,1997-05-20,,,,,,,
61865,1999-11-01,,,,,,,
6187,1997-09-24,,,,4.333333333333333,6,0.752772652709081,2016-05-09
61872,2009-12-06,,,,,,,
61888,2010-09-11,,,,,,,
61891,2011-10-21,,1.5395087E7,,,,,
61895,2008-12-26,,,,,,,
61896,2009-01-15,,,,,,,
61903,1956-10-01,,,,,,,
61908,1948-06-30,,,,,,,
61911,1964-01-22,,,,,,,
61933,2010-11-30,,,,,,,
61934,1955-02-09,,,,,,,
61935,2010-10-20,,3082901.0,,,,,
61936,1950-05-05,,,,,,,
61940,2011-01-01,8100000.0,,,,,,
61943,1967-05-03,,,,,,,
61954,1994-03-29,,,,,,,
61966,2008-02-14,,,,,,,
61979,2010-12-03,,,,,,,
61984,2010-12-01,1.2E7,1.1212294E7,-787706.0,,,,
61985,1935-08-19,,,,,,,
61988,1954-03-03,,,,,,,
61997,2009-09-14,,,,,,,
61999,1997-05-23,,,,,,,
62,1968-04-10,1.05E7,6.87E7,5.82E7,3.689655172413793,87,0.8965093136597909,2016-04-16
62001,1979-12-21,,,,,,,
62029,1982-12-23,,,,,,,
62033,1957-09-24,,,,,,,
62034,1955-03-03,,,,,,,
62036,1959-12-19,,,,,,,
62045,2006-01-20,,,,,,,
62046,2011-08-19,5000000.0,3142154.0,-1857846.0,,,,
62069,2010-11-25,,,,,,,
62077,2010-10-09,,,,,,,
62091,1949-04-07,,,,,,,
62103,2010-09-26,,,,,,,
62106,2009-08-14,,,,,,,
62108,1970-02-12,,,,,,,
62128,1989-01-01,5000.0,,,,,,
62130,2008-06-01,,,,,,,
62131,1986-03-05,,,,,,,
62132,1987-07-24,,,,,,,
62134,1998-04-29,,,,,,,
62156,2010-12-31,,,,,,,
62177,2012-06-21,,5.38983207E8,,,,,
62184,1997-10-17,,,,,,,
62186,1942-12-11,,,,,,,
62188,1950-06-29,,,,,,,
622,1999-08-24,,5.8401898E7,,,,,
62206,2011-08-11,2.8E7,4.054744E7,1.254744E7,,,,
62214,2012-10-04,3.9E7,3.5287788E7,-3712212.0,,,,
62241,2010-11-30,,,,,,,
62276,2003-08-02,700000.0,1600000.0,900000.0,,,,
62289,2003-01-01,,,,,,,
623,1988-07-15,7500000.0,6.2493712E7,5.4993712E7,,,,
62320,2009-06-03,,,,,,,
62325,2010-11-05,,,,,,,
62327,1987-09-01,,316000.0,,,,,
62330,1973-09-21,,,,,,,
62337,2003-01-25,,,,,,,
62342,2005-08-11,,,,,,,
62349,2009-11-06,,,,,,,
62352,1996-12-25,,,,,,,
62364,1995-11-10,,,,,,,
62382,1972-01-26,,,,,,,
62383,1992-04-24,,,,3.5,1,,2011-01-28
62385,1983-07-16,,,,,,,
62395,1954-02-24,,,,,,,
62396,1954-12-22,,,,,,,
624,1969-05-07,,,,,,,
62409,2010-02-05,5000000.0,,,,,,
62410,1999-01-05,,,,,,,
62414,1999-08-31,,,,,,,
62422,1997-10-08,,,,,,,
62425,2011-04-22,,,,,,,
62429,1985-12-14,,,,,,,
62437,1971-10-08,,,,3.8333333333333335,3,0.2886751345948129,2012-08-06
62439,2010-12-23,,,,,,,
62441,2011-01-02,,,,,,,
62447,2002-10-26,,,,,,,
62463,1993-09-09,,,,,,,
62472,1959-12-26,,,,,,,
62491,1987-12-19,,,,,,,
62492,2006-12-12,,,,,,,
62495,2004-01-01,,9392.0,,,,,
62503,2010-11-11,,,,,,,
62522,2011-05-20,,,,,,,
62529,2000-10-29,,,,,,,
62547,1952-03-21,,,,,,,
62557,2008-05-01,,,,,,,
62564,2011-08-19,3100000.0,,,,,,
62570,1967-03-08,,,,,,,
62592,2010-07-18,,,,,,,
62614,2011-01-01,2500000.0,,,,,,
62630,2011-02-11,1.91E7,5728213.0,-1.3371787E7,,,,
62635,2009-06-07,,302000.0,,,,,
62643,2003-02-20,,,,,,,
62648,1956-04-11,,,,,,,
62661,1950-07-07,,,,,,,
62664,2008-03-20,2500000.0,,,,,,
62670,2002-08-06,,,,,,,
62675,1970-12-09,,,,,,,
62676,1999-06-04,8000000.0,1997807.0,-6002193.0,,,,
62677,2001-03-01,,,,,,,
62678,2006-02-02,,,,,,,
62684,2010-09-19,,,,,,,
62688,2007-04-26,,,,,,,
62692,1982-01-01,,,,,,,
62694,1948-11-04,,,,,,,
627,1996-02-23,4000000.0,1.649108E7,1.249108E7,3.3333333333333335,9,0.7071067811865475,2016-04-16
62717,2008-10-17,,,,,,,
62719,1995-10-20,,,,,,,
62720,1947-07-18,,,,,,,
62721,2006-11-02,,,,,,,
62722,1952-02-28,,,,,,,
62725,1980-01-01,,,,,,,
62727,1949-09-28,,,,,,,
62728,2010-09-13,,,,,,,
62729,2000-06-06,,,,,,,
62730,2008-08-20,,,,,,,
62731,2007-03-01,,,,,,,
62732,2008-12-23,3000000.0,1.7850711E7,1.4850711E7,,,,
62737,2008-01-23,,,,,,,
62741,2000-06-06,,,,,,,
62749,1943-05-14,,,,,,,
62753,1954-02-05,,,,,,,
62756,2010-05-28,2200000.0,9700000.0,7500000.0,,,,
62757,2006-11-23,800000.0,1328612.0,528612.0,,,,
62759,1970-06-01,,,,,,,
62762,1970-11-26,,,,,,,
62764,2012-03-15,,1.83018522E8,,4.5,1,,2012-08-06
6277,2003-04-16,,,,,,,
62783,2008-04-17,,,,,,,
62787,2009-09-01,,,,,,,
62789,1976-02-12,,,,,,,
6279,1993-12-09,3.8E7,5.7319029E7,1.9319029E7,4.0,1,,2004-08-24
62796,2011-04-18,20.0,15.0,-5.0,,,,
62803,1983-01-01,,,,,,,
62825,1999-03-26,,,,,,,
6283,1997-12-19,3.8E7,1.22417389E8,8.4417389E7,3.6875,16,0.9639329160614168,2016-07-24
62835,2011-07-27,4.0E7,6.0965854E7,2.0965854E7,,,,
62837,2011-09-23,,9.5404397E7,,,,,
62838,2011-12-08,5.6E7,1.42044638E8,8.6044638E7,,,,
62852,1974-05-21,,,,,,,
62871,2010-05-20,1.8E7,,,,,,
62876,1961-11-17,,,,,,,
62880,1981-10-01,,,,,,,
62894,1981-10-16,,,,,,,
62896,1983-09-30,,,,,,,
62900,1988-08-26,,,,,,,
62904,2010-01-01,,,,,,,
62931,2007-01-04,,,,,,,
62934,2011-04-22,,,,,,,
62941,2012-10-22,,,,,,,
62956,2001-05-25,,46352.0,,3.9166666666666665,6,0.7359800721939873,2011-05-17
62976,2011-02-03,5000000.0,,,,,,
62977,2011-04-28,,,,,,,
62978,1971-10-27,,,,,,,
62989,2010-12-11,,,,,,,
62997,2007-10-25,,,,,,,
62999,2005-03-25,,,,3.1875,8,1.1319231422671772,2016-07-29
63,1995-12-29,,1.6884E8,,2.8333333333333335,6,1.3662601021279464,2012-10-30
630,1939-08-15,2777000.0,3.3754967E7,3.0977967E7,3.5,2,0.7071067811865476,2016-04-16
63004,1995-05-04,,,,,,,
63006,2011-04-22,,,,,,,
63011,2007-10-09,,,,,,,
63026,1975-03-07,,,,,,,
63039,1999-05-02,,,,,,,
63046,2006-05-05,,,,,,,
63054,1996-09-12,,,,,,,
63064,2010-10-24,,,,,,,
63065,2010-11-30,,,,,,,
63069,1938-01-27,,,,,,,
63075,2010-01-24,,,,,,,
63076,1995-12-27,,,,,,,
63077,2010-11-04,,,,,,,
63083,1964-05-20,,,,,,,
63096,1956-06-06,,,,,,,
63097,1994-01-28,,,,,,,
63105,1995-09-26,,,,,,,
63115,1992-09-15,,,,,,,
6312,2001-01-31,2.9E7,7.0752904E7,4.1752904E7,,,,
63142,2011-11-18,,,,,,,
63147,2011-01-05,,,,,,,
63172,1973-02-22,,,,,,,
63179,1950-11-30,,,,4.5,1,,2015-07-16
6318,2002-03-28,,,,2.5,2,0.7071067811865476,2003-08-27
63180,1936-05-08,,,,,,,
63187,1972-01-01,,,,,,,
63194,1959-01-02,,,,,,,
63195,2001-09-06,,,,,,,
63207,2011-09-12,1.3E7,,,,,,
63212,1962-08-16,,,,,,,
63215,1982-10-27,,,,,,,
63217,2009-10-06,,,,,,,
63229,1984-08-22,,,,,,,
63230,1972-05-02,,,,,,,
63258,1956-12-29,,,,,,,
63260,1965-12-08,,,,,,,
63266,2010-03-25,,,,,,,
63269,1986-01-01,,,,,,,
63274,1979-01-01,,,,,,,
63276,1998-01-01,,,,3.75,2,0.3535533905932738,2012-08-05
63281,2010-09-30,,1268793.0,,,,,
63287,2008-06-20,,,,,,,
63290,2005-11-25,,,,,,,
63291,1962-12-03,,,,,,,
63293,1967-06-06,,,,,,,
63297,2011-04-26,,,,,,,
63300,1981-06-06,,,,,,,
63303,1957-01-01,,,,,,,
63315,2008-02-08,,,,,,,
63317,1975-06-01,,,,,,,
63318,1977-03-09,,,,,,,
63319,2010-11-10,,,,,,,
63320,1969-09-20,,,,,,,
63326,2011-03-01,,,,,,,
63333,1954-06-04,250000.0,,,,,,
63339,2011-04-25,,,,,,,
63348,2010-05-03,,,,,,,
63350,2011-06-19,10.0,,,,,,
63358,2003-03-30,,,,,,,
63360,1984-12-07,,,,,,,
63365,2011-05-06,,,,,,,
63376,2011-04-21,,,,,,,
63378,2011-05-06,1500000.0,,,,,,
63383,2008-10-06,,,,,,,
63395,1949-11-23,,,,,,,
63398,1986-03-19,,,,,,,
6341,1983-02-05,2.2E7,4.2313354E7,2.0313354E7,3.5,2,0.7071067811865476,2015-08-15
63414,2010-04-23,,,,,,,
63418,1984-05-01,,,,,,,
63423,2007-12-02,,,,,,,
63427,1994-01-01,,,,,,,
63435,1978-03-02,,,,,,,
63437,1997-08-02,,,,,,,
63438,1976-07-01,,,,,,,
63441,1981-05-15,,,,,,,
63443,1981-03-13,,,,,,,
63447,2011-01-01,,,,,,,
6346,1996-10-11,5.0E7,2.2540359E7,-2.7459641E7,,,,
63460,1982-01-22,,,,,,,
63465,2010-08-10,,,,,,,
63483,2005-06-20,,,,,,,
63486,1959-12-25,,,,,,,
63492,2011-09-30,,3.0426096E7,,,,,
63493,2011-05-06,1.0E7,610986.0,-9389014.0,,,,
63498,2010-11-19,,,,,,,
63510,1986-05-02,,,,,,,
63537,1991-06-06,,,,,,,
63538,1992-06-06,,,,,,,
63540,2009-01-08,,,,0.5,2,0.0,2009-10-15
63564,1996-12-06,,,,,,,
63574,2012-01-13,,,,,,,
63578,2010-09-01,,951179.0,,,,,
63584,1977-06-06,,,,,,,
63612,2006-04-07,,,,,,,
63615,2009-04-30,,,,,,,
63616,2005-11-04,,,,,,,
63618,1955-09-02,,,,,,,
63624,1983-11-01,,,,,,,
63625,1980-11-12,,,,,,,
63665,1983-09-07,,114247.0,,,,,
63670,2006-08-25,,,,,,,
63681,1958-10-10,,,,,,,
63686,2011-05-16,,3100000.0,,,,,
63687,2011-04-01,,67821.0,,,,,
63691,1986-05-16,,,,,,,
637,1997-12-20,2.0E7,2.294E8,2.094E8,2.7586206896551726,29,0.9785255823282988,2011-01-28
63706,2010-09-11,,,,,,,
63709,1998-10-16,,,,,,,
63710,2011-06-23,,,,,,,
63727,2010-12-29,,,,,,,
63736,2011-05-07,,,,,,,
63749,2011-06-25,,,,,,,
63764,1947-09-22,,,,,,,
63766,1940-03-22,,,,,,,
63771,1943-11-09,,,,,,,
63787,1931-11-01,,,,,,,
638,1997-01-15,1.5E7,3675201.0,-1.1324799E7,4.0,1,,1996-12-08
6382,2002-10-17,,,,,,,
63831,2011-05-18,,,,,,,
63838,2006-10-12,5000000.0,3919731.0,-1080269.0,,,,
63840,2007-05-07,,,,,,,
63848,1976-08-12,,,,,,,
63849,2011-05-13,,,,,,,
63858,1953-06-25,,,,,,,
63859,1970-05-03,,,,3.409090909090909,11,0.7687061147858075,2016-05-11
63880,1962-09-25,,,,,,,
63887,1961-03-01,,,,,,,
63898,2007-09-06,5000000.0,1413000.0,-3587000.0,,,,
63899,1977-09-15,,,,,,,
63907,2008-09-30,,,,,,,
6391,2007-05-05,1800000.0,,,,,,
63923,2006-08-07,,,,,,,
63930,2005-09-15,,,,,,,
63943,2010-10-19,3837625.0,3867000.0,29375.0,,,,
63945,1997-04-14,,294064.0,,,,,
63954,2010-10-09,,,,,,,
63956,2000-01-21,,,,,,,
63957,2000-01-01,,,,,,,
63958,2001-06-06,,,,,,,
6396,1998-09-24,,299200.0,,,,,
63988,1996-11-05,,,,,,,
63989,2002-06-26,,,,,,,
63996,2011-03-10,3500000.0,1.8E7,1.45E7,,,,
64015,1987-07-16,,,,,,,
64029,2001-12-21,,,,,,,
6404,1979-04-11,,,,3.5,1,,2006-05-28
64042,1979-12-25,,,,,,,
64043,1947-01-01,,,,,,,
64044,1992-06-06,,,,,,,
64046,1993-06-06,,,,,,,
64047,2007-11-18,,,,,,,
64051,2012-07-10,,,,,,,
64071,1954-09-01,,,,,,,
64077,1945-12-14,,,,,,,
64078,1945-06-01,,,,,,,
64079,1969-08-29,,,,,,,
64084,1994-07-13,,,,,,,
64091,2011-06-09,,,,,,,
641,2000-10-27,4500000.0,7390108.0,2890108.0,,,,
64104,2009-06-05,,,,,,,
64108,2010-10-01,,,,,,,
64116,2002-10-18,,,,1.0,1,,2016-05-08
64129,1956-05-29,,,,,,,
6414,2004-04-29,,,,3.5,1,,2003-09-04
64143,1939-03-24,,,,,,,
6415,1999-09-27,,1.08E8,,1.5,1,,2006-05-27
64161,1995-05-01,,,,,,,
64166,1998-11-01,,,,,,,
64190,2004-07-28,,,,,,,
64191,2005-03-01,,,,,,,
64197,2007-06-25,,,,4.166666666666667,3,0.7637626158259734,2015-09-06
64199,2001-02-14,,,,,,,
642,1969-09-23,6000000.0,1.02308889E8,9.6308889E7,,,,
64202,1999-01-10,,,,,,,
64212,2007-02-02,,,,,,,
64246,2010-08-21,,,,,,,
64264,2007-08-23,2500000.0,4684165.0,2184165.0,,,,
64272,1980-09-14,,,,,,,
64278,2002-11-30,,,,5.0,1,,2015-07-16
64288,2011-05-06,,664747.0,,,,,
64291,1959-11-02,,,,,,,
643,1925-12-24,,45100.0,,,,,
64304,1978-02-19,,,,,,,
64307,1973-12-01,,,,,,,
64310,2000-07-12,,,,,,,
64320,2011-06-03,,,,,,,
64325,2011-07-12,2000000.0,,,,,,
64334,2002-09-04,,,,,,,
64335,2011-02-11,,,,,,,
64340,1997-03-19,,,,,,,
64348,1991-05-31,,,,,,,
64350,2005-05-08,,,,,,,
6436,1996-03-11,,,,3.5833333333333335,6,1.241638702145945,2009-02-01
64362,2001-04-18,,,,,,,
64372,2008-06-14,,,,,,,
64386,1988-05-13,,,,,,,
6439,2005-01-06,3.0E7,9.3772522E7,6.3772522E7,,,,
64397,2007-07-20,,,,,,,
64398,1925-11-03,,,,,,,
64403,2001-06-01,,,,,,,
64404,1968-01-01,,,,,,,
64414,1962-05-03,,,,,,,
64418,1939-09-07,,,,,,,
64428,1968-04-14,,,,,,,
6443,2004-09-16,,,,,,,
64433,2005-03-04,,,,,,,
64437,1987-04-29,,,,,,,
64441,1983-10-05,,,,,,,
64450,2009-09-23,,,,,,,
64456,1950-06-01,,,,,,,
64458,2010-12-10,,,,,,,
64465,1971-10-27,,,,,,,
64481,2001-09-26,,,,,,,
64483,2004-07-27,3300000.0,2011837.0,-1288163.0,,,,
64494,1985-03-01,500000.0,,,,,,
64499,2006-06-05,,,,4.5,2,0.7071067811865476,2015-07-02
64504,1983-08-31,,,,,,,
64508,1989-09-09,,,,1.0,1,,2009-10-15
64519,2008-10-24,,,,,,,
64522,2006-01-01,,,,,,,
64551,1937-04-09,,,,,,,
64559,1997-10-15,,,,,,,
64562,1995-09-15,,,,,,,
64566,2011-04-23,,,,,,,
64568,1961-06-05,,,,,,,
64572,1965-07-28,,,,,,,
64576,1970-05-02,,,,,,,
64577,1971-04-09,,,,,,,
64584,1996-10-23,,,,,,,
64586,2011-06-10,,,,,,,
646,1962-10-04,950000.0,5.96E7,5.865E7,,,,
64605,1960-03-12,,,,,,,
64624,1969-01-01,,,,,,,
64627,1977-11-05,,,,,,,
64628,1968-03-20,,,,,,,
6463,1991-10-18,,,,,,,
64632,2009-01-28,,,,,,,
64650,1969-11-20,,,,,,,
64655,2010-10-22,,,,,,,
6466,2003-08-15,,1.1490883E8,,3.25,4,0.6454972243679028,2005-12-05
64678,2011-06-17,,1406224.0,,,,,
64679,1999-05-23,,,,,,,
64682,2013-05-10,1.05E8,3.51040419E8,2.46040419E8,,,,
64683,1999-01-01,,,,,,,
64685,2011-12-24,4.0E7,5.5247881E7,1.5247881E7,,,,
64688,2012-03-12,,2.01585328E8,,,,,
64689,2012-09-20,1.5E7,3.7930465E7,2.2930465E7,,,,
6470,1990-05-25,,,,3.0,1,,2003-10-04
6471,1979-12-14,,7.3961419E7,,,,,
64714,1968-12-08,,,,,,,
6472,1994-03-11,2.0E7,,,,,,
64725,1972-05-25,,,,,,,
6473,2005-01-01,,,,3.75,2,0.3535533905932738,2003-08-29
64735,1957-11-22,,,,,,,
64736,2006-04-20,,,,,,,
64739,1980-08-12,,,,,,,
6474,1966-11-25,,,,2.0,1,,2002-01-24
6476,1976-08-13,,,,3.0,2,0.0,2004-07-27
6477,2007-12-13,,3.61366633E8,,3.3333333333333335,3,0.28867513459481287,2003-08-27
6478,2004-12-17,2.3E7,,,,,,
64782,1954-10-04,,,,,,,
64786,2010-12-16,,,,,,,
6479,2007-12-14,1.5E8,5.8534901E8,4.3534901E8,,,,
64792,2006-01-20,,,,,,,
648,1946-10-29,,,,3.5327380952380953,168,0.835478064144003,2016-10-07
64802,1997-05-16,2000000.0,2900000.0,900000.0,,,,
64820,2011-01-01,,,,,,,
64827,2005-01-01,,,,,,,
64832,2010-04-25,,,,,,,
64835,2011-05-20,,,,,,,
64850,2006-06-21,,,,,,,
64851,1953-07-23,,,,,,,
64852,1927-12-17,152000.0,,,,,,
64854,2011-01-28,,,,,,,
64861,2010-06-22,,,,,,,
64868,1961-07-17,,,,,,,
64869,1961-07-12,,,,,,,
64875,1966-10-01,,,,,,,
6488,1990-08-09,,5.320818E7,,,,,
64912,1974-06-29,,,,,,,
64923,1977-01-01,,,,,,,
64924,2010-12-17,,,,,,,
64928,1940-04-06,,,,,,,
64934,2002-06-26,,,,,,,
64935,2002-04-30,,,,,,,
64942,2005-11-18,,,,,,,
64943,1973-11-29,,,,,,,
64944,2007-05-30,2700000.0,,,,,,
64945,1985-11-08,,,,,,,
64961,1970-12-16,,,,,,,
64963,1967-01-01,,,,,,,
64973,2005-01-28,,,,,,,
64976,1977-05-13,1200000.0,,,,,,
64983,1976-12-08,,,,3.357142857142857,7,0.6900655593423541,2016-08-05
6499,1997-03-27,,1.7979739E7,,,,,
65,2002-11-08,4.1E7,2.15E8,1.74E8,2.025,20,1.251052188738491,2012-01-03
650,1991-07-12,,5.7504069E7,,3.1875,8,0.9977653603356423,2016-04-16
65002,1981-10-15,,,,,,,
65010,1977-03-01,,,,,,,
65012,1966-08-03,,,,,,,
65014,1955-08-19,,,,,,,
65015,1989-09-28,,,,,,,
65016,2010-09-03,,,,,,,
65020,2010-01-01,,,,,,,
65040,1995-03-12,,,,,,,
65041,2004-03-17,,,,,,,
65046,1996-10-10,,,,,,,
65049,1969-06-23,,,,,,,
65055,2011-09-02,2.8E7,1.0126458E7,-1.7873542E7,,,,
65056,2010-07-22,,,,,,,
65057,2011-09-09,2.0E7,1.77243185E8,1.57243185E8,,,,
65066,1979-12-07,,,,,,,
65075,2000-04-15,,,,,,,
65086,2012-02-01,1.7E7,1.27730736E8,1.10730736E8,,,,
65089,1978-11-11,,,,,,,
65096,2004-01-01,150000.0,,,,,,
65099,1980-06-06,,,,,,,
651,1970-01-24,3500000.0,8.16E7,7.81E7,1.0,1,,2002-06-24
65104,2005-06-17,,,,,,,
65110,1985-06-06,,,,,,,
65114,1955-11-16,,,,,,,
65118,1999-09-11,,,,,,,
65120,2004-01-29,,,,,,,
65123,1979-06-06,,,,,,,
65131,1971-09-18,,,,,,,
65134,1971-01-12,,,,,,,
65156,1979-02-09,,,,,,,
65158,1994-10-28,,3337685.0,,,,,
65170,2003-09-21,,,,,,,
65186,2011-05-06,,,,,,,
6519,2005-08-05,5.0E7,1.10803676E8,6.0803676E7,,,,
6520,1995-07-07,5.5E7,1.27600435E8,7.2600435E7,,,,
65207,1970-01-07,,,,,,,
65210,1942-04-22,,,,,,,
65212,1954-12-20,4500000.0,3200000.0,-1300000.0,,,,
65213,1948-10-09,,,,,,,
65216,2007-10-16,,,,5.0,1,,2010-05-01
6524,1991-07-26,,,,,,,
65256,2011-10-10,,,,,,,
65257,2001-10-25,,,,,,,
65262,1980-09-12,,,,,,,
65264,1981-01-05,,,,,,,
65270,2010-08-21,,,,,,,
65282,1950-12-27,,,,,,,
65283,1953-11-25,,,,,,,
65289,2011-05-05,,,,,,,
6529,1953-11-25,,,,,,,
65291,2011-04-09,3500000.0,,,,,,
65296,1999-05-17,,,,,,,
65300,1982-09-10,,,,,,,
65310,2003-01-05,,,,3.0,1,,2014-07-24
6535,2007-07-13,,4778376.0,,2.1666666666666665,6,1.834847859269718,2015-06-10
65367,2007-10-19,,,,,,,
6537,2007-08-27,,4.4E7,,3.0,38,0.7259662712736915,2016-07-24
65386,1971-07-26,,,,,,,
654,1954-06-22,910000.0,9600000.0,8690000.0,,,,
65403,1990-04-13,,,,,,,
65416,1997-01-24,,,,,,,
65421,1953-01-01,,,,,,,
65448,1979-12-01,,,,,,,
65452,1982-04-02,,,,,,,
6547,1992-03-12,,,,1.0,1,,2003-08-22
65480,1979-01-01,,,,,,,
65481,1980-09-26,,,,,,,
65482,1990-09-24,,,,,,,
65488,1957-12-20,,,,,,,
65497,1991-05-16,,,,,,,
655,1984-05-19,1746964.0,2181987.0,435023.0,,,,
65501,1987-11-25,,1083282.0,,,,,
65507,2003-09-20,,,,,,,
6552,1999-04-30,,4152230.0,,3.85,10,0.9732534213770956,2012-09-03
65521,2011-05-20,,,,,,,
65545,2008-02-14,,,,,,,
65550,1955-12-12,,,,,,,
65576,2009-04-01,300000.0,,,,,,
65579,2005-05-24,,,,,,,
65586,1950-01-06,,,,,,,
65591,1968-06-06,,,,,,,
65596,1979-07-10,,,,,,,
65599,2011-10-14,,,,,,,
65615,1987-12-23,,,,,,,
65626,2006-07-01,,123182.0,,,,,
65628,1961-08-05,,,,,,,
65662,1996-09-09,,,,,,,
65679,2006-06-06,,,,,,,
65684,2002-09-11,,,,,,,
65703,1952-12-16,,,,,,,
65707,1976-09-15,,,,,,,
65713,1968-06-06,,,,,,,
65718,1949-11-16,,,,,,,
65726,2008-02-09,,,,,,,
65749,1998-02-12,,,,,,,
65754,2011-12-14,9.0E7,2.3261743E8,1.4261743E8,,,,
65766,2010-11-12,,,,,,,
65777,1947-08-28,,,,,,,
65793,2006-02-11,,,,,,,
65795,2006-06-23,,,,,,,
65821,2005-12-18,,,,,,,
65830,2002-12-27,,,,,,,
65831,2011-03-24,,,,,,,
65873,2006-01-16,,,,,,,
65885,1989-05-31,,,,,,,
65887,1970-02-22,,,,,,,
6589,2007-08-03,,,,,,,
65891,1970-01-14,,,,,,,
65896,1997-10-05,,,,,,,
65898,1978-07-27,,,,,,,
65904,1966-08-26,,,,,,,
6593,1993-12-11,9500000.0,,,2.4285714285714284,14,1.328057326976612,2016-08-17
65967,2004-09-16,,,,,,,
65994,1954-04-05,2970000.0,,,,,,
65997,2010-04-17,,,,,,,
66,1997-02-14,5.0E7,5.006831E7,68310.0,2.0,5,1.224744871391589,2002-04-18
660,1965-12-16,5500000.0,1.41195658E8,1.35695658E8,,,,
66018,1994-07-02,,,,,,,
66022,1964-04-02,,,,,,,
66027,1969-09-01,1250000.0,,,,,,
66034,1996-11-08,,,,,,,
66035,1955-08-01,,,,,,,
66045,1987-06-28,,,,,,,
66060,2008-06-07,,,,,,,
66066,2005-10-12,,,,0.5,1,,2009-10-14
66085,2002-09-02,,314195.0,,,,,
66087,1966-05-30,,,,,,,
66091,1984-06-06,,,,,,,
66092,1977-07-14,3000000.0,,,,,,
661,1979-02-20,,,,3.6320754716981134,53,0.7975379385491663,2016-05-08
6610,1959-10-21,,,,,,,
66105,1988-07-23,,,,,,,
66109,2011-05-14,,,,,,,
66110,2007-03-12,7000.0,,,,,,
66111,2010-12-12,,,,,,,
66115,1999-10-14,,,,,,,
66118,2011-07-05,,,,,,,
66120,2011-07-12,1.1E7,807535.0,-1.0192465E7,,,,
66127,1982-05-01,,,,,,,
66129,2011-06-30,,,,,,,
66135,1987-10-28,,,,,,,
66144,1991-05-12,,,,,,,
6615,2007-10-12,1.2E7,1.1293663E7,-706337.0,2.1666666666666665,6,0.752772652709081,2016-08-17
66160,1978-01-19,,,,,,,
66177,1956-01-01,,,,,,,
66187,1974-04-10,,,,,,,
6619,1971-03-01,,,,,,,
66195,2010-07-01,,14870.0,,,,,
662,1962-02-16,,,,3.111111111111111,9,1.4529663145135578,2003-04-07
66209,1982-05-13,,,,,,,
66211,2011-07-22,,,,,,,
6623,1997-09-26,5.0E7,,,,,,
66340,2004-02-26,,,,,,,
66344,2002-01-15,,,,,,,
66346,2001-11-16,300000.0,,,,,,
6636,2007-04-01,,,,3.75,2,0.3535533905932738,2005-10-07
664,1996-05-10,,4.94471524E8,,3.5,2,0.7071067811865476,2000-11-20
6641,2006-09-09,,,,3.6666666666666665,3,1.0408329997330665,2011-06-04
6644,1966-12-17,4653000.0,6000000.0,1347000.0,0.5,1,,2011-02-13
66447,1993-02-03,,,,,,,
6646,1950-07-18,,,,3.3333333333333335,3,0.5773502691896257,2004-04-24
66473,1937-11-19,,,,,,,
66487,1983-01-01,,,,,,,
66488,1969-06-08,500000.0,,,,,,
665,1959-12-26,1.5E7,1.469E8,1.319E8,3.4,5,1.140175425099138,2007-03-03
66536,2009-09-11,,,,,,,
66538,1990-11-21,,,,,,,
66540,1954-12-24,,,,,,,
66568,1967-04-26,,,,,,,
66588,1997-09-17,,,,,,,
66592,1981-02-01,,,,,,,
66597,1980-11-21,,,,,,,
66599,1992-12-11,,,,,,,
66605,2011-03-23,,,,,,,
66608,2011-07-29,,,,,,,
66623,2002-04-11,,,,,,,
66634,1991-06-02,200000.0,300000.0,100000.0,,,,
66659,1987-01-01,,,,0.5,1,,2010-03-28
66664,1990-08-22,,,,,,,
66700,2005-03-25,,,,,,,
66701,1933-06-17,,,,,,,
66702,2004-09-10,,,,,,,
66720,2009-10-01,,,,,,,
66722,2004-01-16,,,,,,,
66730,1971-09-24,,,,,,,
66733,2007-08-15,,,,,,,
66770,1967-02-27,,,,,,,
66772,1975-07-18,,,,,,,
66775,1972-07-20,,,,,,,
668,1969-12-12,6500000.0,8.1974493E7,7.5474493E7,4.0,4,0.9128709291752769,2011-06-04
66812,1926-06-25,,,,,,,
66881,1982-11-01,14000.0,,,,,,
66892,1998-03-19,,,,,,,
66893,1955-04-06,,,,,,,
6691,2006-12-13,,2036198.0,,,,,
66918,1957-06-28,,,,,,,
66925,2011-02-22,,,,,,,
66942,2011-08-19,2902660.0,,,,,,
66945,2011-06-07,,,,,,,
66953,1966-10-21,,,,,,,
66963,1935-12-20,,,,,,,
66965,1959-12-28,,,,,,,
66966,1958-09-17,750000.0,,,,,,
66968,1956-07-25,,,,,,,
66969,1956-04-10,,,,,,,
66984,1944-09-15,,,,,,,
66997,1937-02-06,,,,,,,
67,2005-02-14,,3357075.0,,,,,
67022,1981-05-20,,,,,,,
67062,1967-05-08,,,,,,,
67067,1996-05-04,,,,,,,
67079,1982-05-24,,,,,,,
67087,1983-03-04,,,,3.888888888888889,9,1.0240171439537091,2016-06-27
67089,1997-05-10,,,,,,,
671,2001-11-16,1.25E8,9.7647555E8,8.5147555E8,4.03030303030303,33,0.738869427099965,2010-03-17
67109,2011-07-01,4090000.0,1.8035E7,1.3945E7,,,,
67130,1936-06-20,,,,,,,
67145,1951-11-23,,,,,,,
6715,1995-04-21,,,,,,,
67174,2005-12-25,,,,,,,
67177,1976-01-01,,,,,,,
67180,1979-06-06,,,,,,,
67183,1989-06-06,,,,,,,
67216,2004-10-24,,,,,,,
67219,1979-11-03,,,,,,,
67220,1969-04-30,4000000.0,1750000.0,-2250000.0,,,,
67221,1986-03-26,,,,,,,
6723,1990-12-06,1.0E7,2.1633874E7,1.1633874E7,3.5,1,,2003-12-18
67255,1984-06-24,,,,3.5714285714285716,14,1.1411388181101378,2015-11-05
67272,2001-09-21,,,,,,,
67273,2011-06-17,,386749.0,,,,,
67276,2007-05-16,,,,,,,
67298,1975-10-10,,,,,,,
673,2004-05-31,1.3E8,7.89804554E8,6.59804554E8,2.68,50,1.2403093754941852,2016-06-27
67307,1987-09-25,,1700000.0,,,,,
67320,1972-05-23,,,,,,,
67323,1998-09-11,,,,,,,
67328,2011-09-12,,,,,,,
67337,1968-05-09,,,,,,,
67339,1981-10-01,,,,,,,
67342,1985-11-07,,,,,,,
67355,1997-02-25,,,,,,,
67362,2008-03-28,,,,,,,
67365,1994-11-14,,,,,,,
67367,2009-10-10,,,,,,,
67375,1939-04-04,,,,,,,
67377,1961-10-26,,,,,,,
67378,1963-01-01,,,,,,,
67384,2001-10-24,,,,,,,
67385,2000-08-30,,,,,,,
67387,1988-05-06,,,,,,,
67390,1985-01-11,,,,,,,
674,2005-11-05,,8.95921036E8,,2.6904761904761907,21,1.1233453440081382,2008-08-05
67404,2010-10-29,,,,,,,
67409,1953-07-25,,,,,,,
67431,1955-10-18,,,,,,,
67441,1975-12-10,,,,,,,
67443,1936-09-01,,,,,,,
67445,2004-09-18,,,,,,,
67451,1926-04-30,,,,,,,
67455,1942-07-10,,,,,,,
67467,1979-11-11,,,,,,,
67509,2010-12-01,,,,,,,
67515,1990-01-01,,,,,,,
67521,1957-05-10,,,,,,,
67531,1928-01-07,,,,,,,
67545,1992-01-01,,,,,,,
67556,1962-11-12,,,,,,,
67560,2010-05-08,,,,,,,
67572,1935-02-23,,,,,,,
67592,1941-02-14,,,,,,,
676,2001-05-21,1.4E8,4.49220945E8,3.09220945E8,,,,
67612,1964-03-13,,,,,,,
67617,1995-10-20,,,,,,,
67619,2011-10-21,,,,,,,
67633,1988-09-10,,,,,,,
67636,2008-01-13,,,,,,,
67654,1933-01-01,,,,,,,
67659,1968-03-20,,,,,,,
67660,2012-04-16,1.2E7,9.6070507E7,8.4070507E7,,,,
67669,2001-01-01,,,,,,,
67696,1973-05-23,,,,,,,
67699,1952-10-10,,,,,,,
677,1938-04-20,,,,,,,
67713,1936-11-27,,,,,,,
67737,1980-04-17,,,,,,,
67740,1982-02-24,,,,,,,
67756,1951-01-25,,,,,,,
67758,2003-08-01,,,,,,,
67790,1933-04-08,,,,,,,
67793,2011-03-31,,,,,,,
67794,1983-01-01,,,,,,,
67809,2003-01-21,,,,,,,
67822,1977-07-21,,,,,,,
67840,1999-10-21,,,,,,,
67844,1975-01-11,,,,,,,
67846,2005-06-14,,,,,,,
67849,1998-08-20,,,,,,,
67852,2010-06-01,,,,,,,
67857,2003-08-24,,,,,,,
67866,1980-04-15,,,,,,,
67869,1970-06-06,,,,,,,
67885,2011-06-06,,,,,,,
67899,1999-04-09,,,,,,,
679,1986-07-18,,1.83316455E8,,4.0,1,,1998-02-02
67908,2011-08-19,,,,,,,
67927,1946-12-26,,,,,,,
6793,1921-04-07,,,,3.125,4,1.181453906563152,2016-08-03
67941,2007-09-08,,,,,,,
6795,2005-11-06,,6.4321501E7,,,,,
67958,2011-05-19,,400134.0,,,,,
67962,1999-01-22,,,,,,,
67977,1998-01-01,,,,,,,
680,1994-09-10,8000000.0,2.13928762E8,2.05928762E8,3.9166666666666665,6,1.0206207261596576,2015-07-17
68004,1991-11-29,,,,,,,
68029,2011-06-24,,,,,,,
68044,1999-03-25,,1369280.0,,,,,
68048,2009-07-14,,,,,,,
68050,1983-03-15,,,,,,,
68064,1940-04-09,,,,,,,
68098,2002-09-06,,,,,,,
681,1971-12-13,7200000.0,1.16019547E8,1.08819547E8,3.0,1,,1998-06-18
68115,1996-04-01,,,,,,,
68116,2006-06-06,,,,,,,
68123,1978-04-14,,,,,,,
68139,2000-09-10,,,,,,,
68146,1972-08-07,,,,,,,
68163,1993-09-06,,,,,,,
68170,2000-04-28,,,,,,,
68173,1969-09-03,,,,,,,
68174,2011-05-02,,,,,,,
68180,1998-01-01,,,,,,,
68190,2009-06-16,,,,,,,
68192,1978-06-06,,,,,,,
682,1974-12-01,7000000.0,9.7572E7,9.0572E7,,,,
68202,2011-06-29,4.0,,,,,,
68208,2009-07-07,,,,,,,
68213,2010-04-18,,,,,,,
68242,1954-03-23,,,,,,,
68256,2011-05-13,,,,,,,
68271,1941-11-11,,,,,,,
68274,1995-09-29,,,,,,,
68280,2011-06-01,,,,,,,
68337,1963-07-30,,,,,,,
68339,1955-01-01,,,,,,,
68340,1957-03-26,,,,,,,
68351,1993-05-28,1000000.0,2691899.0,1691899.0,,,,
68352,1988-08-31,,,,,,,
68412,2010-01-01,,,,,,,
68419,2011-03-18,1000000.0,,,,,,
68426,1999-01-01,,,,,,,
68430,1991-09-18,3.4E7,1.8634643E7,-1.5365357E7,,,,
68440,1943-08-27,,,,,,,
68443,1950-09-28,,,,,,,
68444,2007-02-08,,,,3.0,1,,2009-11-03
68482,1980-12-05,,,,,,,
68503,2009-01-20,,,,,,,
68529,2001-06-23,,,,,,,
68546,1999-01-01,,,,,,,
68551,1999-10-19,,,,,,,
68553,1979-06-06,,,,,,,
68556,2011-05-17,,,,,,,
68572,2000-10-22,,,,,,,
68591,2007-12-15,,,,,,,
68623,1999-08-05,,,,,,,
68634,2009-06-19,,,,,,,
68635,1978-03-17,,,,,,,
68637,2011-06-22,,,,,,,
68646,2002-02-28,,,,,,,
68692,1966-01-05,,,,,,,
687,1995-12-29,,3.9363635E7,,3.0,2,0.0,1996-10-20
68701,2009-03-01,,10068.0,,,,,
68713,2011-08-23,,,,,,,
68715,1965-07-25,,,,,,,
68718,2012-12-25,1.0E8,4.25368238E8,3.25368238E8,,,,
68720,1963-05-29,,,,,,,
68722,2012-09-07,3.2E7,2.825806E7,-3741940.0,,,,
68724,2013-08-07,1.15E8,2.861407E8,1.711407E8,,,,
68726,2013-07-11,,4.07602906E8,,,,,
68727,2013-03-27,2.0E7,2.4261569E7,4261569.0,,,,
68728,2013-03-07,2.0E8,4.91868548E8,2.91868548E8,,,,
68730,2016-12-22,4.6E7,2.3737523E7,-2.2262477E7,,,,
68734,2012-10-11,4.45E7,2.32324128E8,1.87824128E8,,,,
68735,2016-05-25,1.6E8,4.33677183E8,2.73677183E8,,,,
68737,2014-12-12,9.5E7,1.14178613E8,1.9178613E7,,,,
68744,1998-01-18,,,,,,,
68745,1998-01-01,,,,,,,
68750,2006-01-01,,,,,,,
68752,1988-01-01,,,,,,,
68754,1951-03-28,,,,,,,
68756,1970-11-05,,,,,,,
68757,1984-02-22,,,,,,,
68761,1998-01-01,,,,,,,
68773,1991-11-27,,,,,,,
6878,1993-02-03,,,,,,,
68797,1982-04-12,,,,,,,
688,1995-05-28,2.4E7,1.82016617E8,1.58016617E8,2.45,10,0.83166499665831,2004-06-24
68802,1987-02-06,,,,,,,
68806,1993-01-01,,,,,,,
68812,2012-09-01,2.0E7,1969193.0,-1.8030807E7,,,,
68817,2011-10-06,2.4E7,6.3543328E7,3.9543328E7,,,,
68821,1959-11-12,,,,,,,
68827,1970-04-17,,,,,,,
6884,2003-12-03,,,,4.0,1,,2007-08-23
68850,1957-08-28,,,,,,,
68864,1975-04-16,,,,,,,
68883,1987-01-07,,,,,,,
68894,2000-09-08,,,,,,,
689,1975-01-01,,,,,,,
68924,1997-09-27,1.8E7,8038061.0,-9961939.0,,,,
68954,2000-01-13,,,,3.942622950819672,61,0.7017737091098628,2016-10-16
68972,1972-09-29,,,,,,,
68976,1951-11-16,,,,,,,
68979,1966-10-12,2000000.0,,,,,,
68981,1993-09-15,,,,,,,
68987,2010-03-19,,,,,,,
690,1959-12-16,,,,4.0,1,,1998-06-18
69017,1943-11-19,,,,,,,
69019,1987-01-01,,,,,,,
69022,2005-05-02,,2800.0,,,,,
69035,1992-10-29,,,,,,,
69054,2004-03-23,11.0,,,,,,
69058,1970-06-07,,,,,,,
69059,2003-10-14,,,,,,,
69060,1940-09-11,,,,,,,
69061,1986-04-09,,,,,,,
69065,1968-09-11,,,,,,,
69072,1991-01-01,,,,,,,
69075,2005-04-09,1000000.0,,,,,,
69103,1938-04-15,,,,,,,
69119,1942-04-24,,,,,,,
69120,2007-10-05,,,,,,,
69150,1971-09-29,,,,,,,
69161,1986-09-05,,,,,,,
69162,2009-11-01,,,,,,,
69168,2009-08-13,,,,,,,
69169,1981-10-09,,,,,,,
69217,2003-01-01,,,,,,,
69266,1983-03-20,,,,,,,
69278,2011-07-13,600000.0,,,2.75,2,1.0606601717798212,2013-01-08
69292,1962-07-03,,,,,,,
69299,2003-07-16,,,,,,,
693,2004-12-22,8.0E7,5.16642939E8,4.36642939E8,,,,
69310,2011-01-01,,,,,,,
69313,2004-10-01,,,,,,,
69315,2007-12-18,,,,,,,
69321,1971-04-28,,,,,,,
69324,2001-05-14,,,,,,,
69326,2010-09-04,,,,,,,
69328,1987-01-01,,,,,,,
6933,2008-01-04,2.0E7,,,,,,
69335,2007-09-26,,,,,,,
6934,2004-09-03,,,,3.037037037037037,54,0.9993009436405362,2016-06-26
69346,2005-03-25,,,,,,,
6935,2001-04-04,,,,3.8333333333333335,3,0.28867513459481287,2009-10-26
69352,2011-01-01,,,,,,,
69353,2010-11-06,,,,,,,
6936,2007-08-26,1500000.0,,,3.1666666666666665,27,1.168496733151024,2016-08-17
69393,2006-03-01,,,,,,,
69399,2001-06-08,500000.0,500000.0,0.0,,,,
694,1980-05-22,1.9E7,4.4017374E7,2.5017374E7,2.85,10,1.1067971810589328,2016-08-09
69401,2001-01-14,500000.0,500000.0,0.0,,,,
69404,2000-02-02,,500000.0,,,,,
69406,2010-09-16,,,,3.0,6,1.378404875209022,2016-05-11
69407,2006-10-20,500000.0,500000.0,0.0,,,,
69422,1995-09-25,500000.0,500000.0,0.0,,,,
69423,1996-07-12,500000.0,500000.0,0.0,,,,
69426,2000-05-05,500000.0,500000.0,0.0,,,,
69427,1999-08-25,500000.0,500000.0,0.0,,,,
69428,1999-05-01,500000.0,500000.0,0.0,,,,
6947,2004-07-30,,2.5669752E8,,3.4558823529411766,34,0.9404032585917883,2016-08-03
69492,2002-11-15,3700000.0,,,,,,
69495,2008-04-08,,,,3.0,1,,2015-09-13
69499,2009-02-06,,7500000.0,,,,,
6950,1995-03-10,5.0E7,1.8985956E8,1.3985956E8,2.5,1,,2006-07-02
6951,1989-07-28,,7.1079915E7,,2.3333333333333335,3,1.7559422921421233,2010-04-20
69517,1977-12-07,,,,,,,
69520,2006-05-26,4000000.0,,,,,,
69526,1969-03-09,,,,2.625,12,1.3164173143249618,2016-07-24
69557,1964-06-01,,,,,,,
69560,1997-02-24,,,,,,,
6957,2005-08-11,2.6E7,1.09449237E8,8.3449237E7,3.5,19,0.6871842709362768,2016-08-02
69576,1972-05-12,1000000.0,,,,,,
69578,1974-08-10,,,,,,,
69592,1951-08-18,,,,,,,
69598,2007-02-23,,,,,,,
69599,1984-07-11,,,,,,,
696,1979-04-25,,3.994678E7,,2.0,2,1.4142135623730951,2000-03-15
69605,1956-12-01,,,,,,,
6961,2005-02-04,1.5E7,4.7175038E7,3.2175038E7,3.25,2,1.0606601717798212,2009-04-20
69610,1976-01-01,,,,,,,
69619,2011-05-12,,,,,,,
69621,2002-07-02,,,,,,,
6963,2005-10-20,2.0E7,1.2482775E7,-7517225.0,4.0,1,,2005-03-29
69635,2006-09-08,,,,,,,
69636,2005-10-14,,,,,,,
69638,2003-10-24,,,,,,,
6967,2005-09-14,7000000.0,,,,,,
6968,2008-09-24,2.7E7,,,,,,
69696,2005-01-01,1000000.0,,,,,,
6973,2007-08-31,2.3E7,2.954179E7,6541790.0,,,,
69735,2011-09-27,,,,,,,
6974,1959-11-23,,,,4.1,5,0.5477225575051661,2007-04-08
69765,1974-09-27,,,,,,,
6977,2007-11-08,2.5E7,1.716E8,1.466E8,3.25,2,0.3535533905932738,2010-07-24
69775,2011-07-08,,,,,,,
69778,2011-09-02,,,,,,,
6978,1986-05-30,2.5E7,1.1E7,-1.4E7,3.3,5,1.151086443322134,2016-08-05
69780,1965-01-01,,,,,,,
69784,1951-10-18,,,,2.375,4,0.9464847243000457,2016-08-17
69785,2011-06-01,,,,,,,
69787,1993-05-12,,,,,,,
69792,2011-02-24,,,,,,,
69794,2010-09-14,,,,,,,
698,1979-06-26,,2.10308099E8,,3.0,1,,1996-03-31
6980,1999-11-20,,,,,,,
69846,1976-02-11,,,,,,,
69847,1944-01-01,,,,,,,
69870,1982-10-22,,,,,,,
69878,2011-03-11,,,,,,,
69898,1989-01-01,,,,,,,
699,1981-06-23,2.8E7,1.95312802E8,1.67312802E8,,,,
69915,2008-01-01,,,,,,,
69974,2000-12-20,,,,0.5,1,,2011-02-13
69976,2010-05-06,,1477030.0,,,,,
69977,1958-10-24,,,,,,,
69990,1991-01-20,,,,,,,
69999,2004-02-17,,,,,,,
70008,2011-08-09,8400000.0,,,,,,
70009,2011-06-30,,,,,,,
70011,1982-09-10,,,,,,,
70026,1992-02-21,3.0,232.0,229.0,,,,
70027,2008-03-11,,,,,,,
70042,1994-01-29,,,,,,,
70046,1992-03-02,,,,,,,
70054,2000-10-18,,,,,,,
70061,1973-02-02,,,,,,,
70069,2007-01-06,,,,,,,
7007,1993-07-30,,1.0719879E8,,3.3333333333333335,6,0.752772652709081,2016-08-17
70074,2013-01-31,5.5E7,9489829.0,-4.5510171E7,,,,
7008,1975-02-01,,,,2.9,5,1.1937336386313322,2015-06-11
70086,1977-01-01,,,,,,,
701,1923-11-19,,,,,,,
7010,1978-07-05,,,,3.75,2,0.3535533905932738,2016-06-15
7011,1985-11-21,,,,3.5,1,,2011-08-21
70113,1949-10-26,,,,,,,
70121,2000-01-01,,,,0.5,1,,2009-11-17
70149,2010-10-01,,,,,,,
70177,2008-01-01,,,,,,,
70192,1955-10-01,,,,,,,
70196,2011-04-29,,,,,,,
70247,1990-08-16,,,,,,,
70259,1975-05-20,,,,,,,
70278,2007-01-01,,,,,,,
70313,1955-01-07,,,,,,,
70322,1971-07-17,,,,,,,
70324,1959-01-28,,,,,,,
70327,1970-03-21,,,,,,,
70338,2011-07-09,,,,,,,
70342,2011-07-08,,,,,,,
70349,1978-03-01,,,,,,,
70351,1990-10-19,,,,,,,
70374,1995-01-01,,,,,,,
70387,1970-11-14,,,,,,,
704,1964-07-06,,1.2299668E7,,3.0,6,1.4142135623730951,2016-08-09
70404,2002-08-11,,,,,,,
70410,1984-06-16,,,,,,,
70417,1997-11-30,,,,,,,
70422,1970-10-13,,,,,,,
70435,2011-11-06,2.3E7,3.3372606E7,1.0372606E7,,,,
70443,2002-01-09,,,,,,,
70447,1948-09-28,258.0,,,,,,
70448,2010-05-01,,,,,,,
70449,1963-09-01,,,,,,,
70457,2007-09-01,,,,,,,
70461,1992-06-12,,,,,,,
705,1950-11-09,1400000.0,63463.0,-1336537.0,2.8333333333333335,3,1.0408329997330663,2009-02-01
70527,2002-01-01,200000.0,286000.0,86000.0,,,,
70530,2011-04-21,,,,,,,
70546,2008-08-29,2.0,,,,,,
70553,1992-03-22,,,,,,,
70555,1959-01-22,,,,,,,
70569,2008-10-05,,,,,,,
70570,2010-08-15,,,,,,,
70575,2011-08-30,,,,,,,
70578,2011-10-13,3.6E7,9612469.0,-2.6387531E7,,,,
70581,1997-09-04,,,,,,,
70587,2011-09-20,,,,,,,
70588,2010-05-17,,,,,,,
70590,2011-07-22,3062000.0,2.5034E7,2.1972E7,,,,
706,1974-06-20,,,,,,,
70627,1975-03-13,,,,,,,
70635,1967-07-31,,,,,,,
70648,2005-06-06,,,,,,,
70656,2008-02-26,110000.0,,,,,,
70667,2012-08-24,1.66E7,,,,,,
70668,2006-08-22,,,,,,,
70669,2011-01-14,,,,,,,
70670,2011-08-04,,1.5699707E7,,,,,
70687,1997-06-06,250000.0,,,,,,
70690,1984-02-16,,,,,,,
707,1985-05-24,3.0E7,1.5242796E8,1.2242796E8,3.111111111111111,27,0.9022763235852773,2012-06-23
70702,1947-09-26,,,,,,,
70703,2011-07-22,,,,,,,
70706,2013-01-22,,,,,,,
70709,1992-03-27,,,,,,,
70712,2010-10-29,,,,,,,
70734,1923-09-05,,,,,,,
70736,2011-09-23,,,,,,,
70740,2010-07-13,,,,,,,
70748,2002-09-06,,,,,,,
70753,1918-01-21,,,,,,,
70757,2011-07-07,,,,,,,
70794,2000-02-21,,,,,,,
708,1987-06-29,4.0E7,1.91185897E8,1.51185897E8,3.401639344262295,61,0.9478909577369976,2016-04-16
70800,1918-01-01,,,,,,,
70801,1919-05-11,,,,,,,
70804,1919-04-25,,,,,,,
70806,1919-10-21,42.0,,,,,,
70807,2011-06-16,,,,,,,
70808,2011-06-15,,,,,,,
70811,1994-11-19,,,,,,,
70816,2001-08-17,,,,,,,
70821,2011-07-16,,,,,,,
70829,2010-12-29,1.34E7,1.67E7,3300000.0,,,,
70845,2011-07-25,,,,,,,
70846,1998-09-01,,,,2.0,2,2.1213203435596424,2011-02-13
7085,1965-10-14,,,,3.5,1,,2004-08-03
70859,1993-05-16,,,,,,,
70863,2011-07-22,,,,,,,
70864,1958-09-04,,,,,,,
70868,2011-09-16,,3.0551495E7,,,,,
70875,2011-07-29,56000.0,,,,,,
70876,2011-09-02,,,,,,,
70878,2011-10-07,,,,,,,
7088,2005-12-14,,,,4.25,2,0.3535533905932738,2006-05-27
709,1989-07-07,3.2E7,1.56167015E8,1.24167015E8,2.875,12,1.0028368851322822,2016-05-08
7090,2002-08-31,1300000.0,447741.0,-852259.0,3.8636363636363638,33,0.793259959683056,2015-09-22
70903,1985-09-05,,,,,,,
7091,1988-09-17,2000000.0,725131.0,-1274869.0,4.111111111111111,9,0.6009252125773316,2015-07-17
70912,1993-09-25,,667.0,,,,,
70916,1994-08-13,,,,,,,
7092,2004-05-11,,,,,,,
70925,2010-10-08,,,,,,,
7095,1996-08-09,4.5E7,5.8620973E7,1.3620973E7,2.5,1,,2004-02-18
70954,2011-10-06,,176669.0,,,,,
7096,1998-04-26,,,,4.0,2,1.4142135623730951,2011-01-28
70965,2007-11-29,,,,,,,
70967,1970-07-25,,,,,,,
70984,1991-11-06,,,,3.5,1,,2011-10-02
70993,2010-09-21,,,,,,,
71002,1969-07-27,,,,,,,
71016,1983-01-01,5.0,,,,,,
71034,1991-01-01,,,,,,,
71041,1959-01-22,,,,,,,
71055,1983-10-22,,,,,,,
71066,1922-08-18,,,,,,,
71067,1922-11-12,,,,,,,
71072,1989-03-31,,,,,,,
71097,1974-05-10,,,,,,,
71103,1956-06-06,,,,,,,
71110,2003-11-07,,,,,,,
71114,2003-08-14,,,,,,,
71120,1992-02-07,,,,,,,
71138,1972-08-01,,,,,,,
71140,1993-03-26,,,,,,,
71145,1996-01-01,,,,,,,
71147,2001-08-13,,,,,,,
71157,2011-10-06,,2.0374201E7,,,,,
71171,1956-05-18,,,,,,,
71181,1986-08-29,,,,,,,
71184,2010-04-25,,,,,,,
71186,1999-04-19,,,,,,,
71189,1968-04-10,,,,,,,
71191,2011-09-06,,,,,,,
71209,1989-04-24,,,,,,,
71254,2011-10-11,,,,2.875,4,0.6291528696058958,2016-05-07
71261,2003-10-14,,,,,,,
71266,1912-11-13,,,,,,,
71282,1935-08-16,,,,3.1666666666666665,3,0.7637626158259734,2016-06-13
713,1993-05-19,,1.167E8,,,,,
71308,1990-06-08,,,,,,,
71317,1964-06-24,,,,,,,
71325,2011-07-29,,,,,,,
71326,2011-06-20,,,,,,,
71370,2007-10-27,200000.0,,,,,,
71373,1989-12-05,7000000.0,,,,,,
71376,1995-11-06,,,,,,,
71381,2006-12-28,,,,,,,
71382,2005-06-06,,,,,,,
71392,2011-01-01,,,,,,,
71393,1988-12-03,,,,,,,
71395,1968-10-23,,,,,,,
71402,1969-10-26,,,,,,,
71436,1921-12-31,,,,,,,
71444,1986-08-13,,,,,,,
71445,1984-09-06,,,,,,,
71449,1996-03-12,,,,,,,
71456,1997-08-22,,,,,,,
71469,2011-12-22,3.0E7,6.4626786E7,3.4626786E7,,,,
71481,2011-05-20,,,,,,,
71496,2004-03-10,,,,,,,
71503,1980-10-03,,,,,,,
71507,2004-05-03,,,,,,,
71539,2004-09-28,,,,,,,
71552,2012-04-04,5.0E7,2.34989584E8,1.84989584E8,,,,
71559,2010-04-08,,,,,,,
71575,2009-04-25,,,,,,,
71587,2009-11-19,,,,,,,
71591,2008-01-17,,,,,,,
71617,2007-01-02,,,,,,,
71622,2010-10-15,,,,,,,
71623,1990-11-14,,,,,,,
71626,2011-06-12,1150000.0,,,,,,
71630,1983-01-12,,,,,,,
71642,1989-09-10,,,,,,,
71662,2000-06-06,,,,,,,
71670,2011-12-27,6000000.0,,,,,,
71676,2011-12-10,,1.49217355E8,,,,,
71687,1994-06-17,,,,,,,
71689,2011-08-05,,,,,,,
71697,1987-06-25,,,,,,,
71704,2002-01-22,,,,,,,
71714,2003-01-17,2750000.0,,,,,,
71719,1957-10-22,,,,,,,
71720,1958-01-01,,,,,,,
71722,1964-02-01,,,,,,,
71723,1960-01-27,,,,,,,
71725,1965-03-06,,,,,,,
71750,1987-06-12,,,,,,,
71762,1971-11-06,,,,,,,
71763,2003-05-14,,,,,,,
71767,1962-12-10,,,,,,,
71768,1957-04-01,,,,,,,
71772,1936-11-18,,,,,,,
71776,1973-08-25,,,,,,,
71786,2001-01-01,,,,,,,
71805,1990-10-03,,,,,,,
71809,1990-04-01,,,,,,,
71821,1981-01-01,,,,,,,
71822,1956-05-18,,,,,,,
71825,1992-07-24,,1102469.0,,,,,
71827,1966-04-12,,,,,,,
7183,2007-04-12,6.0795E7,7.3090611E7,1.2295611E7,,,,
71839,1953-07-08,,,,,,,
71841,1986-05-09,,2390525.0,,,,,
71848,2004-01-31,,,,,,,
71864,2012-08-15,,5.1854875E7,,,,,
71866,2009-09-14,,,,,,,
71884,2000-03-12,,,,,,,
71886,2002-04-05,,,,,,,
71887,2000-12-01,,,,,,,
71905,2011-08-08,,,,,,,
7191,2008-01-15,2.5E7,1.70764026E8,1.45764026E8,,,,
71921,1968-01-22,,,,,,,
71924,1972-07-13,,,,,,,
71933,1985-06-28,,,,,,,
71940,1993-08-20,,,,,,,
71943,1970-09-09,,,,,,,
71984,1941-09-06,,,,,,,
71995,1960-10-21,,,,,,,
72003,2011-07-11,,,,,,,
72024,2010-02-09,,,,,,,
72026,1965-08-29,,,,,,,
72031,1994-09-16,,,,,,,
72032,1971-09-03,245000.0,,,,,,
72049,2011-02-06,,,,,,,
72054,2011-02-10,,,,,,,
72066,2011-02-17,,,,,,,
72083,1955-05-08,,,,,,,
72086,1971-01-01,,,,,,,
72087,2000-05-03,,,,,,,
72091,1965-08-01,,,,,,,
72093,1979-02-01,,,,,,,
72095,1979-01-01,,,,,,,
72096,1989-11-03,,,,,,,
7210,2008-04-02,,,,3.8333333333333335,3,0.28867513459481287,2011-01-28
72100,1969-04-30,,,,,,,
72103,1943-11-23,,,,,,,
72105,2012-06-29,,5.49368315E8,,,,,
7211,2007-10-26,2.5E7,6.8377859E7,4.3377859E7,4.5,1,,2005-03-05
72111,1978-02-18,,,,,,,
7214,2005-01-14,3.0E7,7.6669806E7,4.6669806E7,,,,
72140,2007-11-24,,,,,,,
72152,2011-08-12,,,,,,,
7216,1980-03-27,,,,3.1666666666666665,3,0.5773502691896258,2012-06-23
72160,1959-11-11,,,,,,,
72163,1945-07-19,,,,,,,
72172,2008-10-06,,,,,,,
72178,1986-01-06,,,,,,,
72183,1995-09-15,,,,,,,
72186,2010-03-13,,,,,,,
72188,1997-01-01,,,,,,,
72190,2013-06-20,2.0E8,5.31865E8,3.31865E8,,,,
72197,2012-03-12,6.0E7,1.18338361E8,5.8338361E7,,,,
72199,1977-01-01,,,,,,,
72203,1970-01-01,,,,,,,
72204,1979-01-01,,,,,,,
72205,1973-01-01,,,,,,,
72210,1951-01-01,,,,,,,
72211,1959-12-31,,,,,,,
72215,1982-01-01,,,,,,,
72241,1947-09-24,,,,,,,
72245,2011-07-15,,,,,,,
72246,2011-01-01,,,,,,,
72268,2002-03-26,,,,,,,
72270,2000-10-28,,,,,,,
72272,2004-11-17,,,,,,,
72277,1977-01-01,810000.0,1258000.0,448000.0,,,,
72278,2004-11-03,,,,,,,
7229,2003-10-22,2.744E7,,,,,,
72308,2002-02-28,,,,4.0,1,,2011-12-30
72309,1969-04-03,,,,,,,
72313,1954-05-01,,,,,,,
72317,2001-11-29,,,,,,,
72334,2012-04-20,,,,,,,
72338,1932-12-30,,,,,,,
7234,1985-10-01,,,,3.9,5,0.22360679774997894,2014-11-16
72340,1982-04-30,,,,,,,
72358,2012-03-07,4.0E7,2.2044277E7,-1.7955723E7,,,,
72387,2012-04-16,3.0E7,4.0346186E7,1.0346186E7,,,,
72391,2011-06-01,,,,,,,
72412,1978-12-22,,,,,,,
72413,2004-01-22,,,,,,,
72419,2008-12-11,,,,,,,
72421,2009-04-10,,,,,,,
72432,2011-09-23,,68945.0,,,,,
72440,2011-01-14,,,,,,,
72445,1982-10-13,,,,,,,
72447,1971-07-07,,,,,,,
72449,1972-03-29,,,,,,,
72460,1973-09-23,,,,,,,
72465,2008-02-04,,,,,,,
72471,1953-10-27,,,,,,,
72473,1941-09-12,,,,,,,
72474,1951-07-14,,,,,,,
72477,2011-10-14,,957240.0,,,,,
72479,1951-04-12,,,,3.5,1,,2011-08-29
72480,2000-09-04,,,,,,,
72490,1999-11-10,,,,,,,
72505,2011-02-11,,,,,,,
72525,2013-06-07,6000000.0,,,,,,
72545,2012-01-19,,3.5569276E8,,,,,
72559,2013-03-26,1.3E8,3.71876278E8,2.41876278E8,,,,
72570,2012-02-05,3.0E7,1.9611457E8,1.6611457E8,,,,
72571,2011-10-19,5000000.0,2.05703818E8,2.00703818E8,,,,
72574,1982-05-07,,,,,,,
72585,1968-09-24,,,,,,,
72592,2006-07-22,,,,,,,
72609,1935-09-06,,,,,,,
72611,1975-12-26,,,,,,,
72613,1952-08-22,,,,,,,
72614,1976-06-06,,,,,,,
72615,1971-08-23,,,,,,,
72638,1940-01-27,,,,,,,
72639,1974-09-04,,,,,,,
72648,1974-05-31,,,,,,,
72650,2011-05-05,,,,,,,
72654,2007-01-19,,,,,,,
72655,1987-03-18,,,,,,,
72661,2000-01-01,,,,,,,
72663,2008-07-03,2000000.0,273137.0,-1726863.0,,,,
72664,1984-03-28,,,,,,,
72693,1961-05-01,,,,,,,
7270,2003-09-01,6.2E7,6.5565672E7,3565672.0,,,,
72701,2008-07-18,,,,2.75,2,0.3535533905932738,2016-05-08
72733,2009-10-15,,,,3.75,2,1.0606601717798212,2015-11-12
7274,2007-07-11,,,,,,,
72744,2011-09-20,,,,,,,
72750,2007-11-13,,,,,,,
72753,2000-03-18,,,,,,,
72754,2005-06-25,,,,,,,
72767,2012-01-01,1000000.0,,,,,,
7278,2008-01-24,,8.4646831E7,,,,,
72790,2003-11-04,,,,,,,
72808,1991-08-21,,,,,,,
72809,1936-01-21,,,,,,,
72822,2005-12-07,,,,,,,
72826,1977-04-29,,,,,,,
72834,1989-01-21,,,,,,,
72843,2010-09-17,6000000.0,,,,,,
72847,1947-06-05,,,,,,,
72850,1997-01-01,,,,,,,
72852,2009-11-25,4600000.0,,,,,,
72857,2010-01-28,,,,,,,
72872,2005-02-15,,,,,,,
7288,2003-09-26,4.0E7,1.9322135E7,-2.0677865E7,,,,
72882,1975-11-01,,,,,,,
72891,2006-02-11,,2209023.0,,,,,
72892,1979-05-19,,,,,,,
72899,1970-12-01,,,,,,,
7290,2000-10-31,,,,,,,
72900,1999-06-23,,,,,,,
72903,1957-08-01,,,,,,,
72913,2010-07-14,1200000.0,,,,,,
72917,2002-04-17,,,,,,,
72933,1998-03-14,,,,,,,
7294,2002-03-01,,,,2.1666666666666665,3,0.7637626158259733,2006-07-02
72946,2010-09-18,,,,,,,
72955,1989-04-18,,,,,,,
72958,2002-11-08,,,,,,,
72968,1940-05-13,,,,,,,
72972,2011-08-23,,,,,,,
72976,2012-11-09,6.5E7,2.7529345E8,2.1029345E8,,,,
7298,2006-10-21,,,,,,,
72984,1988-12-10,,,,,,,
7299,2002-12-06,2.0E7,5359645.0,-1.4640355E7,4.0,1,,2005-03-26
72996,2002-12-06,2500000.0,57862.0,-2442138.0,,,,
72997,1932-07-16,,,,,,,
73027,1957-08-20,,,,,,,
7303,2002-12-13,5.5E7,1.54906693E8,9.9906693E7,3.5,5,0.5,2008-12-09
7304,2006-01-06,1.7E7,9500000.0,-7500000.0,,,,
73065,1979-04-11,,,,,,,
73067,1995-11-22,,,,,,,
73074,2001-10-12,,,,,,,
73077,2011-09-03,,,,,,,
73079,1988-10-07,,,,,,,
73091,1987-03-27,,760000.0,,,,,
73094,1990-09-28,,,,,,,
73099,2011-04-01,1203000.0,,,,,,
73100,1976-09-27,,,,,,,
73103,2007-01-01,,,,,,,
73108,2011-08-07,,,,,,,
73116,1982-10-01,,,,,,,
73120,1985-05-28,,,,,,,
73123,2004-04-28,,,,,,,
73129,2005-05-18,,,,,,,
73135,1996-09-12,,,,,,,
73144,2011-08-23,,,,,,,
73147,1973-06-06,,,,,,,
73160,2008-09-30,,,,,,,
73169,2006-08-04,,,,,,,
73179,1932-12-17,,,,,,,
73183,1996-05-01,,,,,,,
73198,2008-10-06,,,,,,,
73211,2010-12-16,,,,3.75,2,0.3535533905932738,2011-10-02
73215,2011-05-24,,,,,,,
73241,1966-02-08,,,,,,,
73250,2011-12-09,,,,,,,
73257,1999-09-10,,,,,,,
73262,2011-09-20,,,,,,,
73267,1963-07-03,,,,,,,
73290,2011-09-08,3000000.0,,,4.5,5,0.8660254037844386,2016-08-18
73293,2008-04-24,,,,,,,
73294,2008-08-14,,,,,,,
73306,2003-11-08,,,,,,,
73307,1955-10-27,,,,,,,
73313,1951-06-15,,,,,,,
73335,2011-08-23,,,,,,,
73336,1997-10-01,,,,,,,
73353,2004-08-26,,,,,,,
73369,1950-09-01,,,,,,,
73376,1991-12-25,,,,,,,
7340,1976-11-03,1800000.0,3.38E7,3.2E7,4.5,1,,2005-05-19
73408,2009-01-01,,,,,,,
7341,1999-03-11,2.1E7,1.7762705E7,-3237295.0,,,,
7342,2002-11-04,,,,,,,
73420,1931-04-04,,,,,,,
73424,2009-03-14,,,,,,,
73430,1943-11-05,,,,,,,
7344,2008-01-20,,,,,,,
73448,2011-08-25,,,,,,,
73452,2004-10-16,,,,,,,
73454,2010-12-31,,,,,,,
73455,2000-06-09,,,,,,,
7346,2008-06-04,,,,3.269230769230769,13,0.6650621717611763,2016-07-24
7347,2007-10-12,4000000.0,,,3.1666666666666665,6,0.8755950357709131,2015-07-16
73473,2004-03-09,,,,,,,
73477,1966-10-07,,,,,,,
73482,1999-10-01,,,,,,,
73499,2011-10-27,1.7E7,3696232.0,-1.3303768E7,,,,
73500,2011-04-03,,,,,,,
73503,2002-10-31,,,,,,,
73515,1985-11-18,5000000.0,,,,,,
73517,2006-11-24,,,,,,,
73526,2001-01-25,,,,,,,
73529,2010-11-06,,,,,,,
73534,2000-09-03,,,,,,,
73541,2010-10-31,,,,,,,
73545,1972-08-19,,,,,,,
73546,1975-11-11,,,,,,,
73548,2006-04-01,600000.0,,,,,,
73551,1952-03-14,,,,,,,
73563,2011-11-10,,,,,,,
73565,2011-09-10,,,,,,,
73567,2011-09-10,1.0E7,3665069.0,-6334931.0,,,,
73576,2007-06-05,,,,,,,
73578,2008-04-02,,,,,,,
73582,2011-08-31,,8.0,,,,,
73590,2009-10-16,,,,,,,
73595,1949-12-01,,,,,,,
73600,1970-11-18,,,,,,,
73604,1968-12-15,,,,,,,
73624,2011-09-02,,,,,,,
73628,2010-09-29,,,,,,,
73646,2003-11-30,,,,,,,
73649,1999-12-17,,,,,,,
73652,1980-02-28,,,,,,,
73669,2011-08-26,,,,,,,
73680,2010-03-10,,,,,,,
73697,1970-09-22,,,,,,,
73714,2007-11-17,,,,,,,
73723,2012-03-01,,3.48840316E8,,,,,
73770,2011-08-25,,,,,,,
73772,2005-10-29,,,,,,,
73775,2005-11-22,,,,,,,
73799,1999-01-02,,,,,,,
73800,2011-07-07,1800000.0,,,,,,
73818,2011-09-06,,,,,,,
73827,1971-10-27,,,,,,,
73832,1966-11-04,,,,,,,
73835,1982-02-07,,,,,,,
73856,2005-08-05,,,,,,,
73869,2011-09-09,3000000.0,,,,,,
73872,2011-09-07,,,,,,,
73873,2011-12-21,8000000.0,5634828.0,-2365172.0,,,,
73896,1951-04-01,,,,,,,
73897,2011-04-01,,,,,,,
73901,1999-12-20,,,,,,,
73907,1954-11-25,,,,,,,
73919,2009-09-25,,,,,,,
7392,1976-02-29,,,,,,,
73920,1986-12-12,,,,,,,
73921,2010-11-18,,,,,,,
73922,1989-03-14,,,,,,,
73930,1989-01-01,,,,,,,
73931,1989-05-17,,,,,,,
73935,2012-08-25,,,,,,,
73936,2011-10-14,,,,,,,
73939,2011-12-27,,,,,,,
73952,2001-02-01,2000000.0,,,,,,
73969,1927-10-31,483103.0,1027757.0,544654.0,,,,
73976,2010-10-15,,,,,,,
73981,2001-09-20,300000.0,2074000.0,1774000.0,,,,
73997,1998-04-17,,,,,,,
74,2005-06-28,1.32E8,5.91739379E8,4.59739379E8,3.026315789473684,19,0.9497614351118554,2016-05-16
74008,2010-09-14,,,,,,,
74052,2006-10-20,,,,,,,
74055,2005-12-07,,,,,,,
74057,1973-01-31,,,,,,,
74071,1970-05-02,,,,,,,
74074,1954-08-04,,,,,,,
74080,1979-01-12,,,,,,,
74082,1976-07-27,,,,,,,
74088,1963-03-06,,,,,,,
74092,2010-02-03,,,,,,,
74103,2010-11-25,,,,,,,
74113,2011-09-08,,,,,,,
74119,2011-04-20,,,,,,,
74126,1947-05-21,,,,,,,
74128,2008-04-18,,,,,,,
74137,1969-04-09,,43.0,,,,,
74140,1999-04-01,,,,,,,
74192,1997-01-10,,,,,,,
74199,1993-09-12,,,,,,,
74208,1937-09-17,,,,,,,
74237,2002-04-19,,,,,,,
74239,1996-02-15,,,,,,,
74254,2007-09-11,,1677.0,,,,,
74276,1998-01-01,,,,,,,
74289,1981-06-06,,,,,,,
74306,2011-09-09,,122550.0,,,,,
74312,2010-10-13,,,,,,,
74314,1939-03-29,,,,,,,
74340,1987-05-22,,,,,,,
74343,1990-10-26,,,,,,,
74349,1969-05-20,,,,,,,
74384,1940-12-12,,,,,,,
74387,2012-01-06,,6483963.0,,,,,
74395,1991-04-05,,,,,,,
74397,1966-02-04,,,,,,,
744,1986-05-16,1.5E7,3.56830601E8,3.41830601E8,,,,
74402,1942-08-07,,,,,,,
74406,2011-05-29,,,,,,,
7442,1991-02-08,1.9E7,1.74999005E8,1.55999005E8,,,,
74420,1946-12-16,,,,,,,
7443,2000-06-21,4.5E7,2.24834564E8,1.79834564E8,,,,
7445,2009-01-27,2.6E7,4.3318349E7,1.7318349E7,3.391304347826087,23,0.9409439377939294,2016-10-07
74457,2011-08-26,,,,,,,
74458,2011-09-09,5510000.0,1.805E7,1.254E7,3.7941176470588234,51,0.9704456223211854,2016-09-07
7446,2008-08-09,,1.88072649E8,,,,,
74465,2011-12-22,5.0E7,1.20081841E8,7.0081841E7,,,,
74474,2001-04-22,,,,,,,
74477,2008-12-14,,,,,,,
74485,2006-10-20,,,,,,,
74491,2002-03-10,,,,,,,
74493,2009-09-05,,,,,,,
74495,2010-01-16,,,,,,,
74505,2012-05-18,,,,,,,
74510,2011-09-09,,,,3.8333333333333335,3,0.5773502691896258,2015-11-05
74513,2011-11-02,1.0E7,10759.0,-9989241.0,,,,
7452,1989-09-10,,,,,,,
74523,2011-03-19,,,,,,,
74529,1961-04-02,,,,,,,
7453,2005-01-15,5.0E7,1.04478416E8,5.4478416E7,3.0,1,,2012-02-22
74534,2011-11-28,1.0E7,1.36836156E8,1.26836156E8,,,,
74535,1979-06-06,,,,,,,
74536,2011-11-04,1.5E7,,,,,,
7454,2001-09-14,,,,2.84375,16,0.9612275138245541,2016-09-05
74544,1967-02-05,600000.0,,,,,,
74545,1939-06-30,,,,3.25,8,0.9258200997725515,2016-05-08
74546,2010-08-12,,,,,,,
74550,1941-09-06,,,,,,,
74558,2010-01-20,,,,,,,
7456,2006-03-16,,,,4.5,1,,2005-05-04
74561,2011-09-12,500000.0,,,,,,
7457,2006-01-27,,1.5309302E7,,,,,
74581,1936-10-15,,,,,,,
74586,2010-12-02,500000.0,,,,,,
7459,2008-05-09,,9.3945766E7,,4.75,2,0.3535533905932738,2006-07-07
74593,1987-04-01,,,,,,,
746,1987-10-21,,4.398423E7,,2.0,1,,2004-02-17
74608,2011-09-01,,,,,,,
7461,2008-02-01,4.0E7,1.51161491E8,1.11161491E8,,,,
74626,2011-09-15,,,,,,,
74629,1993-12-11,,,,,,,
74639,2011-08-18,8000000.0,,,,,,
74645,1975-02-21,,,,,,,
74657,1968-03-29,,,,,,,
74674,2011-03-17,3400000.0,,,,,,
74684,2004-12-22,,,,,,,
74689,1971-11-12,,,,,,,
74692,2001-09-09,5000000.0,,,,,,
74694,1993-07-18,,,,,,,
74695,1965-01-01,,,,,,,
74705,1981-01-01,,,,,,,
74714,1992-03-04,3.0E7,,,,,,
74717,1942-01-23,,,,,,,
74718,1954-09-19,,,,,,,
74722,2002-01-01,,,,,,,
74725,2011-09-02,500000.0,171760.0,-328240.0,,,,
74727,2010-05-18,250000.0,,,5.0,2,0.0,2015-11-13
74746,1971-08-25,,,,,,,
74759,1947-11-22,,,,,,,
74777,2011-03-03,70000.0,,,,,,
74779,2011-09-02,,,,,,,
74809,1978-05-03,,,,,,,
74810,1954-09-24,,,,,,,
74822,1977-01-12,,,,,,,
74829,1983-06-10,,,,,,,
7483,2005-04-18,,,,,,,
74830,2011-11-18,,,,,,,
74831,1973-04-01,,,,,,,
74836,1973-06-15,,,,,,,
7484,2006-09-29,8.5E7,1.97309027E8,1.12309027E8,3.8333333333333335,3,0.2886751345948129,2012-06-03
74840,1995-09-16,,,,,,,
74842,2011-01-01,,,,,,,
74849,1978-12-01,,,,,,,
7485,2007-03-22,6.1E7,9.5696996E7,3.4696996E7,,,,
74877,2011-01-01,,,,,,,
74878,1965-10-01,,,,,,,
74879,2011-09-23,,138730.0,,,,,
74884,1977-03-10,,,,,,,
74896,1967-12-13,,,,,,,
74903,1984-08-15,,,,,,,
74911,1946-08-23,,,,,,,
74919,2005-04-09,,,,,,,
74921,1999-06-18,,,,,,,
74924,1962-10-03,,,,,,,
74938,1992-05-21,,,,,,,
74945,2011-09-20,,,,,,,
74946,2001-11-11,,,,3.375,4,1.6007810593582121,2016-05-11
74949,1977-01-20,,,,,,,
74955,2005-04-30,,,,,,,
74961,1949-09-17,,,,,,,
74974,1985-09-07,,,,,,,
74997,2011-10-06,,,,,,,
750,1961-01-01,,,,4.20952380952381,105,0.8654171748046638,2016-08-02
7500,1993-04-10,,,,,,,
75001,1995-03-31,,,,,,,
75004,2011-06-23,,,,,,,
7501,2001-09-07,,1.2E7,,,,,
75012,1957-02-09,,,,,,,
75018,2010-11-06,,,,,,,
75028,2000-12-31,,,,,,,
7504,1998-09-16,,528972.0,,,,,
75063,1972-03-01,,,,,,,
75066,1961-01-03,,,,,,,
75074,2011-04-13,,,,,,,
75086,1970-03-11,,,,,,,
7509,2005-09-08,,1.0422387E7,,,,,
75090,2010-04-22,,,,,,,
751,1963-01-01,,,,,,,
7510,2006-10-27,1.2E7,6754898.0,-5245102.0,,,,
75100,2007-07-26,,,,,,,
7511,2006-09-10,2.0E7,,,,,,
7512,2006-09-01,3.0E7,495303.0,-2.9504697E7,,,,
75130,1971-10-01,,,,,,,
75133,1994-06-01,,,,,,,
75136,1995-04-01,,,,,,,
75138,1995-04-26,,,,,,,
7514,1972-09-01,,,,,,,
75142,1996-05-08,,,,,,,
75143,1996-05-15,,,,,,,
75145,1992-08-22,,,,,,,
7515,2005-02-10,,,,,,,
75151,2001-10-11,,,,,,,
7516,2006-12-09,1.7E7,5.7103895E7,4.0103895E7,,,,
75162,1979-04-12,,,,,,,
7517,2006-03-11,,,,,,,
75170,2010-06-01,,,,,,,
75174,2012-01-26,,7.7278331E7,,,,,
75179,2006-05-27,,,,,,,
7518,2006-04-22,8.0E7,3.43397247E8,2.63397247E8,,,,
75190,2011-09-27,,,,,,,
75193,2005-07-14,,,,,,,
75198,2011-10-05,1.2E7,,,,,,
752,2006-03-15,5.4E7,1.32511035E8,7.8511035E7,,,,
7520,1988-07-29,2.0E7,1.71504781E8,1.51504781E8,,,,
75203,1988-06-28,,,,,,,
75204,2012-11-10,,,,,,,
75224,2003-08-13,,,,,,,
75244,1994-11-01,,,,,,,
75258,2012-08-17,,,,,,,
75282,2011-03-01,,,,,,,
75298,1989-09-08,,,,,,,
75311,2010-03-14,,,,,,,
75315,1941-10-09,,,,,,,
75317,2006-02-09,,,,,,,
75318,2005-01-01,,,,,,,
75329,2011-09-20,,,,,,,
75336,1980-03-21,,,,,,,
75337,2006-04-26,,,,,,,
75341,2010-10-08,,,,2.25,2,2.4748737341529163,2016-02-15
75345,2011-12-09,,,,,,,
75375,2007-03-11,,,,,,,
754,1997-06-27,8.0E7,2.45676146E8,1.65676146E8,3.6666666666666665,3,0.5773502691896258,2001-06-21
75400,2003-04-11,,,,,,,
75438,2011-07-21,2000000.0,8000000.0,6000000.0,,,,
75446,2011-02-11,,,,,,,
75450,2009-11-24,,,,,,,
75465,1998-12-18,,,,,,,
75469,2011-10-14,,,,,,,
75471,1996-05-13,,,,,,,
7548,2004-09-16,,,,,,,
7549,2006-01-26,,6971266.0,,,,,
75491,2011-05-31,,,,,,,
755,1996-01-19,1.9E7,2.5836616E7,6836616.0,2.0,1,,1999-11-01
7551,2006-11-22,7.5E7,1.8055755E8,1.0555755E8,,,,
7552,2005-12-21,1.0E8,2.02026112E8,1.02026112E8,,,,
75531,2000-01-28,3.6E7,3003296.0,-3.2996704E7,,,,
75532,1954-02-25,,,,,,,
7555,2008-01-24,,1.1324429E8,,,,,
75552,1980-05-01,,,,,,,
75564,1985-04-01,,,,,,,
75577,2010-01-12,,,,,,,
75578,2000-12-07,,,,,,,
75579,1998-06-05,3500000.0,,,,,,
75595,2011-01-23,,,,,,,
75596,1981-05-29,,,,,,,
75622,2011-11-23,1.2E7,972512.0,-1.1027488E7,,,,
75626,2008-03-01,1000000.0,,,,,,
75629,2012-11-17,,6.0487945E7,,,,,
75634,2006-04-23,,,,,,,
75641,1976-12-22,,,,,,,
75656,2013-05-29,7.5E7,1.17698894E8,4.2698894E7,,,,
75686,1993-01-22,,,,,,,
757,1964-03-01,,,,4.0,1,,2000-05-20
75710,1952-03-12,,,,,,,
75719,2011-10-19,,,,,,,
75735,2011-10-29,,,,,,,
75736,2011-12-08,,,,,,,
75744,2011-09-23,,,,,,,
75745,2011-09-23,,,,,,,
75748,1979-04-14,,,,,,,
75754,1975-04-05,,,,,,,
75757,2011-10-12,,,,,,,
75760,2011-05-03,,,,,,,
75780,2012-12-20,6.0E7,2.18340595E8,1.58340595E8,,,,
75785,2011-11-02,,,,,,,
75799,1958-10-15,,,,,,,
758,1964-06-01,,,,,,,
75802,2011-06-06,,9504139.0,,,,,
75804,1922-11-26,,,,,,,
75808,1980-03-07,,,,,,,
75810,2011-07-21,,,,,,,
75822,1994-11-05,,,,,,,
75840,2002-01-01,,,,,,,
75848,1975-01-01,,,,,,,
75874,2011-09-05,,,,,,,
75877,1984-04-04,,,,,,,
75880,1934-09-21,,,,,,,
75888,1945-04-26,,,,,,,
75892,1989-09-22,,,,,,,
75896,2011-10-06,,,,,,,
759,1953-07-14,,,,5.0,2,0.0,2001-03-14
75901,1953-12-09,,,,,,,
75903,1977-08-24,,,,,,,
75905,1970-01-01,,,,,,,
75910,2010-08-13,,,,,,,
75926,1986-11-24,2.4E7,,,,,,
75931,2011-07-07,,,,,,,
75944,1991-12-18,,,,,,,
75947,1967-07-15,,,,,,,
75964,2011-10-05,,,,,,,
75969,2011-09-06,,,,,,,
75976,1993-10-17,,,,,,,
75989,1962-07-02,,,,,,,
76,1995-01-27,2500000.0,5535405.0,3035405.0,3.3333333333333335,15,0.6986381310057719,2007-07-04
760,1973-10-17,,,,3.3333333333333335,3,1.5275252316519468,2003-03-04
76000,1962-11-20,,,,,,,
76010,2010-06-01,,,,,,,
76011,1950-09-15,,,,,,,
76018,1967-03-01,,,,,,,
76025,2011-10-02,6500000.0,1.7693675E7,1.1193675E7,,,,
76040,2006-03-16,,,,,,,
76043,2007-11-20,,,,,,,
76047,1983-03-25,,,,,,,
76059,1997-10-29,,,,,,,
76081,1966-07-01,,,,,,,
76083,1933-08-11,,,,,,,
76097,2009-10-01,,,,,,,
76112,2011-11-30,,,,,,,
76116,1995-02-01,,,,,,,
76127,2011-01-09,,,,,,,
76142,2010-05-05,,,,,,,
76155,1993-03-01,,,,,,,
76157,1960-03-04,,,,,,,
76163,2012-08-08,1.0E8,3.12573423E8,2.12573423E8,,,,
76164,2011-02-04,,,,,,,
76170,2013-07-23,1.2E8,4.15440673E8,2.95440673E8,,,,
76171,1999-12-27,,,,,,,
76176,2000-10-31,,,,,,,
76198,1974-10-23,,,,,,,
762,1975-03-13,400000.0,5028948.0,4628948.0,2.4615384615384617,39,1.2321601452253603,2014-02-02
76200,1971-03-31,,,,,,,
76203,2013-10-18,,1.87E8,,,,,
76226,2011-01-06,,,,,,,
76234,2011-10-04,300000.0,,,,,,
76235,1966-08-19,,,,,,,
76237,2008-02-07,,,,,,,
76268,2006-03-07,,,,,,,
76277,1964-06-06,,,,,,,
76282,2011-07-25,,,,,,,
76286,1965-06-30,,,,,,,
76297,2009-05-15,,,,,,,
763,1992-08-13,3000000.0,242623.0,-2757377.0,,,,
76329,1973-04-13,,,,,,,
76330,1997-01-16,,425788.0,,,,,
76333,2011-09-11,,,,,,,
76341,2015-05-13,1.5E8,3.7885834E8,2.2885834E8,,,,
76344,1962-11-24,,,,,,,
76348,1979-05-23,4100000.0,,,,,,
76354,2011-10-11,5000000.0,,,,,,
76360,2011-10-09,,,,,,,
76395,1982-06-01,,,,,,,
76399,1958-08-01,,,,,,,
764,1981-10-15,,2.94E7,,5.0,1,,1996-09-10
76406,1985-04-26,,,,,,,
76411,1980-10-17,,,,,,,
76420,2011-10-18,,,,,,,
76422,2001-05-12,,,,,,,
76438,2007-11-08,800000.0,,,,,,
76464,1937-09-30,,,,,,,
76465,1941-02-22,,,,,,,
76477,1998-11-22,,,,,,,
76483,1935-02-22,,,,,,,
76492,2012-09-20,8.5E7,3.58375603E8,2.73375603E8,,,,
76494,2012-05-17,4.0E7,7.97E7,3.97E7,,,,
76498,1976-05-01,,,,,,,
76499,1935-10-13,,,,,,,
765,1987-03-13,3600000.0,5923044.0,2323044.0,2.8055555555555554,18,1.152221497406192,2015-03-06
76516,1991-02-01,5000000.0,485772.0,-4514228.0,,,,
76535,2011-10-25,500000.0,,,,,,
76543,2011-10-07,,22321.0,,,,,
76544,2013-07-04,2.5E7,2054941.0,-2.2945059E7,,,,
76547,2001-03-07,,,,,,,
76568,1958-05-07,,,,,,,
76575,1962-01-01,,,,,,,
76589,2012-02-28,,,,,,,
766,1992-10-09,1.1E7,,,4.222222222222222,9,0.97182531580755,2001-04-08
76638,2010-09-16,,,,,,,
76651,1936-09-18,,,,,,,
76684,2004-04-09,,,,,,,
76696,2011-02-01,1.1E7,,,,,,
767,2009-07-07,2.5E8,9.33959197E8,6.83959197E8,4.0,1,,2001-05-19
76703,1938-01-29,,,,,,,
76714,1959-02-19,,,,,,,
76726,2012-02-01,1.5E7,1.45E8,1.3E8,,,,
76737,1941-01-01,,,,,,,
76746,2011-10-06,,,,,,,
76750,2011-10-19,,,,,,,
76754,1958-06-22,,,,,,,
76757,2015-02-04,,1.83987723E8,,,,,
76777,1959-04-24,,,,,,,
76784,2011-10-10,,,,,,,
76785,2011-08-20,,,,,,,
76790,1998-05-26,,,,,,,
76793,1992-02-12,,,,,,,
768,2001-10-19,3.5E7,7.4558115E7,3.9558115E7,,,,
76800,2011-10-28,,,,,,,
76804,1927-09-09,,,,,,,
76808,2011-10-27,,,,,,,
76812,2017-05-26,,,,,,,
76816,1980-11-17,,,,,,,
76822,2004-01-01,,,,,,,
76833,1962-04-11,,,,,,,
76846,1975-06-25,,,,,,,
76851,1967-09-28,,,,,,,
76864,1997-10-31,,,,,,,
76871,1971-09-15,,,,,,,
769,1990-09-12,2.5E7,4.6836394E7,2.1836394E7,3.0,1,,1999-10-12
76960,2011-04-01,,,,,,,
77000,2011-10-21,5000000.0,,,,,,
77012,1949-04-15,,,,,,,
77022,1929-12-02,,,,,,,
77029,1971-11-19,,,,,,,
77051,1973-01-01,,,,,,,
77057,1952-08-06,,,,,,,
77060,1983-06-06,,,,,,,
77067,2011-04-29,,,,,,,
77074,1983-10-07,,,,,,,
77084,2001-07-01,,,,,,,
77094,2011-10-20,,,,,,,
771,1990-11-09,,4.76684675E8,,,,,
77117,2011-05-04,3550000.0,4.8E7,4.445E7,,,,
77118,2004-01-01,,,,,,,
77120,2004-05-05,,,,,,,
77121,1942-12-10,,,,,,,
77124,1967-02-23,,,,,,,
77128,1978-06-05,,,,,,,
77161,1977-09-12,,,,,,,
77165,1970-02-05,,,,,,,
77166,1979-12-05,,,,,,,
77172,1980-01-13,,,,,,,
77185,2011-09-08,1.667E7,,,,,,
77197,1997-05-18,,,,,,,
77198,1934-11-30,,,,,,,
77233,1988-07-22,,1221366.0,,,,,
77234,2013-04-18,1.0E7,,,,,,
77235,2010-11-06,,,,,,,
77245,1936-02-28,,,,,,,
77250,1937-11-05,2000000.0,,,,,,
77257,1975-03-10,,,,,,,
77270,2001-01-01,,,,,,,
77280,2001-03-28,,,,,,,
77287,1963-10-20,,,,,,,
77292,1989-03-12,,,,,,,
77331,1995-08-25,,,,,,,
77332,2000-01-24,,,,,,,
77338,2011-11-02,1.3E7,4.26480871E8,4.13480871E8,,,,
77348,1995-10-10,,,,,,,
7735,2008-03-11,7500000.0,1.9E7,1.15E7,,,,
77350,1995-08-11,,,,,,,
7736,1969-10-07,,,,,,,
77360,1978-04-28,,,,,,,
77365,2011-11-11,,,,,,,
77381,1965-04-08,,,,,,,
774,1895-06-10,,,,,,,
77403,1979-09-04,,,,,,,
77434,2000-01-20,,,,,,,
77449,2007-08-01,,,,,,,
77462,2011-09-27,,,,,,,
77495,2011-10-14,5000000.0,,,,,,
77499,2011-07-01,,,,,,,
775,1902-09-01,5985.0,,,2.0,1,,2000-11-20
77514,1997-09-10,,,,,,,
77519,2000-03-15,,,,,,,
77534,2007-03-29,,,,,,,
77546,1949-03-16,,,,,,,
77560,2011-09-08,,,,,,,
77564,2007-05-17,,,,,,,
77583,2006-01-01,,,,,,,
77585,2011-04-30,,,,,,,
77586,2011-09-27,,,,,,,
776,1939-06-08,,,,,,,
77600,2007-01-07,,,,,,,
77606,2003-03-21,,,,,,,
77621,1920-01-12,,,,,,,
77645,1953-01-08,,,,,,,
77649,1947-06-17,,,,,,,
77660,1976-10-07,,,,,,,
77663,2013-07-12,,39881.0,,,,,
77669,1964-10-14,,,,,,,
77673,1984-11-28,,,,,,,
77678,1952-04-18,,,,,,,
777,1937-06-04,,,,,,,
77710,2004-12-12,,,,,,,
77720,1976-01-01,,,,,,,
77745,2009-01-08,,,,,,,
77762,1984-06-06,,,,,,,
77765,1974-10-25,5000000.0,,,,,,
77770,1965-06-06,,,,,,,
77776,1999-07-07,,,,,,,
77785,2012-05-08,,,,,,,
77787,2000-01-14,,,,,,,
778,1953-02-26,,,,4.141129032258065,124,0.8326675809039805,2016-08-17
77801,2011-01-20,750000.0,,,,,,
77805,2013-08-08,,1585582.0,,,,,
77821,2011-01-01,300000.0,,,,,,
77825,1998-03-13,,,,,,,
77829,1998-01-01,,,,,,,
77845,2002-04-12,,,,,,,
77852,2009-05-30,,,,,,,
77855,2009-03-26,,,,,,,
77859,1978-03-11,,,,,,,
77861,1974-03-13,,,,,,,
77862,2011-10-28,,,,,,,
77864,2010-09-27,,,,,,,
77866,2012-01-12,,6.31E7,,2.75,4,0.8660254037844386,2016-01-29
77874,2011-09-02,,17011.0,,,,,
77877,2012-04-19,2.5E7,9.9357138E7,7.4357138E7,,,,
77879,2011-10-21,6000000.0,,,,,,
77887,2011-06-16,,,,,,,
77889,1968-06-10,,,,,,,
779,1932-05-06,,,,2.625,4,1.4930394055974099,2009-11-17
77908,2000-02-11,200000.0,1160268.0,960268.0,,,,
77915,1965-06-23,,,,,,,
77921,2000-05-13,,,,,,,
77922,1929-10-14,,,,,,,
77925,1970-01-01,,,,,,,
77936,1998-11-18,,,,,,,
77939,2000-03-08,,,,,,,
77944,2011-10-27,1.1E7,1.29358E7,1935800.0,,,,
77946,1999-07-02,,,,,,,
77948,2012-04-04,,1.6863583E7,,,,,
77951,2013-12-18,8.0E7,1.26546518E8,4.6546518E7,,,,
77953,2012-08-09,,1.04907746E8,,,,,
77955,1997-11-28,1000000.0,,,,,,
77957,2011-12-30,,,,,,,
77958,2011-11-04,,,,,,,
77960,1958-03-12,,,,,,,
7797,2007-10-26,,,,,,,
780,1928-04-21,,,,3.4839449541284404,218,1.061895113454728,2016-10-07
78028,1987-08-14,,,,,,,
78041,1986-05-30,,,,2.75,4,0.8660254037844386,2016-05-07
78047,2012-01-31,,,,,,,
78072,2003-10-01,,,,,,,
78075,1974-12-25,,,,,,,
78080,2011-11-08,,,,,,,
78093,2011-09-14,,,,,,,
78094,1975-06-01,,,,,,,
78096,2008-11-15,,,,,,,
781,1997-10-30,,,,3.75,4,0.9574271077563381,2016-04-16
78101,1970-09-16,97.0,,,2.0,1,,2013-06-21
78115,2007-05-10,,,,,,,
78128,2009-04-01,,,,,,,
78133,1993-11-05,1.2E7,1703282.0,-1.0296718E7,,,,
78140,1977-04-16,,,,,,,
78143,1987-05-10,,,,,,,
78146,1987-09-18,5000000.0,858250.0,-4141750.0,,,,
78149,1998-02-20,1.0E7,45779.0,-9954221.0,,,,
78163,1981-07-11,,,,,,,
78187,2011-11-22,,,,,,,
78193,1972-08-23,,,,,,,
78208,2003-05-15,,,,,,,
78210,2001-03-21,,,,,,,
78215,2012-03-06,,704.0,,,,,
78224,2011-11-06,,,,,,,
78233,1971-06-05,,,,,,,
78235,1985-11-22,,2685453.0,,,,,
78237,2005-09-29,,,,,,,
78239,1993-11-27,,,,,,,
78247,1993-11-09,,,,,,,
78248,2000-08-31,,28.0,,,,,
78250,1971-01-01,,,,,,,
78256,1955-02-23,,,,,,,
78263,1994-04-15,,,,,,,
78265,1952-02-09,,,,,,,
78274,2001-09-13,,,,,,,
78278,2002-12-11,,,,,,,
78282,2006-05-03,,,,,,,
78285,1991-09-18,,,,,,,
78294,2011-08-27,,,,,,,
783,1982-11-30,2.2E7,7.7737889E7,5.5737889E7,3.357142857142857,49,1.0103629710818451,2016-05-08
78307,2004-09-11,,,,,,,
78308,2011-10-03,5000.0,,,,,,
78309,2011-10-13,,,,,,,
78315,1943-11-12,,,,,,,
78318,1939-06-10,,,,,,,
78320,1991-09-13,,,,,,,
78321,1984-01-10,,,,1.0,1,,2011-10-16
78326,2011-02-25,,,,,,,
78327,1932-06-16,,,,,,,
78331,1956-08-22,,,,,,,
78338,1986-01-01,,,,,,,
78339,2011-10-22,300.0,,,,,,
78344,2003-04-03,,,,,,,
78353,1975-12-25,1.3E7,2.4441725E7,1.1441725E7,,,,
78355,1970-05-11,,,,,,,
78358,1976-10-07,,,,,,,
78359,1984-01-30,,,,,,,
7837,1999-10-17,,,,,,,
78381,2011-09-10,,,,,,,
78383,2013-09-28,10.0,1.0E7,9999990.0,,,,
78387,2007-09-15,500000.0,,,,,,
7839,2006-09-09,,,,,,,
784,1996-05-05,,5770254.0,,2.5508474576271185,59,1.0491988538643764,2016-08-17
7840,2008-02-22,,2.66E8,,3.8333333333333335,3,0.28867513459481287,2012-03-19
78400,2010-09-15,,,,,,,
78401,2008-10-23,,,,,,,
78402,1989-11-15,,,,,,,
78403,2011-07-11,,,,,,,
78406,1995-09-29,2.5E7,6278139.0,-1.8721861E7,,,,
78432,2009-09-19,,,,,,,
78441,2010-08-27,2000000.0,,,,,,
78450,1986-01-01,,,,,,,
78461,2011-10-21,7300000.0,,,,,,
78463,2011-02-16,,,,,,,
78475,1958-09-24,,,,,,,
78478,2011-11-09,,,,,,,
78480,2011-09-10,,6581915.0,,,,,
78504,2011-10-28,,,,,,,
78507,1928-03-22,,,,,,,
78526,2005-07-29,,,,,,,
78534,1965-10-28,,,,,,,
78537,1937-09-15,,,,,,,
78539,2001-04-11,,,,,,,
78546,1974-11-22,,,,,,,
78563,2011-05-20,,,,,,,
7857,1973-12-13,,,,,,,
78571,2012-03-02,,540152.0,,,,,
78572,1959-10-03,,,,,,,
7859,2006-08-11,700000.0,4911725.0,4211725.0,,,,
78595,2001-03-14,,,,,,,
7860,2008-02-08,,,,,,,
78604,2011-05-12,,,,,,,
7862,2007-02-09,,,,,,,
78646,2011-01-31,,,,,,,
78691,1987-10-02,,406881.0,,,,,
78694,1997-10-02,,,,,,,
78696,2006-02-24,,,,,,,
78698,2012-02-02,4.0E7,2.4719215E7,-1.5280785E7,,,,
7870,2005-05-13,8000000.0,852872.0,-7147128.0,,,,
78701,2005-01-21,,,,,,,
7871,2005-03-07,,,,,,,
78713,2003-01-01,,,,,,,
7873,2005-09-11,,5967038.0,,,,,
7874,2006-12-08,1.5E7,1.0903846E7,-4096154.0,,,,
78812,1960-07-31,,,,,,,
78997,2010-09-18,,,,,,,
78998,1936-04-11,,,,,,,
78999,2008-09-17,,,,,,,
79,2002-12-19,3.1E7,1.77394432E8,1.46394432E8,2.9615384615384617,26,1.1482428046635165,2003-04-07
79008,1982-10-22,,,,4.25,4,0.6454972243679029,2011-10-16
79025,1955-01-01,,,,,,,
79042,2011-06-22,,,,,,,
79048,2001-11-07,,,,,,,
79054,1985-01-01,,,,,,,
79072,2006-09-08,2705100.0,,,,,,
79073,2009-02-05,,,,,,,
79078,2011-11-01,,,,,,,
791,2005-10-14,1.8E7,4.6201432E7,2.8201432E7,,,,
79106,1992-05-24,,,,,,,
79108,2011-01-01,,,,,,,
79113,2011-12-03,,,,,,,
79118,1996-04-19,,,,,,,
7913,2006-01-26,2200000.0,1.1502151E7,9302151.0,,,,
79133,2011-11-14,,,,,,,
79161,2006-10-18,,,,,,,
79172,2011-11-04,,,,,,,
79179,1985-06-07,,,,,,,
79190,2011-09-09,,,,,,,
79194,1976-01-01,,,,,,,
792,1986-12-18,6000000.0,1.38530565E8,1.32530565E8,,,,
79201,2011-04-24,,,,,,,
79212,2011-11-16,,,,,,,
79216,1979-01-01,,,,,,,
79218,2011-11-24,,,,,,,
79221,2011-11-11,,,,,,,
79247,2011-11-04,,,,,,,
79255,2011-02-15,,,,,,,
79257,1982-09-23,,,,,,,
793,1986-08-01,6000000.0,8551228.0,2551228.0,4.0,1,,1998-06-18
79308,1932-10-25,,,,,,,
79316,2014-01-08,7000000.0,3.6433975E7,2.9433975E7,,,,
79319,1982-08-27,,,,,,,
79329,2008-07-07,,,,,,,
79343,2007-11-14,,,,,,,
79361,2012-01-05,,,,,,,
79363,1955-12-22,,,,,,,
79367,1967-01-18,,,,,,,
79376,1948-09-03,,,,,,,
794,1976-06-06,2800000.0,6.092298E7,5.812298E7,,,,
79401,1950-11-06,,,,,,,
79406,1965-01-03,,,,,,,
79419,1998-12-25,,,,,,,
7942,2007-09-06,1.0E7,3.3E7,2.3E7,3.0,1,,2006-05-27
79431,2011-03-17,,,,,,,
79433,2011-09-27,,,,,,,
79434,2004-09-09,,,,,,,
7944,2008-02-07,,,,4.0,3,0.5,2005-09-25
79456,2010-03-12,,,,,,,
79475,2011-11-22,,,,,,,
79483,2011-11-21,,,,,,,
795,1998-04-10,5.5E7,1.98685114E8,1.43685114E8,,,,
79509,1989-11-23,,,,,,,
79515,2000-03-17,,,,,,,
79516,2011-07-26,,,,,,,
79519,2008-10-18,,,,,,,
79528,2010-01-22,,,,,,,
79544,2011-08-27,7750000.0,,,,,,
79553,2011-07-20,,,,3.75,4,0.28867513459481287,2015-02-04
79554,2011-01-23,,,,,,,
79580,2011-11-03,,,,,,,
79591,2002-09-03,,,,,,,
79596,1949-04-15,,,,,,,
79599,1986-01-01,,,,,,,
79611,2011-06-26,,73000.0,,,,,
79628,2011-04-22,,,,,,,
79631,1938-03-16,,,,,,,
79640,2011-10-07,,,,,,,
79644,2011-08-30,,,,,,,
79649,1981-02-11,800000.0,,,,,,
79684,1940-05-11,4490331.0,,,,,,
79690,2006-06-13,,,,,,,
79694,2012-08-23,1.7E7,9627492.0,-7372508.0,,,,
79697,2011-09-03,,175706.0,,,,,
79699,2011-12-02,2500000.0,,,,,,
79700,2011-11-08,,,,,,,
79701,1969-12-30,,,,,,,
79707,2011-05-07,,,,,,,
79708,2005-01-01,,,,,,,
7972,2007-09-26,,2.5005257E7,,,,,
79721,2011-01-01,,,,,,,
79722,2011-08-09,,,,,,,
7973,2007-07-01,,,,,,,
79731,1993-01-02,,,,,,,
79733,2011-12-01,1.2E7,,,,,,
7974,1990-09-20,474700.0,,,,,,
79743,2009-12-11,,,,,,,
79750,1972-01-01,,,,,,,
79754,2011-11-04,,,,,,,
79761,1929-02-21,,,,,,,
79771,2011-10-14,,,,,,,
79773,2010-11-29,,,,,,,
79779,2011-11-11,,,,,,,
79783,1994-11-25,8500000.0,250993.0,-8249007.0,,,,
7979,2007-10-14,2.0E7,7.3276047E7,5.3276047E7,3.9,5,0.4183300132670378,2011-06-15
79816,1997-11-20,,,,,,,
79825,2011-11-11,,,,,,,
79827,1962-05-14,,,,,,,
79829,2010-06-14,,,,,,,
79833,2001-08-05,,,,,,,
79836,2011-12-02,,,,,,,
79838,1970-05-02,,,,,,,
79842,2011-10-07,,,,,,,
79869,1994-01-01,,,,,,,
79871,1993-06-15,,,,,,,
79877,1966-12-12,,,,,,,
7988,1980-06-13,,,,,,,
79887,1942-03-20,,,,,,,
79888,1993-02-03,,,,,,,
79896,2009-08-16,,,,,,,
79909,2007-08-01,,,,,,,
7992,2007-09-01,,,,,,,
79920,2000-11-16,,,,,,,
79921,1975-04-23,,,,,,,
79927,1991-06-21,,,,,,,
79934,2011-10-28,,,,,,,
79935,2012-04-01,,,,,,,
79940,2012-03-02,,,,,,,
79950,1996-05-18,,,,,,,
79964,1950-06-01,,,,,,,
79968,1938-11-10,,,,,,,
79990,2011-11-25,,,,,,,
79997,2011-11-25,,,,,,,
80,2004-02-10,,1.5992615E7,,4.625,4,0.47871355387816894,2003-06-11
80012,2004-02-28,,,,,,,
80015,2011-12-07,,,,,,,
80027,1963-12-18,,,,,,,
80030,1945-11-11,,,,,,,
80035,2012-07-26,6.8E7,6.8267862E7,267862.0,,,,
80038,2011-09-09,,1.2186625E7,,,,,
80046,1965-11-09,,,,,,,
80048,2011-11-18,,,,,,,
8005,1993-07-28,2.0E7,3.5739755E7,1.5739755E7,,,,
80059,1998-03-10,,,,,,,
80067,1975-08-12,,,,,,,
80070,2001-08-10,7000000.0,,,,,,
80080,1970-07-31,,,,,,,
80089,2003-05-22,,,,,,,
8009,1986-03-07,1.6E7,5900000.0,-1.01E7,3.5,1,,2004-12-08
80090,1948-09-28,,,,,,,
80094,1977-01-16,,,,,,,
8010,1991-01-30,3.0E7,1.555634E7,-1.444366E7,3.5,2,0.7071067811865476,2008-04-29
80122,2011-10-07,,,,,,,
8014,2006-07-15,6000000.0,,,3.5833333333333335,6,0.9703951085339758,2015-06-10
80142,2007-01-01,,,,,,,
80145,1997-01-30,,,,,,,
80147,2011-07-15,,,,,,,
80156,2001-06-15,,,,,,,
80168,1929-04-06,,,,,,,
80169,2011-11-11,,,,,,,
80177,2011-09-01,,,,,,,
80178,2006-04-07,,,,,,,
80184,2011-09-16,,,,,,,
80188,2010-08-11,,,,,,,
80198,2006-06-27,,,,,,,
80200,1999-02-22,,,,,,,
80211,1984-02-03,,2.1058E7,,,,,
80215,2012-05-18,,,,,,,
80241,1954-12-29,,,,3.0,2,0.7071067811865476,2016-07-23
80256,2011-08-05,,,,,,,
80264,1957-04-12,,,,,,,
80267,1983-08-08,,,,,,,
80271,2012-02-10,1.1E7,,,,,,
80276,2011-09-23,,,,,,,
80278,2012-09-09,4.2E7,1.80274123E8,1.38274123E8,,,,
80281,2011-10-06,,,,,,,
80284,2008-04-25,,,,,,,
80287,1987-11-28,,,,,,,
80294,2000-09-09,,,,,,,
803,1955-01-01,,,,4.25,2,0.3535533905932738,2003-06-01
80304,2012-03-15,,,,,,,
80310,1980-12-25,,,,,,,
80314,1998-09-26,,,,,,,
80316,1954-11-10,,,,,,,
80321,2012-06-06,1.45E8,7.46921274E8,6.01921274E8,,,,
80327,2013-04-27,112000.0,,,,,,
80337,2011-01-22,,,,,,,
80346,2003-10-01,,,,3.5,1,,2010-09-15
80351,1974-08-01,,,,,,,
80364,1937-07-16,,,,,,,
80374,1951-01-01,,,,,,,
80382,1973-06-10,,,,,,,
80384,2012-03-27,,,,,,,
80386,1997-02-01,,,,,,,
80427,2000-09-04,,,,,,,
8043,1975-12-25,,,,,,,
80432,2011-04-10,,,,,,,
80440,2011-09-28,,,,,,,
80441,1967-02-22,,,,,,,
8046,2003-08-01,,7266209.0,,,,,
80468,2011-04-14,300000.0,,,,,,
80469,2011-12-14,,,,,,,
8047,1986-03-07,,,,,,,
80470,1958-04-04,,,,,,,
80472,2011-07-29,,,,,,,
80473,1996-07-25,,,,,,,
8049,2007-06-15,,,,,,,
805,1968-06-12,,3.3395426E7,,3.7653061224489797,49,0.8785762678922081,2016-05-08
8051,2002-10-25,2.5E7,1.7E7,-8000000.0,,,,
80518,2011-07-02,,7401480.0,,,,,
80520,2003-06-22,,,,,,,
80521,1957-11-13,,,,,,,
80527,2009-07-21,,,,,,,
80530,2011-07-18,,,,,,,
80539,2011-12-09,6.0,,,,,,
8054,2009-10-01,,6.4352607E7,,,,,
80544,2011-11-20,,,,,,,
80560,1970-09-01,,,,,,,
80572,1949-11-22,,,,2.5,1,,2011-01-28
80582,2006-05-05,,,,,,,
80591,2011-09-01,,868439.0,,,,,
80592,1933-07-15,,,,,,,
80595,1961-09-01,,,,,,,
80596,1951-01-01,,,,,,,
806,2006-06-06,,1.19188334E8,,2.888888888888889,9,1.3642254619787415,2011-01-28
8060,2007-09-12,1.2E7,,,,,,
80601,1973-01-01,,,,,,,
80607,1983-08-05,,,,,,,
80608,2002-06-13,,,,,,,
80617,2006-12-06,,,,,,,
80624,1980-01-25,,,,,,,
8063,1969-12-23,,,,,,,
80633,1960-12-01,,,,,,,
80639,1937-10-09,,,,,,,
8064,2008-02-09,,,,,,,
8065,2008-03-27,3.5E7,6.9823199E7,3.4823199E7,,,,
80659,2001-12-20,,,,,,,
8066,2005-09-24,5.0E7,8342132.0,-4.1657868E7,,,,
80662,2011-09-30,,,,,,,
8067,1997-10-24,1.2E7,,,,,,
80677,1959-01-25,,,,,,,
8068,1995-08-25,,2.5405445E7,,,,,
80701,1972-07-15,,,,,,,
80708,1930-04-19,340.0,,,,,,
8072,1965-05-05,220000.0,,,,,,
80720,1940-11-22,,,,,,,
8073,1964-08-05,120000.0,182857.0,62857.0,,,,
80742,2004-09-17,,,,,,,
8075,1967-12-29,,,,,,,
8076,1999-11-19,,,,,,,
8077,1992-05-22,5.0E7,1.59773545E8,1.09773545E8,,,,
80771,1938-10-14,,,,,,,
8078,1997-11-12,7.0E7,1.62E8,9.2E7,,,,
8079,2007-11-07,9100000.0,3.7707444E7,2.8607444E7,,,,
80799,2007-09-26,,,,,,,
8080,2004-08-27,2.7E7,1.3E7,-1.4E7,,,,
80801,2011-06-11,,,,,,,
80805,2003-07-09,,,,,,,
80806,1952-12-31,,,,,,,
80809,1985-12-01,,,,,,,
80831,2009-12-17,,,,3.25,4,0.6454972243679029,2014-10-03
80837,2010-08-10,15000.0,,,,,,
80850,1935-04-25,,,,,,,
8088,2009-03-01,1.8E7,,,,,,
80880,2004-05-07,,,,,,,
809,2004-05-19,,9.19838758E8,,2.75,4,0.5,2005-04-24
80918,1944-01-19,,,,,,,
80919,2005-03-10,,,,,,,
80920,2014-02-28,5000000.0,1189612.0,-3810388.0,,,,
8093,2006-08-31,,,,2.75,2,1.0606601717798212,2005-11-27
8094,2002-10-24,,2.0957001E7,,4.0,2,0.7071067811865476,2008-10-06
80957,2011-02-18,,,,,,,
80960,1934-09-27,,,,,,,
80970,1973-08-16,,,,,,,
80973,2012-06-15,1100000.0,,,,,,
80990,1996-06-06,,,,,,,
81,1984-03-11,,3301446.0,,3.25,18,0.9739247464587322,2006-06-24
810,2007-05-17,1.6E8,7.98958165E8,6.38958165E8,2.0,8,0.8864052604279183,2016-05-08
81003,2011-12-12,,,,,,,
81010,2011-07-20,,,,,,,
81021,2010-04-24,,,,,,,
81022,2011-08-18,,,,,,,
81025,2011-09-10,5000000.0,3.4564651E7,2.9564651E7,,,,
81030,1944-07-14,,,,,,,
81038,1932-04-08,,,,,,,
81048,1997-12-18,,1596.0,,,,,
81060,2006-01-27,,,,,,,
811,1972-03-09,1000000.0,,,,,,
81110,1933-05-06,,,,,,,
81111,1934-05-18,,,,,,,
81115,1935-02-01,,,,,,,
81120,1941-06-28,,,,,,,
81167,2011-11-20,,,,,,,
81179,2011-12-10,,,,,,,
81182,2011-12-11,,,,,,,
81188,2012-11-21,1.45E8,3.0694167E8,1.6194167E8,,,,
81189,1977-03-10,,,,,,,
812,1992-11-25,,5.04050219E8,,,,,
81215,2011-01-24,400000.0,,,,,,
81219,2000-09-08,,,,,,,
81220,2001-11-02,500000.0,,,,,,
81223,1976-10-18,,,,,,,
81231,1982-01-01,,,,,,,
81242,2011-09-29,,,,,,,
81244,1996-11-12,,,,,,,
81273,2011-12-02,,,,,,,
8128,1978-03-01,,,,3.625,4,1.0307764064044151,2015-06-10
8129,1998-05-15,,,,1.75,2,0.3535533905932738,2009-02-01
8130,1985-03-29,5000000.0,2.74E7,2.24E7,3.0,2,0.0,2006-07-09
81303,2006-12-12,,,,,,,
81309,1973-04-22,,,,,,,
81318,1993-08-20,,,,,,,
81332,2011-11-12,,,,,,,
81338,1932-12-17,,,,,,,
81365,1963-06-18,,,,,,,
81389,2007-07-04,,,,,,,
81390,2011-04-09,,2.5345E7,,,,,
81396,1934-03-17,,,,,,,
81399,1963-01-01,,,,,,,
814,1981-08-21,1.0E7,3.1973249E7,2.1973249E7,,,,
81400,1994-09-13,30000.0,,,,,,
81401,2011-02-15,,,,,,,
8141,2007-02-09,4000000.0,2426851.0,-1573149.0,,,,
81414,2010-04-30,,,,,,,
81416,2011-12-10,,,,,,,
81420,2011-12-18,,,,,,,
81424,1988-06-22,,,,,,,
81435,2011-01-26,,,,,,,
81442,2000-11-10,,,,,,,
81450,2011-09-17,,,,,,,
81457,1987-01-01,,,,,,,
81460,2011-08-31,,,,,,,
81462,1977-09-28,,,,,,,
81470,1977-09-01,,,,,,,
81481,2011-09-22,2200000.0,3.15E7,2.93E7,,,,
81512,1955-02-04,,,,3.0,2,0.7071067811865476,2016-05-08
81521,2008-12-31,100000.0,,,,,,
81522,1972-12-07,,,,,,,
81524,2010-08-09,,,,,,,
81530,1997-05-01,,,,,,,
81543,2006-10-09,,,,,,,
81576,2009-12-04,,,,,,,
81579,2011-06-08,,,,,,,
81581,2011-05-13,,,,,,,
81589,2007-12-15,,,,,,,
816,1997-05-02,,6.7683989E7,,3.0,1,,1998-02-02
81604,1952-06-05,,,,,,,
81616,2010-08-06,,,,,,,
81619,2011-04-23,,,,,,,
81622,2010-01-29,,,,,,,
81623,2011-04-27,,,,,,,
81626,2011-03-12,,,,,,,
81634,2012-04-20,,,,,,,
81649,2010-09-14,,,,,,,
81654,1963-02-28,,,,,,,
81657,2011-01-01,,,,,,,
81660,2011-04-29,,,,2.5,1,,2014-07-24
81666,1983-10-15,,,,,,,
81672,1974-06-06,,,,,,,
81675,2011-05-06,,,,,,,
81678,1945-01-22,,,,,,,
81684,2011-12-25,,,,,,,
81687,1936-11-29,,,,,,,
81699,1956-05-01,,,,,,,
817,1999-06-08,3.3E7,3.10940086E8,2.77940086E8,,,,
81700,2004-11-20,,,,,,,
81704,2011-12-08,,,,,,,
81707,2011-07-09,,,,,,,
81708,2011-11-25,,6086224.0,,,,,
81716,2011-09-09,,,,,,,
81724,1951-01-10,,,,,,,
81751,1944-08-23,,,,,,,
81760,2000-05-27,,,,,,,
81765,2011-01-30,,,,,,,
81772,1979-03-23,,,,,,,
81775,1972-01-01,,,,,,,
81780,2005-11-04,,,,,,,
81783,2001-03-29,,,,,,,
81787,1984-09-15,,,,,,,
81792,2003-12-06,,,,,,,
818,2002-07-26,6.3E7,2.96655431E8,2.33655431E8,2.607142857142857,14,0.9441840479925068,2007-05-12
81828,1994-09-23,,70.0,,,,,
81829,1929-05-02,550000.0,,,,,,
81831,1963-09-24,,,,4.0,1,,2014-02-02
81836,2012-04-20,1.7E7,7.3244881E7,5.6244881E7,,,,
81843,2009-01-01,,,,,,,
81847,1930-08-20,,,,3.6666666666666665,21,1.2583057392117916,2016-10-16
81850,1982-07-03,,,,,,,
81867,2011-09-30,,,,,,,
81870,2011-12-15,3.5E7,,,,,,
81895,1994-05-14,,,,,,,
819,1996-10-18,4.4E7,1.65615285E8,1.21615285E8,,,,
81900,2012-03-13,,,,,,,
8193,2004-06-11,400000.0,4.6118097E7,4.5718097E7,,,,
81937,1974-05-01,,,,,,,
8195,1998-09-25,5.5E7,4.1610884E7,-1.3389116E7,2.8333333333333335,3,0.2886751345948129,2015-06-10
8197,1997-11-21,3.5E7,2.5105255E7,-9894745.0,3.6666666666666665,3,1.8929694486000914,2015-07-16
81972,2011-12-27,,,,,,,
81976,2011-12-02,,,,,,,
81981,1950-03-06,,,,,,,
8199,2006-01-23,,,,4.75,2,0.3535533905932738,2011-06-04
82,2006-07-27,1.35E8,1.63794509E8,2.8794509E7,3.8,10,1.0327955589886448,2016-04-16
820,1991-12-20,4.0E7,2.05405498E8,1.65405498E8,5.0,1,,1998-06-18
82027,1994-09-12,,,,,,,
82036,1936-02-14,,,,,,,
8204,2008-02-14,,1.62839667E8,,,,,
82040,2003-06-11,,,,,,,
82046,1954-01-14,,,,,,,
82066,1976-01-01,,,,,,,
82077,1997-11-16,,,,,,,
82079,2010-04-24,,,,,,,
8208,1934-11-30,,,,5.0,1,,2010-08-08
82080,1987-02-27,,,,,,,
82083,1988-01-01,,,,,,,
82088,1928-04-13,,,,,,,
82094,1986-09-01,,,,,,,
82098,1966-08-24,,,,,,,
821,1961-12-01,3000000.0,1.0E7,7000000.0,,,,
82101,1947-11-19,,,,,,,
82103,2000-08-17,1900000.0,2070806.0,170806.0,,,,
82106,1935-02-22,,,,,,,
8211,1967-09-15,,,,,,,
82113,1953-06-06,,,,,,,
82114,1976-10-28,,,,,,,
82115,2011-04-19,,,,,,,
8214,1996-01-26,,,,,,,
82151,2004-01-19,,,,,,,
8217,1990-12-25,,,,,,,
82181,1957-05-01,,,,,,,
82185,1934-07-05,,,,,,,
8219,1982-09-29,,,,,,,
822,1958-10-10,,,,,,,
82203,1955-10-01,,,,,,,
8221,1984-10-24,,706685.0,,,,,
8222,1991-10-23,,1710057.0,,,,,
82237,1936-06-30,,,,,,,
82239,1937-02-26,,,,,,,
82243,1965-02-06,,,,,,,
82257,1932-07-16,,,,,,,
82269,2011-10-05,,,,,,,
82279,1987-12-01,,,,,,,
82309,1982-01-01,,,,,,,
82321,2011-08-10,,,,,,,
82327,2011-07-04,4500000.0,,,,,,
82350,1974-12-20,,,,,,,
82368,1960-01-01,,,,,,,
82390,2012-09-14,1.25E7,1353868.0,-1.1146132E7,,,,
82395,1986-01-01,,,,,,,
82405,2009-05-27,,,,,,,
82406,2007-10-31,,,,,,,
82407,1984-01-03,,,,,,,
82414,2007-10-10,,,,,,,
82418,1999-01-24,,,,,,,
82424,2011-11-23,,,,,,,
82430,1979-07-08,,,,,,,
82432,2002-10-16,,,,,,,
82437,2006-05-05,,,,,,,
82447,2011-12-25,,,,,,,
82448,2011-12-08,,,,,,,
82460,1968-02-21,,,,,,,
82465,1972-12-12,,,,,,,
82469,2011-11-03,3500000.0,,,,,,
8247,2008-02-10,,2.22231186E8,,,,,
82481,1955-12-30,,,,,,,
82492,2011-12-14,,,,,,,
82505,2012-09-21,6900000.0,4.4287131E7,3.7387131E7,,,,
82507,2012-03-29,3000000.0,7.7712439E7,7.4712439E7,,,,
82510,2011-10-03,,,,,,,
82525,2012-07-06,,8.2966152E7,,,,,
82529,2011-06-28,,,,,,,
82533,2012-04-06,,,,,,,
82545,1990-09-28,,,,,,,
82549,1997-10-05,,,,,,,
82550,2001-05-14,,,,,,,
82567,1960-01-01,,,,,,,
82620,2011-03-13,,,,,,,
82623,1998-10-23,,,,,,,
82631,2012-09-28,,5310554.0,,,,,
82633,2012-08-29,2.6E7,5.367658E7,2.767658E7,,,,
82634,2009-11-05,,,,,,,
82642,2010-02-05,,,,,,,
82649,2009-01-01,,,,,,,
8265,2008-01-09,1.1E7,5.3191886E7,4.2191886E7,,,,
82654,2013-01-31,3.5E7,1.16980662E8,8.1980662E7,,,,
82655,2011-01-24,,,,,,,
82662,2011-01-13,,,,,,,
82664,2012-01-12,,,,,,,
82667,1969-10-31,,,,3.875,4,0.47871355387816905,2015-06-10
82676,2011-10-07,,,,,,,
82679,2012-10-25,1.4E7,1.1417362E7,-2582638.0,,,,
8269,2007-05-26,,,,,,,
82693,2012-09-08,2.1E7,2.05738714E8,1.84738714E8,,,,
82696,2012-08-07,3.0E7,1.14281051E8,8.4281051E7,,,,
827,1955-01-29,,,,,,,
8270,2007-03-09,,5367030.0,,,,,
82700,2013-05-30,1.3E8,2.43843127E8,1.13843127E8,,,,
82702,2014-06-12,1.45E8,6.09123048E8,4.64123048E8,,,,
82703,2014-02-07,1.45E8,2.7291243E8,1.2791243E8,,,,
82708,2010-12-17,,,,,,,
82716,1994-06-01,,,,,,,
8272,2007-01-19,,,,,,,
82743,2011-09-30,,,,,,,
82745,2011-06-03,,,,,,,
8275,2006-12-07,,,,2.6666666666666665,3,1.8929694486000912,2011-10-16
82760,2011-09-11,,,,,,,
8277,2007-12-10,,,,,,,
82776,1977-01-01,,,,,,,
82781,2003-05-24,,,,,,,
828,1951-09-17,1200000.0,,,3.375,4,0.7500000000000001,2003-08-28
8280,2007-12-24,,,,,,,
82806,2007-08-24,,,,,,,
8281,2008-01-18,,,,,,,
82817,2011-08-17,,,,,,,
82825,2012-03-09,,1.6E7,,,,,
82827,1988-12-30,,,,,,,
8285,2008-12-25,6.0E7,3.9031337E7,-2.0968663E7,,,,
82857,1998-03-23,,,,,,,
82865,1998-05-14,,,,,,,
82868,1992-04-24,,,,,,,
82877,2006-04-05,,,,,,,
82911,2011-02-24,,,,,,,
82929,2011-11-04,,,,,,,
8293,1992-03-13,,2.5966555E7,,,,,
82932,2011-02-11,,,,,,,
82937,1962-01-07,,,,,,,
82941,2011-09-30,,,,,,,
82942,1985-01-01,,,,,,,
82944,1961-12-23,,,,,,,
82963,1957-08-01,,,,,,,
82966,1967-06-07,,,,,,,
82967,2011-06-10,,,,,,,
82992,2013-05-06,1.6E8,7.8867985E8,6.2867985E8,,,,
83,2004-08-06,130000.0,5.4667954E7,5.4537954E7,3.0,3,0.0,1998-06-16
830,1956-03-15,1900000.0,3250000.0,1350000.0,3.1346153846153846,26,0.8192397977111746,2011-01-28
83001,1976-12-01,,,,,,,
83007,1981-07-24,,,,,,,
83013,2001-02-03,,,,,,,
83015,1950-01-01,,,,,,,
83036,1998-08-08,,,,,,,
83040,2011-06-17,,,,,,,
83052,2010-05-18,,,,,,,
83078,1986-05-02,,,,,,,
83079,1986-02-01,,,,,,,
83090,1987-07-18,,,,,,,
83098,1946-06-06,,,,,,,
831,1955-06-01,800000.0,,,3.5,2,0.7071067811865476,2000-11-22
83119,1955-07-21,,,,,,,
83121,1964-12-30,,,,,,,
83132,1958-04-07,,,,3.75,6,0.8215838362577492,2016-05-08
83136,1970-10-08,,,,,,,
83147,1971-08-01,,,,,,,
8316,2009-02-09,8500000.0,,,,,,
83183,1990-06-02,,,,,,,
83188,2011-03-04,500000.0,,,,,,
83195,1995-08-01,,,,,,,
832,1931-05-11,,,,3.5657894736842106,76,0.9285907073379456,2016-08-17
83201,2011-12-08,,,,,,,
8321,2008-02-08,1.5E7,3.4533783E7,1.9533783E7,,,,
83214,2007-08-04,,,,,,,
83215,1972-01-01,,,,,,,
83221,2006-01-25,,,,,,,
83223,1984-08-03,,,,,,,
83226,1992-09-18,,,,,,,
83228,2003-06-03,,,,,,,
83230,1978-05-19,,,,,,,
83233,1982-05-06,,,,,,,
83235,1970-01-01,,,,,,,
8326,2003-04-18,2.0E7,,,,,,
8327,1973-05-01,,,,4.25,2,0.3535533905932738,2011-06-04
83271,2000-08-11,,,,,,,
83272,2011-08-03,,,,,,,
83288,1995-07-11,,,,,,,
8329,2007-04-10,1500000.0,3.0448E7,2.8948E7,,,,
83292,1990-01-01,,,,,,,
83295,1975-03-01,,,,,,,
83299,2005-01-01,,,,,,,
833,1952-01-20,,,,2.625,4,1.4930394055974097,2011-02-20
83342,2011-12-28,,,,,,,
83345,2010-11-04,,,,,,,
83346,1988-01-01,,,,,,,
83354,1957-03-22,,,,,,,
83361,1998-02-23,,,,3.5,1,,2011-01-28
8337,1988-11-23,4000000.0,1.3008928E7,9008928.0,3.6666666666666665,9,0.6123724356957945,2011-01-28
83384,2011-09-05,,,,,,,
83388,2011-06-07,,,,,,,
83389,2011-07-16,,,,,,,
834,2006-01-12,,1.11340801E8,,3.0,1,,2005-03-23
8340,2005-01-07,,,,3.6666666666666665,3,0.7637626158259733,2014-07-24
83401,2010-05-12,,,,,,,
83403,2011-01-01,,,,,,,
8341,2001-01-01,3000000.0,,,4.5,2,0.7071067811865476,2005-03-29
83413,1972-01-01,,,,,,,
83430,2009-11-25,,,,,,,
83443,2011-09-08,,,,,,,
83451,1980-01-01,,,,,,,
83456,2011-12-29,,1.7808683E7,,,,,
83459,1982-03-08,,,,,,,
8346,2002-02-22,5000000.0,3.68744044E8,3.63744044E8,,,,
83479,2011-09-23,,,,,,,
8348,1974-05-23,,2.17E7,,,,,
83481,2010-10-22,,,,,,,
83486,1982-01-01,,,,,,,
83500,2000-12-01,,,,,,,
83501,1992-11-07,,,,,,,
83524,1989-01-21,,,,,,,
83539,1960-06-27,,,,,,,
83540,2011-08-16,,,,,,,
83542,2012-10-26,1.02E8,1.30482868E8,2.8482868E7,,,,
83552,2011-09-27,,,,,,,
83562,1983-03-18,,,,,,,
83564,2011-01-01,,,,,,,
83566,2008-07-28,2.0,,,,,,
83567,1996-04-01,,,,,,,
8357,2004-04-23,,1.0E7,,,,,
83579,1983-11-03,,,,,,,
83587,2009-08-09,,,,,,,
83588,2012-10-12,,,,,,,
83589,2012-01-22,,,,,,,
8359,2008-07-02,,,,,,,
83593,1998-03-04,,,,,,,
83614,1993-02-01,,,,,,,
8363,2007-08-17,,1.21463226E8,,2.0,4,0.9128709291752769,2014-02-02
83633,1936-10-23,,,,,,,
83651,1975-04-01,,,,,,,
8366,2001-07-11,,,,3.3333333333333335,15,1.096531327587567,2011-01-28
83664,1951-11-27,,,,,,,
83666,2012-05-16,1.6E7,6.8263166E7,5.2263166E7,,,,
83670,1951-05-23,,,,,,,
837,1983-02-04,,2120439.0,,3.6666666666666665,18,0.7071067811865476,2016-05-08
8371,2008-04-09,,,,3.2,20,1.043778560907689,2016-10-16
83714,1994-03-04,,,,,,,
83716,2010-06-09,,,,,,,
83718,1994-09-09,,,,,,,
83721,2011-12-22,1.5E7,,,,,,
83726,1987-02-27,,,,,,,
83727,2011-07-15,,,,,,,
83728,2012-04-27,,,,,,,
83729,2012-01-11,,,,,,,
8373,2009-06-19,1.5E8,8.36297228E8,6.86297228E8,2.45,10,1.0394977419675118,2016-05-08
83735,2011-03-19,1000000.0,,,,,,
83738,2012-01-27,,,,,,,
8374,1999-01-22,6000000.0,30471.0,-5969529.0,,,,
83750,1954-06-19,,,,,,,
83761,1992-09-01,,,,,,,
83765,1952-02-02,,,,,,,
83785,2006-11-24,,,,,,,
83788,1965-07-07,,,,,,,
838,1973-08-01,777000.0,1.4E8,1.39223E8,3.817073170731707,41,0.8642633970683911,2014-01-15
83801,2011-09-07,6965576.0,,,,,,
83802,1980-05-23,,,,,,,
83816,1937-04-16,,,,,,,
83817,1930-09-20,,,,,,,
8382,2005-09-13,,,,,,,
83827,2004-10-21,,,,4.0,1,,2015-03-09
83831,1973-04-18,,,,,,,
83834,1977-06-02,,,,,,,
83838,1948-04-02,,,,,,,
83857,1980-01-18,,,,,,,
83860,2011-10-30,,5355847.0,,,,,
83869,2013-06-21,,,,,,,
83876,1978-09-13,,,,,,,
8388,1986-12-12,2.5E7,,,4.0,1,,2008-01-04
83880,2011-12-08,,,,,,,
83890,2013-01-18,,134634.0,,,,,
83896,2011-12-20,,,,,,,
83899,2011-09-10,,1.4347E7,,,,,
83900,2011-12-06,5000000.0,,,,,,
83907,2011-04-22,,,,,,,
83909,1982-03-27,,,,,,,
8392,1988-04-16,,,,2.0,1,,2004-06-29
8393,1980-09-10,5000000.0,6.0E7,5.5E7,,,,
83944,2010-12-18,,,,,,,
83957,1965-08-23,,,,,,,
83965,1999-05-15,,,,,,,
8398,2007-01-19,1.0E7,2.5399945E7,1.5399945E7,,,,
83980,1974-11-13,7.0,,,,,,
83989,1928-12-25,,,,,,,
83994,1996-05-01,,,,,,,
83995,1960-03-10,,,,,,,
840,1977-11-16,2.0E7,3.03788635E8,2.83788635E8,3.5,2,0.7071067811865476,2000-11-22
84001,1986-01-01,,,,,,,
84002,1998-05-20,,,,,,,
84012,2009-11-11,,,,,,,
84016,2009-08-09,,,,,,,
84026,2002-12-18,,,,,,,
84030,1979-09-30,,,,,,,
84035,1960-11-30,,,,,,,
84038,1932-04-18,,,,,,,
84056,2008-06-27,,,,,,,
84058,1957-08-25,,,,,,,
84060,1995-05-05,,,,,,,
84071,1989-09-15,,337812.0,,,,,
84084,1944-08-01,2995000.0,2000000.0,-995000.0,,,,
84085,1942-08-21,,,,,,,
84086,1941-11-01,,,,,,,
84087,1941-07-25,,,,,,,
84090,1938-10-29,,,,,,,
84094,2010-05-29,,,,,,,
84097,1934-09-15,,,,,,,
84099,1934-07-21,,,,,,,
8410,2005-09-05,,,,4.0,1,,2004-06-21
84104,1974-08-02,,,,,,,
84105,2012-01-13,,,,,,,
84116,1984-08-03,,,,4.0,1,,2016-07-22
84119,1961-05-23,,,,,,,
8414,2007-01-20,,,,,,,
84140,2005-09-23,,,,,,,
8415,1989-01-01,,,,,,,
84154,2011-11-19,,,,4.0,1,,2015-05-23
8416,1970-10-21,,,,,,,
84169,2012-06-14,,181107.0,,,,,
84170,2011-11-23,,,,,,,
84171,2012-07-23,,,,,,,
84172,2011-10-05,,,,,,,
84173,2012-01-23,,,,,,,
84175,2012-06-29,1800000.0,2.1107746E7,1.9307746E7,,,,
84177,2011-11-19,,,,,,,
84178,2012-01-21,,,,,,,
84179,2012-01-21,110.0,,,,,,
84180,2012-11-30,,,,,,,
84184,2012-08-03,,3094813.0,,,,,
84185,2012-10-01,,1328467.0,,,,,
84186,2012-07-06,,,,,,,
84187,2012-11-09,,,,3.75,6,0.689202437604511,2016-05-08
84191,2013-03-01,,8326.0,,,,,
84192,2012-10-05,,,,,,,
84193,2012-01-20,,,,,,,
84195,2013-03-15,,,,,,,
84197,2013-04-19,,,,,,,
84209,1974-02-27,,,,,,,
84214,1952-12-24,,,,,,,
8422,1960-10-06,,,,3.0,1,,2004-06-21
84226,2011-09-15,,,,,,,
84228,2011-09-24,,,,,,,
84254,1981-01-02,,,,,,,
84259,1975-10-08,,,,,,,
84273,1928-11-10,,,,,,,
84274,1929-11-01,,,,,,,
84275,1977-03-25,,,,,,,
84283,2013-01-09,,,,,,,
84287,2012-07-13,,,,,,,
84289,1988-11-01,,,,,,,
84290,2012-02-25,,,,,,,
84296,1931-05-23,,,,,,,
84298,1931-12-26,,,,,,,
84299,1931-08-13,,,,,,,
84300,2012-01-23,,,,,,,
84302,2012-04-25,,,,,,,
84303,1932-09-24,,,,,,,
84306,2012-09-14,,327345.0,,,,,
84312,2012-08-03,,,,1.0,1,,2011-02-22
84317,2012-10-19,,24995.0,,,,,
84318,2012-09-28,,,,,,,
84319,2012-01-30,,,,,,,
84323,2012-11-16,,,,,,,
84324,1974-03-20,,,,,,,
84326,2011-11-19,,,,,,,
84330,2012-10-26,,,,,,,
84333,2012-12-14,,,,,,,
84334,2012-06-30,,,,,,,
84337,1932-12-04,,,,,,,
8434,2002-08-30,,,,,,,
84340,2012-08-24,,,,,,,
84341,2012-09-12,500000.0,376597.0,-123403.0,,,,
8435,2005-07-17,,,,,,,
84350,2012-01-19,,,,,,,
84351,2012-12-25,,,,,,,
84354,2012-03-29,,,,,,,
84365,1948-12-24,,,,,,,
84383,2012-02-09,,,,,,,
844,2004-05-20,1.2E7,1.9271312E7,7271312.0,3.0,1,,1996-11-17
8440,2003-03-21,,,,,,,
84404,2011-04-23,1100000.0,,,,,,
84407,2012-01-20,,,,,,,
8441,2003-01-01,,,,,,,
84419,1946-03-29,,,,,,,
84420,1964-12-19,,,,,,,
84422,1984-12-07,,,,,,,
8443,2005-05-16,,,,,,,
84442,2009-07-08,,,,,,,
84449,2011-12-06,750000.0,,,,,,
8445,1980-07-07,,,,,,,
84450,1974-08-21,,,,,,,
8447,1995-09-10,,,,1.0,1,,2004-06-14
84473,1973-04-12,,,,,,,
84479,2011-11-23,,,,,,,
84505,1932-10-01,,,,,,,
84508,1959-07-01,,,,,,,
8452,2000-11-17,,9.6085477E7,,,,,
84520,2010-01-01,,,,,,,
84540,1952-02-13,,,,,,,
8456,2008-03-04,2.0E7,4.1627431E7,2.1627431E7,,,,
84562,2010-07-23,,,,,,,
84567,1956-10-11,,,,,,,
8457,2008-03-20,4.0E7,,,,,,
84584,1964-06-27,,,,,,,
84586,1998-06-26,,,,,,,
846,1998-06-19,6.6E7,1.89198313E8,1.23198313E8,4.0,3,0.0,2000-11-20
8460,2002-04-09,3800000.0,,,3.75,2,0.3535533905932738,2005-04-02
84601,1951-07-28,,,,3.5,5,0.9354143466934853,2016-07-29
84617,1965-12-31,,,,,,,
84626,1988-10-19,,,,,,,
8463,1988-01-01,,4865997.0,,2.5,1,,2004-12-08
84636,1968-06-01,,,,,,,
84643,1967-01-28,,,,,,,
84655,1958-02-11,,,,,,,
84658,1973-02-08,,,,,,,
8467,1994-12-16,1.6E7,2.47275374E8,2.31275374E8,,,,
8468,1991-09-05,,,,,,,
84693,1981-02-28,,,,,,,
847,1988-05-01,3.5E7,5.7269863E7,2.2269863E7,,,,
8470,2002-02-15,3.6E7,1.0224477E8,6.624477E7,,,,
84701,1945-05-03,,,,,,,
84710,1944-06-01,,,,,,,
84720,1946-10-01,,,,,,,
84724,1985-11-01,,,,,,,
84727,1999-08-14,,,,,,,
84728,1972-11-09,,,,,,,
84730,2001-12-06,,,,,,,
84734,1952-10-01,,,,,,,
84741,2009-07-12,,,,,,,
84765,1977-01-01,,,,,,,
84777,1984-11-16,,,,,,,
84784,1982-04-01,,,,,,,
84797,2011-11-30,,,,,,,
848,1981-06-26,1.8E7,1.4110013E7,-3889987.0,3.4545454545454546,11,1.0357254813546264,2016-04-16
84805,1977-10-24,,,,,,,
84827,2006-03-12,,,,,,,
84831,1983-03-11,,,,,,,
84839,1969-11-19,,,,,,,
84844,1968-04-02,,,,4.1,5,1.2449899597988732,2015-11-13
84847,1973-12-18,,,,4.0,2,0.0,2012-09-26
84848,2006-02-01,478000.0,,,,,,
84857,2011-08-18,,,,,,,
84858,2012-01-25,1.1097E7,4.9028E7,3.7931E7,,,,
84865,2006-10-20,,,,,,,
8487,1999-06-29,,2.22104681E8,,2.75,2,0.3535533905932738,2008-01-04
8488,2005-02-10,7.0E7,3.6810042E8,2.9810042E8,,,,
8489,2001-12-11,1.07E8,8.7713825E7,-1.9286175E7,,,,
849,1983-07-29,2.7E7,1.651946E7,-1.048054E7,2.6964285714285716,28,1.242304353135779,2012-11-24
84904,2011-09-14,,,,,,,
84905,1933-05-27,,,,,,,
84906,1933-03-18,,,,,,,
84907,2012-03-09,7500000.0,,,,,,
8491,1989-07-05,,3.0218387E7,,3.5,3,1.3228756555322954,2011-02-13
84911,2003-01-08,,,,,,,
84912,1934-06-29,,,,,,,
84925,2007-07-05,,,,,,,
8494,1993-07-09,,,,,,,
84944,1952-07-25,,,,3.7142857142857144,7,0.3933978962347216,2015-11-11
84954,1926-03-24,,,,3.2916666666666665,12,1.0543919689766346,2016-05-08
84971,1932-12-09,,,,,,,
84986,1983-01-01,,,,,,,
84993,1982-09-30,,,,,,,
84994,1984-01-01,,,,,,,
84997,1984-04-01,,,,,,,
85009,1985-01-04,,,,,,,
85013,1986-12-01,,,,,,,
85014,1983-07-09,,,,,,,
85024,1994-12-13,,,,,,,
85025,2010-11-24,,,,2.75,2,1.0606601717798212,2012-06-03
85033,2011-11-17,,,,,,,
85047,2012-03-02,2640000.0,,,,,,
85050,2012-03-23,,,,,,,
85058,1981-08-21,,,,,,,
8512,1995-09-15,2.7E7,1.6140822E7,-1.0859178E7,,,,
85126,1972-10-04,,,,,,,
85129,1983-09-10,,,,,,,
85163,1988-04-01,,,,,,,
85204,1983-03-17,,,,,,,
85207,2012-03-15,,,,,,,
85221,1908-08-17,,,,,,,
85230,1999-02-09,,,,,,,
85231,1940-05-30,,,,,,,
85236,1974-12-05,,,,,,,
85239,1968-01-01,,,,,,,
85242,1996-06-01,,,,,,,
85247,1994-09-14,,,,,,,
85265,2000-05-10,,,,,,,
85268,1978-11-10,,,,,,,
85277,2006-12-14,800000.0,966214.0,166214.0,,,,
85285,1963-12-04,,,,,,,
85293,1950-11-02,,,,,,,
85325,1977-09-29,,,,,,,
85327,1979-08-01,,,,,,,
85328,1996-07-26,,,,,,,
85330,2007-01-01,,,,,,,
85336,2011-11-09,,,,,,,
85346,1949-12-01,,,,,,,
85349,2011-05-14,,,,,,,
8536,1980-12-04,5.4E7,1.90458706E8,1.36458706E8,,,,
85367,1953-07-31,,,,2.6666666666666665,3,1.1547005383792515,2012-04-16
85373,2012-03-30,,,,,,,
85389,2011-04-29,,,,,,,
85393,2005-11-05,,,,,,,
85394,2008-11-07,,,,4.5,1,,2015-07-16
85398,1969-06-14,,,,,,,
85411,2000-04-24,,,,,,,
85414,2012-03-22,,,,4.020833333333333,24,0.6672325496873774,2016-07-28
85431,2011-03-02,,,,,,,
85434,2011-12-16,,,,,,,
85435,2011-10-14,,2.9007412E7,,,,,
85439,2011-12-23,,,,,,,
85442,1971-09-06,,,,,,,
85444,2011-09-19,2000000.0,,,,,,
85446,2012-07-26,3.3E7,1.40470746E8,1.07470746E8,,,,
85449,2011-09-19,,,,,,,
8545,1998-11-05,,,,,,,
85463,2011-02-27,,,,,,,
85469,2012-04-12,,,,,,,
85472,2002-01-14,,,,,,,
85483,1972-01-21,,,,,,,
85494,1952-10-10,,,,,,,
855,2001-12-28,9.2E7,1.72989651E8,8.0989651E7,,,,
85502,2011-11-24,,,,,,,
85504,1931-10-23,,,,,,,
85510,1963-12-23,,,,2.1666666666666665,6,1.4375905768565218,2015-11-12
85511,1979-04-01,,,,,,,
85514,1958-02-08,,,,,,,
85516,1975-12-01,,,,,,,
85521,1963-01-01,,,,,,,
85525,2011-09-08,,11.0,,,,,
85533,2011-09-09,,,,,,,
85540,1940-09-06,,,,,,,
85542,2011-09-08,,,,,,,
85543,2011-09-02,,,,,,,
85548,1980-12-12,,18.0,,,,,
85549,2011-10-14,,,,,,,
8555,2004-08-10,,,,,,,
85559,1990-09-01,,,,,,,
8556,1998-09-17,,,,,,,
85564,1995-10-23,,,,,,,
85574,1944-07-24,,,,,,,
85581,2012-01-25,,,,,,,
85593,2011-09-01,,,,,,,
85602,1979-08-09,,,,,,,
85609,1964-10-08,,,,,,,
85613,1934-11-02,,,,,,,
85615,1962-08-19,,,,,,,
85633,1973-11-22,,,,,,,
85637,1978-05-02,,,,,,,
85638,1926-08-09,,,,,,,
85639,1955-04-29,,,,,,,
85640,1963-08-21,,,,,,,
85642,1980-10-12,,,,,,,
85643,1984-05-23,,,,,,,
85654,1986-05-09,,,,,,,
85656,2011-10-15,,,,,,,
85658,2007-04-14,,,,,,,
85672,1977-02-18,,,,,,,
85673,1974-06-08,,,,,,,
85677,1943-06-23,,,,,,,
85689,1926-09-05,,,,,,,
85692,1967-07-08,,,,,,,
85693,2006-10-17,,,,,,,
85695,1977-06-23,,,,,,,
85696,2012-03-03,,,,,,,
857,1998-07-24,7.0E7,4.81840909E8,4.11840909E8,,,,
85702,2003-05-03,,,,,,,
85708,2009-02-13,,,,,,,
85709,2010-08-28,,,,,,,
85715,1929-02-25,,,,,,,
85721,2010-10-28,,,,,,,
85729,2011-12-20,,,,,,,
85735,2011-12-10,,,,,,,
85739,2012-01-27,5000000.0,,,,,,
85741,2011-09-28,,,,,,,
85743,2011-05-15,,,,,,,
85753,1993-11-29,,,,,,,
85755,1992-10-30,,,,,,,
85763,1964-09-02,,,,,,,
85768,2011-08-11,,,,,,,
85769,1970-08-31,,,,,,,
85778,1995-11-10,,,,,,,
85787,1981-03-13,,,,,,,
85790,2005-01-01,,,,,,,
858,1993-06-24,2.1E7,2.27799884E8,2.06799884E8,4.4875,200,0.7043252945926443,2016-08-17
85813,2001-02-17,,,,,,,
85814,1944-09-01,,,,,,,
85820,1944-01-01,,,,,,,
85822,2012-08-03,,,,,,,
85834,1963-04-23,,,,,,,
85837,1973-08-01,,,,,,,
85840,1953-09-21,,,,,,,
85841,1953-05-20,850000.0,,,,,,
85844,1948-05-26,,,,,,,
85854,1957-12-01,,,,,,,
8587,1994-06-23,4.5E7,7.88241776E8,7.43241776E8,,,,
85872,2012-03-07,,306724.0,,,,,
85873,2002-10-19,,,,,,,
8588,2006-03-08,,,,,,,
85883,2001-03-09,,,,,,,
85886,1969-03-17,,,,,,,
859,1988-12-16,1.4E7,3.467072E7,2.067072E7,,,,
85901,1961-12-21,,,,,,,
85916,1966-09-01,,,,,,,
85926,1960-06-29,,,,,,,
85942,1969-02-11,,,,,,,
85944,2011-07-01,,,,,,,
85948,1982-09-01,,,,,,,
85959,2009-09-01,,,,,,,
85963,2010-07-02,,,,,,,
85968,1974-05-01,,,,,,,
85971,1974-08-01,,,,,,,
85984,1998-06-19,,,,,,,
86,2006-02-10,6000000.0,,,3.764705882352941,17,1.0914103126634984,2003-04-07
860,1983-06-03,1.2E7,7.9567667E7,6.7567667E7,,,,
86000,2011-10-20,,,,4.75,2,0.3535533905932738,2016-06-27
86049,1972-07-18,,,,,,,
86059,1967-10-31,,5200000.0,,1.0,1,,2016-05-08
86063,2012-01-26,,,,,,,
86077,2006-11-30,,,,,,,
86081,1915-09-12,,,,,,,
86082,1943-01-01,,,,,,,
86084,1944-01-01,,,,,,,
86087,1932-09-23,,,,,,,
86093,1989-08-23,,,,,,,
86097,2009-03-01,,,,,,,
86099,2007-04-26,,,,,,,
861,1990-06-01,6.5E7,2.61317921E8,1.96317921E8,3.5,12,0.6396021490668312,2015-11-05
86133,1976-11-10,,,,,,,
86154,2001-05-24,,,,,,,
86157,1983-08-01,,,,,,,
86168,1963-03-07,,,,,,,
8617,2008-04-10,,1.4796236E7,,3.25,2,0.3535533905932738,2004-12-08
86172,2007-05-11,,,,,,,
86177,1966-11-04,,,,,,,
8618,2006-10-02,,1.3401952E7,,3.6666666666666665,3,0.5773502691896258,2010-09-14
86182,1979-11-01,,,,,,,
8619,2003-11-14,,2.12011111E8,,,,,
86193,1971-04-28,,,,,,,
86207,1981-09-01,,,,,,,
86210,1977-09-02,,,,,,,
86211,1992-04-01,,,,,,,
86223,1989-12-12,,,,,,,
86225,1960-09-04,,,,,,,
86231,1988-02-01,,124880.0,,,,,
86232,1931-08-22,,,,,,,
86234,1974-05-21,,,,,,,
86236,1973-09-18,,,,,,,
86240,1962-04-11,,,,,,,
86241,1976-11-12,,,,,,,
86252,1988-01-01,,,,,,,
86256,1971-01-01,,,,,,,
86258,1951-04-18,,,,,,,
86261,2010-09-16,,,,,,,
86262,2009-05-14,,,,,,,
86266,1998-04-04,,,,,,,
86269,1987-06-01,,,,,,,
86271,1973-01-01,,,,,,,
86274,2011-10-25,,,,,,,
86279,2011-08-05,,,,,,,
86282,2002-04-26,,,,,,,
86283,1979-06-01,,,,,,,
86284,1968-10-23,,,,,,,
86303,1965-10-13,,,,,,,
86304,2011-10-26,,,,,,,
86305,2011-10-16,300000.0,,,,,,
86320,1984-12-03,,,,4.0,6,0.7745966692414834,2016-08-17
86324,2007-08-24,,,,,,,
86326,1989-12-01,,,,,,,
86331,2011-09-14,1344000.0,,,,,,
86332,1978-04-07,,,,3.357142857142857,14,1.027105182026191,2016-07-24
86381,2009-10-14,,,,,,,
86382,1975-11-01,,,,,,,
86391,2011-08-12,,7211180.0,,,,,
864,1993-09-30,,1.54864401E8,,3.5,2,0.7071067811865476,2001-01-06
86404,1982-11-10,,,,,,,
86413,1959-01-01,,,,,,,
8643,2005-09-09,,1.44216468E8,,3.5,4,0.7071067811865476,2016-05-08
86431,1971-11-25,,,,,,,
8645,2008-06-11,6.0E7,1.63403799E8,1.03403799E8,3.676470588235294,17,1.0145993123917847,2015-07-16
86458,1984-10-01,,,,,,,
86463,1980-09-12,,,,,,,
86467,2012-03-09,,8303261.0,,,,,
86482,1966-09-05,,,,,,,
86483,1987-10-01,,,,,,,
86497,1974-12-18,,,,,,,
865,1987-11-13,2.7E7,3.8122105E7,1.1122105E7,4.0,1,,2000-05-20
86500,2008-09-07,,,,,,,
8651,2004-02-10,,,,,,,
86517,2011-11-17,,,,,,,
8652,2008-09-26,,,,,,,
86520,1974-03-09,,,,,,,
86522,2011-02-03,,,,,,,
86531,2007-03-16,,,,,,,
86532,2011-03-27,,,,,,,
86549,2011-06-09,,,,,,,
86556,2007-04-26,,,,,,,
8656,1998-05-08,7.5E7,1.40464664E8,6.5464664E7,3.8333333333333335,3,1.1547005383792515,2014-01-15
86577,2011-04-09,,,,,,,
86608,1954-11-27,,,,,,,
86632,1987-01-01,,,,,,,
86633,1978-05-12,,,,,,,
86640,1985-01-01,,,,,,,
86643,1974-04-19,,,,,,,
86647,1977-07-08,,,,,,,
8665,2002-07-19,,3.5168966E7,,3.7905405405405403,74,0.9326892799075683,2016-08-17
86658,2010-10-27,,,,,,,
86666,1964-05-31,,,,,,,
86667,1958-07-03,,,,,,,
86680,1988-04-22,,,,,,,
86682,1991-01-01,,,,,,,
86685,1999-01-01,,,,,,,
867,1993-05-21,4.0E7,1.163E8,7.63E7,3.0,1,,1996-08-26
86703,2012-01-17,,,,,,,
86705,2012-01-31,,,,,,,
86709,2011-06-07,,,,,,,
86713,2008-02-01,,,,,,,
8672,1999-05-17,,,,3.5,1,,2004-12-08
86726,2011-03-04,,,,,,,
8675,1997-09-06,1000000.0,,,5.0,1,,2004-10-14
86751,2003-01-01,,,,,,,
86759,2011-10-15,,,,,,,
8676,2008-02-07,,1.11231041E8,,,,,
86763,1989-09-16,,,,,,,
86768,1957-01-30,,,,,,,
86785,1965-03-03,,,,,,,
86791,1995-11-01,,,,,,,
86792,2001-11-06,,,,,,,
86814,1977-06-08,,,,,,,
86816,1968-08-21,,,,,,,
86817,2013-05-17,1138340.0,,,5.0,1,,2012-08-05
86819,2011-09-04,,,,,,,
86820,2011-09-07,,17801.0,,,,,
86821,2011-11-01,,,,,,,
86822,2017-04-13,,,,,,,
86823,1960-03-23,,,,,,,
86825,2013-02-28,1.2E7,1.2077441E7,77441.0,,,,
86829,2013-10-06,1.1E7,3.2935319E7,2.1935319E7,,,,
86837,2012-07-01,8900000.0,2.9844753E7,2.0944753E7,,,,
86838,2012-09-07,1.5E7,1.9422261E7,4422261.0,,,,
86868,2012-01-31,2.5496629E7,4.0924982E7,1.5428353E7,,,,
86889,1974-02-08,,,,,,,
8689,1980-02-07,100000.0,,,4.0,1,,2005-10-07
869,2001-07-25,1.0E8,3.6221174E8,2.6221174E8,2.75,4,0.5,2000-06-12
8690,1980-03-19,,,,3.0,1,,2005-09-23
86901,1946-01-19,,,,,,,
86942,1980-03-01,,,,,,,
86959,1989-05-05,,,,,,,
8696,2003-09-02,1.0E7,9.6542059E7,8.6542059E7,,,,
86970,2003-02-23,,,,,,,
86971,2011-12-01,,,,,,,
86975,1977-10-16,,,,,,,
8698,2003-07-11,7.8E7,1.79265204E8,1.01265204E8,,,,
86983,2011-10-21,,,,,,,
86985,2011-11-24,,,,,,,
86990,1946-12-16,,,,,,,
87022,2011-10-12,,,,,,,
87060,1940-04-06,,,,,,,
87061,2011-12-08,,,,,,,
87063,2001-03-02,,,,,,,
87065,1985-01-01,,,,,,,
87081,2008-09-03,,20400.0,,,,,
87090,1987-01-01,,,,,,,
87093,2014-12-24,1.0E7,2.8883511E7,1.8883511E7,,,,
871,1968-02-07,5800000.0,3.3395426E7,2.7595426E7,,,,
87122,1990-02-02,,,,,,,
87123,1934-03-03,,,,,,,
87148,1984-01-01,,,,,,,
87151,1984-06-01,,,,,,,
87169,1995-11-01,,,,,,,
87178,2011-03-12,,,,,,,
872,1952-04-10,,7200000.0,,5.0,1,,2011-06-04
87204,2002-10-04,,,,,,,
87229,2010-03-26,,,,,,,
87233,2002-02-27,,,,,,,
87267,1968-12-08,,,,,,,
87296,1964-04-18,,,,,,,
87311,2011-10-01,,,,,,,
87321,1992-11-12,,,,,,,
87335,1970-10-15,,,,,,,
87339,1992-06-16,,,,,,,
87343,2002-03-17,,,,,,,
8736,2006-06-21,,,,,,,
87368,2011-06-13,4141459.0,201607.0,-3939852.0,,,,
8737,1966-03-30,,,,,,,
8738,1980-01-31,,1.66478E7,,,,,
87380,2011-06-19,,,,,,,
87388,1992-01-05,,,,,,,
87394,2004-11-04,,,,,,,
8740,1988-10-27,,,,,,,
87408,2011-09-07,,,,,,,
87415,1979-11-07,,,,,,,
87417,1973-03-07,,,,,,,
87421,2013-09-02,,9.8337295E7,,,,,
87428,2012-06-14,7.0E7,5.8058367E7,-1.1941633E7,,,,
87436,2013-06-28,,21660.0,,,,,
87440,2012-04-20,,22930.0,,,,,
8748,2007-07-15,,,,,,,
87489,1985-06-21,,,,,,,
87496,2012-09-06,,1.9633027E7,,,,,
87499,2013-05-31,6500000.0,2401510.0,-4098490.0,,,,
875,1932-02-02,,,,4.0,2,0.0,2000-11-22
87503,1970-02-20,,,,,,,
87514,1972-05-24,,,,,,,
87516,2013-11-14,3.0E7,4861022.0,-2.5138978E7,,,,
87531,1947-04-25,,,,,,,
87533,1988-04-20,5000000.0,807947.0,-4192053.0,,,,
87561,1950-01-01,,,,,,,
87567,2013-04-25,3.5E7,2.1819348E7,-1.3180652E7,,,,
87593,2011-01-01,,,,,,,
87612,1939-03-23,,,,,,,
87628,1990-01-01,,,,,,,
8766,1996-03-08,4000000.0,1.6675E7,1.2675E7,,,,
87673,1932-12-16,,,,,,,
8768,1988-12-21,,,,3.5,1,,2004-07-18
87683,2006-05-07,,,,,,,
8769,1983-12-08,,2.12E7,,,,,
877,1932-04-09,,600000.0,,,,,
8770,2008-01-01,,,,,,,
87729,1995-03-31,,2474000.0,,,,,
87737,2011-07-22,,,,,,,
87759,1965-02-10,,,,,,,
8776,1969-11-29,,,,,,,
87774,1975-07-02,,,,,,,
8779,1955-08-04,,,,4.0,1,,2005-03-26
87799,1936-05-25,,,,,,,
87817,2012-02-09,,,,,,,
87818,2013-01-01,6000000.0,3.2438988E7,2.6438988E7,,,,
87820,2011-01-17,,,,,,,
87825,2012-09-21,,,,,,,
87826,2012-10-11,,7.3100172E7,,,,,
87847,2007-02-02,,,,,,,
8785,1965-02-09,,,,3.5,1,,2009-06-21
87851,2009-10-14,,,,,,,
87852,1983-08-31,,,,,,,
87881,1935-03-15,,,,,,,
87884,1974-05-29,,,,3.5,1,,2012-08-05
87897,1974-09-01,,,,,,,
879,1991-12-11,7.0E7,3.00854823E8,2.30854823E8,3.3,5,0.9746794344808963,2006-04-19
87906,1984-03-12,,,,,,,
87911,1936-03-01,,,,,,,
87925,1936-04-27,,,,,,,
87936,1954-07-13,,,,,,,
87943,2005-09-03,,,,,,,
87945,2001-01-19,,,,,,,
87952,2008-03-01,,,,,,,
87953,1981-01-01,,,,,,,
87966,1961-10-31,,,,,,,
87992,2010-10-28,,,,,,,
88,1987-08-21,,2.13954274E8,,2.891304347826087,23,0.8784868413555108,2016-08-17
88012,1963-03-26,,,,,,,
88013,1892-10-28,,,,,,,
88034,1978-04-04,,,,,,,
88036,2012-08-17,1.4E7,2.4637469E7,1.0637469E7,,,,
88042,2012-12-25,2.5E7,1.19772232E8,9.4772232E7,,,,
88057,2010-09-17,,,,,,,
88059,2011-03-18,,,,,,,
88065,1973-10-01,,,,,,,
88067,1991-02-22,,,,,,,
88075,1950-10-14,,,,,,,
881,1992-12-11,4.0E7,2.43240178E8,2.03240178E8,3.0,4,1.1547005383792515,2000-11-22
88107,1992-02-14,,,,,,,
88126,1993-11-26,,,,,,,
8814,2005-10-20,6.0E7,5.5987321E7,-4012679.0,1.0,1,,2016-05-08
88174,1992-08-06,,,,,,,
88176,1951-09-07,,,,,,,
8818,1996-12-14,5.5E7,1.41047179E8,8.6047179E7,,,,
88192,1940-01-03,,,,,,,
88209,1937-12-17,,,,,,,
88224,1996-01-22,500000.0,431326.0,-68674.0,,,,
88264,1967-12-01,,,,,,,
88269,1930-04-11,,,,,,,
8827,2007-09-25,,,,4.357142857142857,7,0.6900655593423541,2010-10-07
88273,2012-03-29,8000000.0,7594693.0,-405307.0,,,,
88274,2010-05-28,,,,,,,
88276,1970-01-01,,,,,,,
88284,2012-03-08,,4129250.0,,,,,
88293,2006-10-21,,,,,,,
883,2003-09-05,,7897645.0,,,,,
88302,1969-01-01,,,,,,,
8831,1994-09-15,2.7E7,1.01646581E8,7.4646581E7,2.5,1,,2005-11-10
88320,1948-01-29,,,,,,,
8833,1984-10-19,,,,3.875,4,0.24999999999999994,2013-01-28
88334,2006-08-18,,,,,,,
88338,1984-02-01,500000.0,,,,,,
88375,1971-12-01,,,,,,,
88376,1960-01-01,,,,,,,
8838,1998-04-03,,,,3.6,5,0.5477225575051661,2011-01-28
8839,1995-05-26,5.0E7,2.87928194E8,2.37928194E8,2.5,1,,2005-03-22
88390,1974-05-17,,,,,,,
88395,1959-11-13,,,,,,,
884,1996-07-17,,,,,,,
88423,1996-03-21,,,,,,,
8843,2000-08-17,3.3E7,1.04155843E8,7.1155843E7,,,,
8844,1995-12-15,6.5E7,2.62797249E8,1.97797249E8,,,,
8845,1992-10-08,3.5E7,1.56563139E8,1.21563139E8,,,,
88451,1982-09-24,,,,,,,
8848,2008-02-28,2.0E7,6.4822796E7,4.4822796E7,2.0,1,,2015-06-10
88486,1970-12-11,,,,,,,
88496,1972-09-10,,,,,,,
885,1928-09-16,,,,2.0,1,,1999-12-17
8850,1994-07-01,2.5E7,4.8063435E7,2.3063435E7,2.5,1,,2004-12-08
8851,1958-09-12,240000.0,,,2.0,1,,2004-08-30
88518,1994-01-01,,,,,,,
8852,1987-10-23,3000000.0,1.4182492E7,1.1182492E7,,,,
88527,1960-06-03,,,,,,,
88528,1960-11-23,,,,,,,
88529,1960-07-05,,,,,,,
88535,1963-01-27,,,,,,,
88557,2011-07-16,,,,,,,
88558,1956-03-01,,,,,,,
88573,2011-09-11,,,,,,,
88580,1968-02-01,,,,,,,
88583,1971-02-23,,,,,,,
8859,2000-12-15,,7.3180723E7,,0.5,2,0.0,2011-04-30
88599,2011-05-13,,,,,,,
88609,1942-04-01,,,,,,,
8866,1996-04-26,,,,2.75,4,1.1902380714238083,2016-05-11
88665,1970-11-28,,,,,,,
8867,1989-10-05,9000000.0,,,,,,
8869,2002-07-17,,,,,,,
887,1946-12-25,2100000.0,2.365E7,2.155E7,,,,
8870,2000-11-10,,3.3463969E7,,3.1,5,0.8215838362577492,2016-05-08
8871,2000-11-17,1.23E8,3.45141403E8,2.22141403E8,3.5,1,,2006-04-04
88727,1998-12-26,,,,,,,
8873,1993-12-10,,4.7965E7,,3.673076923076923,26,1.0093790932281854,2016-08-17
8875,2007-12-07,,,,,,,
8879,1985-06-28,,4.1410568E7,,4.0,5,0.5,2006-02-04
88794,2011-11-09,3.5E7,8.460603E7,4.960603E7,,,,
8880,2009-01-24,,,,3.375,4,1.25,2007-05-12
8881,2008-09-05,3.0E7,,,,,,
88818,1991-04-12,,,,,,,
8883,2008-03-25,6500000.0,,,,,,
8884,2008-10-16,1.2E7,,,4.0,1,,2004-11-11
88844,2011-09-29,,,,,,,
8886,2008-11-20,,,,,,,
88860,1992-12-12,,,,,,,
88863,1998-02-27,,,,,,,
88865,2010-04-01,,,,,,,
88875,1972-12-20,,,,,,,
88893,1991-01-01,,,,,,,
88912,1963-02-13,,,,,,,
8892,2008-05-16,,7356393.0,,4.0,1,,2012-08-06
88920,2012-02-08,,,,,,,
88930,1961-01-01,,,,,,,
88937,1977-03-01,,,,,,,
8895,2008-01-01,,,,,,,
88953,1970-01-01,,,,,,,
8900,2008-05-29,,,,,,,
89008,2011-09-09,,366377.0,,,,,
8902,2008-09-05,,,,,,,
8904,2008-06-24,,,,,,,
8905,2008-05-16,,,,,,,
89056,1977-10-13,,,,,,,
89059,1926-08-06,,,,,,,
89068,2000-10-21,,,,,,,
89070,2012-01-19,,,,,,,
89072,1971-03-01,,,,3.5,1,,2012-01-07
89086,1939-08-18,,,,,,,
8909,2008-06-19,,2.58270008E8,,,,,
89092,1968-11-01,,,,,,,
891,1976-04-04,8500000.0,7.06E7,6.21E7,2.2222222222222223,9,1.092906420717,2015-11-11
89116,2006-01-21,5000000.0,,,,,,
8913,1989-04-21,1.15E7,5.7469467E7,4.5969467E7,,,,
8915,2009-10-22,4.0E7,1.9258519E7,-2.0741481E7,2.0,1,,2009-04-06
89156,2011-06-09,1365068.0,,,,,,
89158,1953-05-21,,,,,,,
8916,1998-10-02,6.0E7,1.71757863E8,1.11757863E8,3.4285714285714284,7,0.6074928962939559,2014-05-25
89185,2012-02-17,,,,,,,
89187,1946-07-22,,,,,,,
89191,2012-03-08,,,,,,,
89199,1970-10-05,,,,,,,
8920,2004-06-10,5.0E7,2.00804534E8,1.50804534E8,3.5,1,,2004-12-08
8923,2005-09-09,,3154346.0,,4.25,2,0.3535533905932738,2012-08-05
89237,2012-02-10,,,,,,,
89242,1964-10-02,85.0,,,,,,
89271,2007-11-02,,,,,,,
89292,1991-09-14,,,,,,,
8930,2008-10-27,88.0,,,3.5,2,1.4142135623730951,2015-07-16
89307,1987-11-15,,,,,,,
8932,2008-05-16,,,,,,,
89325,2012-04-20,,,,,,,
89326,2011-10-14,,,,,,,
8933,2007-12-26,,,,4.666666666666667,3,0.5773502691896257,2015-11-20
89330,1998-11-01,,,,,,,
89333,1995-12-08,,,,,,,
89345,2000-09-12,,,,,,,
89351,1972-04-07,,,,,,,
8938,2008-05-14,,,,4.666666666666667,3,0.5773502691896258,2012-08-05
8940,2008-05-16,,,,,,,
89403,2011-10-21,,,,,,,
8941,2008-05-19,,,,,,,
89417,1972-06-01,,,,,,,
89433,1996-06-25,,,,,,,
8944,2008-10-17,2.5E7,6673422.0,-1.8326578E7,,,,
89445,1969-01-01,100000.0,,,,,,
89453,2005-04-21,,,,,,,
89455,2012-07-25,,1663931.0,,,,,
89456,2011-10-19,,,,,,,
89458,1997-04-19,,,,,,,
89463,1987-05-24,,,,,,,
8948,2009-01-08,,,,2.625,4,1.1086778913041726,2009-03-14
89481,2011-11-18,,,,,,,
89482,2002-03-22,,,,,,,
89484,1960-03-03,,,,,,,
89488,1988-12-15,,,,,,,
89522,1998-03-19,,,,,,,
8953,2004-07-17,2.0E7,,,,,,
89531,2011-02-08,2000000.0,,,,,,
89540,1999-04-01,,,,,,,
89551,1947-07-28,,,,,,,
89571,1982-11-12,,,,,,,
89573,1932-09-18,,,,,,,
89581,1938-03-02,,,,,,,
89584,2012-02-16,1.6E7,,,,,,
89593,2011-08-26,,,,,,,
89595,2012-06-07,,,,,,,
896,1959-05-01,,16000.0,,3.6666666666666665,3,0.5773502691896258,2000-11-20
8960,2008-07-01,1.5E8,6.24029371E8,4.74029371E8,,,,
89606,1957-03-20,,,,,,,
89623,2011-07-28,,,,,,,
89625,1969-07-26,,,,,,,
8963,1995-05-12,,1.57387195E8,,0.5,1,,2006-03-25
89638,2012-05-11,,,,,,,
89645,1947-11-22,,,,,,,
8966,2008-11-20,3.7E7,3.92616625E8,3.55616625E8,3.5357142857142856,14,0.7196229171289243,2015-07-21
8967,2011-05-18,,5.4674226E7,,,,,
8968,2005-02-04,2.0E7,6.7192859E7,4.7192859E7,2.3333333333333335,3,0.7637626158259734,2011-01-28
89704,2010-09-03,,338987.0,,,,,
89708,2011-09-16,4000000.0,,,,,,
89722,2006-09-26,,,,,,,
8973,1995-08-25,,,,3.9375,8,0.4172614801981402,2015-07-16
89743,1985-05-03,,,,,,,
89751,1960-01-01,,,,,,,
89757,1968-08-23,,,,,,,
8976,2005-04-22,3.0E7,4.2886719E7,1.2886719E7,,,,
89774,1999-12-13,,,,3.9,5,0.9617692030835673,2015-02-04
8978,2005-01-19,3.0E7,3.529447E7,5294470.0,,,,
89785,1966-09-05,,,,,,,
898,1962-07-03,2650000.0,3100000.0,450000.0,4.351351351351352,37,0.8808523717972843,2012-06-23
8980,2003-02-07,,,,,,,
89800,2001-03-16,,,,,,,
8981,2004-05-18,,,,3.9210526315789473,19,0.901590537370498,2016-05-09
8982,2005-08-11,6000000.0,2.7165581E7,2.1165581E7,3.5,1,,2009-02-10
89823,2000-08-25,,,,,,,
89825,2010-10-15,,,,,,,
8983,1994-11-03,,,,3.323529411764706,17,0.8649634470345451,2015-06-10
8984,1994-12-09,5.5E7,2.14015089E8,1.59015089E8,2.911764705882353,34,0.9728946829801892,2016-08-18
89847,2010-09-10,,,,,,,
8985,2004-05-01,2000000.0,,,1.7916666666666667,12,1.0966546927595373,2016-08-18
8986,1994-08-31,,1.8137661E7,,4.0,1,,2005-01-26
89868,1997-09-25,137731.0,1778391.0,1640660.0,,,,
89873,2012-04-13,,,,,,,
89888,2012-03-06,,,,,,,
899,1919-05-13,,,,4.1953125,64,0.9024533910490184,2016-04-11
89909,1989-04-14,,147542.0,,,,,
89931,1984-04-06,,,,,,,
8995,2004-11-11,,,,,,,
8996,1990-01-01,,,,,,,
8997,2006-05-23,,,,,,,
89984,1930-05-04,,,,,,,
8999,2005-11-11,2.2E7,5.7479076E7,3.5479076E7,4.0,1,,2005-01-26
89998,1954-07-10,,,,,,,
900,1938-02-18,1073000.0,,,3.9545454545454546,22,0.8578640544577769,2013-06-21
90001,1968-01-01,,,,,,,
90015,1967-10-15,,,,,,,
90019,1978-02-03,,,,,,,
90030,1959-04-22,,,,,,,
9005,2005-11-23,,,,2.5,1,,2004-12-08
90052,2001-03-23,,,,,,,
90056,1912-10-27,,,,,,,
90063,1985-07-30,,,,,,,
90079,1974-05-01,,,,,,,
90092,1974-09-17,,,,,,,
901,1931-01-30,1500000.0,19181.0,-1480819.0,3.9166666666666665,12,0.8747293953855186,2016-02-15
9010,2004-01-01,,,,5.0,2,0.0,2008-10-29
90100,1974-04-24,,,,,,,
90110,1974-07-01,,,,,,,
90120,2001-02-13,,,,,,,
90121,1978-09-01,,,,,,,
90125,2012-04-20,,,,,,,
90147,2011-10-20,,,,,,,
90164,1988-05-01,,,,,,,
9017,2007-03-11,,,,,,,
90171,1997-08-07,,,,,,,
90214,1996-03-04,,,,,,,
9022,2008-02-15,750000.0,,,,,,
90228,1965-02-19,,,,,,,
90231,2012-02-16,500000.0,,,,,,
9025,2001-09-03,,,,,,,
90272,1949-01-01,,,,,,,
9029,2008-05-07,3.5E7,1.7E8,1.35E8,,,,
90291,2010-10-17,,,,,,,
90358,1936-12-11,,,,,,,
9036,2006-02-17,4.0E7,1.20455994E8,8.0455994E7,,,,
90369,2012-05-25,,,,,,,
9037,1982-06-11,,1.5171476E7,,,,,
90376,1993-12-05,,,,3.5,5,0.8660254037844386,2016-07-19
9038,2007-10-05,6.0E7,1.2776665E8,6.776665E7,,,,
9039,2002-09-20,,6916869.0,,,,,
90395,1930-11-23,,,,,,,
9040,1973-12-05,3000000.0,2.98E7,2.68E7,,,,
90406,1956-03-30,,,,,,,
9041,1983-05-11,,,,,,,
90414,1997-01-21,,,,,,,
9042,2005-08-25,3.0E7,1.5007991E7,-1.4992009E7,,,,
9044,2006-04-07,3.1E7,2.8E7,-3000000.0,,,,
9045,2002-02-13,,,,,,,
90465,1943-12-01,,,,,,,
9048,1991-07-18,,,,,,,
90509,1981-06-06,,,,,,,
9051,1979-10-04,,7.4865517E7,,,,,
9053,2006-09-07,,480314.0,,,,,
90532,2011-01-20,,,,,,,
90540,1969-12-18,,,,,,,
90560,1966-10-01,,,,,,,
9058,1994-09-17,,,,,,,
90582,1971-05-12,,,,,,,
9059,1995-01-13,,,,,,,
90603,2012-09-07,,,,2.5,1,,2012-09-30
9061,1995-02-17,,,,,,,
90617,1972-11-30,,,,,,,
9062,1970-12-16,2200000.0,1.364E8,1.342E8,,,,
9064,1988-12-23,3000000.0,1.2090735E7,9090735.0,,,,
9065,1991-05-11,,,,,,,
90659,2005-04-26,,,,,,,
90682,2011-06-23,,,,,,,
907,1965-12-22,1.1E7,1.11858363E8,1.00858363E8,4.090909090909091,11,0.943879807448539,2003-03-25
90715,1972-07-31,,,,,,,
90726,1967-08-18,,,,,,,
9073,1995-07-19,,,,,,,
9074,2005-09-08,,1.2382362E7,,,,,
9075,2006-09-01,2.1E7,2.6193068E7,5193068.0,,,,
9077,1955-12-14,,,,,,,
9078,1963-12-25,3000000.0,2.2182353E7,1.9182353E7,,,,
90785,1997-05-29,,,,,,,
90806,1980-03-01,,,,,,,
9082,2002-02-10,,,,,,,
90829,2008-01-25,,,,,,,
9084,2001-10-04,,,,,,,
90843,2011-09-28,,,,,,,
9085,1989-11-17,3.0E7,6.086487E7,3.086487E7,,,,
90873,2011-04-29,,,,,,,
90888,1989-12-20,,,,2.75,2,0.3535533905932738,2016-09-05
909,1944-11-23,,,,3.803030303030303,33,1.1105980507379933,2013-01-28
9091,1995-12-22,3.5E7,6.4350171E7,2.9350171E7,,,,
9092,1997-07-18,2.6E7,,,,,,
90928,1997-03-04,,,,,,,
9093,2002-09-08,3.5E7,2.9882645E7,-5117355.0,,,,
90930,1963-05-29,,,,,,,
90944,1972-12-20,,,,,,,
9095,1996-02-23,4.7E7,1.2379402E7,-3.4620598E7,,,,
90955,1949-04-27,,,,,,,
90966,1947-10-07,,,,,,,
90967,1979-02-09,,,,,,,
90968,1952-11-28,,,,,,,
90974,1971-07-16,,,,,,,
9098,1996-05-30,,,,,,,
90980,1948-02-03,,,,,,,
9099,1996-03-29,,,,,,,
90992,2010-08-28,,,,,,,
91,1933-12-01,20000.0,,,,,,
9100,1996-05-03,1.5E7,2.4769466E7,9769466.0,,,,
91007,1995-06-28,,13.0,,,,,
9101,1996-03-01,,,,,,,
91010,2012-03-09,,,,,,,
91018,2012-02-03,,,,,,,
9102,1995-09-08,2.0E7,5781885.0,-1.4218115E7,,,,
9103,1996-04-19,3.0E7,5.7400547E7,2.7400547E7,,,,
91030,2012-08-15,,,,,,,
91041,1990-12-26,,,,,,,
91060,1966-08-11,,,,,,,
91063,1967-04-14,,,,,,,
91067,2010-09-06,,,,,,,
91073,2010-09-10,6200000.0,4820000.0,-1380000.0,,,,
911,1940-11-29,,,,4.111111111111111,27,0.8006407690254357,2016-07-23
91101,2012-10-18,,,,,,,
91122,2009-09-19,,,,,,,
91181,1932-09-16,,,,,,,
91198,2007-08-21,,,,,,,
91205,,750000.0,,,,,,
91207,1991-09-26,,,,,,,
91217,1990-02-02,,,,,,,
91245,1953-03-06,,,,,,,
91255,1972-11-17,,,,,,,
91259,1975-12-01,,,,,,,
91261,1966-01-01,,,,,,,
91262,1949-01-01,,,,,,,
91266,2008-01-01,,,,,,,
913,1999-08-06,4.8E7,1.24305181E8,7.6305181E7,4.387096774193548,62,0.6800395048716985,2014-11-16
91314,2014-06-25,2.1E8,1.091405097E9,8.81405097E8,,,,
91322,2011-01-28,,,,,,,
91325,2011-01-01,,,,2.0,1,,2012-02-04
91334,2010-07-28,,,,,,,
91339,1993-01-01,,,,,,,
91352,2011-04-22,,,,,,,
91356,2011-09-10,,,,,,,
91380,1957-03-22,,,,,,,
91390,1993-09-16,,,,,,,
91391,2009-03-01,,,,,,,
91396,1991-01-01,,,,,,,
914,1940-10-15,2000000.0,1.1E7,9000000.0,3.6470588235294117,51,1.054960272460811,2016-02-15
91410,2005-03-22,,,,,,,
91443,2010-10-26,,,,,,,
91456,1954-02-22,,,,,,,
91459,1974-01-01,,,,,,,
91470,1930-03-26,,,,1.5,1,,2014-10-05
91471,1975-03-04,,,,,,,
91477,1954-05-07,,,,,,,
91480,1927-08-13,,,,,,,
91487,1972-12-30,,,,,,,
91527,,,,,,,,
91548,1993-03-17,,,,4.0,1,,2014-02-06
91549,2011-09-06,,3838.0,,,,,
91563,2005-09-12,,,,,,,
91571,1972-09-15,,,,,,,
91586,2013-09-12,5000000.0,,,,,,
916,1968-10-17,,4.2300873E7,,4.019230769230769,26,0.9537375868735513,2016-06-27
91603,1997-01-01,,,,,,,
91607,1971-06-15,,,,,,,
91618,1973-06-01,,,,,,,
91624,1978-04-20,,,,,,,
91627,1973-01-05,42500.0,,,,,,
91683,1989-04-14,,,,,,,
91690,2011-11-16,,,,5.0,1,,2016-08-28
91691,1986-09-26,,,,,,,
91694,2012-02-12,,,,,,,
91737,1969-08-06,,,,,,,
91739,2012-09-08,,,,,,,
91781,1980-09-12,6000000.0,,,,,,
91796,1965-11-16,,,,,,,
918,1987-03-27,1.8E7,3.9321715E7,2.1321715E7,3.5714285714285716,14,1.1069212823298344,2012-06-23
91873,1975-11-16,,,,1.5,1,,2013-06-15
91878,1977-01-11,,,,,,,
91891,1972-11-10,,,,,,,
91893,1919-10-03,,,,,,,
91901,1979-05-09,,,,,,,
91902,2011-09-10,,,,,,,
91908,2005-03-08,,,,,,,
91911,2010-04-23,250000.0,23859.0,-226141.0,,,,
91913,2011-09-30,,,,,,,
91921,2012-02-23,,,,,,,
91930,2011-04-30,,,,,,,
91950,2010-11-19,,,,,,,
91961,1931-08-22,,,,,,,
92,1998-08-12,,,,3.5416666666666665,12,0.8908201872772114,2006-02-08
920,2006-06-08,1.2E8,4.61983149E8,3.41983149E8,4.044117647058823,68,0.9763444389991323,2016-08-17
92000,2012-03-05,1.0E7,,,,,,
92011,1997-10-28,,,,,,,
92060,1983-12-02,,,,,,,
9208,1996-02-09,5.0E7,1.50270147E8,1.00270147E8,,,,
92108,2011-10-14,1689118.0,,,,,,
92117,2011-10-06,,,,,,,
92119,2010-03-10,,,,,,,
92168,1931-12-17,11909.0,,,,,,
92171,1998-01-01,,,,,,,
922,1995-12-23,,,,4.294871794871795,39,0.9156386088835883,2016-06-27
92254,1939-03-24,,,,,,,
92257,1937-09-09,,,,,,,
92269,1970-03-04,,,,,,,
92285,1975-09-26,,,,,,,
92286,2010-01-29,,,,,,,
92287,1972-06-19,,,,,,,
92292,1971-12-22,,,,,,,
923,1978-09-02,,5.5E7,,4.2,85,0.9549370460427021,2016-08-30
92309,1976-12-24,,,,2.5,2,0.7071067811865476,2016-06-22
92321,2011-09-17,,,,,,,
92331,1989-01-01,,,,,,,
92341,1932-08-12,,,,,,,
92348,2002-03-15,,,,,,,
92371,1992-07-02,,,,,,,
92381,1996-08-02,,,,,,,
92389,1973-07-25,,,,,,,
92393,2012-04-27,,,,,,,
92397,2011-01-01,,,,,,,
92398,2011-10-22,,,,,,,
92399,1944-07-04,,,,,,,
92401,1953-08-11,,,,,,,
92413,1932-11-03,,,,,,,
92424,2011-11-23,,,,4.0,1,,2012-08-05
92432,1965-09-15,,,,,,,
92459,1946-11-04,,,,,,,
92464,2010-01-09,,,,,,,
92465,2001-03-30,350000.0,,,,,,
92469,1985-05-30,,,,,,,
92473,2011-11-05,,,,,,,
92475,1934-11-06,,,,,,,
92484,2012-03-08,,,,,,,
92493,2011-09-10,,,,,,,
92496,1989-08-17,,,,2.5,1,,2015-06-10
92499,2011-12-01,,,,,,,
925,1989-06-30,6500000.0,3.7295445E7,3.0795445E7,,,,
92501,2003-06-27,,,,,,,
92506,2012-03-14,,,,,,,
9252,1987-07-16,,,,,,,
9255,1993-05-21,2.5E7,1.33752825E8,1.08752825E8,,,,
92572,1967-09-20,,,,,,,
92586,1960-11-24,,,,,,,
92591,2012-04-27,,9206470.0,,,,,
9260,2002-05-24,1200000.0,,,,,,
92603,1997-03-19,,,,,,,
9262,2008-04-30,,,,,,,
92620,2000-02-05,,,,,,,
9263,1995-10-20,,2.74E7,,,,,
92657,1998-10-01,,,,,,,
92662,2011-05-01,,,,,,,
92663,1988-01-01,,,,,,,
92667,1935-05-18,,,,,,,
9267,1971-09-28,,,,,,,
92670,1971-11-13,,,,,,,
92673,1963-11-29,,,,,,,
92675,1992-10-16,,,,,,,
9268,1996-06-21,,2.42295562E8,,,,,
92681,1998-01-09,,,,2.5,1,,2016-05-08
92690,1970-10-22,,,,,,,
927,1984-06-07,1.1E7,1.53083102E8,1.42083102E8,4.5,5,0.7071067811865475,2004-10-28
9270,2005-01-30,475000.0,3919254.0,3444254.0,,,,
92705,1968-09-04,,,,,,,
9271,1995-08-04,3.0E7,2.4048E7,-5952000.0,,,,
92716,1969-06-18,,,,,,,
92727,1987-01-01,,,,,,,
9273,1995-11-10,3.0E7,2.12385533E8,1.82385533E8,,,,
9276,1998-12-25,1.5E7,4.0283321E7,2.5283321E7,,,,
92769,1995-10-03,,,,,,,
9277,1973-12-25,5500000.0,1.59616327E8,1.54116327E8,,,,
92779,1992-05-28,,,,,,,
9278,1992-01-17,,,,,,,
92780,2010-11-19,,,,,,,
92796,1949-08-19,,,,,,,
92798,1968-09-16,,,,,,,
9280,2002-11-06,3.5E7,1.683891E7,-1.816109E7,,,,
92802,1985-08-30,,,,,,,
92804,1970-10-21,,,,,,,
92809,1957-12-31,,,,,,,
9282,2003-05-16,6000000.0,,,,,,
9283,1996-02-09,,,,,,,
92837,2012-04-20,,,,,,,
9285,2000-05-19,1.6E7,1.19754278E8,1.03754278E8,,,,
9286,2006-02-10,2.5E7,1.17719158E8,9.2719158E7,,,,
9287,1994-11-25,,,,,,,
9289,1962-09-25,,5.01E7,,,,,
929,1998-05-20,1.3E8,3.79014294E8,2.49014294E8,3.8,5,0.4472135954999579,2005-03-29
9291,2005-05-19,8.2E7,1.90320568E8,1.08320568E8,,,,
9292,1991-05-23,6.5E7,1.721808E7,-4.778192E7,,,,
92927,1968-11-14,,,,,,,
92931,1991-01-06,,,,,,,
9294,1996-07-05,3.2E7,1.52036382E8,1.20036382E8,,,,
92943,1996-12-30,,,,,,,
92950,1935-08-15,,,,,,,
92968,2011-02-10,,,,,,,
9297,2006-07-21,7.5E7,1.40175006E8,6.5175006E7,,,,
9298,2002-03-21,,,,,,,
92983,1962-06-06,,,,,,,
92988,1996-01-01,,,,,,,
92989,1984-11-24,,,,,,,
92990,1984-08-19,,,,,,,
93,1959-07-01,,,,2.227272727272727,11,0.9317627477967866,2006-03-28
93006,1956-06-01,,,,,,,
9301,2000-10-12,,,,,,,
9303,1996-09-13,4500000.0,7011317.0,2511317.0,,,,
9304,1996-07-19,4.5E7,,,,,,
93041,1948-01-21,,,,,,,
9306,1996-08-23,4.0E7,4.9627779E7,9627779.0,,,,
93061,1956-03-21,,,,4.5,1,,2016-08-03
93064,1973-01-01,,,,,,,
93072,1967-03-01,,,,,,,
93077,2012-04-24,2500000.0,,,,,,
93084,2011-09-09,,21291.0,,,,,
93087,2011-09-11,,,,,,,
93091,2012-07-06,1.0E7,,,,,,
931,1973-12-03,1500000.0,,,3.8125,16,0.9105858919765156,2006-05-27
9310,2006-03-04,1.7E7,7314027.0,-9685973.0,,,,
93115,2004-07-13,,,,,,,
93116,1987-01-01,,,,,,,
9313,1998-03-12,,,,,,,
93142,1974-08-23,,,,,,,
9315,2005-09-22,5.5E7,2.23387299E8,1.68387299E8,,,,
9316,2003-01-21,,15.0,,,,,
9317,1981-12-02,,,,,,,
93178,2011-05-07,,,,,,,
9318,1986-12-03,,,,,,,
93193,1962-08-21,,,,,,,
9320,1998-08-13,,4.8585416E7,,,,,
9321,1998-11-12,,,,,,,
93215,1983-11-04,,,,,,,
9322,1990-02-21,,5000000.0,,,,,
93222,2012-03-16,,,,,,,
9323,1995-11-18,,2287714.0,,,,,
9326,1984-03-30,1.0E7,8.6572238E7,7.6572238E7,,,,
93263,1986-09-19,,,,,,,
9327,1996-06-26,5.4E7,1.28769345E8,7.4769345E7,,,,
93289,1973-01-01,,,,,,,
9331,1994-08-03,6.2E7,2.15887717E8,1.53887717E8,,,,
9333,1996-09-20,,4.7267001E7,,,,,
93335,1943-04-13,,,,,,,
93338,1969-03-01,,,,,,,
9334,2002-04-16,6.0E7,1.6533318E8,1.0533318E8,,,,
9336,1984-03-22,4500000.0,1.46198896E8,1.41698896E8,,,,
9337,2001-03-29,,,,,,,
93394,2011-01-01,5000000.0,,,,,,
934,1955-04-13,,460226.0,,3.5833333333333335,24,0.816496580927726,2014-07-13
9340,1985-06-06,,6.1503218E7,,,,,
9342,1998-07-16,9.5E7,2.50288523E8,1.55288523E8,,,,
93427,1961-10-10,,,,,,,
9343,1982-03-04,7362000.0,,,,,,
93440,2003-10-01,,,,,,,
9345,2006-10-06,,,,,,,
93456,2013-06-25,,9.70761885E8,,,,,
9346,1983-08-05,6200000.0,6.3541777E7,5.7341777E7,,,,
93461,2001-12-26,,,,,,,
9348,1995-07-07,3.5E7,1.13374103E8,7.8374103E7,,,,
9349,1992-07-10,2.3E7,,,,,,
93498,2010-02-13,,,,4.0,1,,2012-04-11
9350,1993-05-28,7.0E7,2.55000211E8,1.85000211E8,,,,
93511,2006-03-18,9500000.0,,,,,,
93519,1995-07-28,,,,,,,
9352,2004-02-20,,2.0796847E7,,,,,
9353,2006-06-16,3.2E7,8.0197993E7,4.8197993E7,,,,
9355,1985-06-29,1.2305523E7,3.6230219E7,2.3924696E7,,,,
93553,2000-11-08,,,,,,,
93556,2011-01-01,,,,,,,
93560,1949-05-26,,,,,,,
93562,1953-05-13,,,,,,,
936,1963-12-19,,1.0878107E7,,3.6923076923076925,13,1.0904597948125203,2011-09-02
9360,1997-04-11,,1.36885767E8,,,,,
9362,1990-01-19,1.1E7,4.8572E7,3.7572E7,,,,
93649,,,,,,,,
9366,1997-02-27,3.5E7,4.1954997E7,6954997.0,,,,
93676,2011-11-02,,,,,,,
93685,2002-10-01,,,,,,,
93715,2010-01-01,,,,,,,
9372,2004-01-17,65000.0,2.8575078E7,2.8510078E7,,,,
9373,2003-10-17,,1.07071655E8,,,,,
93734,,,,,,,,
9374,1992-07-30,5.5E7,1.4902265E8,9.402265E7,,,,
93743,1935-03-15,,,,,,,
9375,2000-06-07,,,,,,,
9377,1986-06-11,6000000.0,7.0136369E7,6.4136369E7,,,,
93775,1952-12-25,,,,,,,
93782,2003-03-15,,,,,,,
9379,1989-07-12,,,,,,,
9382,1995-02-03,2.1E7,2.345E7,2450000.0,,,,
9383,2000-08-04,9.5E7,1.90213455E8,9.5213455E7,,,,
93834,1952-10-03,,,,,,,
93837,2012-01-01,,,,,,,
9384,2004-03-05,6.0E7,1.7026875E8,1.1026875E8,,,,
93840,2012-03-06,,,,3.6538461538461537,13,0.8006407690254356,2016-07-23
93856,2012-05-24,,1.8112929E7,,,,,
93858,2012-02-14,,,,,,,
9386,1993-07-08,4.0E7,1.76997168E8,1.36997168E8,,,,
93862,1970-08-06,,,,,,,
9387,1982-04-02,,7.9114085E7,,,,,
9389,2006-03-16,1.8E7,1831348.0,-1.6168652E7,,,,
93890,1971-10-29,,,,,,,
93891,1962-06-30,,,,,,,
939,1927-10-06,,,,4.0,1,,2000-11-20
9392,2005-07-08,,,,,,,
9393,2004-07-04,4500000.0,3764219.0,-735781.0,,,,
93934,1976-11-17,,,,,,,
9394,1970-12-22,,,,,,,
93946,1996-06-24,,,,,,,
9395,1988-04-08,7500000.0,1.8869631E7,1.1369631E7,,,,
9396,1988-05-19,,2.3960621E8,,,,,
9398,2001-09-28,2.8E7,6.0780981E7,3.2780981E7,,,,
9399,1990-06-07,6000000.0,2.4078196E7,1.8078196E7,,,,
9400,1996-11-06,9000000.0,4.1590886E7,3.2590886E7,,,,
94009,1930-06-06,,,,,,,
9401,1996-09-11,,,,,,,
9404,1996-02-10,,2.1890845E7,,,,,
9405,1997-04-04,3.0E7,,,,,,
94055,1971-09-29,,,,,,,
94065,1937-07-24,,,,,,,
94066,1982-11-19,,,,,,,
94067,1976-03-28,,,,,,,
9409,1993-07-22,,,,,,,
94092,1961-11-08,,,,,,,
941,1987-03-06,,1.20207127E8,,3.875,4,0.6291528696058958,2013-09-15
9410,1998-01-19,2.5E7,5.5494066E7,3.0494066E7,,,,
94105,1990-05-20,,,,,,,
94108,1951-02-10,,,,,,,
9411,1998-01-16,,2.5232289E7,,,,,
94123,1955-06-07,,,,,,,
9413,1997-08-01,1.9E7,4.4332015E7,2.5332015E7,,,,
94135,1959-09-10,,,,,,,
94139,1949-06-10,,,,,,,
9414,1997-11-14,2.0E7,1.3801755E7,-6198245.0,,,,
9416,1997-08-22,,,,,,,
94170,1967-04-26,,,,,,,
94182,1940-05-25,,,,,,,
94196,2012-01-25,,,,,,,
942,1989-07-07,,2.27853986E8,,3.8846153846153846,26,0.8038369524685005,2016-08-05
94201,1970-06-19,,,,,,,
94204,2012-05-03,,525.0,,,,,
94209,1941-11-01,,,,,,,
94214,,,10.0,,,,,
94225,1971-10-18,,,,,,,
9423,1999-01-14,7.5E7,1.401069E7,-6.098931E7,,,,
9424,1998-07-24,,1.7507368E7,,,,,
94248,1973-05-25,,,,,,,
94251,1941-01-24,,,,,,,
9426,1986-08-15,,6.0629159E7,,,,,
94260,1966-09-12,,,,,,,
9427,1997-08-13,3500000.0,2.57850122E8,2.54350122E8,,,,
9429,1998-10-01,,3.0331165E7,,,,,
9431,1996-08-16,1.5E7,5600000.0,-9400000.0,,,,
94329,2011-09-08,1100000.0,4105187.0,3005187.0,,,,
9433,1997-09-06,,4.3312294E7,,,,,
94331,2011-03-12,,,,,,,
9434,1997-04-11,,2.8084357E7,,,,,
94340,2009-08-20,,,,,,,
94344,1922-03-14,,,,,,,
94348,2012-10-18,4.5E7,3.0353232E7,-1.4646768E7,,,,
94352,2012-11-09,,3.4153101E7,,,,,
94356,2012-04-06,,,,,,,
94363,2011-09-10,,,,,,,
94365,2015-05-22,,,,,,,
9437,1997-10-03,,6.0527873E7,,,,,
9438,1997-12-25,3.0E7,,,,,,
9439,1999-10-08,,,,,,,
94393,1960-03-20,,,,,,,
9442,1982-05-21,,1.819617E7,,,,,
94440,1988-12-23,,784990.0,,,,,
9445,1998-10-23,1.4E7,,,,,,
94468,1970-09-23,,,,,,,
94478,2011-09-16,,,,2.25,6,0.6892024376045113,2016-05-08
9448,1998-04-24,1.3E7,2.7007143E7,1.4007143E7,,,,
94480,1958-12-01,,,,1.0,1,,2012-06-29
9449,1997-12-05,2.9E7,,,,,,
9450,1996-11-01,,,,,,,
94502,1984-12-13,,,,,,,
94510,1960-09-02,,,,,,,
9452,1998-05-15,3.0E7,2.9202884E7,-797116.0,,,,
94525,1926-09-24,,,,,,,
94527,1969-01-28,,,,,,,
9453,1979-01-21,,2.343812E7,,,,,
94533,1958-09-03,,,,,,,
9454,1998-07-31,2.6E7,6.5705772E7,3.9705772E7,,,,
94551,1970-10-29,,,,,,,
94563,2012-03-05,3000000.0,,,,,,
9457,1998-01-30,4.5E7,1.1203026E7,-3.3796974E7,,,,
94570,1896-04-01,,,,,,,
9458,1998-01-30,5.0E7,,,,,,
94587,2012-03-05,,,,,,,
94590,2014-07-21,325927.0,,,,,,
946,1948-04-28,,,,4.3,10,0.8232726023485646,2011-01-28
9460,1996-11-07,,,,,,,
94608,1969-12-21,,,,,,,
9461,1973-08-17,850000.0,9.0E7,8.915E7,,,,
9462,1972-06-01,130000.0,8.5E7,8.487E7,,,,
9463,1985-12-21,,,,,,,
9464,1998-01-20,1500000.0,2375097.0,875097.0,,,,
94641,1946-05-26,,,,,,,
94643,1905-07-03,37.0,,,,,,
94649,2001-06-28,,,,,,,
9465,1999-01-22,1.0E7,1.0920544E7,920544.0,,,,
94655,1962-10-03,,,,,,,
94659,1941-03-01,,,,,,,
94663,1966-01-06,,,,,,,
94671,2012-02-13,,14836.0,,,,,
94674,1976-11-29,,,,,,,
947,1962-12-10,,6.9995385E7,,3.6818181818181817,11,0.8447700063546075,2012-06-23
94702,1906-02-24,,,,,,,
9471,2003-06-27,1.2E8,2.59175788E8,1.39175788E8,,,,
9473,1999-06-30,2.1E7,,,,,,
94744,1971-12-09,,,,,,,
94747,1956-05-18,,,,,,,
9476,2001-05-11,,1.17487473E8,,,,,
94771,1995-01-25,,,,,,,
9479,1993-10-09,1.8E7,7.5634409E7,5.7634409E7,,,,
94790,2007-04-28,,,,,,,
94803,1925-11-16,,,,,,,
94809,1976-08-07,,,,,,,
9481,1999-11-04,7.3E7,1.51493655E8,7.8493655E7,,,,
94811,1935-02-09,,,,,,,
94818,2012-05-29,,,,,,,
9482,1995-06-30,9.0E7,1.13493481E8,2.3493481E7,,,,
94831,1950-09-15,,,,,,,
94854,1940-10-08,,,,,,,
9487,1998-11-25,1.2E8,3.63258859E8,2.43258859E8,,,,
94874,1979-03-09,,,,,,,
9488,2002-08-07,3.8E7,1.19723358E8,8.1723358E7,,,,
94881,1945-10-04,,,,,,,
94887,2012-05-17,,,,,,,
94894,1999-01-01,,,,,,,
949,1995-12-15,6.0E7,1.87436818E8,1.27436818E8,3.59375,16,0.898494110535326,2012-06-23
9490,1998-01-16,,1.746002E7,,,,,
94901,2012-02-14,2500000.0,3003.0,-2496997.0,,,,
94904,2012-04-05,3800000.0,,,,,,
9491,1990-03-16,,,,,,,
94917,1961-11-16,,,,,,,
94935,2011-11-04,,,,,,,
9494,1989-10-12,7500000.0,2.96E8,2.885E8,,,,
9495,1994-05-11,1.5E7,9.4E7,7.9E7,,,,
94965,2003-01-15,,,,,,,
94996,2002-02-28,,,,,,,
95,1998-07-01,1.4E8,5.53799566E8,4.13799566E8,3.1774193548387095,93,0.8896908393488822,2016-05-08
950,2006-03-23,8.0E7,6.6094078E8,5.8094078E8,4.205882352941177,17,0.9529366376072009,2013-02-19
95004,1931-11-07,,,,,,,
95006,1981-09-05,,,,,,,
9501,1995-04-23,6100000.0,,,,,,
95012,1952-11-19,,,,,,,
95019,1966-09-09,,,,,,,
9502,2008-06-04,1.3E8,6.3174456E8,5.0174456E8,,,,
9503,2009-10-22,,2.741222E7,,,,,
9506,2003-04-11,7.5E7,1.95745823E8,1.20745823E8,,,,
95060,1958-05-01,,,,,,,
9507,1984-12-14,,,,,,,
95077,1971-10-01,,,,,,,
95093,1981-07-01,,,,,,,
95096,1977-10-19,,,,,,,
9510,2008-12-17,,,,,,,
95108,1972-03-22,,,,,,,
9513,2006-06-15,,1.41702264E8,,,,,
95137,1941-10-01,,,,,,,
9514,1996-06-27,,,,,,,
95140,2003-07-05,5000000.0,,,,,,
9515,2005-05-12,,1.7297244E7,,,,,
9516,1993-05-26,,2.79E7,,,,,
95164,2005-04-12,,,,,,,
95169,1928-02-13,,,,,,,
95190,2003-11-01,,,,,,,
9520,2006-01-04,,,,,,,
9522,2005-07-14,4.0E7,2.85176741E8,2.45176741E8,,,,
9523,2001-10-04,,,,,,,
95243,1978-12-01,,,,,,,
9528,2004-06-14,,2.0377075E7,,,,,
9529,1992-10-16,6000000.0,2.579231E7,1.979231E7,,,,
9532,2000-03-16,,5.3302314E7,,,,,
95348,1929-01-01,,,,,,,
9535,1999-03-05,8.0E7,1.76885658E8,9.6885658E7,,,,
95358,1964-12-25,,,,,,,
9536,1996-01-12,1.5E7,,,,,,
95372,1948-01-01,,,,,,,
9538,1981-01-14,4100000.0,1.4225876E7,1.0125876E7,,,,
95385,2011-10-15,,,,,,,
9539,2008-09-03,6500000.0,,,,,,
954,1996-05-22,,4.57696359E8,,4.225806451612903,31,0.6562355989203289,2012-06-23
9541,2004-03-25,3.5E7,3.6098382E7,1098382.0,,,,
95414,1941-09-26,100000.0,,,,,,
95431,1970-01-01,,,,,,,
95448,2011-10-26,,,,,,,
95453,2001-09-28,,,,,,,
95466,2002-09-05,,,,,,,
9547,1964-04-30,,,,,,,
95493,2000-06-20,,,,,,,
955,2000-05-24,1.25E8,5.46388105E8,4.21388105E8,4.066666666666666,30,0.9976985009764098,2016-08-03
95503,1967-02-18,,,,,,,
95504,1948-12-06,,,,,,,
95506,1962-01-01,,,,,,,
95514,1994-07-30,,,,,,,
95516,2012-03-08,,,,,,,
95536,2003-08-31,,,,,,,
95538,2009-10-06,,,,,,,
9555,2002-02-04,,,,,,,
95552,1941-07-03,,,,,,,
95555,1975-10-03,3500000.0,,,,,,
95560,1932-02-10,,,,,,,
9557,2002-10-01,2.0E7,8586376.0,-1.1413624E7,,,,
9558,1990-07-18,1000000.0,2554476.0,1554476.0,,,,
9559,1993-11-24,3.0E7,1.35130999E8,1.05130999E8,,,,
956,2006-05-03,1.5E8,3.97850012E8,2.47850012E8,3.1666666666666665,3,1.4433756729740645,2003-08-28
95600,1968-02-03,,,,,,,
9563,1999-12-16,5.5E7,1.00230832E8,4.5230832E7,,,,
9564,1999-02-01,,1644060.0,,,,,
95647,2002-09-19,,,,,,,
9565,2000-12-07,,,,,,,
9566,1996-08-15,5.5E7,1.8626419E7,-3.6373581E7,,,,
9567,2003-03-07,7.0E7,8.5632458E7,1.5632458E7,,,,
95675,2011-12-16,,,,,,,
957,1987-06-24,2.27E7,3.8119483E7,1.5419483E7,4.0,1,,2000-10-11
9570,1979-12-18,2.0E7,3.5841901E7,1.5841901E7,,,,
9572,2002-03-13,,,,,,,
95724,1932-04-23,,,,,,,
95730,1989-08-26,,,,,,,
9574,1997-11-26,8.0E7,1.77977226E8,9.7977226E7,,,,
95743,1994-07-29,,,,,,,
95752,1978-02-10,,,,4.5,1,,2012-08-05
95758,2006-04-27,,,,,,,
95771,1979-09-01,,,,,,,
95775,2012-01-27,,,,,,,
95797,1931-09-01,,,,,,,
95807,2011-11-30,,,,,,,
95808,2012-10-19,,,,,,,
9582,2003-01-17,2.0E7,1.7432163E7,-2567837.0,,,,
95820,1993-01-01,,,,,,,
95838,1965-08-08,,,,,,,
9584,1978-06-27,1.2E7,2.2765081E7,1.0765081E7,,,,
95853,2011-08-20,,,,,,,
95854,1933-11-10,,,,,,,
95866,1917-03-05,,,,,,,
9588,1990-10-17,,,,,,,
9589,1981-04-01,,,,,,,
95892,1973-03-01,,,,,,,
95919,2012-02-14,,,,,,,
9592,2006-07-10,,,,,,,
9593,1993-06-18,8.5E7,1.37298489E8,5.2298489E7,,,,
9594,1991-07-31,,3.0102717E7,,,,,
95943,1934-05-14,,,,,,,
95949,1951-08-01,,,,3.5,1,,2014-02-02
95966,1974-04-10,,,,,,,
9597,2001-09-12,,,,,,,
9599,1988-08-05,,8247943.0,,,,,
95990,1980-01-18,,,,,,,
9600,2000-05-31,3.0E7,1.73959438E8,1.43959438E8,,,,
96011,2006-06-18,,,,,,,
96026,2011-04-01,177.0,,,,,,
9603,1995-07-19,,,,,,,
9607,1993-05-28,4.8E7,2.0915465E7,-2.7084535E7,,,,
9608,1999-10-23,,,,,,,
96087,2012-11-16,,,,,,,
96088,2012-03-01,,,,,,,
96089,1965-01-29,,,,,,,
96105,1991-01-01,,,,,,,
96106,1973-08-11,,,,,,,
96107,1941-12-18,,,,,,,
9611,1997-04-25,,2.9235353E7,,,,,
96112,1985-04-20,,,,,,,
9612,1993-07-23,,,,,,,
96129,1973-01-01,,,,,,,
9613,2002-12-13,,,,,,,
96131,1970-11-10,,,,,,,
9614,1996-02-16,1.2E7,4.1205099E7,2.9205099E7,,,,
96147,1993-09-09,,,,,,,
9615,2006-06-03,8.5E7,1.58468292E8,7.3468292E7,,,,
9616,2003-09-05,3.5E7,1.1560806E7,-2.3439194E7,,,,
96161,1930-08-23,,,,,,,
96167,1975-01-18,,,,,,,
96171,1990-01-18,,,,,,,
96175,1941-11-21,,,,,,,
9619,1997-02-07,1.16E8,1.7812776E8,6.212776E7,,,,
962,1925-06-25,,2500000.0,,3.0,2,1.4142135623730951,2000-11-20
9620,2003-12-25,6.0E7,9.6269812E7,3.6269812E7,,,,
9621,2005-10-06,5.7E7,5.2034889E7,-4965111.0,,,,
96218,2002-09-06,,,,,,,
96238,2002-07-12,,,,,,,
96239,2011-08-31,22361.0,721651.0,699290.0,,,,
9625,1996-10-04,4.5E7,,,,,,
9627,1965-12-14,,,,,,,
9629,1966-12-13,,,,,,,
963,1941-11-18,375000.0,1000000.0,625000.0,3.0,2,0.0,2011-01-28
96306,2008-01-08,,,,,,,
9631,1998-07-29,5.0E7,4.4547681E7,-5452319.0,,,,
96334,1967-09-01,,,,,,,
96337,1974-05-19,,,,,,,
96349,1986-05-28,,,,,,,
96357,1995-05-20,,,,,,,
96366,1944-06-16,,,,,,,
96368,1968-08-04,,,,,,,
9637,2002-06-14,8.4E7,2.75650703E8,1.91650703E8,,,,
96382,2002-09-22,,,,,,,
96394,1964-09-05,,,,,,,
96395,1926-10-14,,,,,,,
96398,2012-03-02,,,,,,,
96404,1984-07-01,3000000.0,,,,,,
9641,2005-12-21,6.0E7,1.2918183E8,6.918183E7,,,,
96419,1985-09-08,,,,,,,
9642,2006-04-05,,,,,,,
9643,1997-01-23,,,,,,,
96433,1950-06-25,,,,,,,
9644,1993-02-04,,,,,,,
96460,1975-08-13,,,,,,,
96461,1995-03-10,,304852.0,,,,,
96477,1975-03-27,,,,,,,
9648,2001-10-25,,,,,,,
96482,1931-04-15,,,,,,,
96484,1999-02-19,,,,,,,
96495,2011-01-20,,,,,,,
96496,1983-09-15,,,,,,,
96497,1990-07-06,,,,,,,
965,1942-07-10,,,,3.84375,16,0.6511208285205852,2012-06-23
9650,2007-08-22,,,,,,,
9651,1984-11-19,3.5E7,1.4296438E7,-2.0703562E7,,,,
9652,1975-02-28,,,,,,,
96525,1934-12-13,,,,,,,
96529,1982-02-18,,,,,,,
96535,2012-01-27,,,,,,,
96546,1954-11-05,,,,,,,
9655,2006-03-17,,3.3889159E7,,,,,
96552,2006-10-18,,,,,,,
9657,1985-07-19,,,,,,,
9659,1979-04-12,400000.0,1.0E8,9.96E7,,,,
96594,1987-09-17,,,,,,,
9660,1959-12-05,,6800000.0,,,,,
96600,2012-06-22,,,,,,,
9662,2003-06-11,8000000.0,1477676.0,-6522324.0,,,,
9664,2006-09-22,6.0E7,1.78E7,-4.22E7,,,,
96648,2011-09-12,,,,,,,
9666,2003-08-15,,,,,,,
96664,2012-03-15,,,,,,,
96683,2012-03-17,,,,,,,
9669,1999-01-23,6000000.0,1.8686644E7,1.2686644E7,,,,
96701,1903-06-12,,,,,,,
96702,1933-10-06,,,,,,,
9671,1986-09-26,,3.28203506E8,,,,,
96712,1993-09-13,,,,,,,
96715,1998-01-18,,,,,,,
96716,2000-01-01,,,,,,,
96717,1937-08-30,,,,,,,
9672,2006-11-16,1.3E7,1151330.0,-1.184867E7,,,,
96721,2013-09-02,3.8E7,9.0247624E7,5.2247624E7,,,,
96724,2012-09-06,,6.892915E7,,,,,
9673,1994-11-10,,,,,,,
9674,2000-01-22,6000000.0,,,,,,
9675,2004-10-22,1.6E7,1.09502303E8,9.3502303E7,,,,
96750,2012-03-27,,,,,,,
9676,2006-09-15,5.0E7,4.9111202E7,-888798.0,,,,
96767,1992-12-27,,,,,,,
96771,1931-04-13,,,,,,,
9678,2000-11-10,8.5E7,,,,,,
968,1975-08-11,,4.6665856E7,,4.111111111111111,27,0.655352713801644,2015-06-10
9681,2005-12-25,,3.7691644E7,,,,,
96821,2012-02-11,,,,3.9285714285714284,14,0.7809546144880057,2016-06-26
96828,1959-12-11,,,,,,,
9684,1999-12-03,,,,,,,
96846,1966-11-13,,,,,,,
9685,2002-09-13,9000000.0,4777465.0,-4222535.0,,,,
96872,1991-01-01,,,,,,,
9688,2004-10-29,,2.0085825E7,,,,,
96882,1888-01-01,,,,,,,
9690,2003-07-03,,,,,,,
96906,1991-02-11,,,,,,,
9691,1995-10-06,,3.0303072E7,,,,,
96921,1991-04-03,,,,,,,
9693,2006-09-22,7.6E7,6.9959751E7,-6040249.0,,,,
9694,2003-11-03,,,,,,,
9695,2006-01-20,,,,,,,
96951,1923-02-15,350000.0,,,,,,
9696,2001-12-22,1400000.0,,,,,,
96966,1981-09-18,,,,,,,
9697,2006-07-21,7.5E7,4.2285169E7,-3.2714831E7,,,,
96973,2012-05-04,,,,,,,
9698,1986-01-01,,,,,,,
96987,2012-07-06,,,,,,,
9699,1982-12-03,,9056073.0,,,,,
96999,2012-04-10,,,,,,,
97,1982-07-09,,3.3E7,,3.875,8,0.6943650748294135,2016-08-17
97006,2013-03-29,,,,,,,
97020,2014-01-30,1.2E8,2.42688965E8,1.22688965E8,,,,
9703,2007-04-19,6.7E7,2.5303038E7,-4.1696962E7,,,,
97032,1982-02-17,,,,,,,
97035,1988-09-09,,,,,,,
97038,1998-05-13,,,,,,,
97039,1990-08-01,,,,,,,
97044,1992-11-01,,,,,,,
9705,2001-06-07,,1.47080413E8,,,,,
9707,2002-06-09,1000000.0,,,,,,
97082,2011-12-01,,,,,,,
9709,2004-08-20,,,,,,,
9711,2004-11-26,,,,,,,
97138,2003-05-05,,,,,,,
97149,1958-09-22,,,,,,,
9715,1998-05-29,,,,,,,
9717,1988-02-12,,2.93E7,,,,,
97187,1990-01-01,,,,,,,
9719,2002-06-28,,,,,,,
97193,1941-10-22,,,,,,,
9721,2005-06-28,1.3E7,,,,,,
97211,1955-08-22,,,,,,,
9725,1981-05-01,1250000.0,2.1722776E7,2.0472776E7,,,,
97251,1999-01-01,,,,,,,
9726,2006-09-09,3.5E7,4.2064105E7,7064105.0,,,,
97274,2008-10-27,,,,,,,
9728,1982-08-13,,3.6690067E7,,,,,
9732,1998-10-24,,,,,,,
97340,2012-03-11,,,,,,,
97350,2002-08-30,,25049.0,,,,,
97367,2013-03-20,1.5E7,3.5485608E7,2.0485608E7,,,,
9737,1995-04-07,1.9E7,1.41407024E8,1.22407024E8,,,,
9738,2005-06-29,,3.30579719E8,,,,,
9740,2001-02-08,8.7E7,3.51692268E8,2.64692268E8,,,,
97400,2002-09-13,,,,,,,
9741,2000-11-13,7.5E7,2.48118121E8,1.73118121E8,,,,
97421,1950-08-19,,,,,,,
97430,2012-11-02,,1.5608545E7,,,,,
97449,1996-08-09,,,,,,,
9746,1997-12-25,2.8E7,5684789.0,-2.2315211E7,,,,
9748,1988-03-18,,1.2706478E7,,,,,
9749,1985-05-31,,5.9612888E7,,,,,
9750,2007-08-29,,4.1098065E7,,,,,
97513,1959-01-01,,,,,,,
9753,2005-01-01,9000000.0,,,,,,
97548,2006-03-23,,,,,,,
9755,2005-07-30,,,,,,,
9757,2007-02-08,6.0E7,9.5673607E7,3.5673607E7,,,,
97584,1942-02-01,,,,,,,
9759,2004-09-06,2.5E7,5.6422687E7,3.1422687E7,,,,
97598,1941-12-18,,,,,,,
976,1957-06-27,,,,3.0,2,1.4142135623730951,2000-12-29
9760,2007-01-25,2.0E7,8.6865564E7,6.6865564E7,,,,
97605,2012-03-10,,,,,,,
9761,2006-03-24,,,,,,,
97614,2012-11-08,1.2E7,66351.0,-1.1933649E7,,,,
97618,1996-07-26,,,,,,,
9764,1975-08-02,4000000.0,,,,,,
97643,2002-03-24,,,,,,,
97648,1942-04-02,,,,,,,
9765,1999-10-06,,,,,,,
9768,1990-04-05,,8266343.0,,,,,
97683,2012-10-05,,,,,,,
97686,2013-02-15,,,,,,,
9769,1997-09-27,6.2E7,1060056.0,-6.0939944E7,,,,
97690,2012-01-20,,,,,,,
977,1931-03-18,,,,,,,
9770,1997-11-07,5.0E7,1.0541523E7,-3.9458477E7,,,,
97716,1923-09-15,,,,,,,
9773,2006-04-07,,,,,,,
97732,2013-04-26,,,,,,,
97733,2011-08-31,,,,,,,
97735,1945-10-01,,,,,,,
9775,2003-09-26,,,,,,,
97754,2002-01-11,,,,,,,
9776,2003-01-01,,,,,,,
97767,1942-03-14,,,,,,,
9777,2005-09-05,,7535331.0,,,,,
9778,2001-10-05,2.8E7,7.7516304E7,4.9516304E7,,,,
97784,1958-07-01,,,,,,,
9779,2005-06-01,2.5E7,3.9053061E7,1.4053061E7,,,,
97790,2000-08-22,,,,,,,
97794,2011-11-30,,,,,,,
97797,2007-02-01,1200000.0,,,,,,
97829,1942-05-22,,,,,,,
97831,1975-06-20,,,,,,,
9785,2007-04-27,3.0E7,2.6810113E7,-3189887.0,,,,
9786,2006-11-10,,,,,,,
9787,2005-06-03,2.5E7,1.3411957E7,-1.1588043E7,,,,
97899,2012-03-16,,,,,,,
9792,2006-03-10,1.5E7,6.9623713E7,5.4623713E7,,,,
9793,2007-03-22,1.5E7,,,,,,
97933,2012-01-26,,,,,,,
97938,2013-08-19,,,,3.772727272727273,22,0.7356123579206246,2016-07-23
9794,2006-10-06,1.2E7,3.8368909E7,2.6368909E7,,,,
97942,1981-03-01,74000.0,,,,,,
97943,1993-08-01,,,,,,,
9798,1998-11-20,9.0E7,2.50649836E8,1.60649836E8,,,,
97987,1971-08-05,80000.0,,,,,,
97989,2012-02-01,,,,,,,
97991,1942-06-01,,,,,,,
97995,1921-02-06,,,,,,,
9801,2004-11-10,5.0E7,4.020302E7,-9796980.0,,,,
9802,1996-06-06,7.5E7,3.35062621E8,2.60062621E8,,,,
98025,1975-10-31,,,,,,,
98027,1973-04-12,,,,,,,
9803,2004-10-28,,,,,,,
9804,1995-07-28,1.75E8,2.6421822E8,8.921822E7,,,,
9806,2004-11-05,,6.31442092E8,,,,,
98060,1960-04-05,,,,,,,
98064,2011-11-02,,,,,,,
98069,2012-03-09,,,,,,,
9807,1986-01-01,,,,,,,
98079,1957-05-10,,,,,,,
9809,2006-11-17,,4630045.0,,,,,
9810,1998-12-25,,,,,,,
98115,2010-01-15,,,,,,,
98116,1957-02-01,,,,,,,
9812,1998-09-25,,,,,,,
98120,2012-03-30,,,,,,,
98122,1988-05-06,,,,2.25,2,2.4748737341529163,2016-06-13
98125,1939-09-29,,,,,,,
9813,2005-09-12,900000.0,381420.0,-518580.0,,,,
98130,1979-10-06,,,,,,,
98136,1974-10-06,,,,,,,
9816,2001-01-12,1.3E7,9.1038276E7,7.8038276E7,,,,
98162,2011-11-22,,11229.0,,,,,
9819,1996-12-18,2.3E7,1.2803305E7,-1.0196695E7,,,,
98193,1968-02-02,,,,,,,
982,1962-10-24,8.0E7,9.610591E7,1.610591E7,3.0,4,1.4142135623730951,2000-06-13
9820,1998-07-28,,,,,,,
9821,1998-10-23,,,,,,,
98223,1965-09-24,,,,,,,
9823,1997-11-21,3.0E7,5.1376861E7,2.1376861E7,,,,
98232,2011-09-11,,,,,,,
9824,1999-08-06,6.8E7,2.9762011E7,-3.8237989E7,,,,
98250,2003-03-27,3500000.0,,,,,,
9826,1996-06-06,4.5E7,1.7300889E7,-2.7699111E7,,,,
98262,1942-08-13,,,,,,,
9827,1998-01-23,,5624282.0,,,,,
98273,1968-10-29,,,,,,,
98293,1934-11-02,,,,,,,
983,1975-12-03,,,,,,,
98302,1960-09-23,,,,,,,
98303,2002-08-19,,,,,,,
98308,1988-01-01,,,,,,,
98344,2011-04-09,,,,,,,
98349,2007-09-09,,,,,,,
98355,1980-11-17,,,,,,,
98357,2013-01-18,5.6E7,1.9701164E7,-3.6298836E7,,,,
9836,2006-11-16,,3.84335608E8,,,,,
98368,2012-04-26,,,,,,,
9837,1998-12-15,7.0E7,2.18613188E8,1.48613188E8,,,,
98370,2012-03-10,,,,,,,
98377,1993-05-12,,,,,,,
98398,1932-03-12,,,,,,,
98399,1942-12-31,,,,,,,
984,1971-12-21,4000000.0,3.5976E7,3.1976E7,4.5,2,0.7071067811865476,2015-08-15
9840,1998-09-16,500000.0,,,,,,
9841,2006-10-07,,,,,,,
98438,2006-11-07,,,,,,,
9845,1997-10-31,,,,,,,
98456,2007-07-27,,,,,,,
9846,1985-11-01,,1.7307019E7,,,,,
98480,1999-10-29,,33031.0,,,,,
98487,1943-07-29,,,,,,,
985,1977-03-19,,7000000.0,,,,,
98502,1997-09-17,2000000.0,458815.0,-1541185.0,,,,
98505,1997-12-17,,,,,,,
98507,1964-07-22,,,,,,,
98514,1995-08-04,,,,,,,
98532,2011-11-04,,,,,,,
98536,1932-04-30,,,,,,,
98541,2012-01-01,,,,,,,
98548,2012-06-29,,1.2434778E7,,,,,
98567,2012-12-20,4.8E7,,,,,,
98568,2011-10-22,,,,,,,
98581,2012-03-08,,,,,,,
98582,2012-04-03,3500000.0,,,,,,
98604,2012-02-14,,,,4.0,1,,2015-01-06
98612,2011-09-15,,,,,,,
98622,2005-04-21,,,,,,,
98631,2011-09-06,,,,,,,
98636,1957-07-23,,,,,,,
98644,2011-01-21,,,,,,,
9867,2007-01-22,,,,,,,
9869,1992-06-04,4.5E7,1.78051587E8,1.33051587E8,,,,
9870,2008-04-17,,1.05173115E8,,,,,
9872,1985-07-12,2.5E7,9873044.0,-1.5126956E7,,,,
9873,1986-02-07,,2.0603715E7,,,,,
9874,1986-03-21,,4.9042224E7,,,,,
9876,1992-02-21,,7.061121E7,,,,,
9877,1998-09-25,1.4E7,7.2527595E7,5.8527595E7,,,,
9879,1996-06-28,5.0E7,1.13309743E8,6.3309743E7,,,,
988,1979-03-16,,5.1718367E7,,3.75,4,1.1902380714238083,2015-08-23
9884,2002-02-06,,7.8382433E7,,,,,
9885,2005-01-01,1000000.0,2.7762648E7,2.6762648E7,,,,
98857,2011-11-16,,,,,,,
9886,1995-05-26,,1.907572E7,,,,,
98864,1980-09-26,,3910019.0,,,,,
98886,2012-06-20,,,,,,,
9889,2001-11-01,4.0E7,1.4106986E8,1.0106986E8,,,,
9890,2004-06-10,,1.02E8,,,,,
98914,1926-10-11,,,,,,,
98927,1985-02-27,,,,,,,
98932,2011-09-07,,,,,,,
9894,1996-06-10,4.7E7,1.02825796E8,5.5825796E7,,,,
98948,2012-05-29,,,,,,,
98959,2004-09-24,,,,,,,
9896,2001-07-30,4.8E7,8.5498534E7,3.7498534E7,,,,
98969,1954-10-29,,,,,,,
9898,2007-05-10,,,,,,,
9899,2005-12-25,4.5E7,3.8058335E7,-6941665.0,,,,
990,1961-09-25,2000000.0,7600000.0,5600000.0,2.5,1,,2006-07-29
9900,2006-01-06,,6538177.0,,,,,
99002,1997-01-29,,,,,,,
99006,2000-10-06,,48752.0,,,,,
99008,1967-05-01,,,,,,,
9901,2001-01-01,,,,,,,
99022,2006-09-19,,,,,,,
9903,2006-10-14,,1.1772461E7,,,,,
9904,2006-03-06,,3.7384046E7,,,,,
99040,1995-09-29,,,,,,,
9905,1994-12-22,,,,,,,
9907,2006-08-04,5.1E7,7.2779E7,2.1779E7,,,,
99080,1931-06-21,,,,,,,
9909,1995-08-11,,1.8E8,,,,,
9910,2005-10-07,3.5E7,3.0526509E7,-4473491.0,,,,
99104,1997-01-01,10000.0,,,,,,
9912,2005-10-12,,,,,,,
9914,2006-09-06,,,,,,,
9917,2006-06-23,,2.1353303E7,,,,,
9918,2006-01-13,,4.2647449E7,,,,,
99188,2009-05-23,,,,,,,
99194,1979-04-17,,,,,,,
992,1924-04-21,,,,2.5,2,0.7071067811865476,2000-11-06
9920,2006-03-03,3.0E7,3.1070211E7,1070211.0,,,,
9921,2005-09-09,,,,,,,
9922,1997-12-25,8.0E7,1.7626234E7,-6.2373766E7,,,,
99223,2012-09-24,,,,,,,
99224,1953-01-03,,,,,,,
99229,2009-03-26,,,,,,,
9923,2005-09-22,5.0E7,2.2944502E7,-2.7055498E7,,,,
99234,1942-10-19,,,,,,,
99236,1942-09-01,,,,,,,
9924,2006-08-15,,,,,,,
99251,2005-01-01,,,,,,,
99254,2011-09-18,,,,,,,
99258,1925-02-16,,,,,,,
99259,1972-04-19,,,,,,,
99272,1945-12-26,,,,,,,
99279,2011-09-11,,,,,,,
99283,1931-12-12,,,,,,,
9929,1968-12-16,,,,,,,
993,1972-12-10,,,,,,,
99324,1942-08-18,,,,,,,
99329,1968-11-27,,,,,,,
99332,2012-03-30,,,,,,,
99339,2008-04-02,,,,,,,
9935,2009-03-05,,,,,,,
99351,1946-07-04,,,,,,,
99368,2002-05-16,,,,,,,
99370,2011-08-30,,,,,,,
99372,1961-06-30,,,,,,,
99374,1964-06-03,,,,,,,
9939,2002-01-01,,,,,,,
994,1971-12-29,,3251794.0,,4.25,22,0.8830412814596522,2012-06-23
9940,2003-03-25,,,,,,,
9941,1986-01-31,1.4E7,6.2134225E7,4.8134225E7,,,,
9942,1989-02-16,1.1E7,4.9797148E7,3.8797148E7,,,,
99424,1987-04-01,,,,,,,
9945,1998-04-15,2.0E7,,,,,,
99480,2011-01-28,,,,,,,
99513,2012-03-12,,,,,,,
9952,2006-09-09,1.0E7,7177143.0,-2822857.0,,,,
99534,2011-01-01,,,,,,,
99536,1970-03-01,,,,,,,
9955,2007-03-30,5.3E7,,,,,,
99567,1944-05-22,,,,,,,
9957,2006-04-07,,,,,,,
99579,2012-03-21,,,,,,,
9958,2006-10-06,,3833507.0,,,,,
9959,2006-02-17,3.7665E7,1.4655628E7,-2.3009372E7,,,,
99599,1987-08-22,,,,,,,
996,1944-04-24,927262.0,2500000.0,1572738.0,3.25,8,0.7559289460184544,2008-08-13
9960,1963-08-13,250000.0,,,,,,
99600,1995-05-13,,,,,,,
99608,1930-08-15,,,,,,,
99627,1949-12-22,,,,,,,
9964,1987-12-01,25710.0,,,,,,
99647,2002-09-09,,,,,,,
9965,2004-12-28,,,,,,,
9966,2007-02-02,1.6E7,1109660.0,-1.489034E7,,,,
9968,2005-10-27,1.8E7,,,,,,
9969,2006-11-22,,4.723107E7,,,,,
99698,2003-10-01,,,,,,,
9971,2004-01-01,,,,,,,
99729,1933-04-15,,,,,,,
9973,2006-12-12,,,,,,,
99732,1931-08-29,,,,,,,
9974,2006-04-12,,,,,,,
99749,1987-09-01,,796368.0,,,,,
99758,2012-04-11,,,,,,,
9976,2004-01-01,,,,,,,
99762,2011-11-19,,,,,,,
99767,1929-12-27,,,,,,,
9978,2006-07-21,4.0E7,2.393787E7,-1.606213E7,,,,
99785,2012-03-29,,,,,,,
99802,1972-04-17,,,,,,,
9981,2005-05-13,,5.6070433E7,,,,,
9982,2005-11-04,1.5E8,3.14432665E8,1.64432665E8,,,,
9986,2006-12-15,8.5E7,1.44E8,5.9E7,,,,
99861,2015-04-22,2.8E8,1.405403694E9,1.125403694E9,,,,
9987,2005-01-01,,,,,,,
99875,1928-01-13,,,,,,,
99877,2012-09-26,,,,,,,
99879,2012-02-10,,,,,,,
99880,2012-02-29,,,,,,,
99885,,,,,,,,
99898,1953-04-01,,,,,,,
9990,2007-09-25,,,,,,,
99904,2011-03-22,,,,,,,
99909,1939-08-26,,,,,,,
99916,1962-11-29,,,,,,,
9992,2006-12-13,8.6E7,1.07944236E8,2.1944236E7,,,,
9994,1986-07-02,1.4E7,3.862555E7,2.462555E7,,,,
99946,1926-11-06,,,,,,,
9997,2007-11-15,,,,,,,
99977,1979-08-10,,,,,,,
9999,2006-08-23,,,,,,,
