id,release_date,budget,revenue,profit,avg_rating,total_ratings,std_dev,last_rated
100,1998-03-05,1350000.0,3897569.0,2547569.0,3.4285714285714284,21,0.9258200997725515,2000-12-10
10000,1993-12-25,,,,,,,
10001,1988-12-15,,,,,,,
100010,1940-12-27,,,,,,,
10003,1997-04-03,,1.18063304E8,,,,,
100046,2012-04-27,,,,,,,
100063,1978-08-25,,,,,,,
10009,2003-10-23,,,,,,,
10010,2006-08-17,,,,,,,
10011,2006-04-10,,,,,,,
100110,1988-09-09,,,,,,,
10012,2005-02-25,3.5E7,1.9294901E7,-1.5705099E7,,,,
10014,1985-10-31,3000000.0,2.9999213E7,2.6999213E7,,,,
100183,2012-01-01,3000000.0,,,,,,
100185,1990-08-02,,,,,,,
100205,1979-12-21,,,,,,,
100224,1976-10-30,34000.0,,,,,,
10023,1987-06-25,2.0E7,6.6673516E7,4.6673516E7,,,,
100243,2008-01-16,,,,,,,
100247,1911-04-08,,,,,,,
100257,1948-10-26,,,,,,,
100270,2011-10-07,,,,,,,
100271,2012-04-21,,6748712.0,,,,,
100275,2012-04-22,,1632.0,,,,,
10040,2005-03-11,,,,,,,
100402,2014-03-20,1.7E8,7.14766572E8,5.44766572E8,,,,
100420,1933-03-31,,,,,,,
10047,1999-10-18,6.0E7,6.6976317E7,6976317.0,,,,
10051,2006-02-15,,,,,,,
10052,2002-02-22,6.0E7,5.23224E7,-7677600.0,,,,
100528,1942-08-07,,,,,,,
100529,2012-04-24,,252603.0,,,,,
10054,2001-03-18,3.5E7,1.4793418E8,1.1293418E8,,,,
100540,2012-08-28,300000.0,,,,,,
100544,2013-01-22,,,,,,,
10055,2006-01-01,,,,,,,
100568,1999-10-08,,,,,,,
100605,1943-01-01,,,,,,,
100632,1949-11-26,,,,,,,
100634,2007-01-01,,,,,,,
100661,1959-11-01,,,,,,,
10067,2006-03-09,5.0E7,6.1112916E7,1.1112916E7,,,,
100671,1969-05-01,,,,,,,
10068,1986-02-14,1.7E7,6735922.0,-1.0264078E7,,,,
10073,2006-02-17,2.0E7,4.8548426E7,2.8548426E7,,,,
100747,1943-06-10,,,,,,,
10077,2005-05-15,,5989640.0,,,,,
100776,1970-01-01,,,,,,,
100784,1998-05-20,,,,,,,
100830,2012-04-11,,,,,,,
100888,1978-01-01,,,,,,,
10089,2006-10-31,,,,,,,
100894,1933-06-24,,,,,,,
100914,1949-01-01,,,,,,,
100923,2005-09-17,,,,,,,
10093,2006-11-10,1.5E7,1.1992014E7,-3007986.0,,,,
10096,2004-04-13,3.7E7,9.6455697E7,5.9455697E7,,,,
101,1994-09-14,1.6E7,4.5284974E7,2.9284974E7,3.8823529411764706,17,0.8009644921262483,2016-06-27
101029,1968-06-12,,,,,,,
10103,2004-06-03,,5331377.0,,,,,
10110,1987-12-09,3.5E7,2.2238696E7,-1.2761304E7,,,,
10115,2006-04-21,,,,,,,
10116,2005-09-17,,,,,,,
101179,2012-08-05,,,,,,,
101183,1962-05-02,,,,,,,
101190,1963-02-15,,,,,,,
101206,1944-02-18,,,,,,,
101226,1964-12-02,,,,,,,
10124,2006-01-01,,,,,,,
10128,1988-10-07,1.6E7,3.2155047E7,1.6155047E7,,,,
101289,1944-03-18,,,,,,,
10129,1989-01-19,,,,,,,
101297,1944-12-29,,,,,,,
101320,2000-04-02,,,,,,,
101325,2011-03-09,,,,,,,
10133,2002-10-01,7500000.0,,,,,,
101330,1981-05-20,,,,,,,
10134,1989-04-07,500000.0,1.0166459E7,9666459.0,,,,
101342,1999-10-15,,,,,,,
10136,1986-12-12,2.5E7,7.9817939E7,5.4817939E7,,,,
101363,1998-01-23,,,,,,,
10138,2010-04-28,2.0E8,6.23933331E8,4.23933331E8,,,,
10142,1989-08-18,2.25E7,1.8671317E7,-3828683.0,,,,
101420,2012-04-22,,,,,,,
101444,1982-08-11,,,,,,,
101449,2012-04-11,,,,,,,
10145,2004-09-24,4.2E7,1.17575636E8,7.5575636E7,,,,
10149,1995-06-09,7000000.0,8349430.0,1349430.0,,,,
10150,1982-11-19,,6455530.0,,,,,
101519,2012-06-07,,,,,,,
10152,2003-06-13,1.9E7,3.9267515E7,2.0267515E7,,,,
101520,2009-09-10,,,,,,,
10156,1981-06-12,1.1E7,3.1672907E7,2.0672907E7,,,,
101566,2002-10-15,,,,,,,
10164,1990-05-18,,2.7575086E7,,,,,
10165,1953-04-01,53000.0,,,,,,
101660,1983-05-01,,,,,,,
101665,2011-10-01,,,,,,,
10167,2002-11-15,1.3E7,,,,,,
10169,1990-08-24,,,,,,,
10171,1991-03-21,,,,,,,
101715,2011-11-01,,,,,,,
101731,2012-07-06,,102388.0,,,,,
101733,2011-09-24,,,,,,,
10177,2006-03-10,,,,,,,
101772,1945-11-27,,,,,,,
10178,1954-06-24,2000000.0,2.175E7,1.975E7,,,,
101783,2003-09-26,,,,,,,
10179,1984-03-16,9000000.0,,,,,,
10180,2000-11-03,,,,,,,
101803,1993-06-29,,,,,,,
10185,2008-08-07,1.5E7,3533227.0,-1.1466773E7,,,,
101858,1925-10-07,,,,,,,
101860,2001-01-20,,,,,,,
10189,2008-08-06,2.7E7,1.01624843E8,7.4624843E7,,,,
10191,2010-03-05,1.65E8,4.94878759E8,3.29878759E8,,,,
10195,2011-04-21,1.5E8,4.49326618E8,2.99326618E8,,,,
101965,1994-10-07,,,,,,,
101968,2011-10-07,,,,,,,
101995,2012-04-13,,,,,,,
101998,2012-09-24,,,,,,,
10200,2008-12-10,8.0E7,2.33093859E8,1.53093859E8,,,,
102001,2012-09-15,,,,,,,
10201,2008-12-09,7.0E7,2.25990978E8,1.55990978E8,,,,
102016,2002-01-01,,,,,,,
102024,1926-12-26,,,,,,,
102038,1957-11-22,,,,,,,
102039,2008-01-14,,,,,,,
10204,2004-06-16,1.1E8,7.2178895E7,-3.7821105E7,,,,
10205,2000-02-23,,,,,,,
102051,2012-02-24,,,,,,,
102057,1967-06-21,,,,,,,
102059,1988-04-22,,,,,,,
102081,1958-05-28,,,,,,,
10209,1998-11-17,1.2E7,,,,,,
10210,1999-04-25,1.1E7,,,,,,
10212,1999-03-16,1.2E7,,,,,,
10214,2005-02-18,8.4E7,,,,,,
10215,1998-04-23,6000000.0,5.8E7,5.2E7,,,,
10219,1999-12-22,,,,,,,
102197,2012-04-05,,4588176.0,,,,,
10220,1998-09-11,1.2E7,2.2921898E7,1.0921898E7,,,,
102207,2012-04-03,,4.86E7,,,,,
102227,1997-11-08,,,,,,,
10223,1998-12-11,,,,,,,
102234,2012-01-06,,,,,,,
102272,1971-04-14,,,,,,,
10228,1998-07-18,3.0E7,1.63644662E8,1.33644662E8,,,,
102288,1966-03-09,,,,,,,
102289,1952-11-07,,,,,,,
10229,2002-01-25,1.1E7,4.1227069E7,3.0227069E7,,,,
1023,2005-04-15,,,,4.088235294117647,17,0.7122871199007254,2009-04-14
102304,1998-07-10,,,,,,,
102331,2007-10-25,,,,,,,
102384,1927-09-23,,,,,,,
10239,1998-09-07,,,,,,,
102406,1997-12-05,,,,,,,
102428,2002-11-22,,,,,,,
10243,1965-12-15,,,,,,,
10244,1970-07-24,,,,,,,
102461,1995-05-29,,,,,,,
10247,2007-11-23,,,,,,,
102488,1969-02-28,,,,,,,
10251,2006-01-01,,,,,,,
102526,1942-12-12,,,,,,,
10253,2007-02-08,7.0E7,5.3587404E7,-1.6412596E7,,,,
102533,2003-09-07,,,,,,,
102541,1927-09-01,,,,,,,
10258,2005-09-23,,,,,,,
10260,1984-09-19,,,,,,,
10263,2005-05-12,4750000.0,206871.0,-4543129.0,,,,
10268,2005-11-07,,,,,,,
10269,1983-11-18,,3.04E7,,,,,
102691,1993-01-01,,,,,,,
10270,2005-01-01,300000.0,,,,,,
102707,1945-10-22,,,,,,,
10272,2006-05-05,,,,,,,
102732,1997-04-04,,,,,,,
10278,1998-08-10,,,,,,,
10280,1996-10-25,,,,,,,
102809,2009-03-31,,,,,,,
102814,1985-11-22,,,,,,,
102841,1978-04-09,,,,,,,
10285,1993-08-13,3000000.0,1.5938065E7,1.2938065E7,,,,
102851,2012-02-29,,,,,,,
102860,2011-09-02,,,,,,,
102871,2011-09-01,2000000.0,,,,,,
10288,2006-09-07,8000000.0,426224.0,-7573776.0,,,,
102901,1939-10-16,,,,,,,
102913,1959-08-24,,,,,,,
102938,1976-05-20,,,,,,,
10294,2007-04-20,1.9E7,3.5300645E7,1.6300645E7,,,,
102947,1999-08-15,,,,,,,
10296,2004-05-13,,,,,,,
10299,1964-12-15,,,,,,,
103012,2011-09-11,,,,,,,
103014,2001-12-07,,,,,,,
10303,1985-12-04,,9.67732E7,,,,,
10304,2004-04-20,7000000.0,,,,,,
10305,2000-08-01,,,,,,,
103067,1971-04-22,,,,,,,
10309,1971-11-04,,,,,,,
10310,1972-10-05,,,,,,,
103122,1981-09-19,,,,,,,
10316,2011-09-24,1.25E7,7.5993061E7,6.3493061E7,,,,
103164,1950-11-15,,,,,,,
103168,1952-05-30,,,,,,,
103173,2012-02-11,,,,,,,
103181,2010-11-26,,,,,,,
10319,1979-05-25,,,,,,,
103194,2012-05-04,,,,,,,
103195,2011-11-17,,,,,,,
103198,1990-01-15,,,,,,,
103212,2004-09-22,,,,,,,
103215,2012-03-22,,,,,,,
103216,1987-01-01,,,,,,,
103218,1991-09-12,,,,,,,
103236,1973-05-11,,,,,,,
103243,2012-04-20,,,,,,,
10328,1985-06-21,,8.5313124E7,,,,,
103299,1992-11-13,,3206713.0,,3.25,2,0.3535533905932738,2016-06-22
103301,1990-02-01,,,,,,,
103307,1990-06-01,,,,,,,
10331,1968-10-01,114000.0,3.0E7,2.9886E7,,,,
103328,2012-07-02,,641100.0,,,,,
10337,1991-12-10,3.0E7,4.9114016E7,1.9114016E7,,,,
10338,1965-06-03,5600000.0,2.995E7,2.435E7,,,,
103396,1957-09-19,,,,,,,
10340,1955-06-16,,9.36E7,,,,,
10341,1991-09-12,2.3E7,,,,,,
103413,1994-09-30,,,,,,,
103432,1973-11-28,,,,,,,
103433,2006-03-28,,,,,,,
10345,1989-04-28,1.7E7,7.8247647E7,6.1247647E7,,,,
10347,1997-06-18,,,,,,,
103488,1999-03-31,,,,,,,
10350,1999-03-11,3.0E7,,,,,,
10351,1997-09-19,5000000.0,1.5719109E7,1.0719109E7,,,,
103516,2011-06-20,,,,,,,
10354,1999-03-19,,,,,,,
10355,1999-02-13,5000000.0,,,,,,
10357,1997-04-25,9.0E7,,,,,,
10358,2008-09-18,2.4E7,4.2105111E7,1.8105111E7,,,,
103590,1986-09-08,,,,,,,
103597,2011-11-30,,,,,,,
103612,1978-06-22,,,,,,,
10363,1960-03-10,,,,,,,
103668,2011-09-13,,,,,,,
103688,2000-06-28,,,,2.875,4,0.6291528696058958,2016-08-05
103689,2012-11-22,,,,,,,
103701,2002-05-17,,,,,,,
103706,1962-09-26,,,,,,,
10371,1997-12-11,3.5E7,3.1611225E7,-3388775.0,,,,
103711,1973-03-23,,,,,,,
103713,2004-12-07,,,,,,,
103717,2012-09-01,,,,,,,
103731,2013-05-01,1.0E7,2.15877E7,1.15877E7,5.0,1,,2015-08-15
103734,2012-10-12,,,,,,,
103745,2010-09-03,,,,,,,
103751,2010-09-24,,,,,,,
10379,1991-04-19,6788000.0,1.3878334E7,7090334.0,,,,
103793,1998-11-18,,,,,,,
10381,1999-01-22,,,,,,,
103851,1985-06-01,,,,,,,
10388,1999-05-15,1.0E7,3193102.0,-6806898.0,,,,
1039,1998-06-19,,,,,,,
10394,2000-06-09,,,,,,,
103941,1956-09-17,,,,,,,
103960,1986-08-30,,,,,,,
104,1998-08-20,1530000.0,7267585.0,5737585.0,3.2925531914893615,94,1.0935037267270964,2016-10-07
1040,1963-03-28,,,,4.0,1,,2000-03-15
10400,1999-09-17,5.0E7,7.3956241E7,2.3956241E7,,,,
10402,1999-12-10,1.7E7,6.5535067E7,4.8535067E7,,,,
10404,1991-12-20,,,,,,,
104043,1984-08-24,,,,,,,
104044,1989-04-28,,,,,,,
104062,2004-08-21,,,,,,,
104067,1924-02-21,,,,,,,
10407,1992-06-12,,,,,,,
10408,1992-06-03,,,,,,,
104081,1998-04-16,,,,,,,
104103,1996-09-12,,,,,,,
104108,2008-01-01,,,,,,,
10412,1992-03-05,,,,,,,
10413,1993-01-15,,,,,,,
104155,2012-05-18,,,,,,,
104171,1982-01-01,,,,,,,
104176,2007-02-01,,,,,,,
104185,2012-04-21,,,,,,,
104194,2011-04-01,,,,,,,
10420,2006-08-07,,,,,,,
104211,1933-09-15,,,,3.0,2,0.7071067811865476,2016-03-21
10423,1993-05-07,1.4E7,6.3513743E7,4.9513743E7,,,,
10424,1992-11-06,2.0E7,1.1390479E7,-8609521.0,,,,
104242,1973-11-22,,,,,,,
104259,1988-09-22,,,,,,,
10428,1995-09-14,2.0E7,7563728.0,-1.2436272E7,,,,
104285,1977-01-01,,,,,,,
104297,1971-06-22,,,,,,,
104306,1967-03-10,,,,,,,
104308,1988-08-25,,,,,,,
104310,1977-10-03,,,,,,,
104320,1977-01-01,,,,,,,
104329,2013-10-18,,,,,,,
10433,1993-03-05,,1.1081586E7,,,,,
104334,1973-03-05,,,,,,,
104343,1970-06-27,,,,,,,
104354,1975-01-01,,,,,,,
10436,1993-09-17,3.4E7,3.225544E7,-1744560.0,,,,
104360,1972-11-30,,,,,,,
104364,1976-12-21,9000000.0,,,,,,
10437,1992-12-10,,2.7281507E7,,,,,
104374,1966-08-27,,,,4.033333333333333,15,0.789816132912923,2016-04-28
104391,2002-04-12,,,,,,,
104394,1951-12-20,,,,,,,
104398,1940-01-01,,,,,,,
10440,1993-08-18,1.35E7,1.1285588E7,-2214412.0,,,,
10442,1993-07-30,2.0E7,1.1585483E7,-8414517.0,,,,
10443,1993-10-15,,,,,,,
104433,1927-09-04,,,,,,,
10445,1993-12-25,2.2E7,,,,,,
104462,1896-01-01,,,,,,,
104465,1999-10-23,,,,,,,
104466,1896-01-01,,,,,,,
10447,1994-04-29,2.0E7,1.534E7,-4660000.0,,,,
104471,1897-01-01,,,,,,,
104476,1897-01-01,,,,,,,
104477,1897-01-01,,,,,,,
10448,1994-09-09,2.0E7,305070.0,-1.969493E7,,,,
104480,1898-01-01,,,,,,,
104485,1929-06-01,,,,,,,
10449,1994-04-29,,5.0021959E7,,,,,
10450,1994-03-11,,,,,,,
104505,2003-11-12,,,,,,,
10451,1994-08-03,,7294403.0,,,,,
104515,1999-01-28,,,,,,,
10452,1994-05-13,,,,,,,
104528,1976-11-11,,,,,,,
104548,1971-02-13,,,,,,,
10458,2004-04-22,,,,,,,
104602,1960-09-16,,,,,,,
104606,1975-11-28,,,,,,,
104607,1956-10-26,,,,,,,
10462,1994-12-18,,,,,,,
104634,2012-05-04,,,,,,,
104638,1996-06-27,,1705030.0,,,,,
10464,1994-08-12,,,,,,,
104644,1973-02-12,,,,,,,
10468,2000-04-06,4.3E7,,,,,,
104694,1898-01-01,,,,,,,
10470,2003-07-17,,,,,,,
104700,1898-01-01,,,,,,,
104704,1899-01-01,,,,,,,
104709,2012-04-13,,,,,,,
104710,2012-02-11,,,,,,,
10472,2000-01-21,9000000.0,,,,,,
104729,1982-12-31,,,,,,,
10473,2000-08-08,,,,,,,
10475,2005-04-25,,,,,,,
10476,2005-07-22,8000000.0,2.3563727E7,1.5563727E7,,,,
10480,2000-09-08,2.4E7,,,,,,
10481,2000-10-07,8.5E7,1.83611771E8,9.8611771E7,,,,
104810,1966-06-06,,,,,,,
10483,2008-08-22,4.5E7,7.3762516E7,2.8762516E7,,,,
10484,1983-11-23,,,,,,,
104859,2012-07-03,,,,,,,
10486,1994-02-04,,,,,,,
104878,1998-09-11,,,,,,,
10488,2008-04-03,3.7E7,1.00076342E8,6.3076342E7,,,,
104880,2012-04-27,,,,,,,
10489,1983-08-10,5000000.0,2.12E7,1.62E7,,,,
104896,1999-08-27,,,,,,,
10490,1999-07-23,1.0E7,1.0571408E7,571408.0,,,,
10491,2001-01-22,,1.5705007E7,,,,,
104935,1968-08-11,,,,,,,
104945,1969-11-18,,,,,,,
104954,1973-11-27,,,,,,,
10498,1993-03-19,,,,,,,
10499,2000-09-14,,,,,,,
104997,2012-01-20,,,,,,,
105001,2014-04-17,,,,,,,
10502,1993-08-25,,2.4760338E7,,,,,
105024,2002-01-01,,,,,,,
105033,1979-03-14,,,,,,,
105045,1995-02-16,,,,,,,
105073,1937-10-29,,,,,,,
105083,1970-06-27,,,,,,,
10509,2005-12-21,,,,,,,
105093,1971-05-03,,,,,,,
10511,2003-10-31,,,,,,,
105114,1972-07-18,,,,,,,
10513,1959-07-22,60000.0,,,,,,
105133,2003-01-01,,,,,,,
105136,2005-12-17,,,,,,,
10514,1971-03-12,6500000.0,1.2376563E7,5876563.0,,,,
105145,1973-11-13,,,,,,,
10515,1986-08-02,,,,,,,
105168,1898-09-01,,,,,,,
10518,1976-10-05,6500000.0,2.170902E7,1.520902E7,,,,
105184,1982-06-04,,,,,,,
1052,1966-12-18,,,,,,,
10523,2008-10-17,2.51E7,2.9506464E7,4406464.0,,,,
10528,2009-12-23,9.0E7,5.24028679E8,4.34028679E8,,,,
10530,1995-06-14,5.5E7,3.46079773E8,2.91079773E8,,,,
105304,2011-12-19,,,,,,,
10531,1994-05-04,,,,,,,
10533,1995-10-13,5.0E7,1.0382407E7,-3.9617593E7,,,,
10534,1996-02-02,3.8E7,1.03E7,-2.77E7,,,,
105348,1966-12-30,,,,,,,
105352,1912-10-28,,,,,,,
105406,1960-04-15,,,,,,,
105419,1980-02-01,,,,,,,
10544,2003-03-22,,6585516.0,,,,,
10545,1996-06-21,1.0E8,1.00138851E8,138851.0,,,,
105454,2009-09-23,,,,,,,
10547,1996-05-31,,1.4048372E7,,,,,
10548,1996-10-25,,2666118.0,,,,,
10549,1996-12-25,,,,,,,
105503,1973-01-01,,,,,,,
10552,1985-04-12,,,,,,,
105528,2012-05-25,,120680.0,,,,,
105551,1937-03-12,,,,,,,
105554,2010-12-31,,,,,,,
105567,2012-01-01,,,,,,,
10557,1999-05-14,3800000.0,2.82E7,2.44E7,,,,
105586,2012-03-09,,,,,,,
10562,2000-09-24,2.5E7,260562.0,-2.4739438E7,,,,
10563,1999-10-22,2.0E7,,,,,,
105678,2012-03-30,,,,,,,
105680,2012-03-30,,,,,,,
10569,2000-05-19,,,,,,,
10570,1986-12-17,,,,,,,
105702,2012-04-25,,,,,,,
105703,1983-07-13,,,,,,,
10571,2000-06-16,1.6E7,2.0627372E7,4627372.0,,,,
10574,1944-12-15,,,,,,,
105757,1971-06-02,,,,,,,
105763,1996-06-06,,,,3.0,1,,2015-06-10
105778,2009-06-21,,,,,,,
10578,2003-06-07,,,,,,,
105789,2011-05-01,,,,,,,
105795,2012-04-27,,,,,,,
1058,1983-05-13,,1.9910002E7,,,,,
105843,1969-09-01,,,,,,,
105848,1976-01-01,,,,,,,
105853,1979-03-03,,,,,,,
10586,1996-10-11,5.0E7,7.5E7,2.5E7,,,,
105861,1974-01-01,,,,,,,
105864,2015-11-14,,3.31926147E8,,,,,
10588,2003-11-21,,,,,,,
105885,2011-06-23,,,,,,,
10589,2004-11-12,6.0E7,6.1347797E7,1347797.0,,,,
10592,2002-02-15,7.0E7,3.2287044E7,-3.7712956E7,,,,
10597,2000-04-20,,,,,,,
105978,2012-06-29,,,,,,,
105980,1999-12-31,,,,,,,
105981,1929-08-18,,,,,,,
105983,2012-02-17,,,,,,,
105989,2007-05-01,,,,,,,
105991,2012-05-02,,,,,,,
106006,2003-02-06,,,,,,,
10601,2003-12-25,1.0E8,1.21975011E8,2.1975011E7,,,,
106016,1951-04-25,,,,,,,
106017,1959-07-29,,,,,,,
106020,1964-02-14,,,,,,,
106028,2006-10-05,,,,,,,
10603,1997-07-15,5.5E7,,,,,,
10609,2004-05-21,,,,,,,
10610,2003-08-15,4.1E7,,,,,,
10611,2002-04-01,1.2E7,7.5781642E7,6.3781642E7,,,,
106112,1932-07-30,,,,,,,
106113,1937-03-05,,,,,,,
106129,1996-10-11,,,,,,,
10613,2000-05-11,,,,,,,
106131,1999-09-03,,,,,,,
106143,1994-02-04,4.0E7,,,,,,
10616,1998-04-03,,,,,,,
10618,1992-09-16,,3.0399676E7,,,,,
10619,1993-01-01,,2.7540561E7,,,,,
106194,2004-04-08,,,,,,,
106196,1955-01-01,,,,,,,
106219,1979-11-09,,,,,,,
106222,2005-05-27,,,,,,,
106224,1976-10-21,,,,,,,
10623,2003-02-28,2.5E7,5.6489558E7,3.1489558E7,,,,
10625,2004-04-30,1.7E7,1.29042871E8,1.12042871E8,,,,
106256,1982-10-29,,,,,,,
106259,1949-12-25,,,,,,,
10626,1956-08-15,,,,,,,
10628,2003-01-17,,,,,,,
106280,1989-03-29,,,,,,,
10630,2002-08-31,6854500.0,,,,,,
10631,1984-09-07,,,,,,,
10633,1967-08-02,,2.7379978E7,,,,,
10634,1995-04-26,3500000.0,2.8215918E7,2.4715918E7,,,,
10635,1994-04-08,,,,,,,
106355,1944-02-05,,,,,,,
10637,2000-09-29,3.0E7,1.36706683E8,1.06706683E8,,,,
10639,2000-11-02,,,,,,,
106394,1928-12-31,,,,,,,
106402,1973-01-01,,,,,,,
106406,1941-03-27,,,,,,,
10641,2000-08-11,6.5E7,,,,,,
106417,2011-11-05,,15.0,,3.0,1,,2015-08-14
106446,2010-09-10,,,,,,,
10646,2001-03-30,1.1E7,2.3430766E7,1.2430766E7,,,,
106495,1935-09-07,,,,,,,
10650,1983-12-07,2.2E7,6.7642693E7,4.5642693E7,,,,
10651,1988-07-12,2.0E7,,,,,,
106515,1937-10-29,,,,,,,
10653,1955-06-01,1800000.0,,,,,,
106537,2008-12-31,,,,,,,
10654,1979-03-14,,,,,,,
106541,2011-10-17,,,,,,,
106546,2004-11-24,,1100000.0,,,,,
106573,1931-03-28,,,,,,,
106599,2004-01-01,,,,,,,
106605,1931-02-22,,,,,,,
106623,1975-12-22,,,,,,,
10664,2009-09-15,5600000.0,1.846968E7,1.286968E7,,,,
106646,2013-12-25,1.0E8,3.92000694E8,2.92000694E8,,,,
10668,1997-09-06,,,,,,,
106685,2012-01-03,,,,,,,
10669,1972-07-30,2000000.0,4.6122355E7,4.4122355E7,,,,
10670,1977-06-10,,,,,,,
106717,2012-11-09,,,,,,,
10673,1987-12-10,1.5E7,4.3848069E7,2.8848069E7,,,,
106739,2012-03-01,,,,,,,
106742,1938-01-01,,,,,,,
106747,2013-09-12,1.2E7,1.5008161E7,3008161.0,,,,
10675,1988-02-16,2.0E7,1.763795E7,-2362050.0,,,,
10676,1982-10-22,2500000.0,1.44E7,1.19E7,,,,
10677,2004-02-27,,2.7685016E7,,,,,
10681,2008-06-22,1.8E8,5.2131186E8,3.4131186E8,,,,
106813,2000-06-14,,,,,,,
106821,1944-03-17,,,,,,,
106825,1947-08-20,,,,,,,
106828,1995-10-02,,,,,,,
10683,1998-10-16,3000000.0,2807390.0,-192610.0,,,,
106833,1957-11-27,,,,,,,
106845,2015-10-16,9500000.0,,,,,,
106849,1979-12-09,,,,,,,
10685,2000-09-08,3.3E7,,,,,,
106851,1979-12-16,,,,,,,
10687,2000-09-22,1.0E7,,,,,,
106882,1945-10-16,,,,,,,
106887,1970-04-04,,,,,,,
10694,1994-03-04,,8009329.0,,,,,
10696,2001-09-21,2.2E7,5271666.0,-1.6728334E7,,,,
10697,2000-03-01,,,,,,,
10699,1992-10-02,,,,,,,
107,2000-09-01,1.0E7,8.3557872E7,7.3557872E7,3.462962962962963,27,1.0088638499848568,2011-01-28
10703,2005-07-25,,,,,,,
107034,1976-05-26,,,,,,,
107035,1954-09-15,,,,,,,
107052,1981-02-25,,,,,,,
10706,2001-07-17,1.0E7,,,,,,
107068,1974-03-26,,,,,,,
107081,1962-08-16,,,,4.5,1,,2015-05-22
10710,2004-04-30,4.0E7,,,,,,
107100,2012-03-31,,,,,,,
107104,1988-05-14,,,,,,,
10718,2004-01-16,4.0E7,4.6546197E7,6546197.0,,,,
107184,1966-12-23,,,,,,,
10719,2003-10-09,3.2E7,1.73398518E8,1.41398518E8,,,,
10720,2003-05-08,3.5E7,2.0298207E7,-1.4701793E7,,,,
10723,1996-09-06,2.5E7,2.2611954E7,-2388046.0,,,,
107235,2012-03-22,,,,,,,
10724,1982-06-13,1.8E7,7.0687344E7,5.2687344E7,,,,
10725,1981-07-24,1.7E7,1.0626725E7,-6373275.0,,,,
107255,2010-09-10,,,,,,,
107262,1978-12-09,,,,,,,
10728,1926-10-13,,,,,,,
107282,1972-06-27,,,,,,,
107287,1973-06-04,,,,,,,
10729,1990-07-13,,,,,,,
10730,1976-09-08,,9.0614445E7,,,,,
107327,1970-11-21,,,,,,,
10733,2004-04-07,1.45E8,2.5819961E7,-1.19180039E8,,,,
107352,1987-02-06,,,,,,,
107355,1980-08-15,,,,,,,
107357,1994-06-13,,,,,,,
10739,2003-08-27,,,,,,,
107406,1980-02-14,,,,3.5714285714285716,7,0.7319250547113999,2016-07-23
10741,2006-09-05,,,,,,,
107412,1986-12-01,,,,5.0,1,,2015-11-13
107420,1988-01-01,,,,,,,
107426,1979-12-01,,,,,,,
10744,2003-01-17,3.2E7,,,,,,
10748,2007-12-21,,,,,,,
10749,2003-02-28,,,,,,,
107499,1997-09-01,,,,,,,
107569,1988-09-28,,,,,,,
10758,2007-05-25,2000000.0,2.217943E7,2.017943E7,,,,
10759,2007-10-19,1.5E7,,,,,,
107592,1956-06-14,,,,,,,
107605,2005-08-04,,,,,,,
10761,2008-05-02,4.0E7,8.4601681E7,4.4601681E7,,,,
107612,1956-09-28,,,,,,,
10763,2000-09-13,1.2E7,,,,,,
107637,1970-01-01,,,,,,,
10764,2008-10-30,,5.86090727E8,,,,,
107667,1996-10-01,,,,,,,
107693,1993-09-01,,,,,,,
10770,1979-08-10,,,,,,,
10772,1966-04-05,,17277.0,,,,,
10773,2005-09-09,,,,,,,
107745,1991-08-30,,,,,,,
10775,2002-12-12,,8708932.0,,,,,
107753,2011-10-08,,,,,,,
10776,1986-12-19,2.5E7,3.8748395E7,1.3748395E7,,,,
107767,1971-08-11,,,,,,,
107774,1972-12-17,,,,,,,
107775,2012-03-02,3500000.0,,,,,,
107808,2009-11-15,,,,,,,
107811,2013-03-01,1.3E7,4.8065672E7,3.5065672E7,,,,
10782,2003-04-18,5.0E7,4.2792561E7,-7207439.0,,,,
10784,1972-02-13,,,,,,,
107846,2013-10-09,5.0E7,1.22915111E8,7.2915111E7,,,,
10788,2009-07-03,,,,,,,
107891,1973-01-05,,,,,,,
107916,2012-07-05,,,,,,,
10792,1979-02-14,,,,,,,
10797,2004-04-02,,,,,,,
107973,1945-11-14,,,,,,,
107978,2012-07-13,,,,5.0,1,,2016-06-27
107985,2013-07-18,2.0E7,4.6089287E7,2.6089287E7,,,,
107999,1948-03-03,,,,3.5,1,,2014-04-27
108003,1963-06-14,,,,,,,
10801,1996-03-06,,,,,,,
108010,1943-11-19,,,,,,,
10802,1995-09-22,4.5E7,2.0350754E7,-2.4649246E7,,,,
10803,1976-06-23,,2.5E7,,,,,
10805,1983-07-11,2.2E7,6.489267E7,4.289267E7,,,,
10808,2001-06-22,7.0E7,1.76104344E8,1.06104344E8,,,,
10809,2003-06-06,,,,,,,
10810,2005-08-12,,,,,,,
108176,2007-06-17,,,,,,,
108200,1940-04-25,,,,,,,
108204,2002-01-18,,,,,,,
108209,1934-11-10,,,,,,,
108220,1942-03-05,,,,,,,
108222,1940-11-29,,,,,,,
108224,1930-10-05,,,,,,,
108227,1995-05-24,,,,,,,
108266,1956-02-25,,,,,,,
108267,1958-01-01,,,,,,,
108282,1975-11-21,,,,,,,
10829,2001-10-02,,,,,,,
108309,2010-05-21,,,,,,,
10831,1982-10-02,,,,,,,
108312,1986-12-24,2000000.0,1301121.0,-698879.0,,,,
10834,1976-03-04,,,,,,,
108345,1954-02-13,,,,,,,
108346,1999-10-29,2000000.0,7.0,-1999993.0,,,,
108348,1936-11-06,,,,,,,
10835,1989-07-06,,,,,,,
10837,1990-08-03,,,,,,,
10840,1995-07-15,,,,,,,
108401,1997-07-23,,,,,,,
10841,1979-03-01,,,,,,,
108437,1990-03-09,,,,,,,
10845,2005-05-12,3000000.0,,,,,,
10847,1990-03-16,,,,,,,
108497,2000-09-18,,,,,,,
108548,1997-05-05,,,,3.0,1,,2016-07-23
10855,2002-11-15,,,,,,,
108553,1990-10-26,,,,,,,
10856,2001-11-06,,,,,,,
108573,1990-12-26,,,,,,,
10858,1995-12-22,4.4E7,1.3681765E7,-3.0318235E7,,,,
108582,1954-01-27,,,,,,,
10861,1996-09-13,2.5E7,5.1702483E7,2.6702483E7,,,,
108634,1985-08-31,,,,,,,
108636,2003-02-07,,,,,,,
108639,2005-12-07,,,,,,,
108646,2011-08-05,,,,,,,
108664,2011-05-10,,,,,,,
108668,1954-10-01,,,,,,,
10867,2000-10-27,,,,,,,
108688,1947-11-06,,,,,,,
10869,1974-02-14,,,,,,,
10870,2004-12-08,,,,,,,
108705,1992-09-10,,,,,,,
108712,2005-12-01,,,,,,,
10872,1994-03-09,1.1E7,1.1439193E7,439193.0,,,,
108723,1971-11-12,,,,,,,
108726,2013-06-30,,,,,,,
10874,1996-02-16,,3.4327391E7,,,,,
10877,2001-03-13,5.0E7,7.9958599E7,2.9958599E7,,,,
108789,1968-07-26,,,,,,,
10880,1984-02-24,600000.0,,,,,,
10881,2001-01-20,8000000.0,8826094.0,826094.0,,,,
108812,1957-10-08,,,,,,,
108822,1991-08-28,,,,,,,
108827,2004-09-11,,,,,,,
10884,2006-05-01,,,,,,,
108844,1952-06-20,,,,,,,
108869,1963-07-31,,,,,,,
1089,1991-07-12,2.4E7,8.3531958E7,5.9531958E7,4.162878787878788,132,0.8593806844280275,2016-10-06
10890,1981-06-25,1.0E7,8.53E7,7.53E7,,,,
10891,2004-01-02,5000000.0,,,,,,
108917,2011-10-14,,,,,,,
108923,1928-08-04,,551.0,,,,,
108930,2006-02-07,,,,,,,
108933,1990-02-02,,,,,,,
108994,1947-11-05,,,,,,,
1090,1999-04-16,1.6E7,1.8564088E7,2564088.0,3.9338235294117645,68,0.7818100494800219,2015-07-15
109008,1940-11-01,,,,,,,
109020,1953-05-15,,,,,,,
109028,1994-07-01,,,,,,,
10906,1992-08-28,8000000.0,1.7092453E7,9092453.0,,,,
109074,1984-10-31,,,,4.0,1,,2015-03-24
109080,2006-03-11,,862.0,,,,,
109091,2013-10-25,2.5E7,7.1009334E7,4.6009334E7,,,,
109097,1964-01-01,,,,,,,
109099,2012-09-07,3.0E7,,,,,,
109102,1966-11-02,,,,,,,
109109,1941-03-28,,,,,,,
109174,1999-06-13,,,,,,,
109176,1998-01-01,,,,,,,
10918,2002-10-04,,,,,,,
1092,1949-08-31,,596349.0,,3.294642857142857,56,0.9331120254010512,2016-08-17
10921,1998-11-08,,,,,,,
10922,2003-10-29,,,,,,,
109235,1946-03-21,,,,,,,
109279,1983-09-21,,,,,,,
109298,1934-04-14,27878.0,,,,,,
1093,1958-01-29,,263404.0,,3.111111111111111,36,0.9644473703415495,2013-01-09
109323,1935-06-28,27715.0,,,,,,
109326,2009-08-21,,,,,,,
109329,1936-04-18,,,,,,,
10934,2003-04-30,1.8E7,5.8878723E7,4.0878723E7,,,,
109364,1950-01-01,,,,,,,
109379,1964-11-09,,,,,,,
109404,2012-03-03,,,,,,,
109408,1980-01-01,,,,,,,
10941,1998-07-19,,,,,,,
109410,2013-04-12,,9.5020213E7,,,,,
109416,2012-07-20,,,,,,,
109425,1990-12-12,,,,,,,
10944,2003-09-09,1.2E7,23.0,-1.1999977E7,,,,
109445,2013-11-27,1.5E8,1.274219009E9,1.124219009E9,,,,
10946,2007-04-22,1.5E7,1.09E8,9.4E7,,,,
109463,2010-10-30,,,,,,,
109466,1999-09-07,,,,,,,
109472,2001-06-06,,,,,,,
109477,2010-01-01,,,,,,,
109491,2013-02-13,6.0E7,6.0052138E7,52138.0,,,,
109500,2012-05-29,,,,,,,
109515,2009-04-02,,,,,,,
109516,2012-06-12,,,,,,,
109520,2012-05-21,,,,,,,
109535,1998-03-23,,,,,,,
109539,1953-05-02,,,,,,,
10954,1994-12-07,,,,,,,
109560,1993-08-14,,,,,,,
109584,2012-08-22,,,,,,,
10960,1996-02-17,,,,,,,
10961,2006-10-13,,69136.0,,,,,
109614,1996-08-18,,,,,,,
109690,2012-06-01,,,,,,,
10973,1954-03-05,,1300000.0,,,,,
10974,1986-08-16,,,,,,,
10975,1991-02-07,,,,,,,
109774,1968-07-02,,,,,,,
10978,2000-12-22,,,,,,,
109841,1933-05-12,,,,,,,
10985,2002-05-10,1.3E7,,,,,,
109861,2008-09-27,1531604.0,,,,,,
109881,1945-10-26,,,,,,,
109907,2012-04-20,,,,,,,
10991,2000-07-08,1.6E7,6.8411275E7,5.2411275E7,,,,
10996,2002-07-19,1.2E8,1.69956806E8,4.9956806E7,,,,
109970,1938-06-03,,,,,,,
11,1977-05-25,1.1E7,7.75398007E8,7.64398007E8,3.6890243902439024,82,0.8945660507479914,2016-05-11
110,1994-05-27,,,,3.9451754385964914,228,1.023005619593593,2016-10-15
11000,1996-03-08,3.1E7,1.85260553E8,1.54260553E8,,,,
11001,1999-09-17,6.5E7,1.177585E8,5.27585E7,,,,
11002,1984-03-30,,4.5858563E7,,,,,
110029,1973-01-01,,,,,,,
11004,2000-02-22,3.5E7,,,,,,
110040,1974-12-12,,,,,,,
110115,1973-12-01,,,,,,,
11012,1992-12-02,,7532911.0,,,,,
110160,2012-05-18,9500000.0,12250.0,-9487750.0,,,,
11017,1995-02-10,1.0E7,2.6488734E7,1.6488734E7,,,,
11018,1985-08-16,2.4E7,1.8707466E7,-5292534.0,,,,
11019,2003-05-18,,,,,,,
11023,2003-08-20,2000000.0,4601043.0,2601043.0,,,,
110253,1926-03-13,,,,,,,
11026,2004-08-20,,7.8000586E7,,,,,
110261,1983-07-31,,,,,,,
110272,2012-12-07,,,,,,,
11028,1986-11-27,,,,,,,
110283,1992-05-16,,,,,,,
11033,1980-06-25,,3.1899E7,,,,,
110336,1957-11-01,,,,,,,
110351,2004-10-03,,,,,,,
110354,2012-08-19,,,,,,,
11037,1986-01-17,,,,,,,
11038,1986-10-03,,,,,,,
110392,2012-09-08,,,,,,,
110393,2012-05-16,,,,,,,
110402,2013-02-27,7000000.0,1310673.0,-5689327.0,,,,
110415,2013-08-01,,8.6758912E7,,,,,
110416,2014-09-06,,857522.0,,,,,
110420,2012-07-21,,,,,,,
110433,1996-12-08,,,,,,,
11044,1993-01-06,1.9E7,,,,,,
110457,1936-12-01,,,,,,,
11046,1968-12-04,,2.1E7,,,,,
110468,1935-07-01,,,,,,,
11047,1967-12-20,,,,,,,
110479,1967-12-20,,,,,,,
11048,1973-10-25,,,,,,,
11049,2003-05-18,,,,,,,
110490,2012-05-28,,,,,,,
110491,2012-03-30,,,,,,,
11050,1983-11-20,,,,,,,
11051,1988-08-12,7000000.0,8373585.0,1373585.0,,,,
110513,1996-08-21,,,,,,,
11055,1978-03-22,,,,,,,
110553,2011-10-22,,,,2.5,6,1.140175425099138,2016-05-08
110555,2010-01-20,,,,,,,
110568,1963-06-12,,,,,,,
11057,1982-09-24,,,,,,,
11058,2004-04-30,,3.0114487E7,,,,,
110588,2011-09-13,,,,,,,
11060,1990-01-12,,2.7734391E7,,,,,
110603,1939-02-17,,,,,,,
110608,2011-03-22,1200000.0,,,,,,
11065,2001-08-31,,1.6017403E7,,,,,
110650,1999-01-01,,,,,,,
110666,2000-03-17,,,,,,,
110674,1958-09-01,,,,,,,
11068,1992-09-18,,1.847285E7,,,,,
11069,1996-04-09,4000000.0,,,,,,
110692,1968-08-08,,,,,,,
11072,1974-02-07,2600000.0,1.195E8,1.169E8,,,,
11075,1999-10-06,,,,,,,
110761,2006-03-10,,,,,,,
11077,1990-07-27,,,,,,,
110777,1983-01-01,,,,,,,
11078,2003-01-17,,5.0097949E7,,,,,
110823,1968-09-27,,,,,,,
11083,2003-01-01,,,,,,,
110838,1990-09-06,,,,,,,
11084,1995-06-29,,,,,,,
11090,2001-06-01,2.2E7,8.4772742E7,6.2772742E7,,,,
11091,2001-10-19,4.8E7,3.5743308E7,-1.2256692E7,,,,
110924,1959-06-15,,,,,,,
110965,2011-05-19,,,,,,,
110992,2007-08-08,,,,,,,
111017,1961-05-05,,,,,,,
111022,2012-04-21,,,,,,,
111031,1959-06-19,,,,,,,
111042,1947-01-04,,,,,,,
111043,1952-10-25,,,,,,,
11107,1996-05-31,,,,,,,
11109,2004-10-22,1.1E7,,,,,,
11110,2006-06-06,,,,,,,
111114,2011-09-03,,,,,,,
111118,2011-05-15,,,,,,,
11113,1964-10-21,1.7E7,7.2070731E7,5.5070731E7,,,,
111149,1975-02-02,,,,,,,
111170,2013-02-22,,,,,,,
111172,2012-06-17,,,,,,,
111188,2008-05-01,,,,,,,
11119,1999-10-07,1.1E7,,,,,,
111190,2013-04-03,1.6E7,318982.0,-1.5681018E7,,,,
11120,1986-11-26,,1.4302779E7,,,,,
111248,1993-02-01,,,,,,,
111250,2012-04-03,,,,,,,
11130,2004-08-06,4.0E7,9.5149435E7,5.5149435E7,,,,
111302,1926-01-11,,,,,,,
111305,1926-12-23,,,,,,,
11131,1990-03-16,,,,,,,
111310,1934-06-08,,,,,,,
11133,1986-05-23,1.9E7,4.0996665E7,2.1996665E7,,,,
11134,1992-07-04,,2.0483423E7,,,,,
111359,1952-01-01,,,,,,,
11137,2004-03-28,,,,,,,
111390,1950-05-11,,,,,,,
111396,2009-11-13,,,,,,,
1114,2003-06-29,,,,3.1666666666666665,3,0.28867513459481287,2012-08-06
11143,1993-11-18,,,,,,,
111460,1933-04-29,,,,,,,
111473,2013-12-25,,1234254.0,,,,,
111477,1957-10-05,,,,,,,
111479,2013-10-11,5000000.0,40400.0,-4959600.0,,,,
111480,1965-07-02,,,,,,,
111481,2010-02-16,,,,,,,
11155,2003-01-01,,,,,,,
111570,1945-04-21,,,,,,,
11161,2007-01-21,,,,,,,
11162,2004-09-03,,,,,,,
111623,1934-09-21,,,,,,,
111662,2009-11-04,,,,,,,
111667,2012-07-11,,,,,,,
11167,1960-04-06,150000.0,83957.0,-66043.0,,,,
11169,2004-03-12,1.925E7,8112712.0,-1.1137288E7,,,,
111708,1987-04-09,,312010.0,,,,,
111732,1950-11-01,,,,,,,
111744,2002-03-03,8000000.0,,,,,,
111747,1920-10-21,,,,,,,
11175,1991-07-04,,,,,,,
11176,1979-05-31,,7.6657E7,,,,,
11177,1985-03-08,,4.24E7,,,,,
11178,2001-07-27,,,,,,,
11181,1985-02-08,,,,,,,
11183,1978-11-01,,,,,,,
11184,2004-09-04,,,,,,,
111854,2005-10-25,,,,,,,
11186,1990-11-09,1.3E7,3.5763605E7,2.2763605E7,,,,
11187,1991-08-30,1.3E7,2.0560255E7,7560255.0,,,,
11193,2004-02-06,,,,,,,
11194,2003-09-05,,1.3885802E7,,,,,
111949,2012-08-24,,,,,,,
111960,1948-04-06,,834332.0,,,,,
111969,2012-09-09,,81071.0,,,,,
11197,2003-05-16,,,,,,,
111975,1965-08-14,,,,,,,
11198,1993-01-16,,,,,,,
111988,1980-04-16,,,,,,,
112,2000-12-07,,,,3.295918367346939,49,0.8892785427134807,2012-11-28
112033,2009-10-08,,,,,,,
11204,2006-03-05,,,,,,,
11205,1984-08-17,,,,,,,
11207,2004-09-30,,,,,,,
112072,2009-10-16,262000.0,,,,,,
11208,2004-09-03,,1.3001257E7,,,,,
112083,1935-07-27,,,,,,,
112092,2006-04-19,,,,,,,
112130,2012-06-08,,,,,,,
11214,2005-09-10,,,,,,,
11216,1988-11-17,,1.1990401E7,,,,,
11218,2004-06-12,,,,,,,
11219,1955-10-03,1200000.0,7000000.0,5800000.0,,,,
112200,2012-09-07,,1065881.0,,,,,
112205,2013-09-13,3.0E7,3.6894225E7,6894225.0,,,,
11221,1984-07-20,1.8E7,1.9265302E7,1265302.0,,,,
11224,1950-03-04,2900000.0,2.63591415E8,2.60691415E8,,,,
112244,1955-11-29,,,,,,,
11226,1975-08-24,,,,,,,
112283,2005-09-23,,,,,,,
112284,1936-08-28,1119000.0,2019000.0,900000.0,,,,
112287,2012-02-27,,,,,,,
11229,1996-08-23,3000000.0,,,,,,
11230,1978-10-05,,,,,,,
112304,2012-06-07,8000000.0,,,,,,
11231,1994-07-18,1.2E7,1.5826984E7,3826984.0,,,,
11232,2001-12-25,,,,,,,
112336,2012-11-22,,2.3570541E7,,,,,
112346,2003-04-12,,,,,,,
112355,1972-10-14,,,,,,,
11236,1993-08-13,,,,,,,
11237,2004-08-26,2.0E7,7.0992898E7,5.0992898E7,,,,
11238,1996-05-20,,,,,,,
11239,1996-01-27,,,,,,,
1124,2006-10-19,4.0E7,1.09676311E8,6.9676311E7,3.607142857142857,28,0.9656809424130118,2012-06-23
11240,1985-09-07,860000.0,2451545.0,1591545.0,,,,
112454,2014-11-13,,,,,,,
112456,2012-06-01,1000000.0,,,,,,
11246,2002-10-15,3000000.0,,,,,,
11247,2004-07-10,1.9E7,7.0067909E7,5.1067909E7,,,,
112485,1916-03-26,,,,,,,
11249,2004-11-11,1.2E7,2.4829644E7,1.2829644E7,,,,
112525,1992-01-01,,,,,,,
11258,1998-01-16,7.0E7,1.9870567E7,-5.0129433E7,,,,
112582,1992-01-01,,,,4.0,1,,2014-08-31
112631,2009-05-18,,,,,,,
112649,1997-03-14,,,,,,,
112699,1937-01-01,,,,,,,
112722,2008-08-08,,,,,,,
11281,1981-10-30,2500000.0,2.5533818E7,2.3033818E7,,,,
11282,2004-05-30,9000000.0,2.3936908E7,1.4936908E7,,,,
11285,1988-09-13,,2.5024919E7,,,,,
11287,1992-07-01,,1.07458785E8,,,,,
112878,2001-08-01,,,,,,,
11291,1977-09-23,,,,,,,
11296,1984-12-14,1.2E7,1400000.0,-1.06E7,,,,
112963,2010-06-20,,,,,,,
11299,2001-09-01,,,,,,,
112991,2001-01-24,,,,,,,
113,2003-09-19,,6502364.0,,3.2,5,0.8366600265340756,2000-12-10
113012,1973-01-01,,,,,,,
11302,1971-04-28,2000000.0,1.1833696E7,9833696.0,,,,
113038,2011-02-16,,,,,,,
11304,2002-03-10,,,,,,,
11306,1996-09-27,3.8E7,1.7380126E7,-2.0619874E7,,,,
113091,2014-02-07,,,,,,,
113119,1987-01-01,,,,,,,
11313,2001-09-07,3.1E7,2.4185781E7,-6814219.0,,,,
11314,1982-06-06,,1723872.0,,,,,
113148,2013-02-13,,,,,,,
113194,1910-02-18,,,,,,,
113210,1994-05-14,,,,,,,
113215,1994-02-27,,,,,,,
113219,1994-01-23,,,,,,,
113237,1949-07-02,,,,,,,
11326,1975-03-19,5000000.0,3.4251525E7,2.9251525E7,,,,
11327,1978-09-12,2300000.0,3.5E7,3.27E7,,,,
113284,1998-01-17,,,,,,,
11329,2003-10-09,6.0E7,8.015414E7,2.015414E7,,,,
11330,2005-08-22,,,,,,,
11331,1958-10-07,,,,,,,
11332,1999-05-22,,,,,,,
11333,1980-09-18,,,,,,,
113332,1963-02-14,,,,,,,
113347,2010-01-01,,,,,,,
11335,1980-12-12,2.0E7,,,,,,
113362,2011-11-21,,,,,,,
113364,2004-01-01,,,,,,,
113377,2010-01-01,,,,,,,
11338,1985-02-15,1.14E7,6700000.0,-4700000.0,,,,
113388,2012-05-03,,,,,,,
11342,1989-06-01,7000000.0,,,,,,
11343,1979-11-17,4000000.0,,,,,,
11344,2005-03-31,,,,,,,
113456,1970-04-06,,,,,,,
113458,1961-02-09,,,,,,,
113479,1980-09-08,,,,,,,
11351,2003-08-08,1.7E7,6.3102666E7,4.6102666E7,,,,
11352,1989-12-22,3.1E7,7.413479E7,4.313479E7,,,,
113520,1970-11-30,,,,,,,
11353,1999-08-12,5.5E7,,,,,,
11355,1999-04-09,2.5E7,8.456523E7,5.956523E7,,,,
11357,1988-10-21,5000000.0,1.7768757E7,1.2768757E7,,,,
113582,1967-02-03,,,,,,,
113594,2012-08-15,,,,,,,
11362,2002-01-23,3.5E7,7.5395048E7,4.0395048E7,,,,
113629,1970-08-19,,,,,,,
113638,1933-11-14,,,,,,,
11364,1991-07-10,,,,,,,
113653,1949-03-19,,,,,,,
113655,2009-02-01,,,,,,,
11366,2000-02-11,,,,,,,
11367,1978-10-28,,,,,,,
11368,1984-09-07,1500000.0,,,,,,
113757,1944-02-17,2000000.0,,,,,,
11376,2001-10-04,,,,,,,
11377,1999-10-29,1.9E7,4.0846082E7,2.1846082E7,,,,
11378,1971-04-16,,,,,,,
113788,1928-05-13,,,,,,,
11379,1984-08-15,,,,,,,
11380,2001-10-24,1.0E7,7316658.0,-2683342.0,,,,
11383,1953-11-10,,,,,,,
113833,2014-05-25,,,,,,,
11384,1991-03-08,,6.5595485E7,,,,,
113841,1947-06-13,,,,,,,
11385,1962-06-19,,,,,,,
11388,2009-04-23,4500000.0,,,,,,
113885,1998-12-13,,,,,,,
11391,1975-09-26,,,,,,,
11393,1984-05-11,,4.7951979E7,,,,,
113947,2012-05-02,1000000.0,9138338.0,8138338.0,,,,
11395,1994-11-10,2.2E7,1.89833357E8,1.67833357E8,,,,
11398,2000-08-23,4.0E7,3.0199105E7,-9800895.0,,,,
114046,1962-07-04,450000.0,,,,,,
114060,1958-10-01,,,,3.5,3,0.5,2016-08-17
114065,2003-03-20,,,,,,,
114083,1955-10-07,,,,,,,
114104,1967-09-28,,,,,,,
114108,1899-10-01,,,,,,,
11414,1958-08-14,,,,,,,
114172,2012-06-08,,,,,,,
11418,1985-07-25,,4.9364621E7,,,,,
11422,1976-06-18,,,,,,,
114251,1960-01-01,,,,,,,
114255,1976-03-12,250.0,,,,,,
11427,2003-01-30,,,,,,,
11428,1992-04-10,,3.0524763E7,,,,,
114286,2011-10-13,,,,,,,
11429,2003-04-04,3000000.0,,,,,,
114299,2006-01-01,,,,,,,
114302,1932-02-19,,,,,,,
11431,2005-04-06,3.0E7,5.0451307E7,2.0451307E7,,,,
114354,1955-06-30,,,,,,,
114370,2007-02-23,,,,,,,
114371,2008-03-26,,,,,,,
114372,2007-04-28,,,,,,,
114384,1986-06-02,,,,,,,
11439,2010-02-12,,6.0222298E7,,,,,
11440,2009-03-11,,,,,,,
114412,1997-06-02,,,,,,,
11442,2002-07-01,1.3E7,3.7664855E7,2.4664855E7,,,,
114426,1986-06-09,,,,,,,
11443,1995-10-06,1.0E7,,,,,,
11448,1995-09-13,1.5E7,6700000.0,-8300000.0,,,,
114490,2001-01-20,,,,,,,
114499,1954-08-17,,,,,,,
11450,1994-09-16,,,,,,,
114503,1958-08-12,,,,,,,
114514,1977-12-01,,,,,,,
11452,2002-03-29,5000000.0,3.8275483E7,3.3275483E7,,,,
114524,1989-12-01,,,,,,,
11454,1986-08-14,1.5E7,8620929.0,-6379071.0,,,,
11456,2001-10-30,7.5E7,5.4249294E7,-2.0750706E7,,,,
11457,2001-10-25,1.8E7,,,,,,
114570,1977-10-19,,,,,,,
114575,2012-03-17,,,,,,,
114577,2012-06-26,,,,,,,
11460,2005-08-04,,5.7891803E7,,,,,
114606,2012-08-31,,,,,,,
114618,1959-11-06,,,,,,,
114626,1934-04-05,,,,,,,
11463,1969-09-15,,,,,,,
114638,1937-12-24,,,,,,,
11466,2003-10-03,,,,,,,
114661,2005-06-10,,,,,,,
11467,2001-07-17,,,,,,,
114674,1992-08-19,,,,,,,
11469,2001-11-21,,,,,,,
11470,2001-07-24,1.1E7,1.6951798E7,5951798.0,,,,
11471,1986-08-02,,4469460.0,,,,,
114718,2012-04-18,,,,,,,
11472,1995-07-12,,6.9660733E7,,,,,
11477,2000-09-29,,,,,,,
114776,1997-05-20,,,,,,,
114790,1946-08-31,,,,,,,
114796,2007-04-17,,,,,,,
11481,1965-06-01,300000.0,,,,,,
114838,1938-10-29,,,,,,,
11484,1975-06-25,,3.0E7,,,,,
114888,1936-03-09,,,,,,,
11490,2005-07-10,,5507396.0,,,,,
114903,2012-03-30,1.0,2755584.0,2755583.0,,,,
11492,2003-02-12,,,,,,,
114931,2006-11-23,,,,,,,
11494,2006-08-11,,,,,,,
114953,1973-02-21,,,,,,,
114958,2012-06-29,,,,,,,
11499,2008-10-15,,,,,,,
114994,2011-03-20,,,,,,,
11502,1962-03-09,,,,,,,
115054,1958-06-01,,,,,,,
115064,2009-06-16,,,,,,,
11509,1985-07-10,2.6E7,,,,,,
11510,1990-09-14,,1382462.0,,,,,
115108,1969-01-01,,,,,,,
115109,1939-09-15,,,,,,,
115153,2004-02-20,,,,,,,
115161,1980-01-01,,,,,,,
11517,1995-11-21,6.0E7,3.5431113E7,-2.4568887E7,,,,
115173,2011-01-01,,,,,,,
11518,2000-10-27,,,,,,,
115189,2012-06-10,,,,,,,
11520,1993-12-25,,,,,,,
11521,1991-09-06,,,,,,,
115210,2012-05-19,100000.0,95000.0,-5000.0,3.75,8,0.7559289460184542,2016-05-09
115232,1987-01-01,,,,,,,
115239,1999-11-05,,,,,,,
11525,1996-01-12,,2409225.0,,,,,
11527,1981-04-10,1.1E7,3.4967437E7,2.3967437E7,,,,
11528,1993-04-07,,3.2416586E7,,,,,
115301,1946-12-25,,,,,,,
11531,2000-10-27,,,,,,,
11534,2005-04-29,,,,,,,
11537,1978-03-01,,,,,,,
115373,1998-03-06,,,,,,,
11540,2004-09-17,2.3E7,,,,,,
115400,2011-01-19,,,,,,,
11541,1982-12-17,,1317657.0,,,,,
115425,1938-02-04,,,,,,,
115427,1982-01-01,,,,,,,
115442,2012-02-12,,,,,,,
11545,1998-09-17,9000000.0,1.7096053E7,8096053.0,,,,
115451,2012-06-16,10000.0,,,,,,
11548,1987-12-18,,6.5088797E7,,,,,
115520,2004-01-24,,,,,,,
115531,1961-10-29,,,,,,,
11554,2005-05-20,,,,,,,
115553,2009-12-14,,,,,,,
115572,1961-03-19,,,,,,,
115596,1941-08-26,,,,,,,
115616,1988-08-05,,,,,,,
115626,2004-07-16,,,,,,,
11563,1980-02-09,,,,,,,
11566,1993-05-07,,6.3E7,,,,,
115706,1952-03-23,,,,,,,
11571,1959-12-14,,1.0E7,,,,,
11574,1969-03-26,,,,,,,
11577,1973-05-23,4638783.0,1.1E7,6361217.0,,,,
11578,1953-06-05,,,,,,,
115810,2000-10-06,,,,,,,
11586,1977-06-17,1.4E7,3.0749142E7,1.6749142E7,,,,
115872,1997-10-10,,,,,,,
11588,2004-01-15,8800000.0,,,,,,
11589,1970-06-22,4000000.0,5200000.0,1200000.0,,,,
115905,2010-12-17,,,,,,,
11591,1983-06-10,1.01E7,,,,,,
11592,1994-04-13,1.3E7,7820688.0,-5179312.0,,,,
11593,1994-12-23,,,,,,,
11595,1990-06-08,3.8E7,1.53518974E8,1.15518974E8,,,,
11597,1992-12-18,,2.3278931E7,,,,,
11598,1977-08-10,600000.0,,,,,,
11599,2000-01-29,,,,,,,
11600,2007-01-01,,782102.0,,,,,
11601,1999-09-10,1.2E7,2.1133087E7,9133087.0,,,,
116014,1989-12-13,,7754571.0,,,,,
11602,1961-10-16,,,,,,,
11604,2005-04-01,,,,,,,
116059,,,,,,,,
11606,2003-08-03,,,,,,,
11607,1989-01-13,,8143225.0,,,,,
11609,1983-06-24,,4300000.0,,,,,
116146,1976-01-01,,,,,,,
116149,2014-11-27,5.5E7,2.59207227E8,2.04207227E8,,,,
11615,2003-02-21,5.0E7,3.8955598E7,-1.1044402E7,,,,
11616,1983-01-01,,,,,,,
116160,1953-02-15,,,,,,,
116185,2012-07-13,,,,,,,
11619,2006-10-22,1.49E8,6.4459316E7,-8.4540684E7,,,,
116194,1995-01-01,,,,,,,
116231,2012-02-14,,,,,,,
11624,1972-08-06,2000000.0,1.801629E7,1.601629E7,,,,
11625,1989-10-03,,,,,,,
11629,2001-10-25,,,,,,,
116306,2012-06-24,,,,,,,
11631,2008-07-03,5.2E7,6.09841637E8,5.57841637E8,,,,
11632,2004-09-01,2.3E7,1.6123851E7,-6876149.0,,,,
116323,2012-01-18,,,,,,,
116327,1958-07-01,,,,,,,
116336,1959-05-01,,,,,,,
11634,1998-10-23,,,,,,,
116340,2012-06-15,,,,,,,
116345,1988-07-22,,,,,,,
11635,2003-02-21,2.4E7,8.7055349E7,6.3055349E7,,,,
116350,1988-01-01,,,,,,,
116352,1960-01-01,,,,,,,
116356,1994-01-28,,,,,,,
11636,2004-09-23,,,,,,,
11637,2005-01-20,3.2E7,9.7918663E7,6.5918663E7,,,,
11638,2005-03-25,3.5E7,6.8915888E7,3.3915888E7,,,,
116432,1981-07-12,,,,,,,
11644,1981-07-24,1.8E7,1.2E7,-6000000.0,,,,
116440,2012-07-12,,,,,,,
11646,1981-08-13,3000000.0,1.174E7,8740000.0,,,,
11648,2005-07-21,,5.8405313E7,,,,,
116488,2012-05-17,,,,,,,
11652,2006-08-25,,5.7806952E7,,,,,
116521,1986-05-01,,,,,,,
116537,2009-09-23,,,,,,,
116554,1993-10-27,,,,,,,
11658,2004-02-05,,15.0,,,,,
116609,2006-10-09,,,,,,,
116613,2012-09-11,3730500.0,6294161.0,2563661.0,,,,
116614,1968-02-24,,,,,,,
11663,1991-08-14,,,,,,,
11664,1999-06-18,,,,,,,
116649,2012-06-26,,,,,,,
11667,1994-12-22,3.5E7,9.9423521E7,6.4423521E7,,,,
116690,1958-06-01,,,,,,,
116698,1982-12-09,,,,,,,
116714,1948-01-01,,,,,,,
116723,2012-02-12,,,,,,,
11673,1990-03-28,,,,,,,
116733,1947-01-10,,,,,,,
116746,1925-08-01,,,,,,,
11675,1998-08-05,1.7E7,5.5041738E7,3.8041738E7,,,,
116751,1999-09-12,,,,,,,
116762,1964-01-01,,,,,,,
116764,1972-02-25,,,,,,,
116780,1957-04-04,,,,,,,
116789,1995-02-21,,,,,,,
116800,1978-07-10,,,,,,,
11681,1974-12-21,,,,,,,
11684,1980-12-10,,6950125.0,,,,,
116857,1913-01-01,,,,,,,
11687,1993-01-27,,,,,,,
11689,1977-04-01,,,,,,,
11690,1988-02-26,1500000.0,1.1806119E7,1.0306119E7,,,,
11692,2002-08-15,1.0E8,7103973.0,-9.2896027E7,,,,
11697,1962-04-22,3200000.0,8000000.0,4800000.0,,,,
116973,1938-04-29,,,,,,,
116977,2012-06-15,6.5E7,73706.0,-6.4926294E7,2.6666666666666665,3,1.0408329997330663,2016-01-15
11698,1977-01-12,,,,,,,
116983,2009-01-01,,,,,,,
116991,1920-01-01,,,,,,,
116997,1981-04-03,,,,,,,
117004,1932-06-04,,,,,,,
117036,1995-09-13,,,,,,,
117042,1962-01-01,,,,,,,
117044,1934-06-27,,,,,,,
117046,1960-11-04,,,,,,,
117058,2007-01-12,,,,,,,
11708,1968-12-16,1.0E7,,,,,,
117129,1983-05-04,,,,,,,
11713,1972-03-22,100000.0,,,,,,
11718,1989-02-03,,,,,,,
117211,1926-05-02,,,,,,,
117251,2013-06-27,1.5E8,2.05366737E8,5.5366737E7,,,,
117258,1976-10-29,,,,,,,
117269,1990-03-19,,,,,,,
117337,2010-10-15,,,,,,,
117340,2010-06-01,,,,,,,
117408,1972-12-26,,,,,,,
117422,1936-11-13,,,,,,,
117452,2012-02-14,,,,,,,
117467,2012-09-06,,,,,,,
117510,1984-04-01,,,,,,,
117514,1988-05-01,,,,,,,
117520,2001-03-14,,,,,,,
117531,1929-09-12,,,,,,,
117534,2012-06-22,,,,,,,
117567,1964-10-24,,,,,,,
11761,2010-04-20,,,,,,,
117618,2012-06-18,250000.0,,,,,,
117629,2012-05-16,500000.0,116207.0,-383793.0,,,,
117680,1986-04-27,,,,,,,
117691,2012-06-22,,4100000.0,,,,,
11779,1999-02-17,,,,,,,
117800,1962-09-29,,,,,,,
11787,1950-10-13,,,,,,,
117878,2012-01-01,,,,,,,
117890,1971-03-26,,,,,,,
117904,1998-03-22,,,,,,,
117913,1946-02-15,,,,,,,
117923,2012-08-01,5000000.0,,,,,,
117924,2012-08-24,,,,,,,
11795,1994-04-20,,,,,,,
117959,1945-06-21,,,,,,,
11796,1990-10-03,,,,,,,
117963,2011-02-11,,,,,,,
117969,1962-04-11,,,,,,,
11798,2006-09-12,2380000.0,8176544.0,5796544.0,,,,
117992,1964-06-10,,,,,,,
117999,1970-01-02,,,,,,,
118,2005-07-13,,4.74968763E8,,2.8,5,1.0954451150103321,2001-07-07
118011,1943-11-18,,,,,,,
118013,,,,,,,,
118014,1928-02-09,,,,,,,
118015,2006-04-28,,,,,,,
118017,1967-04-30,,,,,,,
11802,2008-07-17,3.7E7,6.3800345E7,2.6800345E7,,,,
118026,2011-02-25,,,,,,,
118052,2001-04-01,,,,,,,
118121,1974-01-21,,,,,,,
11813,1976-02-19,,,,,,,
118144,2007-05-01,,2403749.0,,,,,
118145,2012-02-16,,,,,,,
118153,1956-09-16,,,,,,,
118154,2006-11-07,,,,,,,
11820,2003-12-19,6.5E7,,,,,,
118204,2011-09-01,,,,,,,
11822,1987-05-27,,,,,,,
11824,1985-08-23,,,,,,,
118257,1982-06-01,,,,,,,
11826,2000-09-13,,,,,,,
11827,1981-08-07,9300000.0,,,,,,
11828,1989-09-22,,,,,,,
11830,1985-11-23,,,,,,,
11834,1977-03-28,,,,,,,
11835,2007-08-31,2.0E7,1.6974459E7,-3025541.0,,,,
11837,1978-10-14,1000000.0,3713768.0,2713768.0,,,,
118381,1998-05-28,,,,,,,
11839,1955-12-24,4000000.0,,,,,,
118424,1992-06-16,,,,,,,
11843,1975-05-21,5000000.0,4.1833347E7,3.6833347E7,,,,
118430,1990-03-16,,,,,,,
118439,1991-11-03,,,,,,,
118443,1998-01-04,,,,,,,
11845,2001-01-20,,,,,,,
11846,1991-12-20,,8.932578E7,,,,,
11847,2001-01-18,2.5697387E7,3849941.0,-2.1847446E7,,,,
118497,1966-11-11,,,,,,,
11850,1978-12-19,,2.4046533E7,,,,,
118533,1968-12-25,,,,,,,
118534,1946-07-19,,,,,,,
118576,1916-08-12,,,,,,,
11858,1994-06-03,4.0E7,2.4332324E7,-1.5667676E7,,,,
118580,1915-11-10,,,,,,,
11860,1995-12-15,5.8E7,,,,,,
11861,1995-10-06,1.0E7,2.357413E7,1.357413E7,,,,
118612,2012-08-27,,,,,,,
118617,1998-08-01,,,,,,,
11862,1995-02-10,,7.6578911E7,,,,,
118624,2012-04-11,,,,,,,
11863,1995-10-13,5.0E7,9851610.0,-4.014839E7,,,,
118635,2001-06-01,,,,,,,
11864,1985-12-12,4.0E7,1.2303411E7,-2.7696589E7,,,,
118640,2012-01-01,,,,,,,
11866,2004-12-17,4.5E7,2.100918E7,-2.399082E7,,,,
11867,1996-05-02,,3793614.0,,,,,
11869,1941-12-16,,,,,,,
11870,2002-02-08,1.5E7,5.2970014E7,3.7970014E7,,,,
118737,2012-07-20,,,,,,,
11874,1968-10-02,,,,,,,
118758,1997-01-01,,,,,,,
118760,1982-10-01,,,,,,,
118761,2012-02-03,,,,,,,
118769,2012-07-06,,,,,,,
11878,1961-04-25,,,,,,,
11880,2002-05-10,,,,,,,
118802,1977-01-01,,,,,,,
11881,1947-05-02,,,,,,,
11884,1984-07-13,1.5E7,2.873329E7,1.373329E7,,,,
11886,1973-11-08,1.5E7,3.2056467E7,1.7056467E7,,,,
11887,2008-10-22,,,,,,,
11888,2002-01-18,3.3E7,,,,,,
118900,1944-09-22,,,,3.5,3,0.5,2015-12-13
118931,2012-08-25,,,,,,,
118943,1909-01-25,,,,,,,
118946,2012-03-15,,,,,,,
118955,1962-10-05,,,,,,,
11897,1962-11-01,1.5E7,5.0E7,3.5E7,,,,
11898,1949-01-01,,,,,,,
118984,2011-06-09,,,,,,,
118998,1961-08-25,,,,,,,
11900,1970-09-16,200000.0,,,,,,
11901,1973-04-19,5500000.0,1.57E7,1.02E7,,,,
11902,1995-04-11,1.4E7,,,,,,
11908,2006-04-27,,,,,,,
119094,1942-11-16,,,,,,,
11916,1970-06-14,,5050000.0,,,,,
11917,2008-10-23,1.08E7,1.13857533E8,1.03057533E8,,,,
11918,2008-03-27,3.5E7,2.5871834E7,-9128166.0,,,,
119197,2011-10-25,,,,,,,
119255,2012-06-30,,,,,,,
11928,2009-06-11,,113221.0,,,,,
11929,1995-03-24,,,,,,,
11931,2005-10-07,,8.3073883E7,,,,,
119324,1991-04-07,,,,,,,
11934,1994-03-11,3.0E7,,,,,,
119364,1974-05-01,,,,,,,
11938,1986-03-01,,,,,,,
119409,2006-09-22,,,,,,,
11942,1974-08-14,1500000.0,,,,,,
119425,2010-05-15,,,,,,,
119431,2012-10-05,1.25E7,,,,,,
119433,2012-07-24,,,,,,,
11944,1999-05-16,2.0E7,,,,,,
11945,1971-12-04,,,,,,,
119482,1966-10-16,,,,,,,
119569,2012-09-13,,,,,,,
119593,1961-01-28,,,,,,,
119616,2006-11-01,,,,,,,
119617,1980-07-11,,,,,,,
11963,1975-09-24,,2.7476252E7,,,,,
119637,1957-05-03,,,,,,,
11966,1988-07-06,,2.1630088E7,,,,,
11967,1988-08-12,1.3E7,4.4726644E7,3.1726644E7,,,,
119675,2013-05-26,2.3E7,1.56E7,-7400000.0,,,,
11968,2005-09-30,5.0E7,4.4434439E7,-5565561.0,,,,
119685,2012-12-28,,,,,,,
119687,1957-09-12,,,,,,,
119698,2012-08-09,,,,,,,
11972,1952-03-28,,,,,,,
11973,2000-12-24,8.0E7,3.4566746E7,-4.5433254E7,,,,
11974,1989-02-17,,3.6602E7,,,,,
11976,1985-07-19,2.5E7,1.5502112E7,-9497888.0,,,,
11978,2000-09-13,3.2E7,4.8814909E7,1.6814909E7,,,,
11979,2002-02-10,3.5E7,4.547911E7,1.047911E7,,,,
11980,1995-09-01,8.0,16.0,8.0,,,,
11982,1993-11-05,,,,,,,
119820,1997-01-01,,,,,,,
119826,2012-04-19,,,,,,,
119840,1982-09-19,,,,,,,
11986,1986-04-09,,2003822.0,,,,,
119892,2014-01-09,8.2E7,,,,,,
119984,1903-01-01,,,,,,,
120,2001-12-18,9.3E7,8.71368364E8,7.78368364E8,,,,
120055,2011-11-26,,,,,,,
120109,1940-04-03,,,,,,,
120129,1999-06-04,,,,,,,
120149,2012-06-14,598500.0,,,,,,
120172,2014-09-14,1000000.0,,,,,,
120212,1980-10-19,,,,,,,
120249,1974-11-05,,,,,,,
120280,1955-03-04,,,,,,,
120393,2006-10-04,,,,,,,
120457,2011-09-09,,,,,,,
120478,2012-07-31,115000.0,,,,,,
120518,1989-04-14,,,,,,,
120529,2008-05-23,,,,,,,
120539,1962-12-28,,,,,,,
120581,1939-01-18,,,,,,,
120587,2012-07-19,80000.0,,,,,,
120589,1975-11-28,,,,,,,
120615,1953-06-24,,,,,,,
120657,1933-07-28,,,,,,,
120676,1925-09-22,,,,,,,
120683,2000-11-10,,,,,,,
120747,1944-05-03,,,,,,,
120771,2012-05-25,,,,,,,
12078,1990-01-01,,,,,,,
120785,1949-10-08,,,,,,,
120831,1927-11-28,,,,,,,
120833,1930-01-04,,,,,,,
120843,1931-11-07,,,,,,,
12086,2004-02-24,1500000.0,,,,,,
120872,2011-04-09,,,,,,,
12088,1992-09-30,8000000.0,6739141.0,-1260859.0,,,,
12092,1951-07-03,3000000.0,5.72E8,5.69E8,,,,
120922,2008-12-05,,,,,,,
12097,1969-05-09,,,,,,,
120977,1935-09-08,,,,,,,
120990,2012-06-30,,,,,,,
121001,1940-05-24,,,,,,,
121006,1936-01-03,,,,,,,
121015,1979-10-21,,,,,,,
12104,1982-07-14,1.2E7,2.2244207E7,1.0244207E7,,,,
121043,1969-04-02,,,,,,,
121088,2006-09-01,,,,,,,
12110,1995-12-22,,,,,,,
121111,1971-10-03,,,,,,,
12112,2002-03-27,,5126264.0,,,,,
12113,2008-10-10,7.0E7,1.13280098E8,4.3280098E7,,,,
12115,2000-08-08,,,,,,,
121170,2009-02-01,,,,,,,
121173,2012-09-05,,34659.0,,,,,
12118,1986-03-20,,4.3579163E7,,,,,
121197,1949-12-29,,,,,,,
12122,1995-04-28,,,,,,,
12123,1996-08-02,5.0E7,6.0209334E7,1.0209334E7,,,,
121230,1946-05-05,,,,,,,
121232,2008-12-03,,,,,,,
121234,1959-08-19,,,,,,,
121250,1958-11-16,,,,,,,
12128,2004-11-03,4410000.0,,,,,,
1213,1999-12-25,,1.28798265E8,,4.202290076335878,131,0.8315384859824555,2016-10-07
12130,2006-12-02,,,,,,,
121329,1967-05-18,,,,,,,
12135,2008-03-26,,,,,,,
121357,1947-08-27,,,,,,,
12138,2001-02-23,,1.8720175E7,,,,,
12139,1993-06-23,,1.17270765E8,,,,,
12140,2004-03-06,,9789651.0,,,,,
12142,2005-01-28,2.0E7,1.0442808E7,-9557192.0,,,,
12144,1988-11-18,1.23E7,8.4460846E7,7.2160846E7,,,,
121462,1961-08-26,,,,,,,
121464,1961-10-12,,,,,,,
12149,2001-11-17,1.1E7,1.3110448E7,2110448.0,,,,
121491,2012-07-05,,,,4.5,1,,2015-09-17
121498,2012-03-09,,,,,,,
121530,1977-02-26,,,,,,,
121539,2006-09-13,,,,,,,
12154,1987-11-27,,,,,,,
12155,2010-03-03,2.0E8,1.02549111E9,8.2549111E8,,,,
121555,2006-05-30,,,,,,,
121573,2013-03-14,,,,,,,
12158,1995-10-26,,1.98E7,,,,,
12159,1998-10-02,8.5E7,7.1485043E7,-1.3514957E7,,,,
12160,1994-06-24,6.3E7,2.5052E7,-3.7948E7,,,,
121602,2012-09-27,,,,,,,
121606,2012-04-20,,,,,,,
12163,2008-09-07,6000000.0,4.4703995E7,3.8703995E7,,,,
121642,2012-09-13,1.3E7,18295.0,-1.2981705E7,,,,
121652,2000-01-05,,,,,,,
12167,2006-11-03,,,,,,,
121691,2012-09-21,,,,,,,
121695,1940-11-08,,,,,,,
121707,1950-01-28,,,,,,,
121725,2011-11-19,,,,,,,
121740,2003-10-10,,,,,,,
121749,1986-06-06,,,,,,,
121754,2003-12-19,,,,,,,
121789,2012-08-30,,,,,,,
12183,2005-08-03,,,,,,,
121831,2012-09-12,,,,,,,
121835,2012-08-02,,,,,,,
12184,2008-02-28,3.5E7,,,,,,
121872,2012-09-07,,1005700.0,,,,,
121875,2012-09-26,,1.1879046E7,,,,,
121888,1989-01-01,,,,,,,
121895,1990-09-05,,,,,,,
12192,2008-04-11,8000000.0,,,,,,
121927,1976-05-01,,,,,,,
121929,2012-01-28,,,,,,,
12193,2008-11-26,8.0E7,1.63733697E8,8.3733697E7,,,,
121942,1966-11-18,,,,,,,
121945,1998-01-01,,,,,,,
121959,1957-09-10,,,,,,,
121975,1947-02-28,,,,,,,
121983,2012-09-09,,,,,,,
121998,2012-09-01,2100000.0,,,,,,
122019,1960-05-09,,,,,,,
122023,2005-03-13,,,,,,,
122036,1904-01-01,,,,,,,
122044,2012-08-08,2000000.0,,,,,,
122047,1930-04-05,,,,,,,
12206,1933-04-21,,,,,,,
12207,1994-02-03,,,,,,,
12208,1967-04-13,,4.1744718E7,,,,,
122080,2012-12-24,,306.0,,,,,
122081,2013-01-24,5000000.0,3.1724284E7,2.6724284E7,,,,
122088,2012-07-01,,1775316.0,,,,,
12211,2000-09-01,2.5E7,1.5843608E7,-9156392.0,,,,
122134,1895-12-27,,,,,,,
122160,1969-01-15,,,,,,,
12219,1997-08-17,,,,,,,
12222,2008-03-03,8.5E7,2.97138014E8,2.12138014E8,,,,
122229,1971-09-21,,,,,,,
12223,1975-02-12,,,,,,,
12224,2002-05-12,,,,,,,
12225,2006-09-10,,2294291.0,,,,,
122252,1955-08-01,,,,,,,
12227,1991-01-18,1.4E7,3.479316E7,2.079316E7,,,,
122270,1970-10-26,,,,,,,
12228,2005-02-11,2000000.0,653621.0,-1346379.0,,,,
122291,1973-10-29,,,,,,,
122326,2012-07-24,150.0,,,,,,
122331,1927-08-21,,,,,,,
122341,2006-01-01,,,,,,,
122348,2008-11-21,,,,,,,
122368,1995-02-05,,,,,,,
122372,2011-08-01,,,,,,,
122408,1998-12-08,,,,,,,
12242,2004-11-03,,,,,,,
122435,1933-08-30,,,,,,,
12244,2009-08-19,3.0E7,4.8428063E7,1.8428063E7,,,,
12245,2008-01-18,,,,,,,
12246,2007-09-20,,2.652751E7,,,,,
122466,2011-12-21,50000.0,,,,,,
122487,1977-07-31,,,,,,,
122492,2012-05-04,,,,,,,
122525,1935-12-23,,,,,,,
12255,2000-01-01,,,,,,,
12257,1998-11-25,1.5E7,1.0443316E7,-4556684.0,,,,
12259,1975-08-15,,,,,,,
12266,1981-12-23,,,,,,,
122671,1968-03-18,,,,,,,
122698,1963-10-17,,,,,,,
122709,1933-04-28,,,,,,,
12276,1999-10-16,,,,,,,
12278,1986-10-24,,,,,,,
122787,1967-03-10,,,,,,,
122794,2008-04-24,,,,,,,
122796,2012-09-12,,,,,,,
12281,2004-01-15,500000.0,603943.0,103943.0,,,,
122857,2012-10-04,1.15E7,1402307.0,-1.0097693E7,,,,
122884,1938-02-11,,,,,,,
12289,2008-07-10,8.0341E7,1.27814609E8,4.7473609E7,,,,
122906,2013-08-16,1.2E7,8.7100449E7,7.5100449E7,,,,
122924,2012-08-21,6000000.0,,,3.0,3,0.5,2016-09-19
123005,2012-03-28,,,,,,,
123047,1985-09-10,,,,,,,
123049,1985-10-23,,,,,,,
12308,2001-02-01,,,,,,,
123103,2012-09-12,2000000.0,58510.0,-1941490.0,,,,
123105,2012-09-13,,30668.0,,,,,
123109,2013-03-09,2900000.0,74918.0,-2825082.0,,,,
12311,1935-11-08,1950000.0,4460000.0,2510000.0,,,,
12312,2001-12-21,3.8E7,,,,,,
12314,2008-06-20,,,,,,,
123235,2012-07-16,,,,,,,
123279,2011-09-20,,,,,,,
123295,1946-01-26,,,,,,,
123334,2006-08-03,,,,,,,
123337,2012-07-27,,,,,,,
12335,1971-10-07,2.0E7,1.79E7,-2100000.0,,,,
123360,1995-09-08,,,,,,,
123366,2012-09-03,,,,,,,
123377,2012-09-05,103000.0,3623330.0,3520330.0,,,,
123389,2010-08-01,200.0,,,,,,
123398,1987-03-11,,,,,,,
123431,2012-11-11,,,,,,,
123432,1952-01-06,,,,,,,
123452,1938-06-23,,,,,,,
123581,2013-09-30,,,,,,,
123592,1979-01-01,,,,,,,
123601,1985-01-01,,,,,,,
123628,1988-12-22,,,,,,,
123678,2012-08-31,1000000.0,444575.0,-555425.0,,,,
123707,1998-09-09,,,,,,,
123763,1990-08-09,,,,,,,
123770,1990-03-09,,,,,,,
123833,2001-01-22,,,,,,,
123867,1973-03-16,,,,,,,
123879,2005-07-10,650000.0,,,,,,
123897,1983-06-19,,,,,,,
123938,1991-04-26,,,,,,,
12395,1992-04-03,,,,,,,
123964,2012-08-03,1970000.0,,,,,,
124,1985-06-17,,,,3.0,1,,1996-11-17
12400,2008-04-07,7000000.0,,,,,,
124019,1971-01-01,,,,,,,
124026,1961-01-01,,,,,,,
12403,2009-06-08,1.4E7,2.2852638E7,8852638.0,,,,
12404,2009-11-25,,2336172.0,,,,,
124042,1996-11-04,,,,,,,
124057,1997-07-08,,,,,,,
124069,2012-10-15,,,,,,,
12407,2008-12-19,,,,,,,
124071,2012-09-07,,,,,,,
124073,2012-09-08,,,,,,,
124075,2012-08-10,,,,,,,
12408,2008-01-01,,,,,,,
124080,2012-09-11,,,,,,,
124111,2001-06-08,,,,,,,
124124,1989-07-14,,,,,,,
124134,2000-01-22,,,,,,,
124202,1981-04-24,,,,,,,
124227,1968-06-05,,,,,,,
124250,1964-06-26,,,,,,,
12429,2008-07-19,4.1677699E7,1.87479518E8,1.45801819E8,,,,
124298,1997-09-08,,,,,,,
12437,2009-01-22,3.5E7,9.1353501E7,5.6353501E7,,,,
124409,1995-02-28,,,,,,,
124414,1972-01-01,,,,,,,
124429,1958-08-02,,,,,,,
12443,2002-01-28,,,,,,,
12444,2010-10-17,,9.54305868E8,,,,,
124461,2012-11-15,,,,,,,
124472,1994-09-27,,,,,,,
124475,1994-11-09,,,,,,,
12448,2002-02-05,,,,,,,
124480,2010-11-12,,,,,,,
12449,2007-11-14,,,,,,,
124527,1954-01-29,,,,,,,
12454,2002-05-17,9000000.0,,,,,,
12456,2003-11-07,,,,,,,
124611,1965-10-09,,,,,,,
124613,1995-08-23,,,,,,,
124625,1995-09-12,,,,,,,
124626,1995-02-18,,,,,,,
124636,1995-08-01,,,,,,,
124676,1996-10-26,,,,,,,
12470,1974-11-02,,,,,,,
12472,1981-01-30,,,,,,,
124762,2012-08-04,,,,,,,
12479,1999-02-13,1.2E7,,,,,,
12480,2000-03-15,,,,,,,
124821,1996-01-01,,,,,,,
124829,1996-09-27,,,,,,,
124839,1996-10-02,,,,,,,
12484,2001-04-27,5000000.0,,,,,,
12487,2003-07-11,,,,,,,
12489,1997-01-29,,,,,,,
124902,1992-04-18,,,,,,,
124905,2014-05-14,1.6E8,5.29076069E8,3.69076069E8,,,,
12493,1963-03-01,,,,,,,
124963,1982-10-22,,,,,,,
12497,2003-10-24,,,,,,,
124972,2012-07-11,,,,,,,
12498,1996-08-30,1000000.0,2.4444121E7,2.3444121E7,,,,
124980,1988-02-08,,,,,,,
124998,2011-12-17,,,,,,,
1250,2007-02-16,1.1E8,2.28738393E8,1.18738393E8,4.138461538461539,65,0.7208268489407468,2016-06-27
12500,1985-08-30,1000000.0,1.0499694E7,9499694.0,,,,
12502,1983-12-14,,,,,,,
125025,1997-06-25,,,,,,,
12503,1983-10-21,,,,,,,
125034,2012-08-17,,,,,,,
12506,1987-11-05,,,,,,,
12508,2001-09-04,5.7E7,1.6991902E7,-4.0008098E7,,,,
125123,1998-06-24,,,,,,,
125141,1984-01-26,,,,,,,
12516,1990-05-11,,,,,,,
125161,2007-08-07,,,,,,,
12518,1992-08-28,2.5E7,,,,,,
1252,2006-04-30,,,,4.3355263157894735,76,0.7974465829330383,2016-08-17
125229,1959-11-22,,,,,,,
12523,2008-08-21,,,,,,,
125232,1947-09-27,,,,,,,
12527,1993-01-01,,,,,,,
12529,1969-12-20,,,,,,,
1253,2006-12-15,,8974829.0,,3.8,20,1.0563093645728083,2016-05-08
12530,1972-12-17,,,,,,,
125302,2009-06-02,,,,,,,
12531,1996-07-27,,,,,,,
125313,1998-10-04,,,,,,,
125317,1998-09-09,,,,,,,
125344,2010-04-21,,,,,,,
12535,1977-12-25,3400000.0,3.1063038E7,2.7663038E7,,,,
12536,2002-11-02,,,,,,,
12537,1981-08-28,,2689068.0,,,,,
125374,1971-03-12,,,,,,,
1254,2006-09-06,,,,4.3,30,0.7381243704193059,2012-08-20
12542,2003-12-30,1.4E7,,,,,,
12545,1973-08-15,,1.32E7,,,,,
125458,1986-05-04,,,,,,,
125472,2011-11-01,500000.0,,,,,,
12548,1953-08-26,,,,,,,
125490,2012-09-19,,,,,,,
125506,1999-01-22,,,,,,,
125509,2012-10-23,,,,,,,
125510,1997-08-02,,,,,,,
125513,2001-12-22,,,,,,,
125521,1996-08-03,,,,,,,
125531,1999-09-11,,,,,,,
125587,1996-10-18,,,,,,,
12559,1996-08-30,,,,,,,
12561,1995-12-09,,,,,,,
125619,2012-08-13,,,,,,,
125623,2012-04-02,,,,,,,
125666,1950-03-19,,,,,,,
12568,2008-07-25,2.0E7,1.3204291E7,-6795709.0,,,,
125695,2000-03-11,,,,,,,
1257,2007-02-02,,6.948549E7,,3.8125,24,1.0406154115630848,2013-02-19
125700,2001-02-11,,,,,,,
125705,2000-12-10,,,,,,,
125707,2000-09-08,,,,,,,
125717,2000-11-30,,,,,,,
125736,1932-04-16,,,,,,,
125769,1982-09-18,,,,,,,
12579,1981-09-30,,,,,,,
12582,1988-10-21,,,,,,,
12584,1976-08-11,,8091910.0,,,,,
125842,2001-10-13,,,,,,,
125874,2009-08-06,,,,,,,
12588,2008-01-16,,,,,,,
125889,1974-08-14,,,,,,,
125891,1936-11-16,,,,,,,
1259,2006-12-25,,4.9469904E7,,4.09375,112,0.7609005155699361,2016-08-17
125943,2002-08-26,,,,,,,
125958,1998-10-01,,,,,,,
1260,2006-08-25,,,,4.261904761904762,21,0.815767240379381,2015-12-06
12600,2001-07-06,,2.8023563E7,,,,,
126016,2008-10-18,717000.0,,,,,,
126031,1982-04-26,,,,,,,
12608,2003-12-24,,,,,,,
126083,1935-12-30,,,,,,,
126090,2003-08-15,,,,,,,
12610,2001-08-07,7.5E7,1.3596911E7,-6.1403089E7,,,,
126108,2003-05-15,,,,,,,
12611,1978-03-10,,2.4E7,,,,,
12612,2004-05-01,,,,,,,
12613,1994-08-06,,,,,,,
126132,1971-01-01,,,,,,,
126136,1934-10-02,,,,,,,
12614,1982-04-25,,2.8215453E7,,,,,
126140,,,,,,,,
126141,2004-12-05,,,,,,,
126152,1998-09-10,,,,,,,
12617,1960-10-13,,,,,,,
126186,2012-05-03,,,,,,,
12620,2008-08-22,2.5E7,7.044294E7,4.544294E7,,,,
126227,2006-01-06,,,,,,,
126234,2004-10-21,,,,,,,
126265,1949-06-24,,,,,,,
12627,1991-09-04,,,,,,,
12631,1961-08-25,,,,,,,
126313,1965-01-01,,,,,,,
126318,2012-05-24,,,,,,,
126321,2012-12-05,,,,,,,
126323,2012-12-01,1500000.0,,,,,,
126331,2012-11-28,,,,,,,
12635,1994-04-01,,,,,,,
12637,1977-06-21,,,,,,,
12638,1990-04-05,,,,,,,
126420,1982-02-04,,,,1.5,1,,2015-11-18
126423,1974-01-01,,,,,,,
126432,1967-11-18,,,,,,,
12647,1991-11-01,,,,,,,
12649,1959-07-17,,,,,,,
1265,2007-02-16,,1.37587063E8,,3.8393939393939394,165,0.8920172377269787,2016-10-16
126509,2012-07-13,2500000.0,3.34E7,3.09E7,,,,
12651,1990-09-07,2.3E7,,,,,,
12652,1996-04-12,,,,,,,
126523,1972-04-12,,,,,,,
12655,1997-10-03,,,,,,,
126550,1956-03-24,,,,,,,
12656,1996-09-13,,,,,,,
126560,1968-04-01,,,,,,,
12657,2004-05-28,1.6E7,1.4822346E7,-1177654.0,,,,
1266,2008-04-10,2.0E7,6.5569869E7,4.5569869E7,3.8859649122807016,57,0.9354980714058205,2016-06-27
12665,1995-10-27,,,,,,,
1267,2007-03-23,1.5E8,1.69332978E8,1.9332978E7,4.122448979591836,49,0.875182196774489,2016-04-16
126706,1975-02-10,,,,,,,
126729,2008-01-18,,,,,,,
126732,2008-05-20,,,,,,,
126748,1998-08-23,,,,,,,
126754,1989-09-27,,,,,,,
126757,2012-08-04,,,,,,,
126760,1972-09-21,,,,,,,
12677,2006-09-24,,,,,,,
126777,1938-09-28,,,,,,,
126783,1937-07-10,,,,,,,
126797,2012-10-04,,,,,,,
126820,1994-09-18,,,,,,,
12683,2008-09-01,4600000.0,,,,,,
126832,2006-06-06,,,,,,,
12684,1936-12-02,,,,,,,
126863,1969-01-01,,,,,,,
126883,2012-10-04,,,,,,,
1269,2007-03-10,,,,3.945945945945946,37,1.0393894026448078,2016-08-03
126919,1959-08-06,,,,,,,
126927,1970-12-01,,,,,,,
126929,2012-09-09,,,,,,,
126934,2002-07-04,,,,,,,
126947,1977-06-03,,,,,,,
12695,1983-05-06,,1.5543E7,,,,,
126958,1929-02-18,,,,,,,
12696,2003-07-01,,,,,,,
126963,2013-03-30,,5.0353002E7,,,,,
126969,1996-09-06,,,,,,,
12697,2004-09-19,,,,,,,
12698,2003-12-09,,,,,,,
12699,2005-09-06,5000000.0,,,,,,
12701,1985-12-25,2.8E7,358574.0,-2.7641426E7,,,,
127016,2002-02-12,,,,,,,
127017,1913-01-01,,,,,,,
127021,1998-07-02,,,,,,,
12704,1987-05-15,,1.4375181E7,,,,,
127083,1968-01-01,,,,,,,
127092,1976-09-14,,,,,,,
127094,1903-10-16,,,,,,,
1271,2006-12-09,6.5E7,4.22610419E8,3.57610419E8,3.7,40,1.054903082193105,2016-05-08
12710,1988-06-10,,,,,,,
127105,1909-06-10,,,,,,,
12713,2006-02-16,,,,,,,
127142,1966-01-01,,,,,,,
127146,1934-06-23,,,,,,,
12715,1986-11-21,,1.1949484E7,,,,,
12716,1990-08-29,,,,,,,
1272,2007-04-05,5.0E7,3.2017803E7,-1.7982197E7,4.1,40,0.8563488385776753,2012-11-24
12721,1986-05-02,,4662137.0,,,,,
12722,2001-01-01,,,,,,,
127224,1894-09-23,,,,,,,
12723,1997-04-04,,5926128.0,,,,,
127257,2002-03-21,,,,,,,
127320,1964-02-05,,,,,,,
127323,1964-09-17,,,,,,,
127329,2012-08-15,,,,,,,
127370,2012-09-15,,1697294.0,,,,,
127374,2012-09-07,,,,,,,
127380,2016-06-16,,1.028570889E9,,,,,
127424,1975-06-05,,,,,,,
127451,2012-04-19,,,,,,,
127497,2012-09-21,,,,,,,
127509,2012-11-22,,,,,,,
127517,2012-09-11,1.0E7,3428048.0,-6571952.0,,,,
127521,2012-09-11,1.0E7,,,,,,
127540,2012-09-28,,,,,,,
12758,1968-04-10,,,,,,,
127594,2012-02-16,,,,,,,
127602,1951-03-06,,,,,,,
127608,1983-06-25,,,,,,,
12761,1978-10-08,,,,,,,
127614,2012-03-09,,,,,,,
12762,1984-01-27,8000000.0,1.0600497E7,2600497.0,,,,
12763,2006-03-17,3.0E7,3.4742066E7,4742066.0,,,,
127651,2012-08-21,,,,,,,
12766,1954-12-25,,,,,,,
127668,1964-01-01,,,,,,,
1277,1999-10-21,,585604.0,,4.0,11,0.3872983346207417,2006-05-27
12772,1992-12-18,,,,,,,
12775,1985-08-30,6500000.0,,,,,,
127756,1999-01-01,,,,,,,
127760,1980-12-01,,,,,,,
127762,1895-12-28,,,,,,,
12778,1994-03-04,,1.3145977E7,,,,,
1278,2003-09-01,1.5E7,1.5121165E7,121165.0,4.087837837837838,74,0.8249454448882279,2016-09-07
127808,1960-09-15,,,,,,,
127812,1938-02-25,,,,,,,
127817,1955-01-01,,,,,,,
127818,2011-02-22,,,,,,,
127847,2012-08-10,,,,,,,
127853,2012-09-14,,,,,,,
127866,2012-09-27,,,,,,,
12787,1988-08-24,,,,,,,
127872,2012-11-09,6075000.0,,,,,,
127878,2012-09-09,,,,,,,
127880,2011-09-20,,,,,,,
127901,2012-10-05,,,,,,,
127905,2013-05-13,,,,,,,
127913,2012-09-07,3000000.0,,,,,,
12795,2006-04-28,500000.0,745327.0,245327.0,,,,
127962,2012-08-09,,,,,,,
12797,2008-09-19,,,,,,,
127973,1934-02-09,,,,,,,
1280,2004-10-15,,,,4.157894736842105,19,0.7463360796984488,2013-12-24
128006,1929-10-07,,,,,,,
12802,2003-03-20,,,,,,,
128044,1978-01-01,,,,,,,
128062,2009-03-28,,,,,,,
128073,2012-09-09,,,,,,,
12808,2006-09-28,,,,,,,
128081,2013-05-10,,,,,,,
128104,2012-09-08,,,,,,,
12811,2008-08-31,,,,,,,
128110,2012-06-08,,,,,,,
128111,2012-09-11,,,,,,,
128113,2012-09-16,,,,,,,
128124,2012-09-09,,,,,,,
128136,2012-09-11,,45250.0,,,,,
128142,2012-10-03,,,,,,,
128149,2012-09-09,,,,,,,
128151,2012-07-02,,,,,,,
128158,2012-09-08,,148671.0,,,,,
12816,2003-08-08,,,,,,,
128174,1971-05-14,,,,,,,
12819,2010-09-17,,3.93E7,,,,,
1282,2001-01-18,,,,3.7578125,64,0.9839674609892921,2016-05-08
128206,2013-10-18,,,,,,,
128207,2012-09-06,,,,,,,
128216,2012-10-12,,,,,,,
12823,2007-09-12,,,,,,,
128230,2012-11-21,,,,,,,
128241,2012-09-09,,,,,,,
12826,1979-01-01,,,,,,,
128264,2009-11-30,,,,,,,
128266,1998-04-12,,,,,,,
128284,1929-12-14,,,,,,,
1283,1998-03-13,,,,4.119047619047619,21,0.6690433824641325,2016-08-03
12831,2001-05-15,,,,,,,
128311,2012-07-19,,,,,,,
12832,2008-09-10,,,,,,,
12834,2009-09-13,9000000.0,985117.0,-8014883.0,,,,
128364,1974-04-10,,,,,,,
128368,1931-09-21,,,,,,,
12837,2008-09-17,1.1E7,3.8105395E7,2.7105395E7,,,,
12838,2006-07-21,,,,,,,
128395,1971-07-20,,,,,,,
128396,1995-08-19,,,,,,,
12840,2006-09-08,,,,,,,
128437,1964-09-01,,,,,,,
128557,1979-09-27,,,,,,,
128563,1978-01-01,,,,,,,
128564,2012-01-01,1000000.0,,,,,,
128588,1978-03-03,,,,,,,
128606,1955-09-01,,,,4.5,1,,2016-07-15
128614,1965-08-01,,,,,,,
128625,2001-08-10,,,,,,,
128634,1992-12-23,,,,,,,
128637,1988-01-01,,,,,,,
128671,1912-12-05,,,,,,,
128722,1936-04-30,,,,,,,
128728,2008-01-17,,,,,,,
128797,1966-02-24,,,,,,,
128831,1957-05-16,,,,,,,
128841,2012-08-21,3000000.0,,,,,,
128846,1965-07-04,,,,5.0,1,,2016-08-02
128847,2010-10-09,,,,,,,
128848,1969-12-31,,,,,,,
128857,1994-01-01,,,,,,,
128876,2012-09-19,,,,,,,
12888,1998-11-04,,,,,,,
128891,1976-01-01,,,,,,,
128892,1962-12-07,,,,,,,
128899,1926-09-30,,,,,,,
128900,1987-09-04,,,,,,,
128917,1991-01-24,,,,,,,
128939,1957-11-20,,,,,,,
128979,1999-01-01,,,,,,,
129006,1997-12-07,,,,,,,
12903,2008-01-01,,,,,,,
129062,1964-08-21,,,,,,,
129067,1974-10-01,,,,,,,
129119,2012-09-21,,,,,,,
129129,2004-01-16,,,,,,,
129175,2011-01-01,,,,,,,
12919,1987-08-14,1800000.0,3.1623833E7,2.9823833E7,,,,
12924,2004-11-20,,,,,,,
129251,1990-03-04,,,,,,,
129269,2010-04-24,,,,,,,
129277,2008-01-01,,,,,,,
129311,1997-07-01,500000.0,,,,,,
129332,1987-06-19,,,,,,,
129363,1982-01-01,,,,,,,
129383,1981-09-12,,,,,,,
1294,2006-06-23,1400000.0,,,,,,
129405,1994-04-18,,,,,,,
129417,1938-09-27,,,,,,,
129427,2009-04-29,,,,,,,
129507,2012-08-31,,,,,,,
129517,2012-08-03,,,,,,,
129535,1941-03-07,,,,,,,
129553,1960-08-11,,,,,,,
129564,1973-10-03,,,,,,,
129579,1970-08-14,,,,,,,
129609,2011-08-27,,,,,,,
129682,1987-12-02,,,,,,,
129806,1955-06-06,,,,,,,
129850,2012-08-14,1.2E7,117629.0,-1.1882371E7,,,,
129854,2009-03-13,,,,,,,
129865,1896-03-06,,,,,,,
12994,2007-01-21,,,,,,,
13001,2008-03-11,7000000.0,8900000.0,1900000.0,,,,
13004,2008-01-01,,,,,,,
13006,1992-05-01,7.0,5.0,-2.0,,,,
130064,1922-08-22,,,,,,,
13007,2008-10-01,,,,,,,
13008,2007-07-27,,,,,,,
130090,1949-07-16,,,,,,,
130098,1936-05-02,,,,,,,
130100,1956-12-01,,,,,,,
13012,2008-07-17,2900000.0,,,,,,
13017,2008-09-12,,,,,,,
13018,2008-04-24,2.5E7,1.7741298E7,-7258702.0,,,,
13021,2007-01-01,,,,,,,
13022,2007-11-08,,,,,,,
130241,1946-02-21,,,,,,,
130243,1938-06-03,,,,,,,
13025,2007-09-08,2000000.0,5364858.0,3364858.0,,,,
13027,2008-09-25,8.0E7,1.78066569E8,9.8066569E7,,,,
130272,1995-04-06,,,,,,,
130275,1921-11-01,,,,,,,
130398,1939-04-07,,,,,,,
130402,1984-07-01,,,,,,,
13041,1970-12-18,400000.0,,,,,,
13042,2008-06-18,,,,,,,
130424,1953-03-26,,,,,,,
130436,2008-11-04,,,,,,,
130445,2012-01-01,,,,,,,
130452,1938-06-11,,,,3.0,2,1.4142135623730951,2016-03-21
130457,1969-12-22,,,,,,,
130474,1965-02-25,,,,,,,
130492,2001-02-05,,,,,,,
130507,1941-01-04,,,,,,,
13051,2008-10-15,,8.5416905E7,,,,,
130515,2013-05-10,,,,,,,
130544,1980-02-01,,,,,,,
13059,2007-02-22,50000.0,249905.0,199905.0,,,,
13060,2006-12-28,,,,,,,
130612,2012-09-05,,,,,,,
130623,2006-01-01,,,,,,,
130624,1935-09-10,,,,,,,
13063,1993-10-01,,,,,,,
13065,2008-09-16,,,,,,,
13070,2006-03-09,,,,,,,
13073,2004-09-03,,,,,,,
13075,2006-09-08,,622806.0,,,,,
13076,2007-01-01,,,,,,,
13078,2007-09-11,,44852.0,,,,,
13079,2007-09-08,8000000.0,,,,,,
130804,2012-05-23,,,,,,,
130881,1934-06-17,,,,,,,
130882,1935-08-05,,,,,,,
13090,2008-01-18,5000000.0,1.6174377E7,1.1174377E7,,,,
130917,1980-12-14,,,,,,,
13092,2008-10-02,2.7E7,1.7286299E7,-9713701.0,,,,
13094,2008-10-14,,,,,,,
130948,1973-11-15,,,,,,,
130973,2011-03-17,,,,,,,
13098,2002-10-25,,3090862.0,,,,,
131045,1961-12-25,,,,,,,
13105,1983-07-22,,6.4783827E7,,,,,
13107,2008-08-15,,1829917.0,,,,,
131098,1976-03-27,,,,,,,
13120,2007-04-27,25000.0,,,,,,
13122,1991-11-01,6000000.0,,,,,,
13123,2008-06-06,364000.0,,,,,,
13127,2005-11-18,,,,,,,
131334,1988-05-10,,,,,,,
13140,2006-08-17,,7778177.0,,,,,
13141,2006-07-28,,,,,,,
131433,2006-11-24,,,,,,,
131457,1937-02-20,,,,,,,
131476,1983-10-19,,,,,,,
131478,1979-11-25,,,,,,,
13151,1998-09-22,,,,,,,
13153,1992-07-24,1.0E7,1.4356479E7,4356479.0,,,,
13155,1985-06-21,2.5E7,1.1137801E7,-1.3862199E7,,,,
13158,2007-04-13,,,,,,,
13159,2007-05-11,2.0E7,,,,,,
13160,2008-02-01,1.0E7,,,,,,
13161,2007-06-06,,,,,,,
13162,2006-07-28,,834457.0,,,,,
131671,1995-08-14,,,,,,,
131673,2012-05-31,,,,,,,
131689,2013-03-20,800000.0,,,,,,
13170,2007-03-23,,,,,,,
13171,2006-12-01,,3091922.0,,,,,
131739,2011-12-23,,,,,,,
131764,1944-09-20,,,,,,,
13177,2007-09-07,8000000.0,908847.0,-7091153.0,,,,
131792,2007-09-07,,,,,,,
131799,1969-03-19,,,,,,,
13180,2008-10-02,,,,,,,
131805,2004-01-02,,,,,,,
13184,2008-08-21,,4.248739E7,,,,,
13187,1965-12-09,,,,,,,
131898,1959-06-26,,,,,,,
13190,2008-10-27,,,,,,,
131907,2002-01-01,,,,,,,
131916,2012-09-09,,,,,,,
13192,1988-10-29,2.2E7,,,,,,
131940,2000-06-09,,1.5E7,,,,,
13195,2007-09-01,,6819587.0,,,,,
131957,1995-03-03,,,,,,,
132,1970-12-06,,,,2.875,8,0.9910312089651148,2003-04-30
13200,2008-10-07,2500000.0,,,,,,
132038,1940-01-01,,,,,,,
13204,2007-03-10,,,,,,,
132122,1949-10-29,,,,,,,
132128,2009-01-01,,,,,,,
132148,1976-03-13,,,,,,,
132166,1970-12-15,,,,,,,
132185,2007-04-09,,,,,,,
13222,2005-01-23,,,,,,,
13223,2008-12-09,3.3E7,2.69958228E8,2.36958228E8,,,,
132298,1997-07-10,3000000.0,,,,,,
132316,2012-11-13,,,,,,,
132332,1949-03-09,,,,,,,
132342,2013-09-09,,,,,,,
132344,2013-04-05,3000000.0,1.1176469E7,8176469.0,,,,
132363,2013-08-16,2.5E7,1.15922175E8,9.0922175E7,,,,
132422,2001-06-17,,,,,,,
132426,2007-11-12,,,,,,,
13246,1987-12-21,,,,,,,
13247,1987-12-16,,,,,,,
132506,1937-05-28,,,,,,,
13251,2007-02-13,1.0E7,,,,,,
13252,2007-09-11,2.5E7,,,,,,
132542,1987-02-17,,,,,,,
13255,2008-02-15,,,,,,,
132551,2012-03-01,,,,,,,
132561,2012-02-29,,,,,,,
13258,2007-01-22,,6870249.0,,,,,
13260,2008-02-28,,3.347285E7,,,,,
13275,2006-01-27,2.6E7,1.7496992E7,-8503008.0,,,,
13277,2008-03-13,,,,,,,
13279,2008-09-19,2.0E7,2.7640028E7,7640028.0,,,,
132812,2005-03-12,,,,,,,
13282,1975-04-27,300000.0,8000000.0,7700000.0,,,,
13283,2007-09-18,,,,,,,
13284,2005-03-08,,,,,,,
132873,2011-04-21,,,,,,,
13291,2008-08-23,2.2E7,2.3530831E7,1530831.0,,,,
132912,2011-04-09,,,,,,,
13293,1990-01-01,,,,,,,
132936,2005-06-03,,,,,,,
132939,1965-08-01,,,,,,,
13296,2006-10-20,,,,,,,
13299,2005-06-04,,,,,,,
133,1960-01-01,,,,,,,
133018,1984-03-04,,,,,,,
133063,1896-12-24,,,,,,,
133082,2012-09-23,,,,,,,
133088,1995-06-06,,,,,,,
13310,2008-01-26,4000000.0,1.0785801E7,6785801.0,,,,
133119,1953-10-01,,,,,,,
13312,2007-06-13,3000000.0,,,,,,
133121,2012-09-25,,,,,,,
133123,1913-08-13,,,,,,,
13313,1997-11-11,,,,,,,
13315,2006-08-26,,,,,,,
13317,2007-04-17,,,,,,,
133200,2012-09-12,,,,,,,
133241,2012-10-03,,,,,,,
133339,1995-01-13,1.0E7,,,,,,
13335,2008-04-25,1.2E7,4.3493123E7,3.1493123E7,,,,
13337,2007-01-01,2000000.0,,,,,,
133382,2005-02-12,,,,,,,
13339,1987-10-09,,3685862.0,,,,,
13341,2005-07-22,3.0E7,3.4252847E7,4252847.0,,,,
13342,1982-08-13,,2.709288E7,,,,,
13343,1966-01-20,700000.0,,,,,,
133441,2012-10-12,,,,,,,
133448,2010-10-06,,,,,,,
133459,2012-12-21,,,,,,,
13346,1986-03-28,6000000.0,8200000.0,2200000.0,,,,
13350,1988-01-01,,,,,,,
13352,2002-11-29,,,,,,,
133521,2012-07-20,,,,,,,
133523,1999-01-01,,,,,,,
133558,2012-08-17,,,,,,,
133569,2012-06-22,,,,,,,
133575,1999-07-16,4000000.0,,,,,,
13358,2007-11-10,2000000.0,,,,,,
13359,2008-04-18,3500000.0,7700000.0,4200000.0,,,,
13368,1954-10-13,,,,,,,
13369,2002-12-06,4000000.0,1.8591272E7,1.4591272E7,,,,
133698,2012-10-29,,,,,,,
133701,2012-09-25,,,,,,,
133704,2012-07-24,,,,,,,
13371,2004-02-20,,,,,,,
133715,1960-08-26,,,,,,,
13372,2004-07-14,,,,,,,
13374,2005-03-17,2.5E7,2.7645491E7,2645491.0,,,,
133781,1987-08-07,,41232.0,,,,,
133788,2012-01-01,,,,,,,
13382,1964-12-06,,,,,,,
133831,2003-11-13,,,,,,,
13385,1947-12-12,,,,,,,
133879,2012-09-25,,,,,,,
13393,2005-11-18,,,,,,,
133931,2012-06-05,2.0E7,,,,,,
133941,1969-07-04,,,,,,,
133953,2011-10-12,,,,,,,
13396,1982-12-26,,,,,,,
134018,2006-11-02,1900000.0,,,,,,
13405,2008-07-03,4.0E7,7400000.0,-3.26E7,,,,
134053,2004-01-28,,,,,,,
13406,2007-06-14,,,,,,,
134126,2012-10-11,,7339398.0,,,,,
134132,2012-10-12,,,,,,,
13414,2006-04-26,,,,,,,
134168,1950-10-10,,,,,,,
134201,1988-07-17,,,,,,,
134223,1973-08-29,,,,,,,
134255,2012-10-28,,,,,,,
13428,1999-07-29,,,,,,,
13429,2008-07-18,,,,,,,
13430,2005-11-11,,3.3053559E7,,,,,
134308,1996-01-01,,,,,,,
13432,2003-09-17,,,,,,,
13433,2003-09-25,,,,,,,
134350,2013-09-14,,,,,,,
134362,2010-01-01,,,,,,,
134368,1998-10-09,,,,3.7,5,0.6708203932499369,2016-08-22
134372,2012-01-12,,,,,,,
13438,2002-05-22,,,,,,,
13439,2002-08-08,,,,,,,
134394,2012-09-25,,,,,,,
134397,1980-12-01,,,,,,,
13441,2002-05-09,,1260761.0,,,,,
134411,2013-02-21,3.5E7,4.2930462E7,7930462.0,,,,
134415,2012-09-25,,,,,,,
13442,2002-03-10,,,,,,,
134427,1932-08-06,,,,,,,
134435,1958-04-27,,,,,,,
13446,1987-01-01,,,,,,,
134475,1927-01-29,,,,,,,
134477,1991-02-04,,,,,,,
134480,1937-10-30,,,,,,,
13457,1954-08-07,,,,,,,
134597,2012-09-21,,6842058.0,,,,,
13460,2008-03-14,3.0E7,2.2211426E7,-7788574.0,,,,
134602,2012-10-03,,,,,,,
134608,1963-04-13,,,,,,,
13465,1949-10-05,,,,,,,
134673,2012-10-08,,2293798.0,,,,,
134680,2011-02-05,,60.0,,,,,
13471,2008-06-11,,,,,,,
134733,1968-12-20,,,,,,,
134746,1993-05-22,,,,,,,
13476,2004-01-23,1.7E7,1.6980098E7,-19902.0,,,,
134806,1996-01-21,,,,,,,
13483,2007-11-28,8.6E7,1.4373825E7,-7.1626175E7,,,,
13485,1942-08-04,,,,,,,
13489,2008-07-29,,,,,,,
134890,2006-10-31,200000.0,,,,,,
13491,2007-12-17,2.5E7,,,,,,
13492,2007-07-01,3000000.0,,,,,,
13498,2005-02-25,4.0E7,,,,,,
134990,2012-09-21,,,,,,,
13501,2007-01-25,,20380.0,,,,,
13506,2008-06-06,,3.8135878E7,,,,,
135161,2012-05-07,1951964.0,,,,,,
13520,1975-01-05,,,,,,,
135200,2012-11-28,,,,,,,
135204,2004-01-01,,,,,,,
13521,1974-01-01,,,,,,,
13522,2008-08-22,,,,,,,
135225,2012-09-07,3100000.0,,,,,,
135260,1969-03-29,,,,,,,
13528,1944-05-04,2068000.0,,,,,,
135286,1936-08-20,,,,,,,
135307,1992-12-23,,,,,,,
13531,1995-09-22,,,,,,,
135313,2003-01-01,,,,,,,
13532,2009-02-06,,948753.0,,,,,
13533,1998-06-04,,,,,,,
13534,2007-01-25,,,,,,,
13536,2002-09-06,,2.2433915E7,,,,,
135385,1967-04-29,,,,,,,
13539,2000-03-23,,,,,,,
135418,1985-08-09,,,,,,,
13544,2007-01-01,,,,,,,
135473,1991-03-28,,184890.0,,,,,
13548,2007-11-09,,,,,,,
135510,1978-12-08,,,,,,,
13552,1995-10-27,,,,,,,
13554,1988-09-02,,,,,,,
135545,1999-01-01,,,,,,,
135561,2008-07-28,,,,,,,
13563,1996-01-01,,,,,,,
13564,2007-10-03,,,,,,,
135678,2011-05-03,,,,,,,
13570,1979-01-25,,,,,,,
135708,2012-11-09,,,,,,,
13571,1991-03-15,,,,,,,
135713,2011-01-14,,,,,,,
13572,2004-02-27,5.0E7,2.5195E7,-2.4805E7,,,,
13576,2009-10-28,6.0E7,,,,,,
13580,1965-12-16,,,,,,,
135812,2012-11-09,,,,,,,
13584,2004-11-22,,,,,,,
135855,2000-05-27,,,,,,,
135858,2012-08-08,1.2E7,,,,,,
13587,2002-11-18,,,,,,,
13589,1999-06-14,,,,,,,
135890,1992-08-26,,,,,,,
13591,1994-10-03,,,,,,,
13592,2003-11-26,,,,,,,
13595,1994-08-05,,,,,,,
13596,2008-09-19,,3.6620508E7,,,,,
135990,2012-11-26,,,,,,,
136,1932-02-20,,,,,,,
13600,2008-10-07,5.5E7,1.7869048E7,-3.7130952E7,,,,
136070,2010-10-09,,,,,,,
136071,2012-10-24,,,,,,,
136074,2012-01-02,,,,,,,
1361,1980-05-11,,,,4.153846153846154,13,1.1616191175936175,2015-12-10
13610,2008-01-01,,,,,,,
136106,1931-03-21,,,,,,,
136134,1998-02-13,,,,,,,
13614,2007-09-21,5200000.0,1.4723313E7,9523313.0,,,,
136190,2012-09-13,,,,,,,
13621,2007-10-26,2400000.0,,,,,,
136238,1993-12-25,,,,,,,
136254,1987-04-09,,,,,,,
13626,2007-02-09,,,,,,,
136296,2012-10-15,,,,,,,
136339,2008-11-27,,,,,,,
13634,1932-10-22,,,,,,,
13635,2008-10-22,,3.105544E7,,,,,
13636,2008-05-30,,307811.0,,,,,
136366,2012-09-21,,,,,,,
136368,2012-08-01,,,,,,,
13640,2007-09-18,,,,,,,
136400,2013-08-02,6.1E7,1.31940411E8,7.0940411E7,,,,
136403,2012-11-27,,,,,,,
136437,2012-12-05,,,,,,,
136459,2012-03-22,,,,,,,
136466,2013-08-23,175000.0,,,,,,
13647,2007-01-23,,5300000.0,,,,,
136476,2011-01-01,1300000.0,,,,,,
13648,2008-02-13,,,,,,,
1365,2001-11-11,4000000.0,4.4909486E7,4.0909486E7,3.6,5,1.5165750888103102,2005-03-21
13652,2008-04-23,,,,,,,
136525,1945-08-18,,,,,,,
13654,2003-01-21,,,,,,,
13655,2008-06-20,,,,,,,
136616,2012-11-29,,,,,,,
136619,2012-10-05,,,,,,,
13665,1981-07-17,,9.5461682E7,,,,,
136663,1984-09-27,,,,,,,
13667,1985-10-11,,1.0297601E7,,,,,
136698,2012-10-07,,,,,,,
1367,1979-06-15,7000000.0,2.0018216E8,1.9318216E8,2.9594594594594597,37,1.0366772398869863,2016-08-09
13672,2008-06-04,6000000.0,276891.0,-5723109.0,,,,
136742,2012-06-26,,,,,,,
13676,2008-08-26,,,,,,,
136762,1983-12-31,,,,,,,
13678,2004-12-12,,,,,,,
13679,2005-12-07,,,,,,,
136795,2013-06-27,4.3E7,1.5867418E8,1.1567418E8,,,,
136797,2014-03-13,6.6E7,2.03277636E8,1.37277636E8,,,,
136799,2016-10-13,1.25E8,3.46864462E8,2.21864462E8,,,,
136801,2012-10-16,,,,,,,
13681,1984-09-11,,,,,,,
13683,2002-06-24,,,,,,,
136835,2014-09-10,1.32E7,5.3830415E7,4.0630415E7,,,,
136842,1918-03-10,,,,,,,
136850,2013-07-26,,,,,,,
136867,1999-11-28,,,,,,,
13687,2007-03-23,,,,,,,
136884,2012-09-27,,,,,,,
13689,2006-03-30,,,,,,,
13690,2008-09-24,,,,,,,
136921,2010-04-01,,,,,,,
136928,2012-10-11,,,,,,,
13700,2004-04-02,1.1E8,1.03951461E8,-6048539.0,,,,
137002,2012-08-03,,,,,,,
13701,1994-12-16,120.0,,,,,,
137014,1997-01-01,,,,,,,
13702,2004-09-12,1.5E7,1914166.0,-1.3085834E7,,,,
137037,1972-03-02,,,,,,,
137072,2013-05-31,,,,,,,
137079,2013-08-23,,,,,,,
1371,1982-05-28,1.7E7,2.7E8,2.53E8,3.0531914893617023,47,1.0592965393065645,2014-10-25
13710,2007-11-01,,,,,,,
137113,2014-05-27,1.78E8,3.70541256E8,1.92541256E8,,,,
13713,2006-04-05,,,,,,,
137145,2011-09-01,650000.0,,,,,,
137174,2012-11-20,,,,,,,
137182,2012-10-09,,5475058.0,,,,,
1372,2006-12-07,1.0E8,1.70877916E8,7.0877916E7,3.265957446808511,47,1.1365999249754546,2014-10-25
137217,2011-09-17,,,,,,,
137222,2012-09-12,,,,,,,
13726,2007-10-03,,,,,,,
137269,1972-05-01,,,,,,,
137308,2004-10-01,,,,,,,
137310,2006-07-08,,,,,,,
137312,2012-07-15,,,,,,,
137315,2012-10-10,,,,,,,
137333,2015-01-31,,,,,,,
137347,2013-11-29,9000000.0,,,,,,
137370,2012-10-01,,,,,,,
137409,2012-11-08,,,,,,,
137429,1934-12-08,,,,,,,
137475,2011-11-15,,,,,,,
1375,1990-10-18,4.2E7,1.19946358E8,7.7946358E7,3.314814814814815,54,0.9871643030852635,2014-10-25
13752,2008-12-18,8.0,,,,,,
137528,2012-04-14,,,,,,,
137533,1980-10-12,,,,,,,
13754,2006-12-11,,,,,,,
13755,2001-12-16,,,,,,,
13757,1948-05-27,2000000.0,,,,,,
137614,2012-12-14,,,,,,,
13762,1980-04-17,,,,,,,
137625,1968-01-01,,,,,,,
13763,1984-07-27,7200000.0,6.8392977E7,6.1192977E7,,,,
13764,1985-10-29,5.0E7,2.3717291E7,-2.6282709E7,,,,
137654,2013-01-15,,,,,,,
137669,2012-10-20,,,,,,,
13768,2002-10-11,,1.9158074E7,,,,,
137683,2012-08-13,,,,,,,
137698,2013-05-18,3000000.0,,,,,,
1377,1958-11-19,,,,3.0859375,64,0.923909427894521,2016-08-17
13771,2006-09-02,,,,,,,
137748,2001-01-01,,,,,,,
13775,2006-09-21,,,,,,,
13777,2001-08-30,,,,,,,
1378,2006-05-20,,5179037.0,,3.25,28,0.9953596037316065,2016-08-17
137801,2006-03-15,,,,,,,
137826,1959-02-20,,,,,,,
137859,1964-09-25,,,,,,,
1379,2006-02-03,1380000.0,1615018.0,235018.0,2.8214285714285716,14,1.1702587297283857,2006-04-19
13793,2008-10-17,,1107542.0,,,,,
13794,1994-03-31,,,,,,,
13795,1998-09-03,,,,,,,
13797,2008-10-07,,,,,,,
137984,1976-01-01,,,,,,,
138,1931-02-12,,1012189.0,,,,,
138014,2009-07-18,,,,,,,
138030,1965-05-07,,,,,,,
138038,2012-10-12,,,,,,,
13805,2008-08-29,2.5E7,1.4109284E7,-1.0890716E7,,,,
13808,2008-01-01,,,,,,,
13809,2008-09-04,1.8E7,2.5739015E7,7739015.0,,,,
138093,2008-06-15,,,,,,,
138103,2014-08-04,9.0E7,2.06172544E8,1.16172544E8,,,,
13813,2008-12-31,3.2E7,5.1155219E7,1.9155219E7,,,,
13815,1994-08-24,,,,,,,
138167,2011-11-09,,,,,,,
13817,1998-08-13,,378667.0,,,,,
13820,1984-02-20,1500000.0,2300000.0,800000.0,,,,
138202,2012-04-29,,,,,,,
13821,1998-05-07,,,,,,,
13824,1999-10-08,,,,,,,
138308,1957-12-01,,,,,,,
13835,2008-11-07,,,,,,,
138394,2009-10-04,,,,,,,
13841,1986-03-21,,2015882.0,,,,,
138450,2012-10-10,,,,,,,
13847,1929-04-20,,,,,,,
13850,1946-11-12,,,,,,,
13851,2008-07-03,3500000.0,,,,,,
13852,1997-04-10,786675.0,861789.0,75114.0,,,,
138522,1996-09-18,,,,,,,
13853,1986-01-17,1.5E7,,,,,,
138611,2007-01-01,,,,,,,
1387,1988-04-30,,,,3.7777777777777777,108,0.8999826928069367,2016-06-27
138724,2012-09-27,,,,,,,
138730,1908-01-01,,,,,,,
138735,2012-07-04,600000.0,,,,,,
138754,2012-10-19,,,,,,,
138827,2012-01-07,,,,,,,
13889,1993-04-17,,,,,,,
138941,2012-03-30,8000.0,,,,,,
139,1999-03-12,,,,,,,
13903,2007-06-22,,,,,,,
139038,2013-01-11,,6.0141683E7,,,,,
139058,1967-12-18,,,,,,,
13909,1949-10-22,,5400000.0,,,,,
13910,2007-09-13,2.0E7,8380329.0,-1.1619671E7,,,,
13913,1930-08-28,,,,,,,
13916,2005-12-26,,,,,,,
139169,1981-10-07,,,,,,,
139170,1968-05-28,,,,,,,
139176,1921-09-26,,,,,,,
13920,2003-10-24,3.2E7,5.2277485E7,2.0277485E7,,,,
13923,1998-01-01,,,,,,,
139244,1998-04-19,,,,,,,
13925,1986-08-17,,,,,,,
139272,2012-10-12,,,,,,,
13929,1997-11-24,,,,,,,
139300,2013-01-24,,6134438.0,,,,,
13931,2002-05-24,,,,,,,
13932,2004-12-31,,,,,,,
139325,2012-09-21,2000000.0,,,,,,
13934,2006-07-27,,,,,,,
13935,1998-06-27,,,,,,,
139367,2012-01-01,,,,,,,
13937,1992-08-07,1.2E7,3.7170057E7,2.5170057E7,,,,
13938,1985-03-22,1.0E7,2.5754284E7,1.5754284E7,,,,
139383,1983-02-19,,,,,,,
1394,1983-05-01,,,,3.95,70,0.9054985015072546,2015-06-10
139408,1995-09-15,,,,,,,
139434,2010-01-01,,,,,,,
139459,2013-12-31,,,,,,,
139463,2012-09-09,,,,,,,
13950,2002-03-08,1.4E7,2.5482931E7,1.1482931E7,,,,
13954,2008-09-21,,,,,,,
13955,2008-12-26,,,,,,,
139559,2012-10-11,,,,,,,
13956,2008-08-15,2.5E7,,,,,,
13957,2007-09-14,2.3E7,,,,,,
139575,2012-10-19,,,,,,,
139589,1904-10-01,,,,,,,
13960,2006-03-31,,2.1170563E7,,,,,
13963,1978-05-01,,321952.0,,,,,
139635,1982-09-17,,,,,,,
139637,1978-01-01,,,,,,,
13964,2008-02-07,,,,,,,
13965,1988-03-24,,,,,,,
139659,2012-09-15,,,,,,,
13966,2000-06-02,,,,,,,
139662,2012-10-11,1.134E7,,,,,,
13968,2007-04-27,,,,,,,
139692,1999-03-27,,,,,,,
13971,2008-01-01,,2.1972336E7,,,,,
139715,2012-04-27,500000.0,,,,,,
139718,1970-03-06,,,,,,,
13972,2008-09-12,1.6E7,5.0007546E7,3.4007546E7,,,,
139725,2012-06-13,,,,,,,
13973,2008-09-26,3000000.0,3830137.0,830137.0,,,,
13979,2006-05-25,,,,,,,
139799,1955-01-01,,,,,,,
1398,1979-04-16,,,,3.5,4,0.5773502691896257,2000-04-02
139808,2012-12-05,,,,,,,
139820,2012-09-30,,,,,,,
13984,2002-05-24,350000.0,,,,,,
139846,2009-01-01,,,,,,,
139848,2009-01-01,,,,,,,
13986,1997-10-30,,1.1E7,,,,,
139863,2011-10-13,,,,,,,
13988,2008-08-12,,,,,,,
13989,2008-11-23,,,,,,,
13990,2008-07-03,6000000.0,2899975.0,-3100025.0,,,,
139909,,,,,,,,
13991,2008-08-28,7000000.0,6230276.0,-769724.0,,,,
139922,1952-07-12,,,,,,,
139933,2012-11-07,,14752.0,,,,,
13994,2005-09-13,,2945242.0,,,,,
13995,1990-12-14,1.0E7,,,,,,
13996,2008-08-06,5000000.0,4040588.0,-959412.0,,,,
13997,1996-02-01,,32.0,,,,,
139997,2013-09-13,,,,,,,
139998,2012-01-23,,,,,,,
140,2004-03-19,5000000.0,4.0266982E7,3.5266982E7,3.4782608695652173,23,0.7902568752334617,2015-08-15
14000,2007-09-21,,,,,,,
140007,2000-12-27,,,,,,,
14003,2005-07-21,,,,,,,
140032,1958-09-16,,,,,,,
140071,1986-09-09,,,,,,,
14008,2002-03-07,,,,,,,
140149,1996-10-31,,,,,,,
140174,2012-10-27,,,,3.9,5,0.4183300132670378,2016-08-17
1402,2006-12-14,5.5E7,3.07077295E8,2.52077295E8,,,,
140207,1979-09-10,,,,,,,
140208,2012-10-22,,,,,,,
140229,2012-11-15,,,,,,,
140231,2005-01-14,,,,,,,
14024,2004-08-10,,1.4867514E7,,,,,
14028,2009-01-06,,,,,,,
14030,1969-12-12,2.4E7,3.3208099E7,9208099.0,,,,
140300,2016-01-23,1.45E8,5.21170825E8,3.76170825E8,,,,
14033,2001-09-06,,,,,,,
14034,2001-05-31,4.5E7,,,,,,
140380,2012-11-29,4330000.0,,,,,,
1404,2004-02-13,,,,2.75,4,0.9574271077563381,2000-04-26
14041,2006-04-26,,,,,,,
140413,1981-03-06,,1.0E7,,,,,
140418,1937-05-01,,,,,,,
140423,1972-02-12,,,,,,,
14043,2007-06-15,,,,,,,
140456,2012-10-12,,,,,,,
140465,2011-10-02,,,,,,,
14047,2007-12-27,1.5E7,3.0226144E7,1.5226144E7,,,,
140489,2010-06-25,60000.0,,,,,,
140491,2016-02-22,,,,,,,
1405,1924-12-04,546883.0,,,3.032608695652174,46,0.9568592948521363,2016-08-17
14050,2008-05-28,,,,,,,
140509,2007-06-23,,,,,,,
140511,2000-10-12,,27.0,,,,,
140519,1999-05-07,,,,,,,
140527,1994-03-05,,,,,,,
14053,2008-12-17,,,,,,,
140530,1982-06-25,,,,,,,
140541,1997-01-01,,,,,,,
14059,2008-02-05,,,,,,,
140595,2002-01-01,300000.0,,,,,,
14061,2008-05-15,,,,,,,
140648,1979-07-11,,,,,,,
140668,2012-04-20,,,,,,,
14067,2004-05-20,,,,,,,
140697,2008-04-04,,,,,,,
1407,2007-02-08,,,,3.410958904109589,73,1.0285590843283325,2016-08-17
14072,2008-12-11,,,,,,,
14075,2008-08-21,,,,,,,
14076,2008-08-22,,,,,,,
1408,1995-12-22,9.8E7,1.0017322E7,-8.7982678E7,3.616279069767442,43,1.0225854796167035,2014-04-27
140814,2012-05-04,,,,,,,
140818,2013-11-11,,3721345.0,,,,,
140846,2011-06-15,,,,,,,
140870,2013-11-17,,3.0E7,,,,,
14089,2008-11-11,,,,,,,
140934,2012-08-31,,,,,,,
14097,2005-09-19,9500000.0,2.4E7,1.45E7,,,,
140979,1967-03-14,,,,,,,
140995,1938-10-14,,,,,,,
141015,2013-04-26,,,,,,,
141043,2014-03-20,,7176347.0,,,,,
14105,2007-12-11,,,,,,,
141058,2013-06-10,,,,,,,
14108,2002-01-01,,,,,,,
141102,2012-11-05,4.0E7,,,,,,
14111,2007-09-11,,,,,,,
14113,2006-08-11,3.5E7,1.2506188E7,-2.2493812E7,,,,
141138,1979-06-16,,,,,,,
14114,2004-01-30,,,,,,,
141145,2013-01-16,,,,,,,
14118,2007-01-22,,,,,,,
1412,1989-08-18,1200000.0,,,,,,
141210,2013-10-12,,,,,,,
141241,2005-10-21,,28.0,,,,,
14126,2007-06-01,,,,,,,
14127,2007-02-16,,,,,,,
14135,1993-09-01,750000.0,,,,,,
14139,2007-09-20,2600000.0,553198.0,-2046802.0,,,,
1414,1998-09-04,,,,3.7,10,0.9486832980505139,2000-12-10
14141,2009-01-13,,,,,,,
141418,2011-11-15,,,,,,,
14157,1984-09-28,,,,,,,
141581,2012-11-06,5.0,,,,,,
14159,2007-11-30,,3800000.0,,,,,
1416,2002-11-22,,,,3.1818181818181817,22,0.9825314068099632,2013-06-21
141614,2012-10-12,,1.7E7,,,,,
141635,2012-11-03,,,,,,,
14164,2009-04-01,1.0E8,,,,,,
141643,1982-03-01,,,,,,,
141714,2008-01-01,,,,,,,
14173,2006-06-16,8.0,,,,,,
14175,2005-03-25,3.5E7,1.9478106E7,-1.5521894E7,,,,
141754,2007-12-08,,,,,,,
1418,2003-10-08,,,,,,,
141868,1916-01-09,,,,,,,
1419,2007-04-11,,,,3.6,10,1.1972189997378648,2012-08-06
14190,2003-04-11,,,,,,,
141950,2012-03-21,,,,,,,
141955,1968-11-27,,,,,,,
14198,2004-10-07,,,,,,,
14199,2005-06-10,5.0E7,6.9425966E7,1.9425966E7,,,,
14201,2006-09-15,,,,,,,
14204,2007-01-01,,,,,,,
142052,2009-06-19,2000000.0,,,,,,
142061,2013-01-18,,,,,,,
142085,2009-05-16,,,,,,,
142093,2005-12-08,,,,,,,
1421,1977-04-27,,,,,,,
14210,2007-01-01,,,,,,,
142115,2013-06-19,,,,,,,
142132,1999-09-17,,,,,,,
142145,1982-03-01,,,,,,,
14215,2008-08-19,,,,,,,
142159,1928-04-07,290000.0,596000.0,306000.0,,,,
142161,2012-10-09,,,,,,,
14217,2005-10-26,,,,,,,
14219,2006-03-20,,,,,,,
14220,2008-02-01,,6575282.0,,,,,
142216,1983-12-03,,,,,,,
14223,2007-04-27,6000000.0,,,,,,
14224,2002-08-23,,,,,,,
142254,1957-08-02,,,,,,,
14228,2005-08-08,,,,,,,
14232,2008-01-01,,,,,,,
14233,2007-03-02,,,,,,,
14235,2007-12-26,,,,,,,
142358,1978-01-17,,,,,,,
14236,2007-10-13,,,,,,,
14237,1994-04-22,,4352094.0,,,,,
142375,1965-10-09,,,,,,,
142402,2011-01-04,,,,,,,
14241,1964-03-18,,,,,,,
14243,1983-03-18,,,,,,,
14244,2008-09-27,,,,,,,
14247,2004-10-18,,,,,,,
14248,2008-09-19,2.5E7,3.0E7,5000000.0,,,,
142487,2012-11-09,4620000.0,2395000.0,-2225000.0,,,,
14252,2008-01-01,,,,,,,
142528,2006-11-14,,,,,,,
14256,2006-02-07,3500000.0,113783.0,-3386217.0,,,,
14262,1977-05-27,65000.0,,,,,,
142650,2013-06-07,,,,,,,
14267,1974-10-04,,,,,,,
14269,1981-05-29,300000.0,,,,,,
1427,2006-09-13,5.0E7,1.32180323E8,8.2180323E7,3.2,5,0.4472135954999579,2000-11-06
14271,1999-10-22,2053648.0,500000.0,-1553648.0,,,,
142712,2010-09-17,,,,,,,
14272,1982-01-01,,,,,,,
142724,2012-09-08,,,,,,,
142757,1985-12-12,,,,,,,
142798,1984-12-03,,,,,,,
1428,2003-09-11,2.9E7,9.8185582E7,6.9185582E7,5.0,1,,2000-01-25
14280,1983-10-07,,,,,,,
142808,1972-05-08,,,,,,,
14286,2005-01-01,,,,,,,
142876,1941-02-21,,,,,,,
14289,1997-09-05,6.0E7,1.6E7,-4.4E7,,,,
1429,2002-12-16,1.5E7,1.3060843E7,-1939157.0,3.6538461538461537,13,1.1616191175936175,2009-06-25
14290,2002-01-12,,,,,,,
14291,1993-08-13,,7266383.0,,,,,
142916,2012-11-17,,,,,,,
142918,1933-02-09,,,,,,,
14295,2000-11-17,,,,,,,
142973,2008-02-12,,,,,,,
14298,2008-08-22,,,,,,,
142989,2005-09-28,,,,,,,
143049,2013-04-18,,,,,,,
14305,2008-05-10,,,,,,,
143073,1965-06-06,,,,,,,
143092,1959-07-03,,,,,,,
14313,2007-09-28,,5741608.0,,,,,
143142,2013-04-25,,,,,,,
143144,2013-08-18,25000.0,,,,,,
143169,2012-05-28,,,,,,,
14317,2002-12-20,3.5E7,,,,,,
143223,1999-03-14,,,,,,,
14324,2007-12-17,3.8E7,5410749.0,-3.2589251E7,,,,
143240,2004-02-13,,,,,,,
143247,2003-05-04,,,,,,,
143295,2012-11-13,,,,,,,
1433,2001-04-20,4500000.0,6459020.0,1959020.0,3.0,1,,1999-12-17
143335,1974-11-29,,,,,,,
14337,2004-10-08,7000.0,424760.0,417760.0,,,,
14342,1998-05-29,,,,,,,
143453,1985-09-11,,,,,,,
14348,2002-12-17,,,,,,,
14349,2008-01-14,,204660.0,,,,,
1435,2003-10-19,218.0,1162014.0,1161796.0,,,,
14351,2006-09-01,5800000.0,7000000.0,1200000.0,,,,
143516,1975-11-05,,,,,,,
14353,2008-07-18,,188126.0,,,,,
143567,2012-11-21,,,,,,,
14357,2008-01-18,,,,,,,
14361,1992-09-18,2.4E7,2.2518097E7,-1481903.0,,,,
143634,1908-10-31,,,,,,,
14367,1987-07-01,,3.4368475E7,,,,,
14369,2001-11-21,2.4E7,1.4782676E7,-9217324.0,,,,
14375,2005-09-30,818418.0,4851244.0,4032826.0,,,,
143750,2012-06-20,,,,,,,
143777,1980-02-25,,,,,,,
143795,2002-04-14,,,,,,,
14384,1970-08-12,,,,,,,
14387,1966-01-01,,,,,,,
143876,2008-11-20,,,,,,,
143883,2001-03-24,,,,,,,
1439,1999-12-16,7.5E7,,,,,,
14392,2007-12-12,4.0E7,,,,,,
143928,2011-11-05,5000000.0,,,,,,
143936,1967-04-14,,,,,,,
14394,2008-06-06,820000.0,,,,,,
14395,2006-08-11,7400000.0,1.7E7,9600000.0,,,,
143973,2001-07-01,,,,,,,
14398,1997-10-08,,5790448.0,,,,,
143980,1994-07-22,,,,,,,
14400,2008-12-17,,,,,,,
14406,2008-09-24,,,,,,,
14407,2005-06-06,,,,,,,
144089,1978-12-22,,,,,,,
144111,1934-02-01,,,,,,,
144114,2012-11-17,,,,,,,
144139,1901-07-31,,,,,,,
14414,2007-09-10,,,,,,,
144156,2001-03-17,,,,,,,
14419,2008-10-15,,,,,,,
144204,2012-10-04,,,,,,,
144206,2010-12-24,,,,,,,
14422,2008-10-09,,,,,,,
14425,1994-04-29,9000000.0,4350774.0,-4649226.0,,,,
14427,2003-03-22,,,,,,,
144271,2011-06-01,28000.0,,,,,,
14429,1999-10-01,,2.2593409E7,,,,,
14432,2007-10-10,,,,,,,
144326,1962-03-23,,,,,,,
14433,1964-01-22,3500000.0,8000000.0,4500000.0,,,,
144336,2014-03-28,,1.7508518E7,,,,,
144351,1987-03-27,,,,,,,
14438,2008-09-26,500000.0,3.3456317E7,3.2956317E7,,,,
14439,1998-02-28,,,,,,,
144390,2012-12-01,,,,,,,
1444,2005-08-03,,,,4.0,1,,2001-11-17
14443,1987-08-22,,,,,,,
144436,1902-06-20,,,,,,,
14444,1998-11-20,,1.00491683E8,,,,,
144481,2012-06-12,,,,,,,
14449,2006-09-14,,,,,,,
144498,1972-01-31,,,,,,,
14452,2008-10-06,1.0E7,,,,,,
144541,2001-09-28,,,,,,,
14455,2003-01-18,,,,,,,
144560,1980-02-29,,,,,,,
144570,2005-09-23,2177870.0,,,,,,
14459,2007-05-17,,,,,,,
14460,1980-09-08,,1.1E7,,,,,
144613,1924-03-30,,,,,,,
14462,2004-07-30,,9.6105964E7,,,,,
144651,1928-07-14,,,,,,,
144680,2012-11-16,,,,,,,
144686,1972-11-01,,,,,,,
14476,2008-10-02,,,,,,,
144785,2012-11-21,,,,,,,
144789,2013-03-08,,1.1724119E7,,,,,
1448,1998-11-27,,,,,,,
144804,2012-08-30,,,,,,,
144886,1958-12-31,,,,,,,
14489,1978-08-25,,,,,,,
144942,2012-11-19,,,,,,,
144953,1998-01-01,,,,,,,
144982,1996-09-06,,,,,,,
14503,2008-03-11,6000000.0,,,,,,
145147,1990-09-11,,,,,,,
145186,2011-11-27,,,,,,,
1452,2006-06-28,,3.91081192E8,,,,,
145203,2012-12-11,,,,,,,
14525,2007-11-10,,,,,,,
14530,2008-06-03,,,,,,,
145373,1968-01-07,,,,,,,
145379,1968-11-23,,,,,,,
14539,2008-02-09,,,,,,,
14547,2007-05-11,12.0,,,,,,
14549,2009-04-15,,,,,,,
145504,1989-01-01,,,,,,,
14552,2007-05-21,5000000.0,,,,,,
14554,1955-01-07,1271000.0,3788000.0,2517000.0,,,,
145547,2012-12-07,,,,,,,
14560,2009-01-15,2.6E7,1.83293131E8,1.57293131E8,,,,
14565,2008-01-15,3000000.0,,,,,,
14566,2005-05-11,,,,,,,
145668,2013-09-06,,,,,,,
145689,2007-05-02,,,,,,,
145711,2012-12-24,,,,,,,
14572,1993-08-07,,,,,,,
14573,2003-05-09,6000000.0,,,,,,
145760,1983-01-01,,,,,,,
145762,1965-06-23,,,,,,,
14578,1999-08-16,,7292175.0,,,,,
14582,2008-10-17,,,,,,,
14583,1997-08-31,,,,,,,
14589,1939-01-01,,,,,,,
145899,1961-08-30,,,,,,,
14590,1941-11-21,,,,,,,
145909,2005-09-15,,,,,,,
145912,1980-11-26,,,,,,,
145959,1992-09-26,,,,,,,
146,2000-10-01,1.7E7,2.13525736E8,1.96525736E8,4.333333333333333,3,0.5773502691896257,2001-01-22
14603,1992-01-10,,,,,,,
146030,1976-06-10,,,,,,,
14604,1941-08-08,,,,,,,
146045,1990-12-20,,,,,,,
146047,1987-01-07,,,,,,,
14607,2008-03-25,,,,,,,
146079,1970-11-14,,,,,,,
14609,2006-02-21,,6700000.0,,,,,
14611,2006-08-08,,7900000.0,,,,,
146121,1970-10-01,,,,,,,
14613,2008-09-02,,3800000.0,,,,,
146132,1970-12-23,,,,,,,
14615,1936-05-29,,,,,,,
146184,1999-07-30,,,,,,,
14619,2006-01-01,,,,,,,
146223,2013-08-28,,5750401.0,,,,,
146229,2014-08-07,6900000.0,,,,,,
14623,2004-07-23,5.7E7,2.8283637E7,-2.8716363E7,,,,
146238,2013-09-24,3.0E7,6.2616646E7,3.2616646E7,,,,
14628,1989-03-17,8045760.0,3.515096E7,2.71052E7,,,,
14630,1981-12-10,,,,,,,
146301,2015-10-21,1.0E7,7.8096553E7,6.8096553E7,,,,
146304,2013-11-15,1.7E7,7.1625195E7,5.4625195E7,,,,
146315,2011-03-22,,,,,,,
146322,1979-10-30,,,,,,,
14634,2007-09-12,,473993.0,,,,,
14636,2007-04-27,,8642858.0,,,,,
14637,2008-12-19,1.15E7,186702.0,-1.1313298E7,,,,
146371,2012-11-22,,,,,,,
146373,1998-04-19,,,,,,,
146375,2012-12-15,,2.5109572E7,,,,,
14639,2008-07-05,,,,,,,
146414,1975-10-20,,,,,,,
14642,2008-01-01,,,,,,,
14643,2008-02-07,,,,,,,
14644,2005-03-09,,,,,,,
14645,1982-08-25,,,,,,,
146490,2011-11-27,,,,,,,
14650,2007-02-28,,,,,,,
14653,2004-08-25,,,,,,,
14654,2006-10-04,,,,,,,
146596,1953-01-01,,,,,,,
146599,1996-01-26,,,,,,,
14662,1998-08-14,,,,,,,
14667,1991-09-13,,,,,,,
14669,2008-04-01,,,,,,,
14672,2002-07-11,,,,,,,
14674,1958-09-30,,,,,,,
14676,1970-05-01,,,,,,,
146787,1970-01-03,,,,,,,
14681,2004-02-14,50000.0,,,,,,
14685,1974-06-01,,,,,,,
14686,2008-10-24,,,,,,,
14687,2007-09-22,8000000.0,,,,,,
146904,1957-08-26,,,,,,,
146916,1965-03-24,,,,,,,
146919,1941-07-19,,,,,,,
146933,2003-09-25,,,,,,,
146949,1963-04-11,,,,,,,
14695,2005-10-16,9000000.0,,,,,,
146955,2012-10-12,5000000.0,,,,,,
14696,1953-03-26,,,,,,,
147,1959-05-04,,,,3.642857142857143,21,0.8823669466675577,2016-08-17
14704,2007-12-05,,,,,,,
14705,2006-07-28,,,,,,,
147055,1986-01-01,,,,,,,
147106,1973-07-03,,,,,,,
147164,1991-01-01,,,,,,,
147169,1997-10-15,,,,,,,
14720,2009-01-28,,,,,,,
147276,2012-11-30,,,,,,,
14728,2008-12-07,,,,,,,
147287,1966-12-02,,,,,,,
14733,1989-12-01,,,,,,,
14736,2000-04-21,,2.7728118E7,,,,,
147415,1960-11-09,,,,,,,
14745,2008-10-31,,,,,,,
147533,2013-09-19,,,,,,,
14756,2008-12-12,1.1715578E7,2.1888598E7,1.017302E7,,,,
14757,2003-05-20,46000.0,,,,,,
147575,1969-11-09,,,,,,,
14758,2008-10-03,,,,,,,
147618,1925-11-16,,,,,,,
147622,1913-10-27,,,,,,,
147698,2011-10-21,292.0,,,,,,
14770,2003-09-19,,,,,,,
147746,1903-01-01,,,,,,,
147747,1985-06-19,,,,,,,
14776,1989-05-05,,,,,,,
147767,2012-12-07,,126.0,,,,,
147773,2013-06-06,,2.3198652E7,,,,,
14778,2001-09-10,,,,,,,
147810,1950-11-29,,,,,,,
14782,2001-09-14,,,,,,,
147829,1939-01-06,,,,,,,
14784,2008-01-03,,3669465.0,,,,,
147841,2012-01-27,,,,,,,
147868,2012-12-22,6843500.0,1.0703234E7,3859734.0,,,,
147870,1944-06-22,,,,,,,
147871,1944-02-26,,,,,,,
14788,2005-09-03,1600000.0,,,,,,
147939,1994-10-01,,,,,,,
14797,2003-09-23,,,,,,,
148021,1956-09-27,,,,,,,
148031,1979-10-29,,,,,,,
148033,1993-09-17,,,,,,,
148039,2000-10-09,,,,,,,
14807,1980-11-01,,,,,,,
14808,2006-11-23,,,,,,,
14809,2002-05-23,5000000.0,,,,,,
14811,1971-11-03,,8.330433E7,,,,,
14814,2008-05-04,,,,,,,
14815,1975-10-26,,,,,,,
14817,1997-07-25,,,,,,,
148176,1957-12-31,,,,,,,
148184,2010-01-01,350000.0,,,,,,
14819,1995-02-17,,1.7689177E7,,,,,
1482,1992-03-21,,,,3.0,2,0.0,2000-11-20
14821,1975-03-21,,2.0E7,,,,,
14822,1978-03-10,,1.6393E7,,,,,
148243,1936-12-31,,,,,,,
148284,2010-10-01,2.64E7,6.2E7,3.56E7,,,,
1483,1990-04-30,,,,3.2777777777777777,9,1.034139470499238,2016-08-17
148314,1997-09-26,,,,,,,
14832,1993-02-20,,322975.0,,,,,
148326,1924-07-06,,,,,,,
14833,2008-11-06,,,,,,,
148347,2012-11-29,,,,,,,
148353,2001-10-19,,,,,,,
148356,1953-01-03,,,,,,,
14836,2009-02-05,6.0E7,1.24596398E8,6.4596398E7,,,,
14839,1978-02-10,,6521083.0,,,,,
14842,2003-01-01,1.0E7,,,,,,
14843,2007-04-25,,,,,,,
148430,1969-10-13,,,,,,,
148431,1970-08-02,,,,,,,
148432,1957-12-08,,,,,,,
14844,2004-01-09,2.3E7,12.0,-2.2999988E7,,,,
14847,2008-02-08,6000000.0,,,,,,
148478,1997-04-11,,,,,,,
148479,1997-11-24,,,,,,,
14849,2009-02-17,,,,,,,
1485,1971-03-03,1814462.0,,,3.1901408450704225,71,0.9796726755951943,2016-10-16
148503,1977-04-19,,,,,,,
148511,1907-03-02,,,,,,,
14853,2009-02-17,,,,,,,
14854,1983-04-14,5000000.0,1.2232628E7,7232628.0,,,,
148622,1987-10-23,,,,,,,
14866,2008-01-01,,,,,,,
14868,2003-05-17,,,,,,,
148697,1978-01-01,,,,,,,
1487,2004-04-02,6.6E7,9.9318987E7,3.3318987E7,3.1875,8,0.9234059624177068,2005-06-23
14872,2006-02-07,3000000.0,,,,,,
14874,2002-09-10,,,,,,,
148753,2001-09-25,,,,,,,
148766,1954-01-13,,,,,,,
148777,2012-12-06,,,,,,,
148778,1999-09-07,,,,,,,
148782,1965-01-01,,,,,,,
1488,2005-06-11,,,,3.0,15,0.7559289460184545,2006-07-24
14881,1972-07-14,,6330000.0,,,,,
148811,1972-10-04,,,,,,,
148857,2004-06-27,850000.0,,,,,,
148864,2012-07-11,,,,,,,
14887,1997-01-01,,,,,,,
14891,2006-09-22,,,,,,,
14892,2003-05-16,,,,,,,
14897,2005-03-04,,,,,,,
149026,1971-10-20,,,,,,,
14903,1997-08-05,,,,,,,
14904,1991-08-15,,524668.0,,,,,
149043,2007-09-26,,,,,,,
14906,1942-08-24,,,,,,,
14907,2005-03-26,,,,,,,
14908,1997-04-18,,4529843.0,,,,,
149094,1979-11-30,,,,,,,
14911,1988-07-21,,3184348.0,,,,,
149114,1955-03-27,,,,,,,
149145,1974-12-15,,,,,,,
149154,2001-06-12,,,,,,,
149155,1976-04-06,,,,,,,
14916,1989-04-28,,,,,,,
149170,1969-01-01,,,,,,,
149172,2012-12-14,,,,,,,
14919,1993-12-25,6000000.0,5617391.0,-382609.0,,,,
1492,1992-10-09,4.7E7,7191399.0,-3.9808601E7,,,,
14921,2008-10-12,,,,,,,
149213,1999-01-10,,,,,,,
14922,2005-01-20,,,,,,,
149232,2013-03-22,,,,,,,
14924,1986-11-07,4000000.0,2826523.0,-1173477.0,,,,
14926,2003-08-15,2.0E7,3.7095657E7,1.7095657E7,,,,
14929,1980-09-19,,,,,,,
14930,2006-05-01,,,,,,,
149320,1970-03-24,,,,,,,
14933,2005-04-21,,,,,,,
149336,1974-12-05,,,,,,,
149362,1979-01-01,,,,,,,
14938,2006-01-12,,,,,,,
1494,2006-12-21,110.0,,,,,,
14940,2008-09-09,,165888.0,,,,,
14943,2007-10-26,,,,,,,
149445,1976-06-17,,,,,,,
149467,1967-07-21,,,,,,,
149468,1967-11-04,,,,,,,
14949,2007-06-27,,,,,,,
149509,2013-09-06,,,,,,,
149511,1965-09-25,,,,,,,
1496,1991-10-18,,1193062.0,,,,,
14963,2006-06-09,,,,,,,
149687,1947-07-04,,,,,,,
1497,1991-03-22,2.5E7,7.8E7,5.3E7,2.8333333333333335,3,0.7637626158259733,2015-08-15
149722,2012-12-02,,,,,,,
149723,2006-11-03,,,,,,,
149725,1970-10-20,,,,,,,
149727,1968-09-05,,,,,,,
14976,2008-10-03,,,,,,,
14977,2009-02-24,,,,,,,
14978,2004-09-17,,,,,,,
14980,2002-01-26,,,,,,,
14983,2008-03-04,,,,,,,
149868,2012-07-13,,,,,,,
149870,2013-07-20,,1.17932401E8,,,,,
149871,2013-11-23,4.93E7,2.4186232E7,-2.5113768E7,,,,
149883,2012-12-21,,,,,,,
149893,2012-10-19,,,,,,,
149926,1984-04-20,,,,,,,
149940,2009-10-21,,,,,,,
149946,2007-11-27,,,,,,,
149961,1977-10-14,,,,,,,
15,1941-04-30,839727.0,2.3217674E7,2.2377947E7,2.3181818181818183,11,0.9020179397530649,2016-05-07
150025,1971-05-03,,,,,,,
150043,1970-07-22,,,,,,,
150049,2012-01-10,,,,,,,
15005,2006-10-13,2.0E7,1.3391174E7,-6608826.0,,,,
15006,2007-09-01,,22136.0,,,,,
150084,2012-10-05,,,,,,,
150093,2012-12-14,,,,,,,
150108,1957-01-01,,,,,,,
150117,2013-02-08,,2.8234657E7,,,,,
15012,2008-01-01,5000000.0,,,,,,
15014,1984-02-23,,,,,,,
150140,1986-12-21,,,,,,,
15016,2003-09-28,,,,,,,
15020,2007-02-11,,,,,,,
150213,2012-07-13,,4.4057737E7,,,,,
15022,2005-08-26,,,,,,,
15024,2001-07-15,,,,,,,
150247,1965-06-01,,,,,,,
150249,1934-12-23,,,,,,,
150273,1980-03-31,,,,,,,
15029,1986-08-22,,,,,,,
15031,1999-02-26,,,,,,,
150329,1997-04-25,,,,,,,
15037,1998-06-12,,2.5605015E7,,,,,
15039,2009-01-01,9000000.0,,,,,,
150396,1907-01-01,,,,,,,
15043,1998-08-28,,,,,,,
150473,2012-02-15,,,,,,,
15048,2007-02-02,,,,,,,
15052,2009-01-14,,,,,,,
150578,2000-08-26,,,,,,,
150658,1978-02-08,,,,,,,
15066,2007-02-20,,,,,,,
15070,2002-08-23,2.0E7,1.2398628E7,-7601372.0,,,,
15071,2007-07-10,,,,,,,
150747,2012-10-03,,,,,,,
15077,2006-04-27,,,,,,,
150778,1943-09-08,,,,,,,
150839,1985-10-24,,,,,,,
150871,2002-02-24,,,,,,,
150897,2013-02-08,,6701.0,,,,,
150958,1970-03-11,,,,,,,
15098,2001-01-27,,,,,,,
15104,2001-08-21,,4574762.0,,,,,
15105,2009-02-17,,,,,,,
151062,1992-09-16,,,,,,,
151085,1915-01-20,,,,,,,
151138,1964-01-01,,,,,,,
151141,1981-01-01,,,,,,,
15119,1980-11-11,,,,,,,
15121,1965-03-02,8200000.0,2.86214286E8,2.78014286E8,,,,
151227,1991-11-27,,,,,,,
15125,2008-01-02,,,,,,,
151250,1990-08-18,,,,,,,
15135,2009-02-17,,,,,,,
151368,2014-07-04,,,,,,,
15137,2007-09-01,,223839.0,,,,,
151370,1988-01-18,,,,,,,
15138,1989-08-25,,793775.0,,,,,
151436,1965-12-31,,,,,,,
15148,2007-01-27,,,,,,,
151506,1995-11-06,,,,,,,
151509,2012-11-23,750000.0,,,,,,
151535,2012-12-15,,,,,,,
15156,2007-08-24,,3106835.0,,,,,
15158,1988-07-08,3000000.0,7282851.0,4282851.0,,,,
15159,2009-02-06,,7.5871032E7,,,,,
151679,1970-02-10,,,,,,,
151687,1979-12-11,,,,,,,
151693,2012-01-07,,,,,,,
15171,1973-03-01,,,,,,,
15173,2002-10-04,,,,,,,
151743,2012-12-12,2200000.0,2.08E8,2.058E8,,,,
15177,2003-08-29,,,,,,,
15179,2008-09-12,,56299.0,,,,,
151848,1936-10-14,2200000.0,,,,,,
15185,2005-12-07,,,,,,,
15192,2001-09-13,,,,,,,
151923,1993-07-29,,,,,,,
15201,2008-03-13,,,,,,,
15206,2007-09-06,3500000.0,54947.0,-3445053.0,,,,
15209,1997-01-17,,9090.0,,,,,
15212,2007-10-02,3800000.0,,,,,,
152130,2012-01-01,,,,,,,
152218,1894-01-01,,,,,,,
152266,1952-01-18,,,,,,,
15237,2004-07-02,2.0E7,,,,,,
152388,1969-01-05,,,,,,,
15239,1984-05-01,,,,,,,
15242,1972-09-08,,,,,,,
15250,2007-11-27,1.3E7,,,,,,
15257,2009-01-27,,,,,,,
152570,1932-12-16,,,,,,,
15258,2005-01-01,,,,,,,
15259,1984-01-10,,,,,,,
15262,2008-10-17,,,,,,,
152635,1972-10-11,,,,,,,
15265,1956-10-19,,,,,,,
15271,2003-05-16,,,,,,,
15272,2007-09-30,,783000.0,,,,,
152736,2014-04-28,,,,,,,
152745,2013-10-09,,,,,,,
152747,2013-10-18,9000000.0,6108720.0,-2891280.0,,,,
152748,2013-07-03,,1031243.0,,,,,
152756,2013-10-18,,,,,,,
152760,2014-01-24,7.0E7,1.54984035E8,8.4984035E7,,,,
152787,1973-03-29,,,,,,,
152790,2014-05-23,,,,,,,
152792,2013-05-09,1.5E7,,,,,,
15282,2008-01-01,,,,,,,
15283,1994-07-16,,,,,,,
152846,1970-03-12,,,,,,,
152861,1997-02-13,,,,,,,
152986,1934-03-31,,,,,,,
152989,2012-11-10,,3462.0,,,,,
153035,1978-12-30,,,,,,,
153041,1994-12-01,,,,,,,
15313,1997-08-01,,,,,,,
15314,2006-05-01,,,,,,,
153141,2001-01-26,,32395.0,,,,,
153158,2013-07-18,2.2E7,2.4E7,2000000.0,,,,
153161,1938-10-14,,,,,,,
153163,1939-11-24,,,,,,,
153165,1940-04-12,,,,,,,
153169,1942-02-04,,,,,,,
15318,2004-07-17,,,,,,,
15321,1997-04-11,,,,,,,
15324,2006-08-21,3000.0,,,,,,
15325,2007-01-12,,,,,,,
15331,2007-11-28,,,,,,,
153397,2012-12-07,,,,,,,
153420,2001-03-24,,,,,,,
1535,2001-11-18,9.2E7,1.4304956E8,5.104956E7,3.8,5,0.4472135954999579,2000-12-10
153518,2016-05-11,7.3E7,3.49779543E8,2.76779543E8,,,,
153561,2008-11-14,,,,,,,
15362,2008-11-19,8.0E7,,,,,,
153641,1970-01-01,,,,,,,
15365,2008-02-22,,,,,,,
153695,2005-02-04,,,,,,,
15374,1969-12-04,,,,,,,
153774,2013-09-06,,13983.0,,,,,
153781,2013-01-08,,,,,,,
15382,1953-12-19,,,,,,,
153820,2013-02-06,,,,,,,
15383,1969-09-10,,741766.0,,,,,
15384,2009-01-07,,1.21059225E8,,,,,
153854,2013-01-19,,,,,,,
15389,1990-08-03,225000.0,,,,,,
1539,2005-10-26,,,,1.0,1,,2002-08-21
15390,1950-03-29,,,,,,,
153913,2000-01-21,,,,,,,
15392,1986-03-14,,5738952.0,,,,,
15393,1971-11-03,725000.0,1.06E7,9875000.0,,,,
15394,2003-05-02,,,,,,,
15395,2002-12-30,,,,,,,
15397,2003-12-03,,,,,,,
153997,1957-03-01,,,,,,,
154,1982-06-03,1.2E7,9.68E7,8.48E7,3.8125,16,0.8341662504161466,2015-06-15
1540,2005-09-07,,,,,,,
15400,1999-12-07,,,,,,,
154019,1964-11-18,,,,,,,
1541,1991-05-24,,4.5361E7,,2.875,16,1.1618950038622249,2006-08-21
15412,2006-09-22,,,,,,,
154140,1998-08-16,,,,,,,
15417,1978-12-19,,85.0,,,,,
15420,2006-09-05,,,,,,,
154207,2007-06-12,,,,,,,
154211,2002-01-12,,,,,,,
154226,1990-09-21,,,,,,,
15425,2007-10-16,,,,,,,
1543,2006-07-16,,3500000.0,,5.0,1,,2000-11-22
154326,2006-10-25,2.0,,,,,,
15436,2008-09-17,,,,,,,
15438,2008-10-29,,,,,,,
154397,1988-04-28,,,,,,,
154399,1981-10-09,,,,,,,
1544,2005-02-01,,2455831.0,,2.888059701492537,67,0.8911215929105436,2016-10-07
154400,2014-09-12,1.26E7,1.9054534E7,6454534.0,,,,
154441,2012-10-05,,1672940.0,,,,,
15457,2008-09-24,,850575.0,,,,,
154582,1968-08-29,,,,,,,
15460,2008-10-08,,,,,,,
154663,2010-09-17,,,,,,,
15467,2008-07-18,4180000.0,1.1E7,6820000.0,,,,
154671,1973-01-05,,,,,,,
154718,1973-01-09,,,,,,,
15472,2009-02-27,1.3E7,1.04345682E8,9.1345682E7,,,,
154727,1993-12-18,,,,,,,
154738,1988-02-06,,,,,,,
15477,1994-11-23,,,,,,,
15478,1974-10-03,,,,,,,
154792,,,,,,,,
154793,2008-02-08,,,,,,,
15482,1988-04-22,,,,,,,
15487,2005-09-30,,1.5431177E7,,,,,
15489,2000-02-11,,,,,,,
1549,2003-11-25,,,,2.0,1,,2000-11-20
154922,2012-12-27,,,,,,,
15494,1983-02-27,,,,,,,
15497,1949-12-21,,3225000.0,,,,,
155,2008-07-16,1.85E8,1.004558444E9,8.19558444E8,3.0555555555555554,9,0.8079466429027216,2003-08-28
1550,2003-01-19,300000.0,,,3.0,1,,2000-11-22
155017,1985-01-01,,,,,,,
15503,2004-10-08,,,,,,,
155052,1994-02-11,,,,,,,
155084,2014-04-18,5000000.0,13809.0,-4986191.0,,,,
155096,2011-12-08,,,,,,,
1551,1990-08-09,,6.1489265E7,,,,,
15511,2008-01-11,,,,,,,
15513,1998-02-27,,,,,,,
15514,2001-02-15,,,,,,,
15515,1958-12-05,650000.0,,,,,,
155191,2004-01-01,,,,,,,
155208,1949-06-10,,,,,,,
15527,2008-03-07,,,,,,,
15531,2008-07-01,,,,,,,
155336,2012-11-23,,,,,,,
155341,1992-01-29,,,,,,,
155386,2005-01-01,,,,,,,
1554,1986-05-01,,,,3.3333333333333335,6,1.505545305418162,2009-02-08
15544,2008-12-05,,,,,,,
155459,1968-08-22,,,,,,,
15548,2001-08-04,,,,,,,
15552,2003-10-07,,,,,,,
15554,1996-06-22,,,,,,,
15555,2007-05-21,,,,,,,
155556,2013-01-20,,,,,,,
155596,1983-06-04,,,,,,,
155597,1974-02-22,,,,,,,
1556,1969-01-01,,,,1.6521739130434783,23,0.8717117774384496,2016-05-08
15560,1997-10-17,,,,,,,
155661,2005-07-08,,,,,,,
15567,2003-08-26,,,,,,,
15576,2009-02-25,,,,,,,
155765,2001-08-18,,,,,,,
15581,2007-07-27,,,,,,,
155852,1980-10-10,,,,,,,
1559,1974-06-12,,,,,,,
15590,2006-02-21,,,,,,,
156007,1969-06-18,,,,,,,
15601,2001-10-09,,,,,,,
15602,1995-12-22,,,,,,,
156063,2003-11-13,,,,,,,
156068,1970-01-01,,,,,,,
156084,2007-09-07,,,,,,,
15611,2002-01-08,,,,,,,
15616,2008-11-07,,,,,,,
15618,1989-10-01,1.0E7,,,,,,
1562,2007-04-26,1.5E7,6.423844E7,4.923844E7,2.148936170212766,47,1.1605606479526687,2016-05-08
156225,1961-12-31,,,,,,,
156235,1978-09-22,,,,,,,
156236,2013-01-16,,1.0759874E7,,,,,
156277,2013-11-01,,33621.0,,,,,
156288,2007-06-01,,,,,,,
1563,1983-02-15,,30878.0,,5.0,1,,2002-08-21
156310,1979-09-20,,,,,,,
156329,1931-11-07,,,,,,,
156388,1932-10-30,,,,,,,
15639,2006-03-24,,,,,,,
15640,2009-02-26,,,,,,,
156415,1931-03-15,,,,,,,
15647,2001-04-21,,1.0013424E7,,,,,
15654,2007-06-25,,83398.0,,,,,
156547,2012-01-03,,,,,,,
15655,2000-02-11,3.0E7,4.5554533E7,1.5554533E7,,,,
156566,1954-02-09,,1300000.0,,,,,
15658,1987-11-20,,,,,,,
156597,2014-04-03,,,,,,,
1566,1959-10-21,,,,3.5,32,0.8519427513705973,2016-05-11
156603,1951-07-29,,,,,,,
15664,2006-01-23,,2043704.0,,,,,
156643,2012-12-22,,,,,,,
15670,2009-02-16,,9.0508336E7,,,,,
156700,2013-01-19,,,,,,,
156708,2013-08-30,,,,,,,
156713,2013-09-20,,,,,,,
15673,2004-04-16,2.0E7,1.1341016E7,-8658984.0,,,,
15675,2006-02-10,,,,,,,
15676,2007-04-28,4000000.0,333912.0,-3666088.0,,,,
15677,1987-02-13,,,,,,,
1568,1991-05-01,,,,,,,
156937,2010-01-01,,,,,,,
156967,1997-01-01,,,,,,,
15698,1986-06-27,,,,,,,
156981,2015-03-21,,,,,,,
157005,2013-01-18,,,,,,,
15701,2000-05-01,500000.0,,,,,,
15702,2005-08-24,,,,,,,
157058,2013-01-14,,,,,,,
157075,2006-06-27,,,,,,,
15709,2008-01-07,,,,,,,
157099,2014-03-14,5000000.0,75143.0,-4924857.0,,,,
157115,2013-08-09,,,,,,,
157123,2012-09-07,,,,,,,
15713,2009-01-01,,,,,,,
157153,1991-01-02,,,,,,,
157161,2010-10-04,,,,,,,
157174,1961-10-31,,,,,,,
1572,1995-05-19,,3.66101666E8,,4.166666666666667,3,1.0408329997330665,2010-06-25
15720,2001-09-13,,,,,,,
15724,1980-12-24,,731753.0,,,,,
15728,2007-01-31,500000.0,220151.0,-279849.0,,,,
15734,1962-11-21,,,,,,,
157360,2013-08-09,,2963902.0,,,,,
157370,2013-10-04,1030064.0,,,,,,
157373,2005-04-07,,,,,,,
157380,2013-01-17,,,,,,,
157384,2013-01-18,,,,,,,
15739,1982-06-18,5.0E7,5.7059003E7,7059003.0,,,,
15741,2008-08-06,500000.0,,,,,,
157422,2015-10-16,,,,,,,
157424,2014-02-05,,,,,,,
157447,2013-01-19,,,,,,,
15749,2008-10-27,6000000.0,391410.0,-5608590.0,,,,
15752,1999-01-01,,,,,,,
15759,1993-02-07,,,,,,,
1576,2002-03-15,,1.02984862E8,,,,,
15762,1986-08-21,,,,,,,
15768,2008-11-23,,,,,,,
157683,1973-01-01,,,,,,,
1577,2004-09-10,4.5E7,1.29394835E8,8.4394835E7,,,,
15770,1986-02-16,,,,,,,
15771,1991-03-15,,,,,,,
157800,2000-07-23,,,,,,,
157820,2013-04-24,,,,,,,
157823,2014-04-23,,,,,,,
157825,2014-08-14,,33821.0,,,,,
157829,2014-05-14,,985007.0,,,,,
157837,2012-06-12,,,,,,,
157843,2015-09-03,,,,,,,
157845,2014-05-18,1.225E7,2295423.0,-9954577.0,,,,
157847,2014-04-11,4000000.0,2365467.0,-1634533.0,,,,
157851,2014-05-21,,1338365.0,,,,,
157862,1984-11-11,,,,,,,
15787,1957-06-06,,,,,,,
157898,1934-09-08,,,,,,,
1579,2006-12-07,4.0E7,1.2017529E8,8.017529E7,,,,
157909,2004-09-23,,,,,,,
15791,2007-01-01,,,,,,,
15797,1993-08-27,6000000.0,3283371.0,-2716629.0,,,,
1580,1948-08-23,1500000.0,2200000.0,700000.0,3.663157894736842,190,0.9054277987486727,2016-10-16
15800,1997-10-18,,,,,,,
15801,2008-12-12,,44872.0,,,,,
158013,1975-12-31,,,,,,,
158015,2013-05-31,3000000.0,8.9328627E7,8.6328627E7,,,,
15802,1992-01-06,,,,,,,
15809,2009-03-23,,,,,,,
15824,2003-02-21,,,,,,,
15826,2005-05-27,,,,,,,
158262,1970-07-27,,,,,,,
15830,2000-08-26,,,,,,,
15837,2008-02-11,,,,,,,
158382,2010-02-07,,,,,,,
1584,2003-10-03,3.5E7,1.31282949E8,9.6282949E7,3.7282608695652173,92,1.0066074113823051,2016-10-07
158413,2002-03-08,,,,,,,
158439,1940-08-02,,,,,,,
158443,1969-09-01,,,,,,,
158455,2013-01-20,,,,,,,
1585,1946-12-20,3180000.0,9644124.0,6464124.0,,,,
15850,2002-11-01,,,,,,,
158503,2010-01-01,,,,,,,
158517,,,,,,,,
15854,2008-11-08,,,,,,,
15864,2008-08-14,2400000.0,9600000.0,7200000.0,,,,
158711,2009-09-01,,,,,,,
158739,2013-09-12,,,,,,,
158752,2013-10-11,,,,,,,
158800,1961-12-27,,,,,,,
158870,2013-09-18,,,,,,,
15888,2007-08-24,1.4E7,9216.0,-1.3990784E7,,,,
158895,2013-06-28,,,,,,,
1589,2003-09-12,,,,3.3947368421052633,19,0.7374684055082001,2009-01-24
158900,2013-03-15,,,,,,,
158933,2014-01-29,,,,,,,
158939,1984-01-09,,,,,,,
15895,1983-09-02,,8890685.0,,,,,
158951,2013-01-27,,,,,,,
158968,1930-05-24,,,,,,,
158990,2013-12-18,,,,,,,
158994,2013-09-20,,,,,,,
158999,2013-06-07,,2063312.0,,,,,
159000,2013-01-20,,,,,,,
159011,2013-01-20,,,,,,,
159014,2013-06-14,1000000.0,,,,,,
15902,1990-11-28,,,,,,,
159024,2013-01-21,3000000.0,,,,,,
15907,2005-04-22,1.2E7,,,,,,
159090,1998-05-08,,,,,,,
159095,2013-04-03,,,,,,,
159100,2013-01-19,,,,,,,
159142,2013-10-04,,,,,,,
15916,1985-12-22,,,,,,,
159166,2013-01-20,,,,,,,
159186,2011-10-06,,,,,,,
1592,1996-04-03,3.0E7,1.02616183E8,7.2616183E7,2.7857142857142856,7,1.2863754913561998,2011-01-28
15920,2001-09-27,,,,,,,
159201,2006-09-20,,,,,,,
159203,2012-12-28,,,,,,,
159211,2013-01-14,,,,,,,
159215,1933-06-01,,,,,,,
159281,1967-12-28,,,,,,,
1593,2006-10-20,1.1E8,5.74480841E8,4.64480841E8,2.7857142857142856,7,0.5669467095138409,2004-10-12
159304,2009-06-08,,,,,,,
159324,1984-04-07,,,,,,,
15934,2006-09-12,,,,,,,
159344,2013-02-09,,,,,,,
15935,2003-07-24,,,,,,,
15936,2008-03-18,,,,,,,
159365,1974-10-18,,,,,,,
15938,1938-09-30,,,,,,,
159389,2012-06-23,,,,,,,
159403,1964-07-10,,,,,,,
15942,2008-10-01,,,,,,,
15944,1959-03-19,,,,,,,
15945,2009-02-20,,,,,,,
159469,1946-03-02,,,,,,,
15947,1944-07-21,,,,,,,
159479,1994-10-01,2700000.0,4635143.0,1935143.0,,,,
15953,2008-04-11,,,,,,,
159622,2013-07-12,,,,,,,
159630,1985-04-08,,,,,,,
159636,1989-09-17,,,,,,,
159666,2000-01-07,,,,,,,
15973,2008-04-04,,,,,,,
15974,2008-05-09,,,,,,,
15977,2009-02-06,,,,,,,
1598,1991-11-15,,1.823E8,,3.75,4,0.9574271077563381,2000-11-22
15982,1985-07-19,,3099497.0,,,,,
159862,1980-01-01,,,,,,,
15990,2002-10-18,,,,,,,
159900,1898-01-01,,,,,,,
159907,1898-09-30,,,,,,,
15991,2008-02-08,,,,,,,
15992,2002-10-14,2.5E7,1.0719357E7,-1.4280643E7,,,,
159932,2013-02-09,,18642.0,,,,,
159937,2013-01-06,,,,,,,
15994,2008-09-17,,,,,,,
159967,2013-02-10,,,,,,,
16,2000-05-17,1.28E7,4.0031879E7,2.7231879E7,3.9488636363636362,88,0.8776921564085594,2016-08-17
160,1896-01-25,,,,2.3412698412698414,63,0.8698600036852278,2016-06-27
160019,1997-03-28,,,,,,,
16003,1996-01-31,1.75E7,,,,,,
160068,2013-02-10,,2107925.0,,,,,
160070,2012-12-06,5000000.0,,,,,,
160124,2013-04-11,,,,,,,
160160,2013-09-04,,,,,,,
160162,1938-02-05,,,,,,,
160165,2013-09-06,,,,,,,
16017,2006-11-03,,,,,,,
160171,2013-02-12,,,,,,,
16018,2006-09-22,,,,,,,
160220,2012-11-04,348164.0,,,,,,
160234,2012-09-14,,,,,,,
160254,1938-04-20,,,,,,,
160266,2003-11-13,,,,,,,
16028,2002-11-01,1.7E7,,,,,,
16031,2008-11-14,,,,,,,
16032,2003-07-18,,,,,,,
160324,2003-02-02,,,,,,,
16042,2006-06-14,,,,,,,
16047,2008-05-30,,,,,,,
16052,1997-03-21,2.0E7,6.0E7,4.0E7,,,,
1607,1993-09-14,2.2E7,1.7287898E7,-4712102.0,,,,
160706,2012-07-19,,,,,,,
160718,1994-02-03,,,,4.0,1,,2016-07-28
16072,2003-02-21,5.6E7,1.2923936E7,-4.3076064E7,,,,
16074,2004-10-01,1200000.0,,,,,,
16075,1999-05-09,,,,,,,
160758,2012-11-30,,,,,,,
160768,2013-09-11,1.0E7,30283.0,-9969717.0,,,,
160788,2012-03-22,,,,,,,
160799,1973-02-26,,,,,,,
1608,1996-03-01,,,,3.2642857142857142,70,0.9695413100878547,2016-10-07
16081,1967-12-19,1.8E7,9000000.0,-9000000.0,,,,
160821,2013-06-25,,,,,,,
16083,2006-05-05,,382267.0,,,,,
16085,1968-09-19,,5.2223306E7,,,,,
160859,2013-04-11,,,,,,,
1609,2000-08-25,,,,3.0,2,0.0,2000-08-05
160907,2012-02-07,,,,,,,
16092,2008-12-12,,,,,,,
16093,1962-09-26,30000.0,,,,,,
16094,1990-03-09,,2.6386E7,,,,,
160960,2004-08-22,25000.0,,,,,,
16097,1994-01-01,,,,,,,
160989,1997-02-12,,,,,,,
1610,1997-04-04,,,,3.8969072164948453,97,0.7903656337743604,2016-05-08
161024,2009-03-05,,,,,,,
161056,2013-02-22,,,,,,,
161064,2012-07-10,,,,,,,
161070,1996-08-08,,,,,,,
161088,1959-10-16,,,,,,,
161094,2007-07-01,,,,,,,
1611,2003-10-15,,,,4.083333333333333,12,0.90033663737852,2012-08-05
16110,2000-07-26,,,,,,,
161143,2013-01-29,,,,,,,
16117,2007-03-11,,,,,,,
16121,1980-05-28,,7206220.0,,,,,
16122,1986-08-07,,,,,,,
16124,1981-02-05,300000.0,1400000.0,1100000.0,,,,
161244,2002-11-08,3.0,3.0,0.0,,,,
161267,1954-11-23,,,,,,,
16127,1980-03-21,,,,,,,
16129,1998-10-23,,,,,,,
1613,2001-12-07,28.0,14.0,-14.0,3.0,1,,2000-03-09
16131,2004-05-14,,143597.0,,,,,
161315,1932-03-20,,,,,,,
16133,2004-09-25,,,,,,,
16135,2008-12-17,,,,,,,
16136,1992-01-17,5000000.0,2.014688E7,1.514688E7,,,,
161374,1977-12-28,,,,,,,
16139,1994-05-06,2500000.0,,,,,,
161402,1992-02-07,,,,,,,
161426,1985-01-01,,,,,,,
161442,1993-06-22,,,,,,,
161456,2012-10-05,,,,,,,
161460,1970-07-23,,,,,,,
16148,1998-01-30,5000000.0,1980338.0,-3019662.0,,,,
161482,2013-02-04,,,,,,,
16149,1980-09-11,,,,,,,
161495,1995-03-01,2.2E7,1.24E7,-9600000.0,,,,
161512,1943-05-22,,,,,,,
161529,2012-10-18,,,,,,,
16153,1974-12-09,,,,,,,
161535,2004-03-06,,,,,,,
16154,1971-08-06,,,,,,,
161545,2012-11-30,5579750.0,8927600.0,3347850.0,,,,
16155,1998-08-17,,,,,,,
16156,2005-02-11,,,,,,,
1616,2005-05-19,,,,3.5357142857142856,14,0.7712199555121872,2009-09-01
16161,2001-06-27,1.6E7,2.9381649E7,1.3381649E7,,,,
16162,1999-10-22,9000000.0,3.457378E7,2.557378E7,,,,
16166,2010-06-25,,,,,,,
161683,2013-01-08,100000.0,,,,,,
16170,2006-10-20,,,,,,,
161710,1914-02-14,,,,,,,
16172,1999-02-05,6000000.0,4398989.0,-1601011.0,,,,
16176,1976-03-24,,,,,,,
16177,2007-12-20,,,,,,,
161782,2013-01-22,,,,,,,
16179,2008-08-25,,,,,,,
16180,1973-06-15,,,,,,,
161808,2013-01-18,,,,,,,
16182,1989-12-24,,,,,,,
161825,2005-11-12,,,,,,,
161827,1965-09-17,,,,,,,
161833,1933-07-01,,,,,,,
161836,1933-01-07,,,,,,,
16184,2001-10-31,,,,,,,
16186,2005-02-25,,,,,,,
161908,2012-12-28,,,,,,,
16194,2008-08-28,,,,,,,
161967,1933-12-15,,,,,,,
161969,1933-06-01,,,,,,,
162,1990-12-05,,5.3E7,,4.136363636363637,33,0.9704439003035485,2013-12-03
1620,2007-11-21,,9.9965753E7,,3.375,20,0.6858532910485342,2016-08-17
16203,1974-11-01,,,,,,,
16204,2007-09-09,,,,,,,
162042,1976-01-01,,,,,,,
16211,1965-12-26,,,,,,,
162117,1956-11-06,,,,,,,
162139,1957-08-28,,,,,,,
16214,1978-07-28,,7.8E7,,,,,
162215,2013-09-10,,,,,,,
16222,2000-03-31,1.5E7,9902115.0,-5097885.0,,,,
16225,2000-04-19,1.5E7,,,,,,
162282,2012-11-28,,,,,,,
162284,1931-08-22,,,,,,,
1623,1980-06-20,,3.7121708E7,,2.3,5,0.9746794344808963,2004-09-04
16231,1999-08-28,,,,,,,
162320,1960-02-11,,,,,,,
16234,2000-12-12,,,,,,,
16236,2007-03-18,,,,,,,
162372,2000-10-06,,,,,,,
162374,2010-11-15,,,,,,,
1624,1997-03-21,4.5E7,3.02710615E8,2.57710615E8,4.0,1,,2000-01-18
16240,2007-11-16,,,,,,,
162406,1992-01-01,,,,,,,
162451,1986-03-27,,,,,,,
162453,1992-08-01,,,,,,,
16246,1974-07-28,,,,,,,
16250,2003-04-13,,,,,,,
162505,1978-04-02,,,,,,,
16258,2009-01-09,,,,,,,
16261,2002-01-18,4000000.0,,,,,,
162611,1931-04-15,,,,,,,
16263,1985-04-12,,,,,,,
162643,2010-05-16,600000.0,,,,,,
16266,2008-02-12,,,,,,,
162678,2002-11-02,,,,,,,
16271,1976-09-01,,,,,,,
162755,1959-06-05,,,,,,,
16277,2008-11-09,,,,,,,
162818,1989-09-15,,,,,,,
162821,1989-05-26,,,,,,,
16284,1958-06-24,,,,,,,
162850,1990-01-31,,,,,,,
162865,1945-06-14,,,,,,,
162877,1995-03-15,,,,,,,
16288,1987-05-01,3500000.0,1.4E7,1.05E7,,,,
162899,1960-12-31,,,,,,,
162928,1930-08-08,,,,,,,
16295,1995-01-11,,3.8290723E7,,,,,
16297,1994-04-29,,,,,,,
163,2004-12-09,1.1E8,3.6274428E8,2.5274428E8,3.515873015873016,63,0.8658775800394368,2016-08-17
1630,1996-10-12,,2.0300385E7,,,,,
163018,1981-09-30,,,,,,,
16303,1965-10-11,,,,,,,
16304,2007-05-15,,,,,,,
16306,1973-05-01,,,,,,,
163077,2001-05-04,,,,,,,
16309,2008-01-18,,,,,,,
163111,1903-03-22,,,,,,,
16314,1992-08-07,,,,,,,
16320,2005-08-25,3.9E7,3.8869464E7,-130536.0,,,,
163202,1994-01-01,,,,,,,
16322,2008-03-19,,,,,,,
16325,2009-02-27,,500154.0,,,,,
1633,1991-12-27,1.1E7,1.19418501E8,1.08418501E8,3.375,8,0.5175491695067657,2002-02-02
16335,2009-02-20,1.0E7,,,,,,
16340,2000-09-14,30.0,103.0,73.0,,,,
16342,2008-12-05,,,,,,,
163428,1976-12-01,,,,,,,
163447,1987-01-01,,,,,,,
16345,2009-02-13,5750000.0,1.0E7,4250000.0,,,,
1635,2005-07-20,1.26E8,1.62949164E8,3.6949164E7,3.823529411764706,17,1.1584091525475282,2012-10-30
163523,1988-03-06,,,,,,,
16353,2008-12-04,8500000.0,8936663.0,436663.0,,,,
163549,1974-11-22,,,,,,,
16358,2004-10-15,,,,,,,
163583,2005-01-01,,,,,,,
16359,2008-10-23,,,,,,,
1636,2000-10-19,4.8E7,9.0383208E7,4.2383208E7,1.0,2,0.0,2002-12-09
163630,1987-10-09,,,,,,,
163631,1978-12-15,,,,,,,
16365,1998-01-09,,,,,,,
16366,2000-11-07,,,,,,,
16367,2005-08-30,,8895428.0,,,,,
1637,1994-06-09,3.0E7,3.50448145E8,3.20448145E8,,,,
16370,1993-01-22,,8041049.0,,,,,
16374,2005-02-17,,,,,,,
163791,1965-06-28,,,,,,,
16380,1951-08-01,,,,,,,
163814,2013-05-02,,,,,,,
163845,2011-01-21,86.0,,,,,,
163869,1997-03-01,,,,,,,
163870,2012-09-15,,,,,,,
163875,2013-09-25,,,,,,,
16388,1995-08-09,,,,,,,
1639,1997-06-13,1.6E8,1.64508066E8,4508066.0,3.5692307692307694,65,1.0638848441154058,2014-03-04
16391,1947-01-01,,,,,,,
16392,2007-04-13,2.6E7,,,,,,
163924,1969-10-18,,,,,,,
163937,1974-12-11,,,,,,,
163942,2011-03-17,,,,,,,
163978,2010-05-02,,,,,,,
16399,1997-05-02,,,,,,,
164,1961-10-05,,9500000.0,,3.5576923076923075,26,0.7256297000112809,2006-08-21
164013,2012-12-26,,,,,,,
164041,1968-04-14,,,,,,,
16407,1982-01-21,,,,,,,
1641,1999-03-12,7.5E7,9.388818E7,1.888818E7,3.7734375,64,0.9082063585345237,2011-09-02
16411,2005-05-12,1549000.0,7096000.0,5547000.0,,,,
164123,2000-02-27,,,,,,,
164144,1995-09-01,,,,,,,
1642,1995-07-28,2.2E7,1.10627965E8,8.8627965E7,2.375,4,1.4930394055974097,2009-12-02
16422,2008-09-26,,,,,,,
16425,2002-09-11,,,,,,,
164278,1996-10-19,,,,,,,
16429,2005-01-01,,,,,,,
16430,2004-01-01,,,,,,,
164328,2013-02-11,,,,,,,
16433,2003-06-18,,,,,,,
16437,1993-11-24,5000000.0,,,,,,
164377,2013-06-26,,,,,,,
1644,1993-02-05,,,,2.5166666666666666,30,1.102374657300081,2016-08-17
164443,2013-01-26,8000000.0,,,,,,
164457,2013-12-06,2.2E7,1.54E7,-6600000.0,,,,
164479,1933-09-15,,,,,,,
1645,1996-07-24,,1.52266007E8,,3.4583333333333335,60,0.8350970037365225,2016-08-17
16450,2008-03-28,,,,,,,
16452,2005-03-01,,,,,,,
164558,2013-08-28,1.0E7,,,,,,
164580,2013-03-15,,,,,,,
16471,1981-12-25,,,,,,,
164753,1985-05-03,,,,,,,
1648,1989-02-17,1.0E7,4.0485039E7,3.0485039E7,3.1666666666666665,9,1.3693063937629153,2008-08-30
165016,1997-12-19,,,,,,,
16508,1999-03-26,,,,,,,
1651,1969-06-18,,,,,,,
16515,1937-06-25,,,,,,,
165159,1979-12-21,,,,,,,
16516,2007-09-15,,,,,,,
165181,2011-09-29,,,,,,,
1652,1994-12-21,,,,4.0,2,0.7071067811865476,2012-08-05
16523,2009-10-16,1.0E8,1.00086793E8,86793.0,,,,
165344,2010-04-22,,,,,,,
16535,1953-04-11,,4905000.0,,,,,
1654,1967-06-15,5400000.0,4.53E7,3.99E7,3.5,2,0.7071067811865476,2001-01-22
165404,2002-07-26,,,,,,,
165462,1948-11-29,,,,,,,
16548,2005-01-21,,,,,,,
1655,1997-01-30,,,,3.5,2,2.1213203435596424,2002-04-17
16553,2005-09-30,,1117920.0,,,,,
165534,2005-06-22,,,,,,,
165567,2012-10-31,,,,,,,
165569,2003-09-14,,,,,,,
165573,2000-05-18,,,,,,,
16558,2009-03-19,7.8146652E7,6.0E7,-1.8146652E7,,,,
165586,2009-12-21,,,,,,,
16561,1975-11-06,,,,,,,
16576,2007-05-25,,,,,,,
16577,2009-10-15,6.5E7,4.4091067E7,-2.0908933E7,,,,
165864,2013-02-19,4500000.0,,,,,,
1659,1993-01-01,,,,,,,
165911,1998-10-18,,,,,,,
166,1980-01-01,,,,3.0,4,1.8257418583505538,2012-08-05
166007,1930-09-05,,,,,,,
166027,2004-08-20,,,,,,,
16605,2004-06-19,,,,,,,
16606,1999-10-02,,,,,,,
16608,2005-10-06,,5048693.0,,,,,
166085,2013-06-14,3780000.0,,,,,,
166089,2013-04-12,,,,,,,
16612,1894-03-14,,,,,,,
16617,2004-05-07,2.7E7,2.1148829E7,-5851171.0,,,,
166178,2012-10-01,,,,,,,
16619,1980-09-19,6000000.0,,,,,,
166231,2000-06-30,,,,,,,
166255,2000-07-14,,,,,,,
166259,1997-07-06,,,,,,,
166260,1998-11-27,,,,,,,
166262,2012-10-04,2700000.0,,,,,,
16636,2002-11-13,,,,,,,
166375,2009-11-03,,,,,,,
16638,1961-10-24,,,,,,,
16639,2009-04-03,,,,,,,
16640,2006-01-01,,,,,,,
166424,2015-08-05,,1.67977596E8,,,,,
166426,2017-05-23,2.3E8,7.94191988E8,5.64191988E8,,,,
16643,2002-04-26,,1.6872671E7,,,,,
1665,2005-05-13,,1928985.0,,3.25,8,0.3779644730092272,2016-01-15
16651,2001-04-12,7000000.0,4720371.0,-2279629.0,,,,
16652,2009-03-24,,,,,,,
166560,1930-02-22,,,,,,,
16659,1979-08-17,,,,,,,
166627,2013-03-03,,,,,,,
16664,2001-09-07,,,,,,,
166666,2013-02-21,,,,,,,
166773,2012-12-31,,,,,,,
16686,2007-09-28,,,,,,,
166888,1962-10-30,,,,,,,
1669,1990-03-02,3.0E7,1.992E8,1.692E8,4.0,1,,1999-11-01
16690,2002-02-14,2.0E7,1.09862682E8,8.9862682E7,,,,
166901,1995-09-08,,,,,,,
166904,1949-11-27,,,,,,,
16693,1962-10-12,,,,,,,
167012,2010-08-27,,,,,,,
167021,1998-02-18,,,,,,,
16703,1942-05-13,,,,,,,
16710,2008-03-21,,4.1939392E7,,,,,
167101,1958-11-02,,,,,,,
167112,1933-09-18,,,,,,,
167161,2009-09-04,,,,,,,
167177,2004-10-17,,,,,,,
167179,2013-01-31,1800000.0,,,,,,
167198,2013-03-02,,,,,,,
16723,2001-01-24,1.1E7,1.3276953E7,2276953.0,,,,
16725,2007-02-08,,31576.0,,,,,
167284,2004-01-01,,,,,,,
16729,2004-03-12,,1.1837022E7,,,,,
1673,1960-03-01,,,,3.9193548387096775,62,0.8107553065551596,2016-08-17
167305,2013-02-12,,,,,,,
167410,2005-02-10,,,,,,,
167424,2012-09-25,,,,,,,
167449,2012-12-20,,5290.0,,,,,
167502,2013-11-22,,,,,,,
167548,2005-11-03,,,,,,,
167581,2013-05-27,,,,,,,
16759,2009-01-19,,,,,,,
1676,1967-12-19,,,,3.0972222222222223,72,1.1767671425002617,2016-08-17
167644,2012-09-23,,,,,,,
167658,2013-01-23,,,,,,,
16767,1998-09-05,,,,,,,
167673,2013-02-01,,,,,,,
16768,2006-11-28,,,,,,,
16769,1980-03-07,1.5E7,6.7182787E7,5.2182787E7,,,,
167707,1972-04-13,,,,,,,
16771,1994-07-29,3200000.0,,,,,,
167733,2013-02-27,,,,,,,
1678,1954-11-03,1000000.0,,,3.738095238095238,21,0.7519815093977978,2015-08-15
16780,1994-01-01,600000.0,185898.0,-414102.0,,,,
167882,1978-12-08,,,,,,,
1679,1955-04-24,,,,,,,
167928,2006-11-11,,,,,,,
167956,2012-06-05,,,,,,,
167966,2004-03-09,,,,,,,
167983,2012-11-07,,,,,,,
168,1986-11-25,2.4E7,1.33E8,1.09E8,3.116279069767442,43,0.8649057841776039,2016-05-08
16804,2008-09-13,,6.9932387E7,,,,,
168057,2012-12-26,,,,,,,
16808,2006-07-15,,,,,,,
168171,1948-12-01,,,,,,,
16820,1991-04-16,1.64E7,,,,,,
168202,1990-05-01,,,,,,,
168210,2011-12-10,1.5E7,,,,,,
168217,1925-08-23,,,,,,,
168228,1973-11-16,,,,,,,
168283,1996-11-29,,,,,,,
168320,2013-02-14,,,,,,,
168450,1995-01-01,,,,,,,
168478,1997-02-14,,,,,,,
168496,1953-12-17,,,,,,,
16850,1965-11-22,,,,,,,
168501,2004-02-22,,,,,,,
168541,1982-04-01,,,,,,,
168552,2013-08-29,,,,,,,
1686,1966-09-15,,,,3.6,5,0.8944271909999159,2003-04-07
168616,2012-06-29,,,,,,,
168647,2003-01-19,,,,,,,
16866,2009-11-19,7.0E7,1.04945765E8,3.4945765E7,,,,
16867,2008-11-21,,,,,,,
168672,2013-12-12,4.0E7,2.51171807E8,2.11171807E8,,,,
16869,2009-08-18,7.0E7,3.1913105E8,2.4913105E8,,,,
168693,1998-01-01,,,,,,,
16874,2000-02-24,,,,,,,
16875,2002-10-31,,,,,,,
168758,2013-09-20,,,,,,,
16876,2002-06-07,,,,,,,
168767,2013-02-08,,,,,,,
168814,2013-04-03,,,,,,,
16884,2006-11-14,,,,,,,
16888,2000-10-13,2.4E7,1.37E7,-1.03E7,,,,
168885,2012-03-20,,,,,,,
1689,1993-12-01,3.5E7,4858139.0,-3.0141861E7,3.2916666666666665,12,1.096654692759537,2016-06-14
168976,1992-09-30,,,,,,,
168981,1955-05-25,,,,,,,
16899,2008-01-01,,,,,,,
169,1990-11-20,,5.7120318E7,,2.5625,8,1.5221577729375775,2014-02-06
16902,1939-11-11,,,,,,,
169022,2009-12-17,,,,,,,
16905,1935-12-19,,,,,,,
16907,2004-08-21,,,,,,,
169089,1983-12-15,,,,,,,
16909,1998-08-28,,,,,,,
169090,1976-04-03,,,,,,,
169108,2004-01-01,,,,,,,
16912,1955-01-25,,,,,,,
16914,1953-02-24,,,,,,,
16916,2008-08-14,,,,,,,
16921,2008-08-24,1.5E7,,,,,,
16923,2008-11-25,,,,,,,
16925,2008-01-31,,,,,,,
169298,2014-02-25,3000000.0,,,,,,
16931,2009-04-21,,,,,,,
16933,1940-07-27,,,,,,,
16934,1995-01-20,,,,,,,
169357,1988-10-26,,,,,,,
169379,1985-09-05,,,,,,,
16938,1974-10-11,,,,,,,
16939,1950-05-15,,,,,,,
169448,2013-02-11,,,,,,,
169479,1936-02-13,,,,,,,
1696,2005-07-22,,,,2.0,1,,2000-11-22
169607,2014-03-28,,1503616.0,,,,,
169618,1961-02-14,,,,,,,
169642,2013-10-11,,,,,,,
169652,1972-02-19,,,,,,,
169656,1993-02-11,,,,,,,
169692,2012-03-13,,,,,,,
1697,2006-08-17,,,,,,,
169730,2011-10-11,,,,,,,
169747,1999-09-09,,,,,,,
16976,2003-07-19,,,,,,,
169760,2014-01-17,,,,,,,
1698,2000-02-03,,,,,,,
16980,1998-05-29,8000000.0,,,,,,
169832,1987-02-27,,,,,,,
169842,1929-05-09,,,,,,,
169853,2013-01-31,,44.0,,,,,
169856,2012-01-04,,,,,,,
16986,2009-03-15,,,,,,,
16988,2008-01-25,,,,,,,
169881,2013-12-25,3.2E7,5.7284237E7,2.5284237E7,,,,
16991,2009-04-10,,2.4007324E7,,,,,
16992,1997-12-31,,,,,,,
16996,2009-03-11,2.0E7,1.36267476E8,1.16267476E8,,,,
17,2006-01-26,,,,3.9244186046511627,86,0.9283680870546767,2016-05-09
170078,1979-02-10,,,,,,,
17009,1990-06-06,,,,,,,
170094,2007-06-17,,,,,,,
170187,1998-09-10,,,,,,,
17021,2006-03-31,,,,,,,
170234,1932-10-15,,,,,,,
17025,2007-10-05,,16136.0,,,,,
170263,1998-01-31,,,,,,,
170277,1958-05-13,,,,,,,
170292,2009-12-30,,,,,,,
17031,2008-01-15,,,,,,,
170315,1963-12-18,,,,,,,
170368,1963-11-29,,,,,,,
17038,2007-04-28,,,,,,,
170400,2001-05-01,,,,,,,
17041,2008-10-22,,,,,,,
17044,1998-09-25,,,,,,,
1705,1973-06-15,1700000.0,8844595.0,7144595.0,,,,
170517,1967-04-11,,,,,,,
17058,1945-12-28,,2948386.0,,,,,
170677,1975-04-21,,,,,,,
170752,2013-07-12,4000000.0,,,,,,
170767,1999-09-04,,,,,,,
17077,2008-09-24,7.0E7,,,,,,
17082,2009-03-24,,,,,,,
170838,1997-01-01,,,,,,,
17086,2005-01-01,1.0E7,,,,,,
170923,1970-03-24,,,,,,,
170936,1937-08-28,,,,,,,
17097,2007-09-26,825000.0,,,,,,
170986,2007-07-21,,,,,,,
17099,1972-12-30,,,,,,,
171,1982-12-08,,,,4.333333333333333,6,0.5163977794943223,2000-11-20
17100,1997-01-01,,,,,,,
17101,2007-12-22,,,,,,,
17102,1966-01-09,280379.0,364937.0,84558.0,,,,
17106,2007-04-30,,,,,,,
171061,2008-08-31,,,,,,,
171075,1962-03-31,,,,,,,
171213,1992-04-15,,,,,,,
17124,2005-02-19,,,,,,,
17128,1973-08-11,,,,,,,
171357,2013-02-27,,,,,,,
17137,2008-08-08,,,,,,,
171372,2014-05-02,,645186.0,,,,,
17155,2008-11-18,,,,,,,
171550,,,,,,,,
171581,2013-03-05,,,,,,,
17159,1987-11-25,,5.0504655E7,,,,,
17168,1993-02-12,,,,,,,
171698,2012-09-19,,,,,,,
171738,2013-03-02,,,,,,,
171759,2013-03-01,,,,,,,
171771,2013-03-03,,,,,,,
171776,2013-03-01,,,,,,,
17180,2001-12-15,,,,,,,
17182,1996-01-12,2.0E7,,,,,,
171859,2007-05-01,,,,,,,
171873,2012-03-05,,,,,,,
171885,2013-03-01,,,,,,,
17189,1993-01-01,,,,,,,
171902,2011-01-27,,,,,,,
171964,2013-02-27,,,,,,,
172003,2011-09-23,,,,,,,
172004,1979-04-18,,,,,,,
172011,1968-04-02,,,,,,,
172014,1976-05-09,,,,,,,
17207,1995-01-06,1.05E7,2.6325256E7,1.5825256E7,,,,
1721,1972-12-22,,,,3.332317073170732,164,1.2325810106956776,2016-09-07
172104,1933-11-02,,,,,,,
172149,1988-12-23,,,,,,,
172198,1994-10-23,,,,,,,
1722,2001-08-17,5.7E7,6.2112895E7,5112895.0,3.2857142857142856,49,0.924211375534118,2016-08-18
17221,1950-07-07,,,,,,,
172214,1934-10-13,,,,,,,
17223,2007-02-14,,,,,,,
172297,1982-10-15,,,,,,,
172340,1974-04-14,,,,,,,
17238,1987-09-23,,,,,,,
172385,2014-03-19,1.03E8,5.00188435E8,3.97188435E8,,,,
172391,2013-07-18,2.0E7,2.7187375E7,7187375.0,,,,
172396,1999-08-27,,,,,,,
17244,1998-09-05,,,,,,,
172469,2013-10-08,,,,,,,
172475,1971-05-21,,,,,,,
172520,2013-03-10,,,,,,,
172535,1960-05-01,,,,,,,
172577,2009-06-17,,,,,,,
17263,1999-07-06,,,,,,,
17264,1979-10-17,2700000.0,3.7799643E7,3.5099643E7,,,,
172729,2013-05-10,200000.0,,,,,,
17274,2007-05-14,,,,,,,
17275,2007-01-01,,,,,,,
17276,1970-01-03,,,,,,,
172760,1992-01-01,,,,,,,
172785,2013-12-06,,,,,,,
172824,2014-01-10,,,,,,,
172828,2013-08-28,,19613.0,,,,,
172847,2013-08-23,,,,,,,
172868,1995-01-26,,,,,,,
17287,2006-12-26,,,,,,,
172878,2009-09-10,,,,,,,
17288,1986-06-12,,,,,,,
172890,2012-03-01,,,,,,,
172897,2013-06-28,,,,,,,
1729,2008-04-18,5.5E7,1.27906624E8,7.2906624E7,3.692982456140351,57,0.9342414128820558,2016-08-17
172972,1990-07-21,,,,,,,
17303,2007-10-11,859314.0,,,,,,
173056,2012-08-30,32213.0,,,,,,
173080,1987-06-12,,,,,,,
17314,2008-03-04,1.0E7,,,,,,
173151,2004-10-29,,,,,,,
173153,2013-03-24,,,,,,,
173165,2014-06-17,175000.0,,,,,,
173171,1974-12-24,,,,,,,
173185,2013-03-06,,,,,,,
17320,2006-04-28,,265198.0,,,,,
173210,2013-06-20,,,,,,,
173299,1994-05-11,,,,,,,
17332,2009-04-24,6.0E7,3.1720158E7,-2.8279842E7,,,,
173341,1977-12-02,,,,,,,
1734,2001-04-28,9.8E7,4.33013274E8,3.35013274E8,3.8461538461538463,13,1.0875165781229763,2012-07-21
17343,1971-07-15,,,,,,,
173443,2013-03-07,2000000.0,,,,,,
173455,2013-09-19,,137460.0,,,,,
173456,1936-12-26,,,,,,,
173465,2013-11-08,,,,,,,
17347,2008-10-15,,2556911.0,,,,,
173484,2013-08-27,,,,,,,
173488,2013-08-16,,,,,,,
173495,2013-03-08,,,,,,,
1735,2008-07-01,1.45E8,4.01128639E8,2.56128639E8,2.933333333333333,15,1.5220600075774497,2011-01-28
17350,2005-01-01,,,,,,,
173541,1968-01-17,,,,,,,
173577,2007-07-09,,,,,,,
173634,1945-04-17,,,,,,,
17365,1974-06-14,,,,,,,
173662,1950-07-20,,,,,,,
173689,1928-07-18,75000.0,1200000.0,1125000.0,,,,
17375,2007-01-01,500000.0,,,,,,
17376,2007-02-14,,,,,,,
17379,2006-01-13,,3.8399961E7,,,,,
1738,2007-04-24,7.0E7,7.6066841E7,6066841.0,,,,
173845,1954-03-22,,,,,,,
173847,2013-03-07,,,,,,,
17386,1983-09-07,,1.3168027E7,,,,,
173873,1964-01-01,,,,,,,
173874,1996-01-01,,,,,,,
173891,1935-12-06,,,,,,,
173897,2016-12-23,4.0E7,3.12242626E8,2.72242626E8,,,,
173911,2014-02-27,,,,,,,
173917,2014-05-24,,,,,,,
174,1991-12-05,2.7E7,9.69E7,6.99E7,2.25,4,0.9574271077563381,2005-04-24
17401,1971-03-01,,,,,,,
17402,1995-01-27,6.0,5.0,-1.0,,,,
174020,1994-06-18,,,,,,,
17403,2003-07-18,,,,,,,
17414,1996-01-12,1.6E7,,,,,,
174150,1943-12-17,,,,,,,
174162,1974-04-10,,,,,,,
17421,1987-08-01,,,,,,,
17422,2006-05-18,,,,,,,
174278,1954-03-16,,,,,,,
174309,2013-04-20,,,,,,,
174314,2013-04-19,,,,,,,
174322,2013-04-20,,,,,,,
174323,2013-10-20,,,,,,,
174325,2013-04-22,,,,,,,
174326,2013-04-21,,,,,,,
17433,1999-12-22,,,,,,,
174334,2013-04-25,,,,,,,
174344,2013-04-19,,,,,,,
174346,2012-11-16,,,,,,,
174348,2013-04-19,,,,,,,
17435,1983-10-11,,,,,,,
174350,2013-04-18,,,,,,,
174351,2013-10-15,,,,,,,
174352,2013-10-02,,,,,,,
174354,2013-07-16,,,,,,,
17436,2008-11-05,1.8E7,382174.0,-1.7617826E7,,,,
174366,2013-04-23,,,,,,,
174371,2013-04-18,,,,,,,
174372,2013-04-18,,,,,,,
174378,2014-01-24,,,,,,,
174383,1970-12-22,,,,,,,
17443,1979-10-19,,3.33E7,,,,,
174442,1934-11-24,,,,,,,
17450,1981-12-11,,9171289.0,,,,,
17455,2005-06-07,4000000.0,,,,,,
174552,1916-05-09,,,,,,,
174565,1916-10-17,,,,,,,
174588,1916-04-01,,,,,,,
174598,1916-12-24,,,,,,,
17460,2006-11-29,,,,,,,
174611,2008-08-11,,,,,,,
174615,2004-12-07,,,,,,,
17464,1984-12-21,,,,,,,
17465,1986-01-31,,,,,,,
174650,1975-08-23,,,,,,,
17466,1990-09-14,4000000.0,1.6853487E7,1.2853487E7,,,,
174671,2013-09-27,,,,,,,
174675,2013-04-25,,,,,,,
174682,2013-04-21,,,,,,,
174733,2013-02-21,1.3E7,,,,,,
174754,1987-04-24,,,,,,,
174759,1930-07-05,,,,,,,
174773,1951-05-19,,,,,,,
174787,2004-11-26,,,,,,,
17479,2007-09-26,,,,,,,
174792,1930-03-15,,,,,,,
17481,1939-09-01,,,,,,,
174925,1918-05-18,,,,,,,
174928,1918-12-20,,,,,,,
174946,1919-05-17,,,,,,,
175065,1947-05-15,,,,,,,
175287,1979-07-13,,,,,,,
175331,2005-07-31,,,,,,,
175334,1921-01-08,,,,,,,
17538,1975-10-17,,8022000.0,,,,,
175380,1993-11-02,,,,,,,
17539,1998-07-24,,2020700.0,,,,,
175457,1921-12-31,,,,,,,
175503,1920-01-01,,,,,,,
175518,1922-12-06,,,,,,,
175541,2013-11-27,1.75E7,7018189.0,-1.0481811E7,,,,
175555,2013-12-13,,,,,,,
175574,2013-10-30,5.5E7,1.1E8,5.5E7,,,,
175587,1922-11-04,,,,,,,
175597,1922-10-30,,,,,,,
175739,2002-01-18,,,,,,,
175791,2013-03-10,,,,,,,
17584,2001-01-01,,,,,,,
175869,1923-02-23,,,,,,,
17591,1956-10-30,,,,,,,
175924,1977-04-27,,,,,,,
17593,2008-09-11,,,,,,,
175983,1934-05-04,,,,,,,
17599,1975-12-25,,,,,,,
17605,2008-11-12,,,,,,,
176068,2013-09-20,,,,,,,
176069,2012-04-22,,,,,,,
176079,2013-01-31,,,,,,,
176124,2013-04-19,1200000.0,2861020.0,1661020.0,,,,
17614,2002-08-28,,,,,,,
17618,2009-04-02,,,,,,,
176182,2013-02-20,,,,,,,
176216,1958-03-05,,,,,,,
176297,2008-10-27,,,,,,,
17630,2008-11-12,,,,,,,
17631,2008-04-30,,,,,,,
176321,1924-01-03,,,,,,,
176339,2013-03-01,,,,,,,
17640,1955-02-09,,,,,,,
17645,1945-12-19,,,,,,,
17654,2009-08-05,3.0E7,2.10819611E8,1.80819611E8,,,,
176545,2013-03-11,,,,,,,
176568,1973-05-29,,,,,,,
17657,1968-10-23,,,,,,,
17658,2009-05-06,,,,,,,
17660,1939-03-31,,,,,,,
17661,1944-05-15,,1.63E7,,,,,
176650,1983-09-01,,,,,,,
176715,2013-03-10,,,,,,,
176734,1950-09-01,,,,,,,
176807,2002-03-13,,,,,,,
17681,1999-11-05,,,,,,,
176841,1936-03-27,,,,,,,
17689,1977-12-21,5500000.0,2.6414658E7,2.0914658E7,,,,
17692,1983-03-16,2.05E7,8.7987055E7,6.7487055E7,,,,
17696,1964-06-24,,,,,,,
17699,2003-02-14,,,,,,,
177,1991-09-09,2.4E7,4.1895491E7,1.7895491E7,2.8846153846153846,13,1.2608503439122305,2016-08-09
1770,1996-10-25,2.8E7,1.69E7,-1.11E7,,,,
17704,1995-02-01,,8.76E7,,,,,
177047,2014-05-02,2000000.0,48390.0,-1951610.0,,,,
17707,1999-08-13,2.5E7,1.3E7,-1.2E7,,,,
177085,1999-06-20,,,,,,,
17710,2002-06-28,,,,,,,
177104,1953-09-05,,,,,,,
177112,2012-10-05,,,,,,,
1772,1991-10-11,,,,3.1333333333333333,15,1.245945806357946,2013-01-28
177221,2012-10-13,,,,,,,
177271,2013-05-20,,,,,,,
1773,1932-08-04,,,,,,,
17731,2001-02-11,,,,,,,
177335,1985-04-03,,,,,,,
17736,1992-09-11,,,,,,,
17741,2005-11-18,,,,,,,
17744,1965-10-11,,,,,,,
177474,1959-09-11,,,,,,,
1775,1995-06-08,,178104.0,,,,,
177566,2013-03-12,,,,,,,
177622,2014-11-10,,,,,,,
177677,2015-07-23,1.5E8,6.82330139E8,5.32330139E8,,,,
177699,2013-07-24,4000000.0,9800000.0,5800000.0,,,,
1777,2004-06-25,6000000.0,1.19114517E8,1.13114517E8,3.2357142857142858,70,1.0485373821766901,2016-08-17
17770,1997-05-30,,,,,,,
177703,2013-10-18,,,,,,,
17774,2002-05-19,,,,,,,
17775,2008-01-01,,,,,,,
177790,1940-08-09,,,,,,,
17780,2008-12-18,1500000.0,,,,,,
177888,2013-07-19,,,,,,,
17790,1985-10-01,,,,,,,
177902,1935-07-10,,,,,,,
17794,2007-12-14,6000000.0,,,,,,
177945,2013-09-28,,1.9978961E7,,,,,
17795,1996-12-20,,,,,,,
17796,1993-09-11,,,,,,,
17800,2005-06-10,,,,,,,
17801,1940-11-22,,,,,,,
178032,1977-02-01,,,,,,,
17809,1994-12-22,,1907743.0,,,,,
178103,1957-08-10,,,,,,,
17814,1976-11-05,150000.0,,,,,,
17818,1945-11-29,,,,,,,
178189,2012-12-19,,,,,,,
1782,2008-10-01,1.54E7,,,,,,
178222,1981-01-01,,,,,,,
17825,2004-02-04,,,,,,,
1783,2001-09-02,,,,2.6666666666666665,3,1.5275252316519465,2001-07-07
17831,1935-12-25,,,,,,,
17832,1997-08-29,,,,,,,
178337,1939-03-10,,,,,,,
17834,1997-07-11,,8345056.0,,,,,
17835,1984-09-23,,,,,,,
17836,1940-03-23,,,,,,,
178382,1999-06-09,,,,,,,
178385,2004-01-01,,,,,,,
17845,2008-10-21,,,,,,,
178452,1934-06-01,,,,,,,
178543,2008-05-18,,,,,,,
178569,1955-09-18,,,,,,,
178587,1952-10-30,,,,,,,
1786,1987-10-06,,,,,,,
178606,1997-09-10,,,,,,,
178607,1950-10-06,,,,,,,
178675,2002-07-04,,,,,,,
178682,2013-03-15,,,,,,,
17870,1999-07-10,,,,,,,
17875,1971-05-05,,,,,,,
178751,2012-12-19,,,,,,,
1788,1984-02-17,8200000.0,8.0035402E7,7.1835402E7,4.25,4,0.5,2000-05-10
178806,2013-02-07,,,,,,,
178809,2013-04-12,1.6E7,,,,,,
17885,1938-07-30,,,,,,,
17886,2009-05-06,,,,,,,
178907,1987-09-05,,,,,,,
178917,2013-05-04,,,,,,,
178946,2013-03-14,,,,,,,
17897,1973-12-20,,1.1E7,,,,,
17898,1985-10-10,,,,,,,
17899,2009-03-27,,,,,,,
179,2005-04-08,8.0E7,1.62944923E8,8.2944923E7,3.5,6,1.0488088481701516,2015-08-23
17903,2008-12-30,,,,,,,
17905,1967-06-15,,,,,,,
179053,2013-04-03,,,,,,,
17907,1935-07-08,,,,,,,
17908,2000-01-14,7000000.0,,,,,,
179085,1949-03-26,,,,,,,
1791,2001-05-14,,9801375.0,,3.25,4,0.9574271077563381,2011-07-01
179103,1939-11-18,,,,,,,
179109,2013-07-06,,12247.0,,,,,
179111,2013-07-05,,32846.0,,,,,
17914,1999-10-22,,,,,,,
179154,2013-08-16,6000000.0,,,,,,
179159,2013-03-12,,,,,,,
17917,1968-09-26,1.0E7,3.7402877E7,2.7402877E7,,,,
17918,1982-02-19,3000000.0,,,,,,
17919,2005-10-24,1.5E7,,,,,,
1792,2003-12-10,5.5E7,3.3828318E7,-2.1171682E7,3.3636363636363638,22,0.7895420339517227,2016-05-08
17921,1965-09-15,,,,,,,
179236,1900-11-01,,,,,,,
179272,1949-03-22,,,,,,,
179288,2007-03-12,475000.0,,,,,,
1793,1983-03-25,,,,,,,
179340,2013-03-12,114.0,,,,,,
17935,2009-04-02,2.5E7,1.6815892E7,-8184108.0,,,,
17938,1960-02-26,,,,,,,
179538,2013-09-20,8000000.0,,,,,,
179549,1901-01-01,,,,,,,
179553,1937-12-18,,,,,,,
17961,1994-02-16,1.0E7,,,,,,
179641,1996-01-01,,,,,,,
17965,1971-05-18,,,,,,,
179668,2012-03-13,,,,,,,
179690,2013-02-27,,,,,,,
17971,1980-02-08,,,,,,,
179798,1980-03-14,,,,,,,
179848,1997-10-29,,,,,,,
17990,1991-04-12,,,,,,,
17995,2003-04-04,,,,,,,
18,1997-05-07,9.0E7,2.6392018E8,1.7392018E8,3.2884615384615383,26,1.1846778205324597,2016-08-17
180016,2000-12-18,,,,,,,
18002,2000-04-07,,,,,,,
180021,1970-11-08,,,,,,,
180048,2013-03-21,110000.0,270000.0,160000.0,,,,
180050,2004-02-05,,,,,,,
18009,1994-04-07,,2260622.0,,,,,
180240,,,,,,,,
180252,2013-03-21,,,,,,,
18029,2008-04-26,,,,,,,
180296,2014-06-27,,,,,,,
180299,2014-03-27,,2627209.0,,,,,
18030,1955-05-18,,,,,,,
18031,2007-01-23,,,,,,,
180314,2013-09-06,,,,,,,
18035,2007-09-13,,,,,,,
180371,2013-03-22,1000000.0,,,,,,
180418,2013-06-07,,,,,,,
180427,1935-11-29,,,,,,,
18043,2007-03-02,,,,,,,
180555,1961-03-25,,,,,,,
180576,1992-10-01,,,,,,,
18061,1979-05-14,,,,,,,
180644,2013-02-12,,,,,,,
18065,2009-02-06,,,,,,,
180679,2013-04-09,,,,,,,
18068,1999-04-28,,,,,,,
18069,1994-02-25,,,,,,,
180691,2012-06-22,,,,,,,
18070,2005-01-01,1.6E7,,,,,,
180705,2012-10-23,,,,,,,
180717,1994-10-01,,,,,,,
180721,1988-12-02,,,,,,,
18079,2000-08-31,1500000.0,,,,,,
1808,1998-10-23,,1053788.0,,,,,
180813,2013-05-08,,,,,,,
180819,1952-09-21,,,,,,,
180836,1985-02-21,,,,,,,
18085,2006-01-27,,,,,,,
180859,2012-11-22,,,,,,,
18086,1988-04-07,,2983784.0,,,,,
180863,2017-01-27,1.8E7,4.1412709E7,2.3412709E7,,,,
18088,2001-06-22,,,,,,,
180886,1999-02-16,,,,,,,
180891,2013-06-01,,,,,,,
180894,2013-12-27,,,,,,,
1809,2002-10-11,4000000.0,,,4.0,4,0.9128709291752769,2007-01-13
180900,2013-04-25,,,,,,,
180929,1975-10-15,,,,,,,
180935,2013-03-23,,,,,,,
18094,2008-01-14,,,,,,,
180951,2013-06-13,,,,,,,
180954,1938-03-04,,,,,,,
180960,2012-11-11,,,,,,,
180998,2011-08-27,,,,,,,
18111,1989-10-01,2000000.0,,,,,,
18113,2003-09-26,,,,,,,
181135,2013-03-09,,,,,,,
1812,1999-07-23,450000.0,2049595.0,1599595.0,3.0,2,0.0,2000-11-22
18120,2009-01-01,,,,,,,
18125,1987-05-20,,,,,,,
18126,2009-04-10,3.5E7,1.55545279E8,1.20545279E8,,,,
18129,1990-09-14,,1.3446769E7,,,,,
18133,1993-09-24,,2.30422E7,,,,,
18146,1959-03-04,,,,,,,
18147,2006-12-08,2.6E7,,,,,,
18150,2008-03-21,,,,,,,
18152,2006-03-25,,,,,,,
181537,1947-03-19,,,,,,,
181553,1969-07-13,,,,,,,
181564,1991-07-09,,,,,,,
181565,2013-03-30,,,,,,,
181574,1997-12-21,,,,,,,
1816,1985-12-10,,1.4202899E7,,2.5,4,1.4719601443879744,2016-06-14
18161,1988-11-04,,,,,,,
18162,2009-06-05,1.0E8,6.8688831E7,-3.1311169E7,,,,
18174,1954-03-16,,,,,,,
18175,2008-01-08,,,,,,,
18176,2008-01-17,,69564.0,,,,,
18178,2007-06-06,,,,,,,
181801,1988-05-19,,,,,,,
18182,2009-01-05,,,,,,,
181850,1980-06-01,,,,,,,
181876,1951-01-30,,,,,,,
18191,2005-08-31,1.0E7,,,,,,
181999,2009-10-18,,,,,,,
18200,1947-01-15,,,,,,,
182035,1934-11-15,,,,,,,
182097,2002-06-06,,,,,,,
182129,1968-09-30,,,,,,,
182131,2013-03-02,480000.0,,,,,,
18214,1988-05-01,3000000.0,,,,,,
18221,2002-04-17,,,,,,,
182219,2013-04-17,,,,,,,
18222,1997-01-01,,,,,,,
18223,2008-07-27,1999000.0,,,,,,
18224,2005-01-01,,,,,,,
182246,2013-04-03,,,,,,,
18228,1961-11-22,,,,,,,
18232,2008-12-22,,,,,,,
18248,2003-06-01,1.67E7,,,,,,
182499,1993-11-03,,,,,,,
18250,1972-07-01,75000.0,,,,,,
182528,2013-04-03,,,,,,,
182560,2015-03-31,2.0E7,208588.0,-1.9791412E7,,,,
18257,1974-01-29,,,,,,,
182583,2013-04-05,,,,,,,
18273,2008-01-21,3000000.0,,,,,,
18276,2006-05-05,,,,,,,
18281,1950-03-23,,,,,,,
182827,2013-04-04,,,,,,,
18283,1954-09-08,,,,,,,
182843,1989-04-25,,,,,,,
182848,1999-12-02,,,,,,,
18289,1989-12-16,5000000.0,,,,,,
182899,1936-02-15,,,,,,,
1829,1975-10-08,,,,,,,
182937,1972-07-15,,,,,,,
182981,2014-06-01,,,,,,,
18299,1957-06-30,,,,,,,
183,1989-12-15,6000000.0,1.42789E7,8278900.0,5.0,1,,2000-11-20
183011,2013-07-28,3500000.0,,,,,,
183015,1993-08-04,,,,,,,
18303,2002-11-27,,,,,,,
183039,1936-05-20,,,,,,,
183049,1956-06-04,,,,,,,
18305,1987-12-17,,,,,,,
183113,1987-01-01,,,,,,,
18312,2007-11-01,,,,,,,
183127,1983-01-01,,,,,,,
183128,1980-01-01,,,,,,,
18316,1998-05-01,,,,,,,
183190,1942-11-01,,,,,,,
1832,1999-11-12,,3.065289E7,,,,,
183218,1962-04-13,,,,,,,
183247,1962-05-24,,,,,,,
183258,2013-04-05,6000000.0,,,,,,
18329,1997-05-17,,,,,,,
1833,2005-11-23,,3.167062E7,,2.727272727272727,11,1.009049958219026,2016-05-08
18333,1968-01-01,,,,,,,
183336,2012-03-28,,,,,,,
18334,1985-09-04,,,,,,,
183388,1965-10-18,,,,,,,
1834,1944-12-09,,,,3.9130434782608696,23,0.7927537436201203,2011-01-28
183433,2012-10-11,200.0,,,,,,
1835,1975-08-08,2500000.0,2000000.0,-500000.0,3.391304347826087,23,1.021991390943219,2016-05-11
18359,2003-01-01,,,,,,,
1836,2002-12-04,,,,2.888888888888889,9,1.3642254619787417,2016-08-17
18360,2009-05-20,1.5E8,4.1310617E8,2.6310617E8,,,,
18362,2007-08-03,,,,,,,
183635,1979-04-13,,,,,,,
183827,1941-03-28,,,,,,,
18385,2002-09-10,,,,,,,
18387,1978-05-26,1.1E7,,,,,,
183871,1998-03-01,,,,,,,
183889,1962-01-19,,,,,,,
183932,1926-02-15,,,,,,,
18395,1994-10-14,,6841570.0,,,,,
183955,1994-09-09,,,,,,,
183964,1995-04-07,,,,,,,
184,1997-12-24,1.2E7,3.9673162E7,2.7673162E7,4.5,2,0.7071067811865476,2000-11-20
184002,1989-10-04,,,,,,,
184020,2013-01-13,,,,,,,
18405,2009-03-13,1.5E7,3.2721635E7,1.7721635E7,,,,
184061,1973-09-11,,,,,,,
18408,2002-01-17,,,,,,,
184098,2014-06-20,,7.0181428E7,,,,,
1841,1947-01-23,,,,3.25,4,0.957427107756338,2000-11-22
184149,2013-06-21,,,,,,,
18417,1999-02-26,3.5E7,,,,,,
18421,2006-09-07,,,,,,,
18423,1997-03-28,,7240837.0,,,,,
18424,2006-01-01,,,,,,,
184267,1922-11-11,,,,,,,
184314,2013-08-20,,,,,,,
184315,2014-07-23,,2.434E8,,,,,
184322,2013-04-18,,,,,,,
184323,2013-04-10,,,,,,,
184341,2016-08-26,2.0E7,,,,,,
184363,1925-01-22,,,,,,,
18438,2009-05-14,,,,,,,
184395,1925-04-09,,,,,,,
184402,1925-04-09,,,,,,,
18442,2004-02-27,,,,,,,
18443,2007-03-06,1500000.0,,,,,,
18444,1960-12-21,,,,,,,
184440,2013-04-09,,,,,,,
18446,1984-04-13,,,,,,,
18449,1961-06-06,,,,,,,
1845,2007-02-09,,1.9776159E7,,4.125,12,0.8561276455380619,2015-08-15
18450,1975-03-06,,,,,,,
18451,1996-12-20,1300000.0,,,,,,
184608,2013-05-09,,,,,,,
18462,1984-11-16,3000000.0,1.4418922E7,1.1418922E7,,,,
18468,2008-01-18,,,,,,,
1847,1973-03-07,,,,,,,
184741,1936-09-26,,,,,,,
18476,2009-02-06,,1017401.0,,,,,
18480,2009-07-08,4.2E7,,,,,,
18484,2005-09-12,,634074.0,,,,,
184868,1961-01-30,,,,,,,
18489,2009-01-18,,,,,,,
18492,2001-04-05,,,,,,,
184936,1934-05-24,,,,,,,
184992,2013-04-24,,,,,,,
185,1971-12-18,2200000.0,2.6589E7,2.4389E7,3.1029411764705883,102,0.871263550668427,2016-08-17
185008,2013-05-31,7700000.0,4.6E7,3.83E7,,,,
18502,1985-06-14,,,,,,,
18503,2003-10-24,,,,,,,
185057,1965-01-01,,,,,,,
18506,2005-12-18,,,,,,,
18507,2008-10-10,,,,,,,
18509,1988-07-22,,,,,,,
18510,1963-03-15,,,,,,,
185110,1997-04-19,,,,,,,
18513,1965-06-01,,,,,,,
18514,2007-01-18,,,,,,,
185147,1962-10-02,,,,,,,
185158,2005-03-11,,5965.0,,,,,
185180,1950-02-12,,,,,,,
185197,1952-09-04,,,,,,,
18520,2006-01-01,,,,,,,
185248,2011-04-16,,,,,,,
185263,1957-04-09,,,,,,,
185273,1951-01-24,,,,,,,
185291,1963-12-26,,,,,,,
185292,1976-04-04,,,,,,,
185326,2013-01-01,,,,,,,
18533,2008-10-09,,2260712.0,,,,,
185354,1981-09-29,,,,,,,
18538,2003-01-18,,,,,,,
18539,1941-02-20,,,,,,,
18543,1992-06-10,,,,,,,
185471,2013-07-25,8000000.0,,,,,,
18548,2008-02-13,,,,,,,
18549,2006-11-17,,,,,,,
185495,1973-05-02,,,,,,,
18551,1993-11-05,,9488998.0,,,,,
185546,1959-11-02,,,,,,,
18555,1996-08-23,,258263.0,,,,,
185567,2013-12-04,1.6E7,,,,,,
18560,1997-05-12,,,,,,,
185602,2012-10-16,,,,,,,
185640,2013-04-11,,,,,,,
1857,1986-08-08,6000000.0,5849647.0,-150353.0,,,,
18570,2008-09-07,,,,,,,
185720,2005-11-27,,,,,,,
185738,2013-04-25,,,,,,,
185744,2012-08-18,,,,,,,
18575,1992-11-20,,,,,,,
185752,1976-03-15,,,,,,,
1858,2007-06-27,1.5E8,7.0970978E8,5.5970978E8,3.4166666666666665,6,0.917423929634859,2016-08-09
18587,1983-03-11,,7175592.0,,,,,
185949,1972-12-27,,,,,,,
18596,2007-01-01,,,,,,,
18598,2007-03-31,,,,,,,
18602,2002-01-01,,,,,,,
18603,1997-06-01,,,,,,,
186079,2012-11-02,,,,,,,
186121,2009-10-22,,,,,,,
186129,2007-08-15,,,,,,,
18613,2007-09-06,,,,,,,
18618,2006-01-01,,,,,,,
18619,2006-06-08,,,,,,,
18620,1994-06-10,,,,,,,
18621,1999-04-09,,,,,,,
18624,1963-11-30,,,,,,,
186268,1949-09-25,,,,,,,
18627,1967-12-16,,,,,,,
1863,1970-03-14,,,,2.2142857142857144,7,0.9940297973880049,2005-03-24
18634,2005-04-21,500000.0,,,,,,
18639,1960-12-20,,,,,,,
186399,2011-06-15,,,,,,,
18642,1960-11-23,,,,,,,
18643,1962-01-01,,,,,,,
18646,1951-01-01,,,,,,,
18647,1961-03-30,6000000.0,4300000.0,-1700000.0,,,,
1865,2011-05-14,3.8E8,1.045713802E9,6.65713802E8,3.1666666666666665,6,1.1690451944500122,2001-02-19
186585,1948-12-27,,,,,,,
186592,,,,,,,,
186610,2014-08-29,,,,,,,
186629,1968-02-15,,,,,,,
186691,1939-04-15,,,,,,,
186705,1996-11-27,,,,,,,
18673,2009-04-03,,,,,,,
186738,1968-12-02,,,,,,,
18674,1994-07-28,,,,,,,
186747,2013-04-19,,,,,,,
186755,1997-03-07,,,,,,,
18683,1989-10-27,,,,,,,
18684,1962-11-29,,,,,,,
18688,1969-03-13,,,,,,,
18691,1966-01-01,,,,,,,
186929,2013-05-13,,,,,,,
186935,2013-08-09,1000000.0,,,,,,
186970,2013-07-10,,,,,,,
186975,2013-09-29,,,,,,,
186976,2013-12-04,,,,,,,
18698,1952-01-01,,,,,,,
186982,2013-04-18,2500000.0,,,,,,
186991,2013-08-28,,,,,,,
186997,2014-03-19,,52164.0,,,,,
187,2005-04-01,4.0E7,1.5873382E8,1.1873382E8,2.8333333333333335,3,0.7637626158259734,2003-07-18
1870,1965-12-07,,,,4.0,1,,2000-07-04
187017,2014-06-05,,1.88441614E8,,,,,
18705,1939-01-20,,,,,,,
18706,1942-12-25,,,,,,,
1871,1964-11-04,,,,,,,
18710,1975-04-16,970000.0,2000000.0,1030000.0,,,,
187219,1985-09-05,,,,,,,
18725,1995-03-02,,,,,,,
187252,2012-09-29,,,,,,,
18727,1943-08-11,,,,,,,
18734,2001-01-20,,1667192.0,,,,,
18735,1978-04-27,,,,,,,
18739,2008-01-01,,,,,,,
1874,2007-02-11,3.0E7,,,3.0,1,,1999-12-17
187401,1995-07-22,,,,,,,
187422,1973-01-18,,,,,,,
187458,1994-08-14,,,,,,,
187482,1965-03-24,,,,,,,
187516,1951-09-09,,,,,,,
187541,2013-04-20,,,,,,,
18755,2007-11-05,,,,,,,
187569,1985-01-28,,,,,,,
187596,2014-05-02,1.5E7,59209.0,-1.4940791E7,,,,
187602,1988-05-27,,,,,,,
18761,2008-05-22,,,,,,,
187628,2013-07-19,,,,,,,
18763,1985-09-09,,,,,,,
187633,1963-04-22,,,,,,,
18764,1992-01-15,1.0E7,8359717.0,-1640283.0,,,,
187662,2013-01-18,,,,,,,
187672,2013-05-01,,,,,,,
1877,1992-11-02,,,,,,,
18770,1944-11-15,,,,,,,
18771,1945-12-20,,,,,,,
187737,1963-10-25,,,,,,,
18774,1963-01-15,,,,,,,
187744,1968-02-16,,,,,,,
18775,1977-04-07,,,,,,,
187771,1974-11-28,,,,,,,
18780,1960-02-11,,,,,,,
18781,2009-03-27,,7.7527732E7,,,,,
18783,1943-09-02,,,,,,,
187897,1971-12-22,,,,,,,
187927,2013-05-18,,,,,,,
1880,1984-08-10,4200000.0,3.8376497E7,3.4176497E7,4.0,2,0.0,2004-08-31
188001,1935-03-28,,,,,,,
18801,1995-10-27,,,,,,,
188044,2013-09-20,,,,,,,
18815,2009-01-30,,,,,,,
188161,2014-05-22,,,,,,,
188183,2013-03-20,4881000.0,8.135E7,7.6469E7,,,,
1882,1950-07-20,,,,2.1785714285714284,28,0.9926982096537372,2016-10-07
18820,2007-01-01,,,,,,,
188222,2015-06-03,3.0E7,4.9263404E7,1.9263404E7,,,,
18836,2001-06-04,3000000.0,,,,,,
18839,2005-01-01,,,,,,,
1884,1985-02-13,3000000.0,,,3.625,44,1.0950469884789162,2016-08-17
18840,2005-10-30,,,,,,,
18843,2006-04-25,,,,,,,
18846,1968-12-19,,,,,,,
188465,1934-06-14,,,,,,,
18848,2007-10-11,,,,,,,
188505,2005-04-01,,,,,,,
18851,1939-11-10,,,,,,,
188524,1983-03-25,,,,,,,
188560,2008-06-28,,,,,,,
18857,1993-06-24,,194720.0,,,,,
18858,2006-04-18,,,,,,,
188598,2013-09-04,,,,,,,
18865,2007-01-01,,,,,,,
18866,2004-04-20,,,,,,,
18867,1978-06-30,,,,,,,
188684,1956-06-28,,,,,,,
18869,2006-01-01,,,,,,,
1887,2006-05-24,4.0E7,6.047434E7,2.047434E7,2.6666666666666665,6,1.2110601416389966,2011-04-17
18871,1947-10-08,,,,,,,
188719,1985-01-01,,,,,,,
18874,2007-02-23,,,,,,,
188761,2013-05-19,,,,,,,
188765,2014-04-09,,,,,,,
1888,1966-10-19,,,,2.933333333333333,15,1.0327955589886444,2006-04-19
18882,2005-04-21,7500000.0,143000.0,-7357000.0,,,,
188826,2013-06-28,,,,,,,
188832,2001-01-01,,,,,,,
188836,1979-01-01,,,,,,,
188870,1998-02-20,67000.0,,,,,,
18888,1989-01-01,,,,,,,
18889,2004-01-15,,2586511.0,,,,,
18890,1993-11-24,,9317021.0,,,,,
188927,2016-07-07,1.85E8,3.43471816E8,1.58471816E8,,,,
18894,1966-06-15,,,,,,,
18896,2009-06-10,,,,,,,
188981,1957-10-07,,,,,,,
18899,2009-05-20,,,,,,,
188996,1936-12-24,,,,,,,
18900,1967-12-14,3500000.0,1.3007551E7,9507551.0,,,,
18901,1975-08-28,,,,,,,
189019,2013-05-01,,,,,,,
18902,2007-01-20,,,,,,,
18905,1981-04-17,,,,,,,
189080,2007-08-14,,,,,,,
18912,1983-01-01,,,,,,,
18913,1990-06-22,,1.974007E7,,,,,
18919,1994-09-10,,,,,,,
189197,2010-03-15,1.2E8,,,,,,
18920,1980-02-26,,,,,,,
18923,2004-07-23,,1548955.0,,,,,
189242,2013-04-19,,,,,,,
18925,2006-09-29,100000.0,1.0178331E7,1.0078331E7,,,,
189277,2013-10-11,,,,,,,
18929,1960-07-25,,,,,,,
189291,1993-11-04,,,,,,,
1893,1999-05-19,1.15E8,9.24317558E8,8.09317558E8,,,,
189359,2005-03-01,,,,,,,
18939,2001-01-25,,,,,,,
18941,2003-04-18,,,,,,,
189420,1926-11-19,,,,,,,
18947,2009-04-01,5.0E7,3.6348784E7,-1.3651216E7,,,,
189505,1926-07-25,,,,,,,
189621,1926-08-24,,,,,,,
18968,2007-09-25,,,,,,,
189696,1968-01-01,,,,,,,
18972,1969-10-04,,,,,,,
18974,1960-11-30,,,,,,,
18977,1960-04-13,,,,,,,
18978,1967-10-25,,,,,,,
18979,1974-04-07,,,,,,,
189820,1897-03-05,,,,,,,
189875,1977-10-18,,,,,,,
1899,2006-04-26,3910000.0,,,,,,
18990,1959-09-29,,,,,,,
18992,1943-05-26,,,,,,,
18993,1961-12-18,,,,,,,
19002,1996-08-20,,,,,,,
1901,2004-12-29,,,,3.0,1,,2000-05-20
19014,1985-05-10,,,,,,,
190152,1926-01-01,,,,,,,
19016,2004-04-23,,,,,,,
190160,1928-02-15,,,,,,,
190165,1935-11-07,,,,,,,
190173,1980-04-25,,,,,,,
190183,1939-01-01,,,,,,,
190269,1929-12-28,,,,,,,
1903,2001-12-10,6.8E7,2.03388341E8,1.35388341E8,4.5,2,0.7071067811865476,2015-08-15
190341,1929-11-03,,,,,,,
1904,2005-12-06,8.5E7,1.62242962E8,7.7242962E7,3.875,4,0.8539125638299665,2004-01-27
19042,1996-03-29,,8620678.0,,,,,
190469,2014-01-10,2700000.0,,,,,,
19049,1946-12-18,,,,,,,
190496,2003-11-28,,,,,,,
19050,1977-07-08,,1.910435E7,,,,,
19051,1988-07-06,5000000.0,3569939.0,-1430061.0,,,,
19052,1999-11-04,,,,,,,
19054,1967-01-01,,,,,,,
190553,1896-01-01,,,,,,,
19058,2001-05-11,,163169.0,,,,,
190582,1896-12-01,,,,,,,
19059,2005-10-11,,,,,,,
1906,1980-01-18,,,,,,,
19063,2008-09-26,,,,,,,
19067,1977-08-31,900000.0,,,,,,
190681,2011-01-04,,,,,,,
19076,2001-11-20,,,,,,,
190795,2014-07-16,,,,,,,
1908,1960-06-24,,,,,,,
190817,2013-06-05,,,,,,,
19082,2005-07-21,2000000.0,,,,,,
19085,2000-09-13,120000.0,14904.0,-105096.0,,,,
190868,2013-05-03,,,,,,,
19087,1992-03-27,,,,,,,
190870,2013-09-11,,,,,,,
190883,1911-11-20,,,,,,,
1909,1994-10-01,2.5E7,2.22E7,-2800000.0,3.223404255319149,47,1.0310848583889154,2015-07-24
190906,1943-10-18,,,,,,,
19092,1994-03-23,,,,,,,
190940,2013-05-03,,,,,,,
19095,1973-11-15,,,,,,,
190950,2013-01-01,,,,,,,
19100,2006-06-28,,,,,,,
191060,1988-01-01,,,,,,,
19109,2005-08-05,,,,,,,
191094,2013-06-07,,,,,,,
191096,1983-12-28,,,,,,,
1911,1999-08-27,,6.1698899E7,,2.759259259259259,27,0.9544467826802399,2016-08-17
191104,2013-09-11,,,,,,,
19112,2004-05-05,,,,,,,
191231,2012-04-18,250000.0,,,,,,
19124,1989-08-17,,2692037.0,,,,,
19127,1985-01-01,,,,,,,
19128,1960-09-13,,,,,,,
191312,2013-09-20,,,,,,,
191322,1992-07-17,,,,,,,
19136,1941-12-26,,,,,,,
191385,2007-02-02,,,,,,,
19139,2009-01-01,,,,,,,
191421,2013-04-25,,1.16E8,,,,,
191427,1913-05-10,,,,,,,
191428,1954-05-31,,,,,,,
19147,2007-09-28,,,,,,,
1915,1991-10-02,,,,,,,
191550,1987-10-30,5000000.0,125400.0,-4874600.0,,,,
191595,1906-01-27,,,,,,,
191608,2005-10-27,,,,,,,
19169,1947-10-09,,,,,,,
19170,1950-07-28,,,,,,,
191703,1971-05-19,,,,,,,
191714,2013-09-19,,4235151.0,,,,,
191717,2013-08-07,,,,,,,
191720,2013-08-30,,,,,,,
19173,2008-10-14,,,,,,,
191731,2013-05-24,,,,,,,
1918,2004-09-09,,,,3.0595238095238093,42,1.121858111068641,2016-05-11
19181,1985-10-03,,8646157.0,,,,,
191820,2013-01-30,,11294.0,,,,,
19184,1983-04-06,,,,,,,
191850,2013-04-26,,,,,,,
19186,1961-06-12,,,,,,,
1919,2006-09-11,,,,4.0,2,0.0,1999-12-17
19197,2008-08-22,170000.0,,,,,,
191975,2012-05-09,,,,,,,
192023,2013-03-16,,,,,,,
19204,1981-04-22,,,,,,,
1921,2001-02-16,4.0E7,6.5754228E7,2.5754228E7,3.7375,40,0.8622235714589848,2016-08-19
192102,2014-02-14,,5.2597999E7,,,,,
19212,2008-05-27,,,,,,,
192126,2012-07-17,1.0E7,,,,,,
192132,2014-05-09,,,,,,,
192133,2013-09-07,,340911.0,,,,,
19214,2000-01-07,,,,,,,
192141,2015-08-26,,5.4418872E7,,,,,
192142,2014-01-18,,70918.0,,,,,
192178,2013-11-24,,,,,,,
19221,1975-03-14,,,,,,,
19223,1994-05-15,,,,,,,
192301,1912-02-14,,,,,,,
192345,2013-10-26,,,,,,,
192367,1979-10-28,,,,,,,
19237,2008-05-14,,,,,,,
19244,2007-10-25,,,,,,,
192452,1989-01-01,,,,,,,
192538,2013-07-05,,641.0,,,,,
192544,1956-11-01,,,,,,,
192558,2013-04-25,1300000.0,1.6E7,1.47E7,,,,
192573,1993-01-01,,,,,,,
192577,2013-09-07,3.0E7,1.7137302E7,-1.2862698E7,,,,
192588,1936-01-07,,,,,,,
19259,1985-08-16,,,,,,,
1926,2002-09-04,,,,2.0,1,,2000-11-21
192644,2012-06-01,,,,,,,
192675,2007-01-01,,,,,,,
192695,2011-06-06,,,,,,,
1927,2003-06-19,1.37E8,2.4536048E8,1.0836048E8,4.285714285714286,14,0.9346798241250175,2011-10-16
19273,2009-04-08,,,,,,,
19274,1979-02-17,,,,,,,
19286,1995-07-04,,,,,,,
192911,2013-03-03,,,,,,,
192936,2003-03-25,2.0E7,,,,,,
1930,2012-06-27,,7.52215857E8,,,,,
19306,2009-10-09,,,,,,,
1931,2007-05-16,,7.5511123E7,,4.25,10,0.7905694150420949,2008-12-09
193103,1998-06-11,,,,,,,
19311,2008-09-04,,,,,,,
19312,2006-06-10,3500000.0,,,,,,
193177,1969-07-11,,,,,,,
193212,1996-11-08,,,,,,,
193216,1983-01-01,,,,,,,
193229,2009-11-05,,,,,,,
19323,2006-06-20,,,,,,,
193321,1955-11-01,,,,,,,
19333,1975-03-15,,,,,,,
19336,1972-03-12,,,,,,,
19338,2003-04-13,,,,,,,
193411,1900-03-09,,,,,,,
19342,2006-03-14,,,,,,,
193435,1955-04-17,,,,,,,
193439,1948-10-10,,,,,,,
193459,1950-05-14,,,,,,,
193523,2013-09-06,,,,,,,
193524,2013-05-28,,729043.0,,,,,
193544,2013-03-29,,,,,,,
19357,1985-08-09,,2.4689703E7,,,,,
1936,1954-04-30,,,,4.0,4,0.7071067811865476,2013-09-21
193610,2014-04-16,4.0E7,1.96781193E8,1.56781193E8,,,,
193612,2014-04-01,200000.0,1.7834867E7,1.7634867E7,,,,
193641,1966-05-04,,,,,,,
193645,2013-05-20,,,,,,,
193652,1937-01-01,,,,,,,
193661,2004-06-11,,,,,,,
193687,2015-08-13,,121461.0,,,,,
19369,2008-06-03,,,,,,,
19371,1993-10-08,,,,,,,
193722,2013-10-05,5500000.0,,,,,,
193732,1963-05-30,,,,,,,
193784,1970-03-11,,,,,,,
1938,1952-12-10,,,,4.0,7,0.816496580927726,2002-05-24
19380,1992-04-24,,,,,,,
19382,1988-03-25,2.0E7,5.1684798E7,3.1684798E7,,,,
19383,1968-05-15,,,,,,,
19384,1990-01-26,7000000.0,9229401.0,2229401.0,,,,
193873,1957-06-28,,,,,,,
193893,2014-08-13,1.7E7,1.36621271E8,1.19621271E8,,,,
193899,1912-12-16,,,,,,,
193959,1911-09-11,,,,,,,
1940,1959-06-24,7000000.0,,,4.071428571428571,7,1.017700489198215,2014-10-03
19400,1984-02-07,,1337274.0,,,,,
19401,2007-01-01,,,,,,,
19403,1972-10-06,,,,,,,
194039,1909-11-16,,,,,,,
19404,1995-10-20,1.32E7,1.0E8,8.68E7,,,,
19405,2001-01-27,1.0E7,4.446085E7,3.446085E7,,,,
194079,1878-06-14,,,,,,,
194089,1894-05-16,,,,,,,
1941,1960-03-27,4000000.0,2.175E7,1.775E7,4.416666666666667,6,0.6645800679125629,2006-05-27
194113,1999-12-06,4250000.0,,,,,,
194126,1998-01-01,,,,,,,
19419,2000-05-12,,,,,,,
1942,1965-10-03,,,,4.333333333333333,6,0.816496580927726,2011-01-28
19423,2004-08-19,,,,,,,
19425,1985-12-05,,,,,,,
19426,1957-10-03,,752045.0,,,,,
19430,1954-09-30,,,,,,,
194393,1957-08-25,,,,,,,
194407,1935-09-12,,,,,,,
19444,1991-01-01,,,,,,,
194485,1970-12-22,,,,,,,
194498,2002-09-07,,,,,,,
194516,1943-04-01,,,,,,,
194548,2005-01-07,,,,,,,
1946,1999-04-14,1.5E7,2856712.0,-1.2143288E7,4.208333333333333,12,0.6556860852757532,2006-05-27
194668,1999-11-14,,,,,,,
1947,2005-09-09,3.0E7,1.8618284E7,-1.1381716E7,3.988888888888889,45,0.9383792173506166,2016-06-27
19482,2008-09-24,,,,,,,
19483,1953-05-26,,,,,,,
194853,1964-06-25,,,,,,,
194872,2013-04-03,,,,,,,
194880,1955-04-25,,,,,,,
194883,2013-05-23,,,,,,,
194931,2008-04-08,,,,,,,
19496,2002-01-01,,,,,,,
19499,2005-01-01,,,,,,,
195,1932-10-21,,,,3.2142857142857144,14,0.8017837257372732,2003-04-16
195030,2012-09-14,,,,,,,
19505,2000-09-17,,,,,,,
19508,2009-08-05,,,,,,,
195186,1898-05-20,,,,,,,
195204,1966-10-20,110125.0,,,,,,
19525,1947-04-07,,,,,,,
195385,1973-11-20,,,,,,,
1954,2004-01-22,1.3E7,9.6060858E7,8.3060858E7,3.789855072463768,69,1.0994844951875016,2016-06-27
19543,2009-02-27,,,,,,,
195468,1967-12-10,,,,,,,
19551,2007-04-16,2000000.0,,,,,,
19552,1993-06-08,,,,,,,
19553,1993-06-28,,,,,,,
195544,2013-01-24,,,,,,,
19556,2009-03-13,,,,,,,
195561,1900-08-21,,,,,,,
195592,1900-05-21,,,,,,,
1956,2002-01-12,3500000.0,,,3.8870967741935485,31,0.9193265417263774,2006-12-20
195612,1900-01-21,,,,,,,
195617,1930-01-01,,,,,,,
19562,1973-11-23,,,,,,,
195651,1998-12-23,5.0,,,,,,
195653,1900-08-21,,,,,,,
19566,2007-01-01,,,,,,,
19568,1998-08-18,,,,,,,
1957,2002-05-24,3.8E7,5.1801187E7,1.3801187E7,3.9404761904761907,42,0.9703053388695706,2016-06-28
19575,2009-03-20,,,,,,,
195757,2013-09-06,,,,,,,
1958,2002-01-08,8000000.0,,,3.8676470588235294,34,0.8100582052545225,2016-08-05
195812,1969-11-28,,,,,,,
19582,2008-02-29,,,,,,,
19583,2005-01-01,,,,,,,
195841,1967-01-01,,,,,,,
195862,1996-12-05,,,,,,,
19587,2007-01-01,,,,,,,
1959,1998-01-23,,,,3.8,30,1.0388986210538476,2012-06-23
195912,1984-05-26,,,,,,,
19592,2004-01-01,1500000.0,,,,,,
19594,1999-11-15,,,,,,,
195954,1903-01-01,,,,,,,
19596,1984-07-20,,,,,,,
19597,2009-07-03,,,,,,,
19599,2009-03-07,,,,,,,
196024,2013-10-03,,,,,,,
196032,2013-08-29,,,,,,,
196044,1904-05-22,,,,,,,
19606,1983-03-18,,2.84E7,,,,,
19610,1976-12-16,6000000.0,1.61E8,1.55E8,,,,
19611,2008-09-25,5750000.0,,,,,,
19614,2004-11-05,,,,,,,
196253,1972-05-31,,,,,,,
196255,2013-05-22,,,,,,,
19629,2005-04-22,,,,,,,
196319,1968-01-01,,,,,,,
196359,2016-09-02,,,,,,,
196398,2013-10-11,,,,,,,
1964,2006-10-05,,,,3.9,15,0.8493695140682713,2016-08-17
196446,2013-05-16,,,,,,,
196491,1907-05-23,,,,,,,
1965,1998-06-05,6.0E7,1.28038368E8,6.8038368E7,3.6875,32,0.922391701834369,2015-05-10
19654,1997-12-05,,,,,,,
19658,2008-03-20,,,,,,,
19661,1965-10-29,,,,,,,
19662,1964-03-19,,,,,,,
19664,1980-07-03,,,,,,,
19665,1997-01-12,,,,,,,
19666,2001-06-15,,8100000.0,,,,,
19672,2008-08-29,,,,,,,
19675,2007-06-12,,,,,,,
196750,2013-06-22,,,,,,,
196789,1935-02-01,,,,,,,
196802,1935-01-11,,,,,,,
196830,2013-05-22,,,,,,,
196847,1976-12-30,,,,,,,
196867,2014-12-19,6.5E7,1.33821816E8,6.8821816E7,,,,
196907,2001-08-23,,,,,,,
19698,1983-06-24,6500000.0,3.3759266E7,2.7259266E7,,,,
197053,1964-11-10,,,,,,,
197082,2013-05-28,,342183.0,,,,,
19723,2005-06-03,4.0,,,,,,
197239,1997-10-30,,,,,,,
197276,2013-05-26,300.0,,,,,,
19731,1977-06-16,,,,,,,
197335,1983-12-29,,,,,,,
197366,1983-11-07,,,,,,,
197446,2007-03-16,,,,,,,
197467,1979-01-19,,,,,,,
197552,1995-05-28,,,,,,,
19757,1963-07-26,,,,,,,
197592,1983-02-19,,,,,,,
1976,1938-03-19,1250000.0,,,2.1666666666666665,6,1.4719601443879744,2016-08-17
197602,1966-02-01,,,,,,,
197626,1997-04-15,,,,,,,
1977,2009-05-12,,3.8610009E7,,1.6666666666666667,6,0.816496580927726,2016-08-17
197733,1998-05-27,,,,,,,
197737,1939-02-24,,,,,,,
197752,1984-05-27,,,,,,,
197754,1981-09-05,,,,,,,
197772,2013-06-05,,,,,,,
1978,1950-02-23,,,,2.5,2,2.1213203435596424,2000-11-20
197849,1969-12-04,,,,,,,
19792,2002-03-10,1.0E7,,,,,,
197936,2013-06-19,,,,,,,
198,1942-03-05,,,,3.441860465116279,43,1.0757572212697735,2014-07-24
198001,1976-10-06,,,,,,,
198143,1939-03-21,,,,,,,
198146,1934-04-28,,,,,,,
198176,1929-06-29,,,,,,,
198184,2015-03-04,4.9E7,1.04399548E8,5.5399548E7,,,,
198185,2014-05-09,,3.8307627E7,,,,,
198200,2013-06-22,,,,,,,
198204,1929-11-08,,,,,,,
198214,2013-05-27,,,,,,,
198240,1987-11-18,,,,,,,
19827,1979-06-15,,3.82E7,,,,,
198311,1966-05-30,,,,,,,
198312,1966-03-25,,,,,,,
198365,2012-12-01,,,,,,,
198391,2010-11-21,,,,,,,
1984,1956-03-06,,,,1.875,8,1.246423454758225,2003-04-30
19840,2009-07-10,,1.5345201E7,,,,,
19844,2007-01-01,,,,,,,
198453,1987-06-02,,,,,,,
19846,1998-03-03,,,,,,,
198469,1986-12-17,,,,,,,
19848,1998-04-08,,,,,,,
19851,2009-04-18,1.2E7,,,,,,
198511,1978-05-25,,,,,,,
198531,1974-06-06,,,,,,,
198600,1953-11-23,,,,,,,
198657,1970-06-07,,,,,,,
198663,2014-09-10,3.4E7,3.48319861E8,3.14319861E8,,,,
198667,1969-06-07,,,,,,,
198677,2013-06-17,,,,,,,
1987,1993-04-14,,,,2.5,4,1.2909944487358056,2001-02-05
19877,1986-03-08,,1.8E7,,,,,
198772,1968-06-07,,,,,,,
198795,1967-06-08,,,,,,,
1988,2007-01-01,1.6E7,1.8928871E7,2928871.0,3.0,2,0.0,2002-04-17
19887,1982-12-10,,,,,,,
19893,1963-08-14,,,,,,,
19898,2009-09-08,3.3E7,2.0645327E7,-1.2354673E7,,,,
198993,1985-02-05,,,,,,,
199,1996-11-21,4.6E7,1.5E8,1.04E8,3.3333333333333335,3,0.5773502691896258,2005-03-21
19901,2009-01-06,2.0E7,5.1416464E7,3.1416464E7,,,,
19905,2009-08-14,1.0E7,,,,,,
199072,1959-05-27,,,,,,,
19908,2009-10-07,2.36E7,1.02391382E8,7.8791382E7,,,,
199151,1944-10-20,,,,,,,
199160,2007-09-28,440141.0,2640850.0,2200709.0,,,,
199177,1959-03-23,,,,,,,
199198,1957-08-03,,,,,,,
199206,1955-05-01,,,,,,,
199222,1955-06-17,,,,,,,
199273,2013-12-18,,,,,,,
199283,2004-02-03,,,,,,,
199291,2012-11-01,,,,,,,
19931,1993-09-08,1.1E7,3.2861136E7,2.1861136E7,,,,
19933,1987-07-09,2000000.0,,,,,,
199341,2013-03-04,,,,,,,
19936,2004-10-08,,,,,,,
19939,2008-08-22,,,,,,,
199463,1953-06-13,,,,,,,
1995,2001-06-11,1.15E8,2.7470334E8,1.5970334E8,2.375,8,0.7440238091428449,2016-08-17
19951,2008-09-12,,,,,,,
19952,1997-01-01,1000000.0,,,,,,
19955,2006-11-01,,,,,,,
199571,2013-11-19,,,,,,,
19958,1987-01-01,,,,,,,
19961,2005-12-10,,,,,,,
19963,1996-11-27,,,,,,,
19965,2005-10-14,,,,,,,
199655,1972-10-29,,,,,,,
19968,1958-01-01,,,,,,,
199687,2013-06-07,6800000.0,,,,,,
19973,2002-10-25,,2744253.0,,,,,
19974,1948-04-09,,,,,,,
199818,2013-06-05,,,,,,,
19989,2008-03-15,,,,,,,
19995,2009-12-10,2.37E8,2.787965087E9,2.550965087E9,,,,
19996,2009-05-26,,,,,,,
199977,2013-07-03,,,,,,,
199985,1972-05-22,,,,,,,
200,1998-12-10,7.0E7,1.18E8,4.8E7,4.0,1,,1998-10-03
2000,1972-12-29,92000.0,,,3.588888888888889,90,0.9846512465859399,2016-10-07
20003,1949-07-01,,,,,,,
200035,2012-07-15,,,,,,,
20009,2002-02-01,1.4E7,6413915.0,-7586085.0,,,,
200119,2013-06-07,,,,,,,
2002,2007-05-30,,,,2.9743589743589745,39,0.873202800559059,2016-08-17
20024,1999-12-03,2.3E7,1.0827816E7,-1.2172184E7,,,,
200281,2010-09-24,,,,,,,
20032,2003-01-01,,,,,,,
200324,1916-07-30,,,,,,,
20033,2008-01-01,,,,,,,
200331,1975-08-08,,,,,,,
200383,1996-01-03,,,,,,,
200390,1941-03-14,,,,,,,
20043,1987-03-14,8000000.0,,,,,,
200445,1985-07-19,,,,,,,
200447,1942-05-29,,,,,,,
20048,2009-02-05,,1.08332743E8,,,,,
200481,2013-02-12,,,,,,,
200487,2014-01-20,,,,,,,
2005,1992-05-28,3.1E7,2.3160515E8,2.0060515E8,3.676470588235294,51,1.052727549804624,2016-08-17
200511,2014-10-26,,,,,,,
200548,2013-03-01,,,,,,,
200558,2012-05-08,,,,,,,
200574,1933-02-24,,,,,,,
2006,1958-12-25,,,,3.4272727272727272,55,0.8188642870089771,2016-08-02
20064,1997-06-01,,,,,,,
20065,2007-04-30,,,,,,,
20066,2008-05-06,,,,,,,
200664,2000-08-08,,,,,,,
20067,1999-10-28,,,,,,,
200727,2014-10-16,,4439431.0,,,,,
20075,1981-07-24,,,,,,,
200813,2001-09-12,,,,,,,
20088,1950-01-12,,,,,,,
2009,2007-08-24,852510.0,1185783.0,333273.0,3.4705882352941178,17,0.9095085938862486,2016-05-08
200918,2013-09-27,,,,,,,
20096,1991-10-25,,,,,,,
200998,1987-08-11,,,,,,,
201,2002-12-13,6.0E7,6.7312826E7,7312826.0,4.0,1,,1996-10-20
201010,2013-06-20,,,,,,,
201066,2013-06-15,,,,,,,
20107,2008-04-25,2000000.0,,,,,,
201076,2013-06-13,,,,,,,
201086,2014-02-14,,,,,,,
201124,2013-01-24,1600000.0,,,,,,
201132,2013-09-05,1000000.0,,,,,,
2012,2007-10-02,,,,3.265957446808511,94,0.9719233997306315,2016-10-16
20126,1975-03-07,,,,,,,
201274,2012-08-25,5000.0,,,,,,
2013,2007-05-22,,1.9777647E7,,3.1785714285714284,28,0.9048663264720755,2011-01-28
20132,2005-04-29,,,,,,,
201350,2013-05-13,,,,,,,
2014,2007-09-27,,1.7804565E7,,3.1666666666666665,15,0.8997354108424372,2014-07-22
201405,2009-04-10,,,,,,,
201414,1963-12-28,,,,,,,
201419,2014-06-20,,,,,,,
201430,2001-01-24,,,,,,,
201445,1996-01-01,,,,,,,
20145,2006-05-05,,,,,,,
20152,2000-01-01,,,,,,,
20158,2007-09-28,,,,,,,
201581,1999-01-27,,11532.0,,,,,
2016,2006-05-25,1.45E7,2.2963701E7,8463701.0,2.5,4,0.5773502691896257,2001-06-07
20162,2004-01-16,,,,,,,
20164,2003-01-17,,,,,,,
201646,2010-10-12,,,,,,,
201695,1930-11-15,,,,,,,
2017,2002-06-28,1.2E7,,,3.142857142857143,7,0.8997354108424375,2005-06-23
201703,1997-02-20,1.4E7,1.61001698E8,1.47001698E8,,,,
20171,2009-07-10,,,,,,,
20173,1971-03-17,,,,,,,
201749,2013-08-22,8200000.0,,,,,,
201759,2013-06-26,,,,,,,
20177,2009-01-01,,30955.0,,,,,
20178,2009-08-20,,295750.0,,,,,
201783,2013-06-15,,,,,,,
2018,2001-01-26,3.5E7,9.4728529E7,5.9728529E7,3.4558823529411766,34,1.1103346960511058,2016-05-08
20182,1998-01-20,,,,,,,
20183,1978-10-30,,,,,,,
20186,2008-05-17,,,,,,,
201867,2010-04-04,,,,,,,
2019,1993-08-20,1.8E7,7.4189677E7,5.6189677E7,4.277777777777778,54,0.7989773337674944,2016-06-25
2020,1999-11-05,5.1E7,3.6911617E7,-1.4088383E7,3.926470588235294,34,0.8715395029310723,2013-09-13
202020,1936-06-17,,,,,,,
20205,2009-06-30,,,,,,,
202152,2011-04-15,,,,,,,
202171,2003-12-23,,,,,,,
202183,2010-06-01,,,,,,,
202215,2013-07-02,,,,,,,
202220,2013-06-21,,,,,,,
202238,2013-03-03,,,,,,,
20224,2007-06-10,,,,,,,
20226,2006-02-08,,,,,,,
202337,1986-04-18,,,,,,,
20236,2009-04-16,,,,,,,
20238,1968-07-10,,,,,,,
20239,1994-10-28,,,,,,,
20246,1946-05-25,,,,,,,
202515,1983-01-01,,,,,,,
202573,2013-11-15,,,,,,,
202587,2004-01-26,,,,,,,
2026,2005-03-10,5.2E7,7.7944725E7,2.5944725E7,3.2,5,1.3038404810405297,2002-04-17
20268,2008-10-24,4700000.0,,,,,,
20278,1949-05-04,,,,,,,
2028,1989-04-14,,2.0036737E7,,3.945026178010471,191,0.9978207171238886,2016-10-07
20283,1979-05-24,,2.0E7,,,,,
202865,2011-06-21,,,,,,,
20294,2007-12-21,,3.65E7,,,,,
20296,2005-09-16,,,,,,,
202960,2013-06-24,,,,,,,
202973,1980-11-01,,,,,,,
20298,1946-08-02,,,,,,,
202980,2013-06-26,,,,,,,
203,1973-10-02,,3000000.0,,3.3043478260869565,23,0.8885525824055686,2011-01-28
20302,1998-08-25,,,,,,,
20305,1999-01-01,,,,,,,
203059,2013-06-19,,,,,,,
203060,2013-03-08,1085400.0,,,,,,
203066,1994-09-25,,,,,,,
20307,1989-06-02,,,,,,,
203072,2013-06-02,,,,,,,
20308,2006-01-21,,,,,,,
20311,2009-03-12,,,,,,,
20312,2002-04-13,7000000.0,,,,,,
20316,2002-03-01,,,,,,,
203179,2012-04-28,,,,,,,
20318,1996-11-01,,,,,,,
203182,2012-11-23,,,,,,,
203186,2013-08-15,,,,,,,
20321,2002-02-01,,,,,,,
203226,1984-10-01,,,,,,,
203245,1961-12-27,,,,,,,
20325,1936-08-27,,2600000.0,,,,,
203264,2013-04-24,,,,,,,
20332,2008-10-07,,,,,,,
203329,2004-06-23,,,,,,,
20333,1993-10-30,,,,,,,
2034,2001-10-05,4.5E7,1.04876233E8,5.9876233E7,3.2222222222222223,9,0.6666666666666667,2003-02-08
20352,2010-07-08,6.9E7,5.43513985E8,4.74513985E8,,,,
203539,2013-07-10,,,,,,,
20361,1969-01-25,,,,,,,
20363,1981-01-01,,,,,,,
20364,2004-11-26,,,,,,,
20372,1957-11-11,,,,,,,
203720,1967-06-06,,,,,,,
20375,2003-01-31,,,,,,,
203793,2013-10-09,3.0E7,6.8129518E7,3.8129518E7,,,,
20382,2008-06-12,,,,,,,
203829,1996-11-21,,,,,,,
203888,1966-02-24,,,,,,,
20389,2009-01-09,,,,,,,
20390,2005-08-26,,,,,,,
204016,2014-01-03,,,,,,,
204040,1937-06-16,,,,,,,
20405,2006-01-01,,89417.0,,,,,
204051,1987-03-21,,,,,,,
204082,2013-11-27,2.2E7,4.3058898E7,2.1058898E7,,,,
204090,1975-02-01,,,,,,,
204095,2012-01-06,,,,,,,
20410,2000-01-01,,,,,,,
20411,2007-01-19,1.0E7,,,,,,
20414,2008-03-07,,,,,,,
20421,1991-08-02,1.8E7,1.1657385E7,-6342615.0,,,,
20423,1989-01-01,,770132.0,,,,,
20431,2007-02-24,,,,,,,
20432,2008-11-08,,,,,,,
204342,2013-04-13,,,,,,,
20435,1993-04-14,,,,,,,
20438,2000-08-04,,,,,,,
204384,2013-06-28,,,,,,,
20441,2009-07-21,,,,,,,
20442,1953-02-06,,,,,,,
204436,2013-11-17,33.0,,,,,,
20449,2008-11-13,3000000.0,,,,,,
20453,2009-12-23,9000000.0,7.0E7,6.1E7,,,,
20455,2000-03-17,5500000.0,,,,,,
20458,2009-08-28,,,,,,,
2046,2000-12-22,1.0E7,1.2008642E7,2008642.0,3.823529411764706,17,0.705805755648027,2016-05-08
204607,2013-06-18,,,,,,,
20471,2008-01-20,,,,,,,
20472,1981-10-30,,,,,,,
20473,1987-06-19,,,,,,,
204737,1980-05-05,,,,,,,
204762,2013-09-04,,,,,,,
204768,2013-09-18,,,,,,,
204771,2013-09-18,,,,,,,
20478,2007-04-27,,,,,,,
2048,2004-07-15,1.2E8,3.47234916E8,2.27234916E8,3.875,4,0.6291528696058959,2003-06-11
204800,1962-06-02,,,,,,,
20481,1990-02-16,1.1E7,8862354.0,-2137646.0,,,,
20482,1948-03-04,,,,,,,
204965,2013-07-24,,,,,,,
204968,2014-02-07,,,,,,,
20497,2008-08-26,,,,,,,
204994,1955-05-01,,,,,,,
204996,2008-04-06,,,,,,,
204997,1936-09-24,,,,,,,
205,2004-09-11,1.75E7,3.8E7,2.05E7,4.0,4,0.816496580927726,2006-08-22
205017,2013-04-04,,4300000.0,,,,,
20502,2004-04-16,,,,,,,
205054,1969-07-30,,,,,,,
205076,2006-09-03,,,,,,,
20520,2005-01-01,,,,,,,
20521,2005-04-16,,,,,,,
205211,2003-07-03,,,,,,,
205220,2013-11-01,,1.00129872E8,,,,,
205225,2013-08-04,,,,,,,
20526,2010-12-10,1.7E8,4.00062763E8,2.30062763E8,,,,
20528,1970-12-18,,,,,,,
20529,2008-02-11,,,,,,,
20530,1949-09-13,,,,,,,
20531,1956-01-29,,,,,,,
205321,2013-07-11,,,,,,,
20533,2010-06-18,4.7E7,1.0539E7,-3.6461E7,,,,
20536,2001-04-28,,,,,,,
20537,1986-08-29,,,,,,,
205410,1928-03-24,,,,,,,
20544,2004-05-30,,,,,,,
20546,1998-10-24,,,,,,,
205463,1952-09-19,,,,,,,
20551,1994-12-14,,,,,,,
20556,1970-05-13,,,,,,,
205584,2016-02-25,1.4E8,1.50680864E8,1.0680864E7,,,,
205596,2014-11-14,,2.33555708E8,,,,,
2056,2003-01-26,500000.0,8679814.0,8179814.0,3.5,1,,2008-01-04
205608,2000-01-01,,,,,,,
20562,1991-08-29,,,,,,,
20564,2005-06-18,,,,,,,
205651,1949-01-22,,,,,,,
205673,1950-09-16,,,,,,,
205724,2013-04-27,,,,,,,
2058,1997-05-23,,3.4673095E7,,3.621212121212121,33,0.910273851568024,2016-07-22
205865,2013-06-30,,,,,,,
20595,1998-10-23,,,,,,,
205985,2013-06-24,,,,,,,
206,2003-01-01,,,,3.6,10,1.3498971154211057,2001-01-26
206018,1977-04-18,,,,,,,
206034,1929-05-22,,,,,,,
20604,2005-09-14,,,,,,,
20605,2006-05-25,2700000.0,,,,,,
20606,2009-06-11,,,,,,,
206188,1974-08-15,,,,,,,
206192,2014-04-08,,,,,,,
2062,2007-06-22,1.5E8,6.23722818E8,4.73722818E8,2.0,2,1.4142135623730951,2000-04-02
20623,2005-01-21,,,,,,,
20626,2009-01-21,,,,,,,
206266,2012-02-07,,,,,,,
206277,2013-12-26,,,,,,,
206289,2013-09-11,,,,,,,
206292,2013-01-01,,,,,,,
206296,2014-11-03,,,,,,,
20637,2000-12-01,1000000.0,779137.0,-220863.0,,,,
206377,1937-11-13,,,,,,,
20638,1948-12-24,,,,,,,
206397,2012-04-20,,,,,,,
20642,1937-10-15,,,,,,,
20643,1940-08-09,,,,,,,
20645,1991-05-25,,,,,,,
20649,1995-09-15,2.5E7,1.3071518E7,-1.1928482E7,,,,
20650,1909-09-02,,,,,,,
206514,1976-09-20,,,,,,,
206591,2001-09-04,,,,,,,
206648,1982-10-01,,,,,,,
20668,2005-09-25,3000000.0,,,,,,
20674,1990-05-19,,,,,,,
20675,1932-02-13,,,,,,,
20682,2000-09-22,,,,,,,
206821,2014-09-05,,,,,,,
20684,1997-07-04,,,,,,,
206851,2013-07-19,,,,,,,
20689,2002-09-20,,,,,,,
206899,1977-01-01,,,,,,,
2069,2000-02-18,4.13E7,1.06371651E8,6.5071651E7,3.7777777777777777,9,0.8333333333333334,2002-03-17
207,1989-06-02,1.64E7,2.35860116E8,2.19460116E8,3.375,28,0.7152440660879852,2014-07-13
207021,2013-09-20,,,,,,,
20704,1991-09-27,,,,,,,
20714,2007-06-06,4000000.0,7537453.0,3537453.0,,,,
207178,1952-05-16,,,,,,,
20718,2002-09-04,,,,,,,
20719,2002-07-07,,,,,,,
20720,2007-08-04,,,,,,,
20722,2008-07-08,,,,,,,
20723,1965-12-02,,,,,,,
207260,2013-05-01,,,,,,,
207273,2013-05-15,,,,,,,
20731,2002-02-01,,,,,,,
207402,2013-02-21,,,,,,,
207475,2011-05-05,,,,,,,
2075,1985-06-14,,2.6657534E7,,3.8333333333333335,3,0.7637626158259734,2014-01-15
20756,1998-12-22,,,,,,,
20759,1996-05-03,,,,,,,
20760,2005-01-29,,,,,,,
20761,1999-12-25,2.4E7,8434146.0,-1.5565854E7,,,,
20763,1992-02-21,3.5E7,4651977.0,-3.0348023E7,,,,
207636,1928-06-23,,,,,,,
20764,2008-12-10,,107559.0,,,,,
207641,1994-05-14,,,,,,,
207649,1999-05-13,,,,,,,
207655,1961-03-26,,,,,,,
207681,1966-07-15,,,,,,,
207686,2013-06-21,,,,,,,
2077,1916-12-04,,,,3.3333333333333335,6,0.816496580927726,2004-08-03
207703,2015-01-29,8.1E7,4.14351546E8,3.33351546E8,,,,
207720,1982-12-31,,,,,,,
207731,,,,,,,,
207752,1952-04-01,,,,,,,
20776,2003-03-09,,,,,,,
207768,2013-08-25,,809.0,,,,,
20777,2009-01-16,,,,,,,
207780,2013-07-31,,,,,,,
20784,2009-02-01,,,,,,,
20785,1977-12-17,,,,,,,
207871,2013-04-25,5000000.0,,,,,,
2079,1916-09-04,,,,3.5,1,,2004-02-17
207932,2016-10-13,7.5E7,2.20021259E8,1.45021259E8,,,,
207936,2015-04-18,,135026.0,,,,,
207999,1927-10-22,,,,,,,
20813,1979-04-27,,,,,,,
20815,1990-03-09,,,,,,,
208242,2013-01-01,1500000.0,,,,,,
208277,2013-08-22,,,,,,,
208284,2013-08-12,,7182.0,,,,,
208305,2013-02-26,,,,,,,
208309,1975-11-27,,,,,,,
208327,2001-10-25,,,,,,,
20842,1973-02-28,70000.0,,,,,,
208429,2013-03-16,,,,,,,
208431,2013-02-13,,,,,,,
208434,1955-07-28,,,,,,,
20846,2008-11-01,,,,,,,
208478,2006-09-15,,,,,,,
20849,1947-07-26,,,,,,,
208495,2013-09-06,,,,,,,
2085,2000-03-20,2.5E7,9.103676E7,6.603676E7,3.3780487804878048,41,1.0048662087865108,2016-07-22
208529,1994-12-07,,,,,,,
20853,1951-11-01,,,,,,,
20856,2009-07-31,4.5E7,5.7881056E7,1.2881056E7,,,,
208579,1977-01-13,,,,,,,
20858,1986-04-25,,,,,,,
2086,1995-11-22,8169363.0,8175346.0,5983.0,5.0,1,,2000-02-07
20861,2000-01-01,,,,,,,
208637,2012-05-04,,,,,,,
20871,1971-12-13,,,,,,,
20875,1965-07-23,,,,,,,
20876,1990-03-23,,,,,,,
208783,2003-06-21,,,,,,,
2088,1993-09-13,1.15E7,3275585.0,-8224415.0,2.54,25,0.9565563234854497,2009-06-25
20882,1998-01-01,,,,,,,
20883,2000-01-01,,,,,,,
208869,2014-04-30,10.0,,,,,,
20891,1963-05-05,,,,,,,
20894,1984-06-06,,,,,,,
208968,2013-07-21,,,,,,,
208988,2007-09-23,,,,,,,
20899,1975-12-20,,,,,,,
209032,2012-11-02,,,,,,,
2091,2002-09-07,6000000.0,,,4.0,3,1.0,2001-10-20
209103,2013-06-30,,,,,,,
209112,2016-03-23,2.5E8,8.73260194E8,6.23260194E8,,,,
20912,2004-07-30,8000000.0,365134.0,-7634866.0,,,,
20914,1975-06-06,,,,,,,
20916,2001-12-28,,,,,,,
209204,2013-07-22,,,,,,,
209247,2013-09-11,,64065.0,,,,,
209249,2013-09-12,,,,,,,
209251,2013-10-11,,,,,,,
209269,2014-08-28,,,,,,,
209271,2013-09-07,,,,,,,
20931,2006-02-24,,,,,,,
20934,1969-01-01,,,,,,,
209355,2013-11-06,5112027.0,,,,,,
209367,1943-12-03,,,,,,,
2094,1964-11-11,,3000000.0,,3.265625,32,0.9331214957369977,2016-05-08
209406,2013-10-11,,,,,,,
209410,2013-09-06,,,,,,,
209415,2013-10-31,,,,,,,
209416,2014-06-06,,,,,,,
209440,2013-10-24,,,,,,,
209451,2014-06-05,4.0E7,6.7347013E7,2.7347013E7,,,,
20949,1975-03-25,,,,,,,
209645,2008-08-12,75.0,,,,,,
209686,2012-09-13,,,,,,,
20969,2005-12-21,,,,,,,
2097,1967-04-01,,,,3.75,6,0.758287544405155,2009-02-08
20975,1961-01-01,,,,,,,
20977,1962-12-09,,,,,,,
20978,1991-10-23,,,,,,,
2098,1964-05-20,,,,2.0,2,1.4142135623730951,2000-11-22
20980,1982-08-01,,,,,,,
20986,2008-09-06,,,,,,,
20989,2006-04-11,,,,,,,
2099,1986-06-06,,1.6209459E7,,3.7,10,0.9775252199076786,2015-06-11
209901,2013-09-26,3000000.0,1675381.0,-1324619.0,,,,
20995,2008-12-25,,,,,,,
2100,2001-10-19,7.2E7,2.7642707E7,-4.4357293E7,3.1634615384615383,52,0.8785078361059437,2016-05-08
210041,2013-12-01,,,,,,,
210047,2013-09-20,,16971.0,,,,,
210052,2013-08-28,,,,,,,
210059,2013-01-12,,,,,,,
210126,1959-01-01,,,,,,,
21013,2009-03-25,,,,,,,
210183,1938-06-17,,,,,,,
2102,1990-07-14,5.5E7,,,4.285714285714286,7,0.9511897312113419,2003-03-25
210234,2013-07-16,346500.0,,,,,,
21024,1980-06-13,,,,,,,
21026,2009-03-27,1000000.0,,,,,,
21027,1965-06-03,,,,,,,
210274,2014-09-30,,,,,,,
210293,2013-06-15,,,,,,,
21030,1990-05-04,,1373728.0,,,,,
21035,1973-02-22,,,,,,,
21040,2001-08-10,,,,,,,
210408,2013-03-15,,,,,,,
21041,2003-10-15,4667404.0,,,,,,
21042,1985-05-01,,,,,,,
21057,1993-01-01,,,,,,,
21058,1948-02-01,,,,,,,
21059,2003-07-05,,,,,,,
21060,1997-01-30,,,,,,,
210609,1973-12-18,,,,,,,
210615,1973-03-30,,,,,,,
210624,2013-07-17,,,,,,,
210691,1996-05-02,,,,,,,
210737,1992-09-02,,,,,,,
210739,2001-12-06,,,,,,,
210769,2013-07-22,,,,,,,
210777,1980-12-15,,,,,,,
2108,1985-02-15,1000000.0,5.1525171E7,5.0525171E7,3.6923076923076925,39,0.8782112847878606,2012-06-23
210864,2004-10-22,,,,,,,
210911,2013-09-06,,7865.0,,,,,
210913,2013-09-27,,,,,,,
210923,1969-05-12,,,,,,,
210940,1969-10-08,,,,,,,
210947,2014-04-04,,121179.0,,,,,
210966,2011-05-09,,,,,,,
2110,2001-10-31,1.53E7,,,3.3666666666666667,15,0.8121107126025426,2005-09-23
211029,2007-10-11,,,,,,,
211059,2013-09-21,,,,,,,
211088,2013-10-24,,,,,,,
2111,2002-10-09,,,,3.3076923076923075,13,1.109400392450458,2002-04-18
211105,2004-07-30,,,,,,,
211144,2007-03-26,,,,,,,
211158,2009-10-14,,,,,,,
211179,1964-12-30,,,,,,,
21118,2002-12-13,,261603.0,,,,,
211222,2008-10-01,,,,,,,
211231,1995-11-19,,,,,,,
211233,2013-01-17,,532269.0,,,,,
211247,2013-11-21,,,,,,,
211256,1937-01-01,,,,,,,
211275,1999-07-31,,,,,,,
21128,1992-05-08,,1543112.0,,,,,
21131,2003-10-23,,,,,,,
211317,2010-01-10,264000.0,,,,,,
21132,1998-09-25,,,,,,,
21138,2007-05-01,,,,,,,
211387,2013-09-08,,,,,,,
21143,1962-07-01,750000.0,,,,,,
21148,1983-03-25,,,,,,,
2115,1987-02-06,,,,3.7653061224489797,98,0.8561604581299126,2016-10-07
21153,2006-01-01,,,,,,,
211561,1951-09-03,,,,,,,
21159,1964-03-08,,,,,,,
211603,1962-03-01,,,,,,,
211722,2013-08-09,,,,,,,
211755,2013-01-12,,,,,,,
21179,2008-01-01,,,,,,,
2118,1997-09-19,3.5E7,1.2621694E8,9.121694E7,3.7,20,0.8944271909999159,2015-06-10
21181,2007-07-19,,,,,,,
21183,1995-06-02,,,,,,,
21189,2002-02-11,,,,,,,
211914,2013-06-05,,,,,,,
211928,1958-05-31,,,,,,,
211930,2005-03-04,,,,,,,
211954,2013-07-20,5500000.0,9.9067206E7,9.3567206E7,,,,
21200,2004-02-05,,,,,,,
21210,1998-08-22,5200000.0,1.3E7,7800000.0,,,,
212156,2013-09-28,,,,,,,
212162,2013-10-26,,1.294788E7,,,,,
212168,2013-11-29,,,,,,,
21220,2002-04-26,,,,,,,
212231,2014-04-18,,,,,,,
212270,2013-07-08,,,,,,,
2123,2000-06-22,5.1E7,1.49270999E8,9.8270999E7,3.15,10,0.944281031614353,2016-05-11
212362,1897-08-05,,,,,,,
212494,2013-10-05,18000.0,,,,,,
21250,2003-03-18,,,,,,,
212503,2013-09-04,,,,,,,
21252,1997-05-08,,,,,,,
21259,1983-11-04,1500000.0,2044892.0,544892.0,,,,
212640,2013-08-08,,,,,,,
21265,2003-01-01,,,,,,,
212721,2013-08-28,,4793.0,,,,,
212899,1932-12-23,,,,,,,
21290,2004-10-24,,,,,,,
21294,1981-12-11,1.0E7,6892098.0,-3107902.0,,,,
212950,1952-12-01,,,,,,,
21296,1952-11-11,,,,,,,
212967,2013-08-09,,,,,,,
21301,2004-01-20,1.8E7,6.5070412E7,4.7070412E7,,,,
21309,1986-08-27,1.9E7,,,,,,
21311,2000-05-05,3.4E7,,,,,,
213110,2006-08-20,,,,,,,
21316,2006-06-23,,,,,,,
21323,1969-06-06,,,,,,,
21334,1997-08-01,180000.0,900000.0,720000.0,,,,
213342,2001-08-16,,,,,,,
21336,1946-04-09,,,,,,,
21343,2007-02-10,,,,,,,
21344,1990-04-27,,,,,,,
21345,2009-04-22,1.2E7,1.0652498E7,-1347502.0,,,,
21349,1999-11-12,,1.8653615E7,,,,,
21352,1994-08-17,,,,,,,
21355,2000-12-11,5.7E7,,,,,,
213570,1948-08-21,,,,,,,
213587,2013-04-25,,,,,,,
213595,2006-07-04,,,,,,,
213598,2006-02-09,,,,,,,
213648,,,,,,,,
21372,2009-01-01,,,,,,,
21373,2007-01-01,,,,,,,
21376,1979-06-01,,2.02E7,,,,,
21379,2004-01-01,,,,,,,
21380,1980-11-17,,,,,,,
21383,2009-04-17,,,,,,,
213842,1996-06-14,,,,,,,
213845,2005-10-09,,,,,,,
213857,2012-11-20,,,,,,,
213864,1986-09-05,,,,,,,
2139,1975-07-11,,,,3.2222222222222223,27,1.0591481821704043,2012-01-03
213914,2000-12-01,,,,,,,
213917,1990-08-28,,,,,,,
21393,1981-12-12,,,,,,,
213955,1974-03-21,,,,,,,
213983,2013-09-05,,,,,,,
214,2006-10-27,1.0E7,1.63876815E8,1.53876815E8,3.0,2,1.4142135623730951,2002-09-30
2140,2001-07-06,2.5E7,6.4437847E7,3.9437847E7,3.6785714285714284,28,0.873628933373611,2016-05-08
214030,2013-09-07,,2681345.0,,,,,
214041,1969-04-04,,,,,,,
21407,2009-07-09,3400000.0,1.14E8,1.106E8,,,,
214075,2013-09-06,,3346257.0,,,,,
214083,2013-09-08,,383294.0,,,,,
214086,2013-10-25,4000000.0,350006.0,-3649994.0,,,,
21409,2008-09-07,,,,,,,
214096,2013-09-06,,,,,,,
214099,2013-09-11,,,,,,,
21410,1966-05-03,,,,,,,
214105,2013-06-05,,,,,,,
214139,2013-11-07,,,,,,,
214170,2013-07-26,,,,,,,
214187,2004-09-17,11000.0,,,,,,
214209,2013-08-14,,,,,,,
214210,2013-04-02,,,,,,,
214216,1989-02-14,,,,,,,
214251,2013-10-23,,,,,,,
214256,2015-10-19,,,,,,,
21430,1998-09-05,,,,,,,
214349,1981-02-27,,,,,,,
2144,2001-04-19,,,,3.8260869565217392,46,0.8179744040028787,2016-08-17
214447,1990-02-09,,,,,,,
21449,1966-11-02,,,,,,,
21452,1998-04-19,,,,,,,
21453,1987-04-19,,,,,,,
21459,1975-01-01,,,,,,,
214597,2013-08-31,8000000.0,,,,,,
214600,1928-01-06,,,,,,,
214629,1984-07-05,,,,,,,
21466,1970-12-18,,,,,,,
21467,2009-02-09,,,,,,,
214676,2010-11-18,,,,,,,
21468,1954-12-16,,,,,,,
214699,1975-01-01,,,,,,,
21474,2009-07-31,,,,,,,
214758,2014-03-11,,,,,,,
214775,2013-09-05,,,,,,,
2148,1984-12-14,,2.5928721E7,,3.6666666666666665,6,1.4023789311975086,2012-12-11
21481,2005-10-14,,,,,,,
214827,1992-05-26,,,,,,,
21484,1981-05-27,,,,,,,
214857,2011-10-11,,,,,,,
21488,2000-04-19,,,,,,,
21489,1974-10-17,,,,,,,
2149,1993-01-15,3.0E7,1.3273595E7,-1.6726405E7,2.0,2,1.4142135623730951,2002-03-17
214909,1942-04-30,,,,,,,
214938,1983-05-16,,,,,,,
214948,1961-01-01,,,,,,,
214990,2012-10-01,10000.0,,,,,,
21500,1983-07-22,,,,,,,
215023,2013-08-18,,,,,,,
215031,2013-09-20,,,,,,,
215032,2013-10-11,,,,,,,
215107,,,,,,,,
21512,1989-10-19,,882290.0,,,,,
21513,2003-04-19,,,,,,,
21515,1981-08-07,,,,,,,
21522,2004-04-08,,,,,,,
21531,2000-02-19,,,,,,,
21534,2007-07-04,,,,,,,
21535,2009-03-06,,,,,,,
21538,2001-01-20,,,,,,,
215407,1981-10-03,200000.0,,,,,,
21544,2003-05-09,,,,,,,
215453,1950-08-01,,,,,,,
215471,1951-09-09,,,,,,,
2155,2000-02-25,4.2E7,3.216897E7,-9831030.0,3.3,10,0.8232726023485647,2006-08-22
215520,2013-09-10,,,,,,,
215628,2013-08-28,,,,,,,
215637,2013-08-11,,,,,,,
215646,2013-01-23,,,,,,,
215656,2013-09-20,,,,,,,
21566,1996-11-15,,,,,,,
2157,1998-04-03,,1.36159423E8,,,,,
21570,1995-01-01,,1.4E7,,,,,
21571,2008-01-27,,,,,,,
215726,2012-08-02,70000.0,,,,,,
215740,2013-10-03,,,,,,,
21575,2009-08-26,,,,,,,
21576,2000-06-10,,,,,,,
215776,2013-08-23,,6500000.0,,,,,
215797,1971-01-01,,,,,,,
215875,1986-04-04,,,,,,,
215908,2013-09-09,,,,,,,
215931,2013-09-08,,,,,,,
215946,2013-09-08,,,,,,,
215991,2008-06-28,,,,,,,
21600,1941-10-31,,,,,,,
216015,2015-02-11,4.0E7,5.71006128E8,5.31006128E8,,,,
216046,1989-01-01,,,,,,,
2161,1966-08-24,5115000.0,1.2E7,6885000.0,3.3026315789473686,38,0.9763381232276602,2016-05-08
21610,1981-03-17,,1.9905359E7,,,,,
21612,1996-01-26,1.25E7,1227324.0,-1.1272676E7,,,,
21613,1972-05-06,,,,,,,
216138,2014-04-04,,,,,,,
216153,1978-09-26,,,,,,,
21616,2004-03-20,,,,,,,
21619,2003-07-28,,,,,,,
2162,1999-09-01,,1.1263966E7,,2.6666666666666665,9,0.9013878188659973,2010-12-06
21622,1944-03-30,,,,,,,
21626,1996-09-07,,,,,,,
2163,1997-05-02,3.6E7,5.0159144E7,1.4159144E7,3.1666666666666665,9,0.6123724356957945,2005-01-26
21631,1948-09-30,,,,,,,
21635,1948-09-01,,,,,,,
21636,2009-04-04,,,,,,,
216369,1997-12-26,,,,,,,
2164,1994-10-27,5.5E7,1.96567262E8,1.41567262E8,1.0,2,0.0,2009-10-15
2165,2002-01-18,1.1E7,,,3.9285714285714284,7,1.0177004891982149,2003-05-17
216553,2013-08-23,,,,,,,
216672,1999-09-12,,,,,,,
21671,2007-09-18,,,,,,,
216736,1971-01-01,,,,,,,
216755,2006-05-30,,,,,,,
216822,1988-03-06,,,,,,,
21683,2003-10-21,,,,,,,
216859,1959-10-08,,,,,,,
2169,1991-09-18,,,,2.75,6,0.9874208829065749,2006-03-31
216919,2012-11-23,,,,,,,
216983,1999-08-20,,,,,,,
216989,2013-08-19,,,,,,,
21700,1997-06-20,,,,,,,
217014,2013-09-26,,,,,,,
217057,2014-10-03,,,,,,,
21708,2003-09-05,,,,,,,
217085,1970-09-29,,,,,,,
21711,1972-08-23,,,,,,,
21712,2004-08-07,,,,,,,
21714,2000-03-31,,,,,,,
21717,1971-05-26,,,,,,,
217247,1982-01-01,,,,,,,
217250,1946-12-08,,,,,,,
217313,1988-01-03,,,,,,,
217389,2013-08-08,,,,,,,
21741,1982-01-01,,,,,,,
217412,2013-09-12,,,,,,,
217428,2000-12-25,,,,,,,
217471,2013-09-01,,,,,,,
21751,2005-02-02,,1589109.0,,,,,
217587,2013-08-25,,,,,,,
217590,1991-06-01,,,,,,,
217632,1944-10-15,,,,,,,
21765,2003-10-10,1.7E7,,,,,,
217763,1930-04-20,,,,,,,
21779,1966-02-18,,1.6318124E7,,,,,
21780,1995-11-18,,,,,,,
217802,1935-04-20,,,,,,,
21784,2007-02-17,,,,,,,
21788,2008-12-17,,,,,,,
2179,2006-11-22,2.2E7,1.3405595E7,-8594405.0,,,,
21791,2005-03-12,,,,,,,
217917,1937-10-11,,,,,,,
21792,2004-06-17,,,,,,,
217923,2013-09-27,,7.2287783E7,,,,,
21794,2006-07-21,,,,,,,
21795,2007-08-22,,,,,,,
21799,1989-07-01,,,,,,,
217993,2014-02-02,3500000.0,5155325.0,1655325.0,,,,
218,1984-10-26,6400000.0,7.83712E7,7.19712E7,3.3333333333333335,15,0.816496580927726,2002-04-13
2180,2006-03-24,,,,3.5,2,0.7071067811865476,2000-12-10
21801,2002-01-01,,,,,,,
21810,2004-08-27,,,,,,,
218212,1948-09-30,,,,,,,
218213,1948-01-28,,,,,,,
218233,1943-01-01,,,,,,,
218262,2013-08-31,,,,,,,
218296,1979-12-09,,,,,,,
218299,1942-10-15,,,,,,,
218369,1936-12-31,,,,,,,
21838,2004-03-16,,,,,,,
218381,2013-09-05,1100000.0,,,,,,
21840,1987-07-02,,,,,,,
218408,2000-04-17,,,,,,,
21841,2008-06-09,,,,,,,
218443,2005-01-20,,,,,,,
21845,1993-07-07,,5.3579269E7,,,,,
2185,2002-04-05,4.0E7,8493890.0,-3.150611E7,,,,
218576,2013-09-20,,,,,,,
21861,2008-06-06,,,,,,,
21862,2009-08-28,,,,,,,
218624,1981-10-01,,,,,,,
21864,2009-01-31,,,,,,,
218658,1962-01-01,,,,,,,
21866,1980-06-11,,,,,,,
21868,2002-12-13,,,,,,,
218688,2013-09-12,,,,,,,
218689,1990-09-29,,,,,,,
218778,2014-10-08,2.8E7,1.00654149E8,7.2654149E7,,,,
21879,1980-05-30,,1.0E7,,,,,
218836,2014-07-17,5.0E7,1.51165787E8,1.01165787E8,,,,
218850,2013-09-26,,,,,,,
21887,1979-10-26,,,,,,,
21891,2005-03-12,,,,,,,
21893,2002-07-19,,,,,,,
21896,2002-09-06,,,,,,,
218974,2013-10-11,,,,,,,
218993,2013-11-26,,,,,,,
219,2006-03-16,1.2899867E7,8.5582407E7,7.268254E7,4.25,4,0.5,2002-01-18
21900,2009-04-24,,,,,,,
219043,1957-08-26,,,,,,,
219054,2013-09-03,,,,,,,
2191,2001-09-23,,,,0.5,1,,2009-12-02
219166,1992-01-01,,,,,,,
219233,1960-10-19,,,,,,,
219247,2013-10-08,,,,,,,
21925,2002-09-02,3000000.0,13308.0,-2986692.0,,,,
219288,2013-01-10,,,,,,,
219343,2013-10-19,79000.0,170000.0,91000.0,,,,
219345,1993-05-10,,,,,,,
21935,2007-09-04,,,,,,,
219424,1942-06-21,,,,,,,
21946,2007-03-07,,,,,,,
21947,1994-02-01,,49601.0,,,,,
21950,1976-03-31,445000.0,2300000.0,1855000.0,,,,
21955,1976-05-01,,1.788341E7,,,,,
21966,2004-11-06,,,,,,,
21967,1960-11-13,,,,,,,
21968,1972-08-04,,,,,,,
21970,1980-04-17,,5000000.0,,,,,
21974,2006-01-01,,,,,,,
21989,1984-01-13,,,,,,,
2199,1989-11-11,,,,,,,
21990,1975-07-31,,,,,,,
21991,2000-08-26,,,,,,,
219931,2007-05-24,,,,,,,
219956,1980-09-24,,,,,,,
21997,2001-10-21,,,,,,,
22,2003-07-09,,6.55011224E8,,3.3552631578947367,38,0.9649807079491706,2015-08-15
2200,1974-12-22,,,,4.0,1,,2005-03-05
220029,2004-08-04,,,,,,,
22004,1992-12-25,1.4E7,,,,,,
22010,1999-09-15,,,,,,,
22014,2002-11-22,,,,,,,
220153,2013-01-01,,,,,,,
220154,2002-10-02,,,,,,,
220176,2013-09-11,,,,,,,
22025,2008-08-22,,,,,,,
220286,2013-10-11,,,,,,,
22029,1973-02-07,,,,,,,
22043,2001-04-01,,,,,,,
220447,2014-01-18,,,,,,,
220488,2013-09-17,,,,,,,
22049,1978-12-21,,,,,,,
220493,2013-11-01,,,,,,,
220500,1993-09-10,,,,,,,
220515,2001-09-11,,,,,,,
220565,1956-10-28,,,,,,,
22059,1994-01-01,1500000.0,,,,,,
220656,1944-03-27,,,,,,,
220674,2013-09-11,,,,,,,
220724,1997-01-01,,,,,,,
22073,1997-08-27,3.0E7,,,,,,
220731,2013-01-24,,,,,,,
220746,2012-04-26,,,,,,,
22076,2003-07-19,7000000.0,,,,,,
220820,2013-09-23,,,,,,,
22084,2009-01-01,,,,,,,
22085,2004-06-26,,,,,,,
220890,2012-08-19,,,,,,,
22090,1977-12-16,,,,,,,
220916,1968-03-01,,,,,,,
220933,2014-04-11,,,,,,,
220976,2001-01-09,,,,,,,
22099,1999-08-31,,,,,,,
221,1955-10-27,1500000.0,,,,,,
2210,1988-09-08,1.0E7,3916303.0,-6083697.0,4.0,1,,2011-01-28
22102,1989-03-22,,,,,,,
2211,1999-02-10,,,,,,,
221144,1971-01-16,,,,,,,
221148,1958-01-21,,,,,,,
221171,1974-09-12,,,,,,,
22121,1974-04-19,,,,,,,
221234,1980-01-01,,,,,,,
22124,1977-01-01,,,,,,,
221240,2012-10-04,,,,,,,
22130,1981-05-13,,,,,,,
221317,1993-09-13,,,,,,,
221343,2010-09-17,,,,,,,
22136,2009-02-11,,,,,,,
221395,1930-02-02,,,,,,,
221410,2013-09-15,,,,,,,
221437,2013-09-14,,,,,,,
221488,2012-03-29,400000.0,,,,,,
22152,2008-09-08,1500000.0,,,,,,
22154,2007-01-09,,,,,,,
22160,1984-03-02,,,,,,,
22162,1998-01-01,,,,,,,
22167,1981-04-10,3000000.0,,,,,,
221717,1966-09-14,,,,,,,
221731,2014-08-01,,,,,,,
221737,2013-09-14,,,,,,,
22175,2009-02-07,,,,,,,
221791,2013-09-14,,,,,,,
221800,2013-09-06,,,,,,,
221801,2013-09-13,,,,,,,
221861,1991-01-01,,,,,,,
22192,1986-10-24,,,,,,,
222030,2014-02-02,,,,,,,
22215,2009-02-10,2.3E7,9366227.0,-1.3633773E7,,,,
222216,2013-10-17,,12666.0,,,,,
222220,1928-02-06,,,,,,,
222339,1991-01-01,,,,,,,
222370,2013-06-07,,,,,,,
222388,2011-03-11,,,,,,,
22241,2009-01-01,,,,,,,
22242,2002-07-18,,,,,,,
222454,2010-07-01,,,,,,,
22256,1998-09-11,2.5E7,777423.0,-2.4222577E7,,,,
22257,1981-01-01,,,,,,,
222581,2013-06-11,,,,,,,
222619,1991-09-18,,,,,,,
222649,2014-11-07,,,,,,,
22267,1999-11-24,3.8E7,635096.0,-3.7364904E7,,,,
222671,2013-09-16,313411.0,,,,,,
222715,2013-02-08,,,,,,,
222724,2013-09-13,,,,,,,
22274,2008-02-01,,,,,,,
222832,2013-09-20,,,,,,,
22285,2007-01-01,,,,,,,
222885,2012-10-18,,,,,,,
222935,2014-05-16,,3.07166834E8,,,,,
222936,2015-05-27,3.7E7,2.625002E7,-1.074998E7,,,,
222939,2005-04-30,,,,,,,
223,1940-04-12,1288000.0,6000000.0,4712000.0,3.963302752293578,109,0.9663467430807252,2016-08-17
22301,1930-11-15,3950000.0,8000000.0,4050000.0,,,,
22309,2003-09-17,,3.0238577E7,,,,,
22314,1999-08-25,7000000.0,1.4011454E7,7011454.0,,,,
22315,2004-11-12,3500000.0,9250000.0,5750000.0,,,,
22316,2001-09-21,,,,,,,
22326,2009-02-13,,,,,,,
22327,2009-09-11,1.8E7,,,,,,
223318,1998-09-11,,,,,,,
22335,2009-07-18,,,,,,,
223365,1990-07-12,2000000.0,,,,,,
223389,1997-09-22,,,,,,,
223391,2013-03-15,,,,,,,
22342,1955-02-15,,,,,,,
22345,1999-03-12,1.2E7,3.6450736E7,2.4450736E7,,,,
223497,1933-06-09,,,,,,,
223551,2013-10-24,,,,,,,
22358,2006-11-23,,,,,,,
22365,1975-01-06,,,,,,,
223702,2016-07-11,1.9E7,1.40705322E8,1.21705322E8,,,,
223706,2014-01-17,,,,,,,
22376,1972-10-01,,,,,,,
22379,1989-06-22,,,,,,,
223816,1933-06-08,,,,,,,
223922,1976-02-14,,,,,,,
223932,2013-03-13,,,,,,,
223946,2014-03-26,,,,,,,
22396,1978-08-04,,,,,,,
224,1977-02-25,,,,3.6,35,0.8206883767695908,2012-06-23
22404,1941-06-13,,,,,,,
224076,2013-10-09,,,,,,,
22408,1955-03-26,,,,,,,
224084,1973-05-26,,,,,,,
224089,1974-07-31,,,,,,,
224098,2008-04-10,,,,,,,
224100,2013-09-27,,,,,,,
224113,2013-08-14,,750000.0,,,,,
224162,1938-10-28,,,,,,,
224233,2013-10-04,,,,,,,
224251,2003-01-01,,,,,,,
22429,2005-05-06,,,,,,,
224297,2014-02-12,,,,,,,
22434,1991-03-15,,7788597.0,,,,,
22440,1936-05-11,,,,,,,
22447,2009-04-17,,,,,,,
22449,2007-01-20,,,,,,,
22455,1994-10-28,,,,,,,
22460,1975-07-01,,,,,,,
224642,1961-03-09,,,,,,,
22466,1991-08-02,,,,,,,
22484,2002-11-08,,,,,,,
22489,2004-05-06,,,,,,,
22490,1939-01-01,1688000.0,2270000.0,582000.0,,,,
224903,2013-09-13,,92100.0,,,,,
224908,2013-10-15,,,,,,,
224937,1992-03-01,,,,,,,
22494,2009-04-24,,,,,,,
224944,2013-10-20,,,,,,,
22495,2009-06-11,,160829.0,,,,,
224951,2013-10-23,,,,,,,
22500,1987-12-11,,,,,,,
2251,2002-05-10,,1.19137784E8,,,,,
225184,1949-12-27,,,,,,,
22519,1979-10-31,,,,,,,
2252,2007-09-14,5.15E7,5.5112356E7,3612356.0,3.5384615384615383,13,0.9887184141928897,2012-05-21
225244,1953-08-31,,,,,,,
225283,2014-10-10,,,,,,,
2253,2008-12-25,7.5E7,2.00276E8,1.25276E8,2.75,20,1.0450384027191988,2016-06-27
22537,2002-12-22,,,,,,,
22543,1964-02-19,,,,,,,
225525,1987-02-23,,,,,,,
22554,2008-09-12,1300000.0,,,,,,
22555,2009-03-01,,,,,,,
225577,1987-10-04,,,,,,,
225614,1991-10-12,,,,,,,
225719,2013-12-11,,,,,,,
22572,1988-01-01,,,,,,,
225747,2013-11-08,,,,,,,
22575,1940-12-06,,,,,,,
225760,2005-12-07,,,,,,,
225776,1998-09-26,,,,,,,
225816,1988-02-28,,,,,,,
225834,1953-12-01,,,,,,,
22584,1944-10-11,,3650000.0,,,,,
22585,1990-01-12,,8533973.0,,,,,
22586,1994-11-18,3.5E7,9771658.0,-2.5228342E7,,,,
225898,2013-09-30,,,,,,,
22590,1992-12-17,,,,,,,
225958,1956-08-31,,,,,,,
22596,1923-04-01,,623.0,,,,,
226001,2012-08-06,,,,,,,
226050,1991-09-24,,,,,,,
22606,1935-10-17,,,,,,,
22609,2009-09-18,,,,,,,
22611,1989-07-15,,,,,,,
22612,1934-01-22,,,,,,,
22614,1934-12-23,,,,,,,
226163,2011-09-05,,,,,,,
22617,2000-09-01,,,,,,,
22618,2003-09-09,,,,,,,
226188,2013-07-26,,,,,,,
22620,2009-09-12,,,,,,,
226227,2008-06-08,,,,,,,
226229,1995-11-21,,,,,,,
226236,1993-05-21,,,,,,,
22627,1992-10-23,,,,,,,
2263,1989-12-22,,6263883.0,,3.375,8,0.9161253813129043,2003-04-30
226363,2013-11-29,,,,,,,
22638,1944-11-24,,,,,,,
22640,2009-06-08,5100000.0,,,,,,
226458,2015-01-16,,,,,,,
22649,1932-12-08,4.0,25.0,21.0,,,,
22650,1963-03-19,,,,,,,
226672,2013-05-16,,,,,,,
226673,2013-11-17,,,,,,,
226675,1994-11-09,,,,,,,
226693,2013-10-10,,,,,,,
2267,2007-02-09,,2.7297451E7,,4.5,4,0.5773502691896258,2002-08-21
2268,2007-12-04,1.8E8,3.72234864E8,1.92234864E8,3.861842105263158,76,0.8854327913908403,2016-10-07
22681,2009-07-17,1500000.0,,,,,,
22683,2009-02-07,,,,,,,
22688,1946-09-20,,,,,,,
22692,1937-04-27,,,,,,,
226968,1982-10-01,,,,,,,
227,1983-03-25,1.0E7,3.3697647E7,2.3697647E7,3.15625,16,1.0601690116832,2005-04-24
22705,2000-01-28,,,,,,,
227077,1915-03-20,,,,,,,
227143,2013-10-02,2.0,,,,,,
227156,2014-08-11,2.5E7,6.6980456E7,4.1980456E7,,,,
227159,2014-11-26,4.2E7,1.07670357E8,6.5670357E7,,,,
227196,2004-09-10,275000.0,,,,,,
227245,1958-08-04,,,,,,,
22726,1961-03-01,,,,,,,
227261,2013-10-11,,,,,,,
227262,2013-10-17,,,,,,,
22728,2004-02-20,,,,,,,
227306,2014-12-25,6.5E7,1.63442937E8,9.8442937E7,,,,
22733,1953-11-24,1000000.0,,,,,,
227334,2013-10-11,,,,,,,
22734,1953-12-02,,,,,,,
227348,2014-01-01,,8.6362372E7,,,,,
227350,2013-10-02,,,,,,,
227359,2013-12-31,1.0E7,,,,,,
227370,2002-10-04,,,,,,,
2274,2007-10-05,,,,,,,
227402,1932-02-10,,,,,,,
22741,1942-03-06,,,,,,,
22744,1943-12-24,,,,,,,
227462,1994-09-30,,,,,,,
22747,2005-03-10,,,,,,,
2275,1999-06-18,6.0E7,1.49705852E8,8.9705852E7,3.1666666666666665,3,1.8929694486000912,2009-06-13
227506,1917-10-21,,,,,,,
227627,2008-02-07,,,,,,,
22765,1982-09-28,,,,,,,
227679,2013-07-13,,5.0E7,,,,,
2277,1999-12-17,1.0E8,9.37E7,-6300000.0,,,,
227717,1946-01-28,,,,,,,
22777,1971-06-30,,,,,,,
22779,1943-07-17,,,,,,,
227832,1999-05-07,,,,,,,
227859,2013-10-01,,,,,,,
227877,2013-10-11,,,,,,,
22792,1991-01-01,,,,,,,
227932,2016-12-22,,,,,,,
22794,2009-09-17,1.0E8,2.42988466E8,1.42988466E8,,,,
22795,1992-03-16,,,,,,,
22796,1998-09-11,2.0E7,1.8253415E7,-1746585.0,,,,
227964,2015-09-03,,,,,,,
22797,1997-07-13,,,,,,,
227975,2014-05-01,,,,,,,
227998,1987-10-18,,,,,,,
228,1930-03-31,,,,2.0,1,,2001-03-31
2280,1988-06-03,1.8E7,1.51668774E8,1.33668774E8,3.5,5,0.5,2016-08-17
22800,2009-10-09,,,,,,,
228034,2016-06-13,7000000.0,,,,,,
228039,2013-10-25,,,,,,,
22805,2009-01-21,,,,,,,
228101,2013-10-16,2000000.0,,,,,,
228108,2014-10-24,,,,,,,
228150,2014-10-15,6.8E7,2.11817906E8,1.43817906E8,,,,
228161,2015-03-18,1.35E8,3.68871007E8,2.33871007E8,,,,
228165,2015-02-05,7.4E7,3.11594032E8,2.37594032E8,,,,
22817,2006-07-20,2980000.0,,,,,,
2282,1983-11-16,,,,3.2857142857142856,14,1.2513728724621074,2016-07-24
228205,2015-04-09,3.4E7,6.3013281E7,2.9013281E7,,,,
22821,2009-11-24,8000000.0,1.0629321E7,2629321.0,,,,
228245,2013-10-16,,,,,,,
228257,1992-03-01,,,,,,,
22828,1991-05-28,,,,,,,
22829,1964-03-01,,,,,,,
228290,2013-10-17,,,,,,,
228326,2014-10-01,5.0E7,9.7437106E7,4.7437106E7,,,,
228331,2013-11-01,,388.0,,,,,
228355,2013-10-16,,,,,,,
228381,2013-11-21,,,,,,,
228426,2013-04-23,,,,,,,
22843,2009-06-26,,4.1162041E7,,,,,
228432,1995-11-09,,,,,,,
228442,1974-01-01,,,,,,,
228496,2014-05-16,600000.0,,,,,,
228558,2013-12-20,,,,,,,
22857,2001-01-16,,,,,,,
228647,1939-08-14,,,,,,,
228676,2013-10-30,,,,,,,
228687,2013-08-29,,,,,,,
2288,2004-12-01,2.7E7,1.15505027E8,8.8505027E7,3.9242424242424243,33,0.7917663414126287,2016-06-08
22881,2009-11-20,2.9E7,3.09208309E8,2.80208309E8,,,,
228941,2013-10-19,,,,,,,
228967,2014-12-25,4.4E7,1.2342632E7,-3.1657368E7,,,,
228968,2015-03-12,,2633527.0,,,,,
22897,2009-12-23,8.5E7,2.19103655E8,1.34103655E8,,,,
228973,2015-03-20,,,,,,,
228987,2000-12-24,,,,,,,
229,1935-04-21,393750.0,,,4.083333333333333,12,0.6685579234215215,2004-02-18
2290,1999-09-16,,,,3.25,8,1.2817398889233114,2001-02-05
229005,1931-01-10,,,,,,,
229007,2013-09-22,,,,,,,
22907,2010-08-26,3.2E7,6.9055695E7,3.7055695E7,,,,
229081,1989-04-09,,,,,,,
229087,1989-02-12,,,,,,,
22910,1972-07-01,,,,,,,
229113,2013-11-09,,,,,,,
22913,1997-08-31,,,,,,,
22915,1987-08-14,,3832228.0,,,,,
229194,2014-03-28,,,,,,,
22924,1950-06-08,,,,,,,
229254,1998-09-10,,,,,,,
229296,2013-12-19,,,,,,,
229328,2014-12-12,,,,,,,
229353,2013-10-15,,,,,,,
22937,1968-11-28,,,,,,,
229373,2000-03-23,,,,,,,
2294,2001-08-22,,3.3788161E7,,3.2735849056603774,53,0.9833519878840291,2016-08-18
22943,1914-11-14,,,,,,,
22947,2009-09-05,2.5E7,1.6367E8,1.3867E8,,,,
22954,2009-12-10,6.0E7,1.22233971E8,6.2233971E7,,,,
22958,2003-01-01,,,,,,,
229610,1949-04-19,,,,,,,
22965,1940-08-12,,,,,,,
22968,1951-04-12,,,,,,,
22969,1937-02-25,,,,,,,
229693,2013-10-24,,,,,,,
229702,2013-06-01,,,,,,,
22974,2001-10-18,,,,,,,
229768,2013-04-22,,,,,,,
229839,2013-10-19,,,,,,,
22984,1979-06-24,2000000.0,,,,,,
229974,2013-10-24,,,,,,,
22999,1939-10-28,,,,,,,
2300,1996-11-15,8.0E7,2.502E8,1.702E8,4.212121212121212,33,0.8199685877205815,2016-06-27
23001,1947-04-04,,,,,,,
230058,2013-10-25,,,,,,,
230095,2013-10-25,,,,,,,
23019,2005-04-01,,,,,,,
230210,2012-05-26,,,,,,,
230222,2013-07-25,,,,,,,
230266,2014-09-07,5500000.0,5000000.0,-500000.0,,,,
230428,2013-09-17,,,,,,,
230437,1991-11-22,,,,,,,
23045,1954-01-23,,,,,,,
23047,2011-01-07,4.0E7,8.81E7,4.81E7,,,,
23049,2009-02-06,1.7E7,2.0455276E7,3455276.0,,,,
23050,1979-12-21,,,,,,,
230606,1978-09-23,,,,,,,
230731,2013-11-08,,,,,,,
230743,2013-11-29,,,,,,,
23076,1966-08-28,,,,,,,
230836,2013-06-20,,,,,,,
230846,2013-10-09,,,,,,,
230896,2013-12-03,,,,,,,
2309,2008-12-11,6.0E7,5.7490374E7,-2509626.0,,,,
23097,1954-02-06,,,,,,,
231001,2013-10-29,,,,,,,
23101,1937-07-16,500000.0,,,,,,
23108,1936-07-02,,,,,,,
23111,1984-06-04,,2.51E7,,,,,
23112,2007-03-16,,,,,,,
231216,2004-12-02,,,,,,,
231263,2013-10-19,,,,,,,
231304,1968-10-10,,,,,,,
23132,2002-02-01,,,,,,,
231392,1974-04-08,,,,,,,
23142,1995-01-01,,,,,,,
231474,2013-10-25,,,,,,,
231510,2013-04-27,,,,,,,
231540,2009-12-10,,,,,,,
231576,2014-01-18,5500000.0,5483299.0,-16701.0,,,,
23159,1942-08-20,,,,,,,
231616,2013-04-05,,,,,,,
231617,2013-10-13,,,,,,,
23173,2009-05-22,,,,,,,
23174,2008-08-15,1.1E7,1.55E7,4500000.0,,,,
231762,2010-04-30,,,,,,,
23178,1988-02-07,8000000.0,,,,,,
231811,2013-09-29,,,,,,,
23189,1949-03-21,,,,,,,
2319,2004-01-01,,,,,,,
23190,2008-01-21,,,,,,,
23194,1965-06-23,,,,,,,
232,1983-10-20,1.0E7,2494480.0,-7505520.0,4.208333333333333,24,0.7058246282166001,2013-11-22
232018,1953-01-01,,,,,,,
23202,2007-10-05,1.2E7,,,,,,
232048,2013-10-29,,,,,,,
23205,2009-03-07,,,,,,,
23207,2006-10-16,,,,,,,
232078,2013-11-12,41000.0,,,,,,
232100,2013-12-12,,,,,,,
232137,1904-09-01,,,,,,,
232175,2013-10-17,,1359910.0,,,,,
2322,1992-09-09,,1.05232691E8,,3.0,7,0.7637626158259734,2016-05-07
23220,1960-01-01,,,,,,,
23223,1996-01-26,,,,,,,
2323,1989-04-21,,8.4431625E7,,2.0,1,,1999-10-16
2324,2006-09-19,3250000.0,32788.0,-3217212.0,4.025252525252525,99,0.9350699454731884,2016-08-05
232420,1992-10-24,,,,,,,
232462,2001-10-15,,,,,,,
2325,2009-01-01,,,,3.625,4,0.75,2011-04-17
23269,1970-02-06,,,,,,,
23270,2008-11-17,,,,,,,
23273,1986-01-01,,,,,,,
23286,1935-07-19,,,,,,,
232860,1940-11-01,,,,,,,
2330,1998-04-04,,268254.0,,4.666666666666667,3,0.5773502691896257,2004-10-11
23303,1991-07-26,1.7E7,,,,,,
23319,1998-01-01,,,,,,,
23331,1953-01-01,,,,,,,
23333,1994-09-07,,,,,,,
23338,1940-12-15,,,,,,,
2334,2003-01-29,1.45E7,6.5497208E7,5.0997208E7,3.34375,16,0.8508574106942558,2016-07-24
233423,2013-02-22,,1.5E7,,,,,
233444,2014-07-25,,,,,,,
233470,2014-01-03,,,,,,,
233487,2014-01-31,1000000.0,,,,,,
2335,2007-02-10,,,,3.3076923076923075,26,0.9389027966400257,2016-08-17
23356,1999-01-10,,,,,,,
233564,2014-01-10,,,,,,,
23368,2008-10-30,,,,,,,
23378,1991-03-15,,,,,,,
23382,2009-10-05,,,,,,,
23383,1948-03-25,750000.0,,,,,,
233863,2013-11-05,,,,,,,
23391,1933-10-10,,,,,,,
23395,1949-03-28,,,,,,,
23398,2009-12-21,7.5E7,4.43140005E8,3.68140005E8,,,,
234,1920-02-25,,,,2.75,12,0.9653072991634227,2004-04-24
23404,2009-01-01,,,,,,,
234155,2014-01-17,,,,,,,
234200,2014-09-12,,7523634.0,,,,,
23427,2005-01-01,25000.0,,,,,,
234356,2013-11-14,,,,,,,
23437,2010-04-30,3.5E7,1.15664037E8,8.0664037E7,,,,
234377,1965-07-23,,,,,,,
23451,2009-09-04,700000.0,1179676.0,479676.0,,,,
23452,2009-04-25,,,,,,,
234555,2013-09-18,,,,,,,
234567,2013-11-27,,,,,,,
23476,1995-10-12,,,,,,,
23478,2005-09-10,1.2E7,84967.0,-1.1915033E7,,,,
23479,1976-04-07,,3.5323292E7,,,,,
234815,1976-11-17,,,,,,,
234862,2013-10-14,295000.0,,,,,,
23488,2009-09-09,,4706919.0,,,,,
2349,2004-03-04,,,,3.772727272727273,11,0.8174238913695991,2003-05-16
234942,1986-01-01,,,,,,,
23504,1986-07-25,,,,,,,
235046,2013-03-10,,,,,,,
23506,1970-10-23,60000.0,,,,,,
23509,2009-01-01,,,,,,,
23512,2009-09-15,,,,,,,
23514,2011-10-13,4.5E7,2.4E7,-2.1E7,,,,
23515,2007-10-01,,,,,,,
23516,2007-03-09,,,,,,,
235208,2013-11-10,110.0,,,,,,
23521,1988-09-24,,,,,,,
23522,1998-08-22,,,,,,,
235271,2014-10-10,,,,,,,
23529,2008-09-23,,,,,,,
23531,2000-09-01,,,,,,,
23532,2008-10-12,,,,,,,
23535,1990-05-11,5200000.0,2459895.0,-2740105.0,,,,
2357,2006-09-11,,580527.0,,4.318181818181818,11,0.6431456783935998,2010-09-02
23587,1983-01-04,,5091888.0,,,,,
2359,2007-05-18,,2.4538513E7,,4.133333333333334,30,0.7979859705504867,2011-06-09
23592,2005-04-15,,,,,,,
235984,2013-11-15,,3.2E7,,,,,
2360,2000-01-24,,2.6330482E7,,3.3636363636363638,11,1.450705157688996,2015-07-16
236017,1951-04-27,,,,,,,
236053,1987-11-29,,,,,,,
23609,2001-10-12,,,,,,,
23614,1985-07-26,,,,,,,
23619,2008-10-31,,,,,,,
23627,1940-12-09,,,,,,,
23628,2007-01-01,,,,,,,
23629,2011-03-24,8.2E7,8.9792502E7,7792502.0,,,,
2363,1959-03-11,,,,3.8636363636363638,11,0.7103136311133658,2016-07-19
23638,2005-04-01,,,,,,,
236539,1941-12-26,,,,,,,
23654,1992-10-30,,,,,,,
236661,2010-03-12,,,,,,,
23668,1981-02-06,,,,,,,
236696,1943-10-22,,,,,,,
236735,2014-09-25,4000000.0,5169755.0,1169755.0,,,,
236737,2014-03-14,3000000.0,,,,,,
23676,2002-05-18,,,,,,,
23692,1978-02-06,,,,,,,
23704,2004-05-13,,,,,,,
23705,2000-01-01,,,,,,,
2371,1980-06-06,,,,3.375,28,0.9586352181520778,2012-11-24
237139,1947-01-30,,,,,,,
237171,1956-11-30,,,,,,,
237200,2013-11-16,,,,,,,
237202,1988-06-16,,,,,,,
23728,1966-01-16,,,,,,,
23729,2009-03-20,1520000.0,,,,,,
23730,1984-08-31,1250000.0,3412497.0,2162497.0,,,,
237303,2013-11-22,,,,,,,
23739,1978-07-25,,,,,,,
23750,2002-08-06,,,,,,,
23752,1988-01-15,,,,,,,
237709,2013-11-16,,,,,,,
237718,2013-10-18,,,,,,,
23776,2008-05-01,,,,,,,
237791,2014-03-28,,,,,,,
237799,1998-01-07,,,,,,,
23790,2009-08-09,,,,,,,
237925,1978-10-25,,,,,,,
23805,1982-12-10,,,,,,,
238067,2011-01-01,,,,,,,
238124,1966-08-01,,,,,,,
23816,2007-07-28,,,,,,,
238204,2013-03-15,,,,,,,
238215,2014-09-11,,,,,,,
23823,2009-01-01,,,,,,,
238255,2013-11-18,,,,,,,
238304,2013-11-17,,,,,,,
23832,1966-04-07,,1314230.0,,,,,
23834,2001-12-08,,,,,,,
238358,2013-05-16,,,,,,,
238368,1947-05-01,,,,,,,
23843,2006-04-28,,,,,,,
238436,1937-07-01,,,,,,,
23847,1972-12-19,,,,,,,
23848,2008-01-11,,,,,,,
238561,2013-11-20,,,,,,,
238589,2013-12-04,5000000.0,,,,,,
238593,2013-10-28,,,,,,,
238603,2014-06-14,1.3E7,4.53E7,3.23E7,,,,
238615,2015-07-10,2.6E7,3.0523226E7,4523226.0,,,,
238636,2014-07-17,9000000.0,1.08782847E8,9.9782847E7,,,,
238705,2013-11-20,,,,,,,
238748,1988-02-26,,,,,,,
238749,2013-11-10,,,,,,,
238781,2014-04-30,,,,,,,
238792,2003-12-28,,,,,,,
238811,2013-12-03,,,,,,,
238923,2013-11-21,,,,,,,
238952,1958-01-01,,,,,,,
23898,2003-01-01,,,,,,,
238985,1952-12-28,,,,,,,
23903,2009-10-27,,,,,,,
239030,2013-06-29,,,,,,,
239056,2013-05-31,,,,,,,
23928,1951-04-10,,,,,,,
239368,2011-02-01,,,,,,,
239395,1995-01-01,,,,,,,
23941,2000-09-14,,,,,,,
23942,1982-03-25,,5588800.0,,,,,
23945,1996-08-23,1.7E7,,,,,,
23947,2009-10-10,15000.0,5300.0,-9700.0,,,,
23949,2001-01-26,100000.0,490475.0,390475.0,,,,
239519,1951-10-01,,,,,,,
239523,2013-12-27,,,,,,,
239536,1939-12-20,,,,,,,
239553,2010-11-12,560000.0,,,,,,
239562,2014-03-14,,1.6337881E7,,,,,
239568,2014-10-30,2.0E7,,,,,,
239571,2014-10-16,2.6E7,3.5926213E7,9926213.0,,,,
239619,2014-01-23,,,,,,,
239628,2004-11-26,,,,,,,
23964,2002-01-01,,,,,,,
239650,2011-11-22,,,,,,,
23966,2008-09-06,,,,,,,
239678,2014-09-10,,4.129632E7,,,,,
239798,1989-11-27,,,,,,,
239804,2005-09-24,,,,,,,
239845,2013-10-04,1000000.0,,,,,,
23985,1999-01-01,,,,,,,
239853,2013-11-28,,,,,,,
239895,2013-11-28,140000.0,,,,,,
24001,2009-06-12,,,,,,,
24006,1952-08-07,,,,,,,
24008,1952-09-02,,2000000.0,,,,,
24016,1990-10-24,,2075084.0,,,,,
240177,2001-04-21,,,,,,,
24018,1953-01-01,,,,,,,
24024,2009-10-07,,,,,,,
24026,2009-09-22,,,,,,,
240334,1968-01-02,,,,,,,
24034,2004-01-16,1.0E7,,,,,,
24038,1988-12-09,,2955917.0,,,,,
24048,2006-07-16,,,,,,,
240483,2015-01-29,,,,,,,
24049,2007-06-14,1.2E7,1.9E7,7000000.0,,,,
240491,1987-07-01,,,,,,,
24050,2007-01-18,,,,,,,
24051,2009-11-03,,,,,,,
24053,2008-04-16,,,,,,,
240566,2014-08-30,,,,,,,
240581,2014-01-15,,,,,,,
24059,2007-02-12,,,,,,,
240594,1937-07-09,,,,,,,
240607,1972-12-21,,,,,,,
24062,1964-08-12,,,,,,,
240629,2013-12-01,,,,,,,
240636,1964-01-01,,,,,,,
24068,2001-04-08,,,,,,,
24070,1994-12-21,1.5E7,,,,,,
240704,2014-04-03,,,,,,,
24071,1999-09-24,,,,,,,
24073,1990-03-30,,1.1359129E7,,,,,
240733,2013-12-02,3000000.0,,,,,,
240737,2013-12-06,,,,,,,
240745,2014-09-03,,,,,,,
24078,2003-01-22,,,,,,,
24079,2002-01-01,500000.0,,,,,,
24081,1987-02-06,,9518342.0,,,,,
24085,1974-12-12,,,,,,,
240881,2013-10-10,,,,,,,
24090,2005-01-01,,,,,,,
240906,2013-11-30,,,,,,,
240916,2014-01-17,8000000.0,,,,,,
24092,2003-10-04,,,,,,,
24094,2008-01-01,950000.0,,,,,,
24101,1977-04-06,,,,,,,
24103,1986-07-25,,8033397.0,,,,,
24105,2003-02-16,,,,,,,
241070,2014-01-10,,,,,,,
24111,1946-05-10,,,,,,,
24115,2006-01-01,,1.3022756E7,,,,,
241170,1998-02-01,,,,,,,
241174,1979-05-22,,,,,,,
241251,2015-01-23,4000000.0,5.2425855E7,4.8425855E7,,,,
241261,2014-07-03,,,,,,,
24130,1967-03-15,,,,,,,
241302,1986-01-01,,,,,,,
241340,1967-01-01,,,,,,,
241374,1930-05-24,,,,,,,
241396,1998-11-15,,,,,,,
241432,2014-09-26,,,,,,,
24153,1978-05-18,1200000.0,1.43634E7,1.31634E7,,,,
241552,1959-12-01,,,,,,,
241553,2013-12-13,,,,,,,
241554,2015-03-11,5.0E7,7.1561644E7,2.1561644E7,,,,
241568,1966-05-07,,,,,,,
241593,2007-09-29,,,,,,,
241618,2010-10-10,,,,,,,
24164,2003-01-01,,,,,,,
24167,1960-12-23,,,,,,,
24169,2008-12-19,,,,,,,
24170,2006-11-22,,,,,,,
24171,2006-09-01,,,,,,,
241754,1949-03-05,,,,,,,
241771,2014-09-10,7000000.0,1.4618727E7,7618727.0,,,,
24179,2001-12-21,,,,,,,
241804,1952-08-15,,,,,,,
241842,2014-02-12,,37473.0,,,,,
24186,2002-10-25,,,,,,,
241868,2014-08-30,1.05E7,,,,,,
24189,2006-09-08,,,,,,,
241939,1981-09-19,,,,,,,
24194,1986-02-14,,,,,,,
241953,2007-07-21,,,,,,,
241982,2010-10-04,,,,,,,
24199,2004-09-24,,,,,,,
242022,2014-08-06,,,,,,,
242042,2014-02-02,6000000.0,15071.0,-5984929.0,,,,
242065,2014-03-27,,,,,,,
242076,2014-02-28,,56574.0,,,,,
242083,2014-01-21,1000000.0,,,,,,
242088,2014-04-24,,,,,,,
242095,2014-03-15,4000000.0,600896.0,-3399104.0,,,,
242097,1968-08-21,,,,,,,
24212,1954-05-01,,,,,,,
24214,1967-12-21,,,,,,,
242203,2001-09-06,,,,,,,
24221,2007-04-27,1500000.0,,,,,,
242224,2014-05-22,2000000.0,6676471.0,4676471.0,,,,
242240,1948-04-02,,,,,,,
24225,2009-06-26,,101543.0,,,,,
242289,2006-01-18,,,,,,,
24232,2002-01-01,,,,,,,
24238,2009-02-09,590235.0,1725381.0,1135146.0,,,,
242382,1955-04-10,,,,,,,
242409,2013-12-30,,,,,,,
24241,2003-09-07,,,,,,,
242441,2013-09-13,,,,,,,
242454,2013-12-24,,,,,,,
242475,1937-12-08,,,,,,,
24248,1961-12-23,,,,,,,
242546,2013-11-23,,,,,,,
242555,2013-11-28,,,,,,,
24257,1994-06-03,,,,,,,
24258,1958-01-01,,,,,,,
24259,2002-09-11,,,,,,,
242621,1945-06-13,,,,,,,
242628,1941-11-27,,,,,,,
242675,2013-12-13,,,,,,,
24269,1998-11-01,8000000.0,,,,,,
242737,1955-11-26,,,,,,,
24274,1981-05-29,3000000.0,216166.0,-2783834.0,,,,
242828,2014-07-19,,561085.0,,,,,
24285,2003-10-09,4170000.0,,,,,,
242906,2013-07-04,,,,,,,
242920,1972-02-04,,,,,,,
24293,2009-03-17,,1.6E7,,,,,
243059,1962-01-29,,,,,,,
24330,2008-09-20,,,,,,,
243306,2012-04-22,,,,,,,
243352,2014-04-06,,1156000.0,,,,,
243442,2013-12-12,,,,,,,
24351,2007-02-20,1.2E7,,,,,,
243526,2014-03-06,,,,,,,
24356,2003-08-08,,,,,,,
2436,1994-11-04,3500000.0,2341309.0,-1158691.0,3.5,8,0.9258200997725515,2004-09-03
243664,2003-04-27,,,,,,,
243684,2014-10-17,,461162.0,,,,,
2438,1954-05-17,,,,4.0,1,,2000-06-13
24385,2009-11-06,,,,,,,
243856,1997-03-13,700000.0,,,,,,
243884,2013-09-06,,,,,,,
243919,2013-12-20,,,,,,,
24398,2003-12-05,,,,,,,
243987,1971-01-01,,,,,,,
244,1933-04-07,,1.0E7,,3.0,1,,2000-11-21
244001,2013-12-18,,,,,,,
24403,1999-08-07,,,,,,,
24405,1994-04-22,,1596687.0,,,,,
2441,1992-02-26,,,,3.0,2,0.0,2002-05-11
24411,2008-03-04,,,,,,,
244115,1937-06-17,,,,,,,
244145,2003-08-27,,,,,,,
24418,2009-10-23,4.0E7,2.8169671E7,-1.1830329E7,,,,
2442,1996-03-01,,551281.0,,4.0,7,0.5773502691896258,2000-12-10
244201,1939-02-25,,,,,,,
24421,2008-06-26,,,,,,,
24424,2009-09-17,,,,,,,
244260,2015-01-16,,,,,,,
244264,2014-09-25,,1066981.0,,,,,
244316,2015-02-27,1.0E7,,,,,,
24432,2006-02-24,,,,,,,
244331,2004-08-18,,,,,,,
24436,2000-12-13,,,,,,,
24438,2009-12-17,5.8E7,8.528025E7,2.728025E7,,,,
2444,1993-04-21,,,,,,,
244403,2014-10-17,5000000.0,,,,,,
24442,1954-09-02,,,,,,,
24446,2007-12-09,,,,,,,
24447,2007-01-12,,,,,,,
24448,2004-10-15,,,,,,,
244509,2014-05-23,,427418.0,,,,,
244517,2014-05-09,,169976.0,,,,,
24453,1984-10-19,,,,,,,
244536,2014-06-13,,,,,,,
244562,2014-08-29,,,,,,,
244563,2015-02-20,,,,,,,
244688,2014-02-01,,,,,,,
2447,2006-12-01,3.5E7,,,2.923076923076923,13,1.204957707524657,2016-08-17
24470,2000-01-01,,,,,,,
24475,2008-09-13,,,,,,,
24477,2003-12-02,,,,,,,
244772,2014-01-18,,5284309.0,,,,,
244783,2014-01-20,6000000.0,32251.0,-5967749.0,,,,
24479,2006-06-12,,,,,,,
24480,2009-05-28,,,,,,,
244801,2014-05-01,,,,,,,
244839,2000-01-30,,,,,,,
244956,1992-04-11,,,,,,,
245003,2004-03-06,,,,,,,
245017,2004-10-25,,,,,,,
245019,2005-06-18,,,,,,,
24506,2007-01-01,,,,,,,
245072,1959-01-15,,,,,,,
24508,1958-06-11,,,,,,,
245158,2014-02-07,,,,,,,
245168,2015-10-16,1.4E7,1.600242E7,2002420.0,,,,
245170,2013-10-02,,,,,,,
24518,1954-02-18,,,,,,,
24524,1993-01-01,,,,,,,
245268,1943-08-04,,,,,,,
2453,1991-08-23,2.3E7,7434726.0,-1.5565274E7,3.2857142857142856,7,1.0745984853711197,2004-02-18
245394,2010-11-24,,,,,,,
2454,2008-05-15,,4.19651413E8,,3.6785714285714284,14,0.9116161231812193,2011-01-28
24548,1985-04-26,1.15E7,,,,,,
245536,2013-12-25,,,,,,,
24554,2003-12-02,,,,,,,
24559,1972-03-15,3200000.0,,,,,,
245597,2013-12-18,,,,,,,
24561,2009-02-06,,,,,,,
245622,1983-01-12,,,,,,,
245627,2016-12-08,,,,,,,
24565,2006-04-21,,,,,,,
245685,2014-05-23,,,,,,,
24569,1971-01-01,,,,,,,
245697,2011-10-26,,,,,,,
245700,2014-10-31,,5405500.0,,,,,
245706,2015-04-17,,4719695.0,,,,,
245739,2013-12-26,,,,,,,
24574,2006-01-01,,,,,,,
24575,1980-01-01,,,,,,,
24580,1955-08-26,,,,,,,
245842,2017-12-30,,,,,,,
245859,2014-08-22,,,,,,,
24587,1999-01-01,,,,,,,
24589,2009-11-09,,,,,,,
2459,1976-09-22,,,,3.5,17,1.26243811729526,2016-08-17
245913,2016-05-06,,27312.0,,,,,
245984,1937-07-03,,,,,,,
246,2003-09-06,,,,4.040983606557377,61,1.061818730477779,2016-06-27
246006,2012-05-15,,,,,,,
246007,2003-01-06,,,,,,,
246133,2015-08-11,,,,,,,
246205,2013-11-22,,,,,,,
24621,2003-04-16,,6126237.0,,,,,
2463,1999-09-23,,,,3.725,20,0.7859791077978706,2016-08-17
24631,2009-08-05,,,,,,,
24633,2009-04-30,,,,,,,
24634,1981-12-18,,,,,,,
246381,2006-06-27,,,,,,,
246403,2014-09-19,2800000.0,1826705.0,-973295.0,,,,
246415,2009-03-11,,,,,,,
246422,2010-11-29,,,,,,,
246438,2007-02-07,,,,,,,
24647,1999-12-25,,,,,,,
24654,2006-02-03,,138913.0,,,,,
24657,1986-05-14,,300653.0,,,,,
24660,2003-04-01,,,,,,,
24662,1997-03-26,3.2E7,3566637.0,-2.8433363E7,,,,
24664,2000-10-06,,,,,,,
24665,1991-01-01,,,,,,,
24674,2004-03-18,,,,,,,
246741,2014-06-19,,3333000.0,,,,,
246749,1966-08-11,,,,,,,
246829,2000-03-31,,,,,,,
24684,2009-10-29,7500000.0,2.6096852E7,1.8596852E7,,,,
246860,2014-08-20,6600000.0,1851517.0,-4748483.0,,,,
246882,1972-01-24,,,,,,,
246916,2001-09-07,,,,,,,
2470,1992-12-04,,,,3.2333333333333334,60,1.010397919040939,2016-09-23
24701,2006-05-09,,,,,,,
24703,2004-04-20,,,,,,,
24711,1995-01-01,,,,,,,
247124,1988-03-01,,,,,,,
24713,2009-11-03,,,,,,,
24729,1984-11-07,,,,,,,
247354,1932-02-01,,,,,,,
24736,1993-03-12,,1.2890752E7,,,,,
24740,1982-09-30,,1.3277558E7,,,,,
24742,1985-06-14,,8622757.0,,,,,
247437,1942-01-01,,,,,,,
24749,1984-04-13,,,,,,,
24750,1979-08-31,,,,,,,
24752,1991-07-20,,,,,,,
24767,1994-01-14,,,,,,,
24772,1983-09-30,,,,,,,
24774,1951-05-23,,,,,,,
247749,1974-01-03,,,,,,,
24777,1972-09-01,,,,,,,
247773,1932-03-10,,,,,,,
247777,2014-01-24,,,,,,,
247845,2013-12-08,,,,,,,
24787,1987-11-01,,,,,,,
24793,1998-11-08,,,,,,,
24794,2003-07-01,5000000.0,,,,,,
247954,2014-01-02,,,,,,,
24799,2009-10-12,,,,,,,
248,1961-12-18,2900000.0,5000000.0,2100000.0,3.1538461538461537,13,0.8987170342729172,2001-06-24
24805,1923-11-23,,,,,,,
24807,1936-04-12,,,,,,,
248087,2013-12-20,,8.45E7,,,,,
24822,2007-11-14,,,,,,,
248223,2013-12-05,,2118871.0,,,,,
248231,2014-02-28,,,,,,,
24828,1987-12-18,,4916871.0,,,,,
24830,1982-11-10,,1.6894678E7,,,,,
24833,2009-11-19,,,,,,,
248376,2014-01-06,,,,,,,
248426,2013-04-12,,,,,,,
248507,2014-02-26,,,,,,,
248543,2014-05-30,,,,,,,
248559,1982-07-09,,,,,,,
248561,2013-08-17,,,,,,,
248611,2014-02-05,,,,,,,
24863,1949-12-24,,,,,,,
24868,2009-02-05,,,,,,,
24873,1985-11-01,9000000.0,1.6945171E7,7945171.0,,,,
248741,1931-09-12,,,,,,,
248747,2013-12-26,,,,,,,
248757,2000-01-24,,,,,,,
248808,2013-11-11,,,,,,,
248870,2013-04-13,,,,,,,
248888,2014-02-10,,,,,,,
248946,2014-01-09,,,,,,,
249021,2014-02-04,,,,,,,
249057,2013-12-15,,,,,,,
249075,2003-01-11,,,,,,,
24909,1993-10-08,,,,,,,
24913,1986-03-27,5000000.0,,,,,,
24918,1970-10-28,,,,,,,
24919,1981-01-23,,,,,,,
24920,1980-08-11,,,,,,,
24924,1988-10-14,1200000.0,3109904.0,1909904.0,,,,
24927,2007-05-06,3000000.0,1449945.0,-1550055.0,,,,
24929,1988-01-15,6200000.0,9205924.0,3005924.0,,,,
249347,2003-10-16,,,,,,,
249358,1996-01-25,,,,,,,
24939,2005-10-15,,,,,,,
24940,2001-02-02,,1.042447E7,,,,,
249457,2014-01-29,,,,,,,
24948,2008-09-09,,,,,,,
24955,2000-11-24,,,,,,,
24961,1978-10-24,2.4E7,2.1049053E7,-2950947.0,,,,
24964,1985-11-08,,,,,,,
249677,2014-01-03,200.0,,,,,,
249719,2013-07-13,,,,,,,
249724,2013-01-01,,,,,,,
24977,2000-05-05,,2.1268532E7,,,,,
24979,2009-05-19,,,,,,,
24982,2003-04-10,1.3E7,1.7040871E7,4040871.0,,,,
24985,2002-01-01,7000000.0,,,,,,
249882,1995-10-12,,,,,,,
24993,1991-01-30,,1250712.0,,,,,
249931,2014-01-26,,,,,,,
249934,2000-01-01,,,,,,,
24999,2006-01-01,,,,,,,
250,1999-09-10,,,,3.25,4,1.707825127659933,2016-06-27
250029,1992-04-01,,,,,,,
25005,1989-01-01,,,,,,,
25006,2002-01-18,,2106838.0,,,,,
250066,2014-09-11,1.0E7,,,,,,
250096,1985-05-31,,,,,,,
250155,1981-12-01,,,,,,,
25016,1938-10-06,,,,,,,
250219,2014-02-06,2000000.0,,,,,,
250230,2014-10-16,,,,,,,
250251,2013-12-05,2000000.0,4803665.0,2803665.0,,,,
250275,2011-10-23,,,,,,,
250278,2013-11-13,,,,,,,
25032,2008-05-01,,,,,,,
25037,1943-06-10,,,,,,,
250374,2014-08-01,,,,,,,
250388,2014-07-19,,,,,,,
25051,2001-05-26,,,,,,,
250535,2014-12-05,,,,,,,
250551,2014-02-14,,,,,,,
250572,2014-03-08,,,,,,,
250574,2014-06-23,,,,,,,
250577,2014-06-14,,,,,,,
25058,2006-06-16,,,,,,,
25059,1996-03-08,,3.2709423E7,,,,,
25060,2004-01-01,,,,,,,
250608,2013-05-02,3100000.0,,,,,,
250610,1994-10-01,,,,,,,
250657,2014-05-09,,,,,,,
250658,2014-06-27,,48911.0,,,,,
250665,2014-01-20,,,,,,,
250668,2014-01-19,,,,,,,
250686,2014-04-13,,,,,,,
250700,2014-01-20,,,,,,,
250734,2015-04-23,,3.0229977E7,,,,,
25074,1989-06-15,,,,,,,
250766,2014-07-04,,,,,,,
25078,2001-02-21,,,,,,,
250833,2014-01-17,,,,,,,
250895,2013-12-26,,1.8315E7,,,,,
250989,2001-09-27,,,,,,,
251,1990-07-12,2.2E7,5.05E8,4.83E8,3.0,1,,1996-10-07
251028,2014-01-21,,,,,,,
25103,1957-12-17,,,,,,,
251053,2002-05-22,,156021.0,,,,,
25110,2001-06-27,,,,,,,
25112,2008-01-19,,,,,,,
25114,2009-01-30,,,,,,,
25117,1993-05-27,,,,,,,
25121,2009-09-18,,,,,,,
251241,1971-01-01,,,,,,,
25126,2004-01-01,200000.0,,,,,,
25128,2000-01-24,,,,,,,
251281,2003-05-02,,,,,,,
25132,2009-08-21,4.0E7,2.8972508E7,-1.1027492E7,,,,
251321,2014-02-12,,53086.0,,,,,
251419,1988-08-01,,,,,,,
25142,2007-06-01,,,,,,,
25143,2007-11-11,,,,,,,
25148,1937-05-21,,,,,,,
25151,2008-10-31,,,,,,,
251516,2015-05-22,630019.0,,,,,,
25155,1987-01-22,,,,,,,
251555,2014-06-06,,2483130.0,,,,,
251584,2014-01-17,2100000.0,,,,,,
2516,1967-10-09,,,,0.75,2,0.3535533905932738,2005-09-27
25160,1990-03-23,,,,,,,
251626,2014-02-07,,,,,,,
251630,2008-12-26,,,,,,,
251657,1954-02-26,,,,,,,
25172,1999-01-01,,,,,,,
251732,1994-01-21,,,,,,,
251736,2014-10-17,,,,,,,
251768,2014-01-21,,,,,,,
25180,2000-07-23,1100000.0,,,,,,
25182,2009-04-11,,,,,,,
25186,2009-10-16,1.0E7,9069.0,-9990931.0,,,,
25188,1971-10-03,1300000.0,2.9133E7,2.7833E7,,,,
25189,1996-11-15,,,,,,,
25190,1957-08-23,,,,,,,
25195,2010-01-08,1.9E7,2.9922472E7,1.0922472E7,,,,
251959,1966-03-18,,,,,,,
252028,2014-02-26,,,,,,,
252034,2013-12-31,,,,,,,
25205,2009-09-01,,,,,,,
252102,2014-07-11,,,,,,,
252144,1974-01-22,,,,,,,
252189,2014-04-15,,,,,,,
252200,2014-01-27,,,,,,,
25234,1995-11-01,,,,,,,
25237,1985-07-01,,,,,,,
252391,2014-03-01,,,,,,,
252457,2013-06-27,,,,,,,
25248,2004-09-11,,,,,,,
252520,2013-07-20,,,,,,,
252529,2013-11-15,,,,,,,
252607,2014-03-12,8358460.0,,,,,,
252637,2010-11-01,,,,,,,
25264,1979-12-12,,,,,,,
252674,2013-01-01,,,,,,,
252680,2014-03-25,5000000.0,1.0429707E7,5429707.0,,,,
252714,1971-09-22,,,,,,,
25272,2008-10-17,,,,,,,
252746,1956-12-23,,,,,,,
25283,2004-01-25,,,,,,,
252838,2015-01-16,2.3E7,7.979988E7,5.679988E7,,,,
25284,1994-05-26,2500000.0,,,,,,
252853,1971-01-19,,,,,,,
252874,2005-02-10,,,,,,,
252888,1971-10-09,,,,,,,
252894,1952-12-07,,,,,,,
25293,2000-10-28,,,,,,,
25296,1992-02-01,400000.0,152322.0,-247678.0,,,,
25297,1982-02-12,,,,,,,
252981,2014-01-15,,,,,,,
252983,2017-12-31,,,,,,,
252990,2013-07-15,,,,,,,
25300,2003-02-08,,,,,,,
25305,1976-07-28,,,,,,,
253074,2003-09-20,,,,,,,
253077,1998-01-23,,,,,,,
253105,1962-11-30,,,,,,,
253112,1975-12-01,,,,,,,
25312,2005-08-05,,,,,,,
253120,1985-03-29,,,,,,,
253153,2013-11-11,,,,,,,
25319,1964-06-24,,,,,,,
25320,2001-07-18,,,,,,,
253239,2014-03-05,,3946880.0,,,,,
253253,2014-05-15,,,,,,,
253255,2014-03-08,,,,,,,
253266,2014-03-09,,,,,,,
253270,2014-03-07,,,,,,,
253272,2014-03-10,,,,,,,
253277,2014-03-09,,,,,,,
253282,2014-02-09,,,,,,,
253284,2014-03-07,,,,,,,
253286,2015-07-31,,,,,,,
25329,2008-05-25,,,,,,,
253290,2014-03-10,,,,,,,
253292,2014-03-08,,,,,,,
253304,2014-03-11,,,,,,,
253306,2014-09-04,,,,,,,
253307,2014-09-18,,,,,,,
253310,2014-07-02,,,,,,,
253312,2014-09-19,,,,,,,
253315,2014-03-09,,,,,,,
253332,2014-03-09,,,,,,,
253333,2014-09-30,,,,,,,
25334,2004-04-23,,,,,,,
253343,2016-07-05,,,,,,,
253395,2013-09-06,2000000.0,,,,,,
253451,2014-04-12,,,,,,,
253454,2014-03-29,,,,,,,
253476,2009-06-05,,,,,,,
253484,2014-01-21,,,,,,,
25350,2004-09-14,1.0E7,,,,,,
25353,2009-04-01,,,,,,,
25354,2007-04-26,,,,,,,
253578,2006-05-25,,,,,,,
25358,2006-09-26,,,,,,,
253639,2014-02-02,,,,,,,
25364,1951-06-29,,1300000.0,,,,,
253686,2014-01-22,,,,,,,
253687,2014-04-02,,,,,,,
253775,2013-09-21,,,,,,,
253808,2000-02-16,,,,,,,
25381,1957-07-24,,,,,,,
25385,1967-02-07,,,,,,,
253851,2014-03-14,,,,,,,
25386,1959-03-13,,,,,,,
253988,2011-03-12,,,,,,,
254005,2014-02-08,,,,,,,
254023,2014-03-26,2000000.0,,,,,,
254024,2014-09-06,,,,,,,
25403,1993-10-12,,,,,,,
25407,1947-06-28,,,,,,,
254128,2015-05-27,1.1E8,4.70490832E8,3.60490832E8,,,,
25413,1944-12-01,,,,,,,
254166,2014-02-11,,,,,,,
254172,2015-10-01,2240000.0,,,,,,
254188,2014-03-09,,,,,,,
254200,2014-09-09,4700000.0,,,,,,
254241,1946-08-24,,,,,,,
254258,2014-05-02,,,,,,,
254268,1989-01-01,,,,,,,
254311,1980-07-28,,,,,,,
254321,1965-09-03,,,,,,,
25434,2007-02-09,,,,,,,
254375,2014-08-14,,1124445.0,,,,,
25441,1968-06-26,,,,,,,
254435,2014-06-19,,,,,,,
254439,2014-09-05,,,,,,,
254464,2013-02-10,,,,,,,
25447,1988-10-21,,343786.0,,,,,
254472,2015-07-03,2500000.0,,,,,,
254473,2014-04-22,2.8E7,6.8896829E7,4.0896829E7,,,,
254474,2014-10-20,,14947.0,,,,,
254479,2001-09-01,,,,,,,
254526,2014-02-07,,,,,,,
254582,2010-10-24,340000.0,,,,,,
25461,2002-05-16,800000.0,2816116.0,2016116.0,,,,
254611,2009-01-01,,,,,,,
25467,2009-11-16,,,,,,,
25468,1981-10-11,,,,,,,
25472,2009-11-16,,,,,,,
254725,2013-07-26,,,,,,,
25473,1973-02-22,,,,,,,
254738,2000-03-25,,,,,,,
25476,1979-09-12,,,,,,,
254772,2014-02-06,,,,,,,
254775,2010-10-13,,,,,,,
254902,1980-07-23,,,,,,,
254936,2014-02-10,,,,,,,
254952,2016-03-11,,,,,,,
25501,1990-08-24,,,,,,,
25503,1949-03-20,,,,,,,
25510,2008-01-01,,,,,,,
25517,2005-10-07,,,,,,,
255253,2013-11-15,,,,,,,
25527,2006-08-13,,,,,,,
25530,2005-09-25,,,,,,,
25532,2006-01-01,,,,,,,
255343,2014-10-11,,3758328.0,,,,,
255388,1945-11-16,,,,,,,
255391,2013-11-16,,,,,,,
255396,2012-05-16,,,,,,,
25549,1953-05-02,,,,,,,
25550,1952-05-30,,,,,,,
25551,1952-05-09,,,,,,,
255552,2014-02-07,,,,,,,
25556,2002-12-17,,,,,,,
25557,1994-10-21,,8638072.0,,,,,
255573,1984-01-02,,,,,,,
25563,1937-04-10,,,,,,,
25564,1951-05-09,,,,,,,
25568,1985-06-01,,,,,,,
255692,2013-12-06,,,,,,,
255718,2013-02-19,,,,,,,
255775,1997-01-01,,,,,,,
255798,2014-09-04,,,,,,,
25583,2007-08-24,,,,,,,
25584,2006-01-13,,,,,,,
255869,2013-10-10,,,,,,,
25587,2001-12-04,,,,,,,
255885,2014-04-15,,,,,,,
255890,2014-09-18,,,,,,,
255906,1977-02-16,,,,,,,
255940,2003-01-01,,,,,,,
25597,2007-12-27,,,,,,,
25599,1937-04-16,,,,,,,
256,1962-06-22,,,,2.7023809523809526,42,0.8907349925457133,2016-05-08
25602,2009-10-22,1.0E7,,,,,,
256021,2014-02-14,,,,,,,
256030,2015-03-15,,,,,,,
256040,2015-07-10,4.0E7,1.0E8,6.0E7,,,,
256044,2007-01-01,,,,,,,
256057,2015-03-20,,,,,,,
25606,1975-03-27,,,,,,,
256122,1972-01-01,,,,,,,
256166,1979-02-17,,,,,,,
256222,1963-01-01,,,,,,,
25624,1997-02-21,,1.3130349E7,,,,,
25627,1974-11-28,,,,,,,
256273,2014-07-25,,,,,,,
256274,2014-08-14,5000000.0,4.01E7,3.51E7,,,,
25628,1980-08-27,,,,,,,
256283,2014-04-25,,,,,,,
256306,2014-02-07,,,,,,,
256314,2014-03-06,,,,,,,
256347,2014-05-09,,,,,,,
256356,1980-02-02,,,,,,,
25638,2007-10-12,,,,,,,
25641,2001-01-18,,,,,,,
256421,2013-10-15,,,,,,,
25647,2007-04-26,,,,,,,
256474,2014-04-04,1.0E7,,,,,,
256503,2014-04-04,,,,,,,
256511,2014-01-14,,,,,,,
256520,1978-01-01,,,,,,,
25653,1997-10-25,,,,,,,
25655,2008-02-28,,,,,,,
25656,2007-09-22,,,,,,,
256562,2009-08-13,,,,,,,
256591,2015-02-25,5.01E7,1.53962963E8,1.03862963E8,,,,
256593,2014-02-19,,,,,,,
256608,2013-10-18,,,,,,,
256628,2014-02-20,,,,,,,
256679,1986-01-01,,,,,,,
256687,2014-04-20,8000000.0,,,,,,
25670,1940-08-16,,,,,,,
256731,2014-09-26,,,,,,,
25674,1991-10-04,,3547684.0,,,,,
256740,2014-03-04,3500000.0,,,,,,
256750,1981-01-01,,,,,,,
256771,2014-05-01,,,,,,,
25680,1973-06-26,,,,,,,
25684,1993-01-01,,,,,,,
25688,1948-06-24,,,,,,,
256885,2014-02-07,,,,,,,
25690,1997-06-11,,,,,,,
256912,2014-10-17,,,,,,,
256917,2014-12-25,2.25E7,1.5520023E7,-6979977.0,,,,
256930,2014-02-27,7.0,,,,,,
25697,1996-04-12,,,,,,,
25698,1949-07-29,,,,,,,
25699,1976-09-30,,,,,,,
257,2005-09-23,,4.2093706E7,,3.576923076923077,13,1.1151635501529555,2004-10-14
25701,2008-11-14,,,,,,,
25704,2009-08-21,1.5E7,6405245.0,-8594755.0,,,,
257059,2014-01-25,,,,,,,
25706,1993-11-17,,,,,,,
257084,1944-03-23,,,,,,,
257087,2016-04-21,4000000.0,,,,,,
257088,2015-12-03,1.05E8,1.33718711E8,2.8718711E7,,,,
257093,2014-03-14,,,,,,,
257095,1950-01-26,,,,,,,
257117,2014-02-21,,,,,,,
25713,2008-11-05,5500000.0,,,,,,
257160,2014-02-07,220000.0,1500000.0,1280000.0,,,,
257200,2013-09-25,,,,,,,
257211,2015-09-24,,1.94564672E8,,,,,
257214,2014-03-08,,,,,,,
257249,2013-11-23,,,,,,,
257258,2016-04-01,,,,,,,
25728,1951-09-07,,,,,,,
257302,1970-08-02,,,,,,,
257345,2016-05-13,4000000.0,1.0898293E7,6898293.0,,,,
25736,1946-05-02,,,,,,,
25739,1979-08-22,,,,,,,
257407,2014-11-07,,,,,,,
25741,2008-09-22,,,,,,,
257439,2014-04-18,,,,,,,
257442,2014-03-28,,,,,,,
257444,2015-08-14,,,,,,,
257445,2015-08-05,,1.58162788E8,,,,,
257451,2014-04-18,,,,,,,
257454,1944-09-18,,,,,,,
25746,2008-01-26,,,,,,,
25748,1993-01-29,,6980986.0,,,,,
25749,1995-09-12,,,,,,,
2575,2001-02-11,2.1E7,2.8008462E7,7008462.0,3.7222222222222223,9,0.9052317076000179,2006-05-27
25751,1998-06-21,,,,,,,
25754,2009-09-26,4500000.0,,,,,,
25756,1989-01-15,,,,,,,
257563,1983-08-18,,,,,,,
25757,2004-01-27,,,,,,,
257574,1970-01-20,,,,,,,
257578,1979-10-14,,,,,,,
2576,1959-03-18,3000000.0,,,,,,
257608,,,,,,,,
257614,2014-01-27,,,,,,,
257623,1955-07-18,,,,,,,
25763,1977-09-10,,8720000.0,,2.0,1,,2009-02-08
25764,2006-08-10,,,,4.5,1,,2011-01-28
25769,2009-09-04,,5802422.0,,4.0,4,0.7071067811865476,2015-06-15
257698,1974-11-27,,,,,,,
25771,1972-08-31,,,,3.35,10,1.4151953143569187,2015-11-20
25773,1981-08-20,,,,4.0,1,,2006-02-21
25783,2003-02-14,,,,,,,
25784,2006-02-22,1300000.0,639000.0,-661000.0,,,,
25786,2004-11-23,,,,,,,
25787,1953-04-06,,,,,,,
257874,2013-10-08,89.0,,,,,,
257907,1938-04-01,,,,,,,
257925,1958-03-31,,,,,,,
25793,2009-11-06,1.0E7,4.7536959E7,3.7536959E7,,,,
257932,2014-05-20,4.0E7,,,,,,
257947,2003-02-19,,,,,,,
25797,2001-12-06,,,,,,,
257974,2014-03-07,,,,,,,
257975,2012-10-05,,,,,,,
258,1970-08-31,,,,2.5,11,0.9746794344808963,2016-08-09
25803,2007-09-13,,,,,,,
258049,1968-07-10,,,,,,,
258075,2014-04-05,,,,,,,
258113,2014-01-01,,,,,,,
258126,2014-02-07,,,,,,,
258147,2014-03-06,,,,,,,
258193,2014-04-04,,,,,,,
258200,1938-02-13,,,,,,,
258251,2014-03-14,,,,,,,
258253,1978-03-06,,,,,,,
258255,2014-05-20,,,,,,,
25831,1990-11-16,,,,,,,
25832,1987-05-27,,,,,,,
258322,2014-03-06,,5260000.0,,,,,
258358,2014-05-09,,,,,,,
258369,1947-03-06,,,,,,,
258384,1935-10-22,,,,,,,
25842,1938-12-16,,,,3.5,1,,2009-07-13
25846,2009-09-02,,,,,,,
25848,1957-12-17,1750000.0,2200000.0,450000.0,,,,
258480,2015-11-20,1.18E7,4.0272135E7,2.8472135E7,,,,
258514,2010-04-05,,,,,,,
25852,2008-12-12,,,,5.0,1,,2010-09-14
258521,1965-01-01,,,,,,,
25853,2002-06-21,250000.0,144008.0,-105992.0,,,,
258614,2014-02-17,,,,,,,
25862,1941-11-15,,,,,,,
258631,1964-06-06,,,,,,,
25867,2009-11-27,,,,,,,
25868,2009-10-29,,,,3.6666666666666665,3,0.5773502691896258,2011-01-28
25869,2007-01-25,,,,,,,
2587,1972-03-03,3000000.0,,,2.6,5,1.140175425099138,2002-04-22
25874,1969-03-26,,,,1.75,2,1.7677669529663689,2011-02-13
258749,2014-03-27,,,,,,,
25875,2006-09-28,,,,,,,
258750,2014-02-28,,,,,,,
258755,2014-10-03,,,,,,,
25876,1951-12-12,,,,,,,
2588,2007-08-24,6500000.0,,,,,,
258800,1950-01-23,,,,,,,
258907,1974-01-01,,,,,,,
25894,1943-05-01,,,,,,,
258945,1995-12-10,,,,,,,
258947,2015-09-28,,,,,,,
25900,1949-11-23,,,,3.5,1,,2008-11-15
259014,2014-04-17,,,,,,,
25902,2005-12-08,,,,,,,
259072,2014-08-22,1200000.0,,,,,,
25908,1968-05-17,,,,,,,
25913,2002-02-19,,,,,,,
25915,1949-01-25,,,,,,,
25918,1949-04-09,,,,,,,
259183,1952-03-16,,,,,,,
25919,2007-01-01,,,,,,,
25925,1993-04-23,,,,,,,
25926,2001-11-06,,,,,,,
259261,2013-08-15,,,,,,,
25934,1967-06-14,640000.0,,,,,,
25935,2003-08-06,,,,,,,
259387,1995-04-06,,,,,,,
259389,2001-02-03,,,,,,,
25939,1963-09-20,,,,,,,
25941,2009-11-11,,1.0329747E7,,4.0,1,,2008-09-23
259557,1980-11-01,,,,,,,
25961,2007-07-14,,4.2238454E7,,,,,
259611,2014-07-31,,,,,,,
259645,1972-05-04,,,,,,,
259679,2014-03-16,,,,,,,
25969,1995-09-15,,,,,,,
25970,1942-10-30,,,,,,,
259728,2004-03-07,,,,,,,
25975,2005-08-05,,,,,,,
259761,2013-12-01,,,,,,,
25983,2009-04-25,,,,,,,
259830,2014-02-28,,,,,,,
259835,1965-03-05,,,,,,,
259894,2013-04-27,,,,,,,
25993,1972-11-17,,,,2.5,1,,2011-01-28
25994,1997-12-27,,,,,,,
259958,2015-04-17,,,,,,,
259963,2014-04-20,,126150.0,,,,,
25998,1988-12-01,,,,,,,
259985,2014-04-27,,,,,,,
259999,2014-08-08,,,,,,,
26,2004-02-05,,,,4.1,5,0.8944271909999159,2004-04-24
26005,1997-10-09,,,,3.5,1,,2009-06-13
26009,1952-01-16,,,,0.5,1,,2011-02-13
260094,2014-03-20,,,,,,,
26011,1987-03-01,,,,,,,
26016,2009-04-15,,,,,,,
260182,2001-04-08,,,,,,,
260202,2014-03-20,,,,,,,
260234,2014-03-25,,,,,,,
26028,1986-10-23,,,,,,,
260312,2014-04-09,,,,,,,
26032,2009-11-01,,,,,,,
260339,2014-03-27,,,,,,,
260346,2014-12-16,4.8E7,3.25771424E8,2.77771424E8,,,,
26035,2009-11-25,,,,,,,
26039,1967-08-30,2500000.0,3200000.0,700000.0,,,,
260399,2006-03-21,,,,,,,
2604,1989-12-20,1.4E7,1.61001698E8,1.47001698E8,,,,
26044,1988-07-08,,1.4681192E7,,,,,
2605,1986-05-09,,4.0697761E7,,3.1463414634146343,41,1.0382912792120547,2016-05-08
260514,2017-06-15,1.75E8,3.50170057E8,1.75170057E8,,,,
260583,1936-12-20,,,,,,,
260666,1979-04-28,,,,,,,
260677,2014-03-21,,,,,,,
260817,1973-04-30,,,,,,,
260826,1989-10-12,,,,,,,
260839,1981-01-01,,,,,,,
260840,1978-10-08,,,,,,,
260857,1975-10-02,,,,,,,
260888,1980-08-15,,,,,,,
260891,1975-02-18,,,,,,,
260899,1977-12-15,,,,,,,
260916,1981-01-01,,,,,,,
260947,2014-04-04,3000000.0,,,,,,
260969,1988-01-01,,,,,,,
2610,2005-10-21,1.0284523E7,1.1588205E7,1303682.0,3.5,4,0.5773502691896257,2001-04-08
261005,1973-09-10,,,,,,,
261041,2014-04-20,,,,,,,
261047,2014-06-17,,,,,,,
2611,1991-05-24,,2.1830957E7,,3.75,4,0.9574271077563381,2000-12-10
261101,2014-08-29,,,,,,,
261102,2014-12-25,,,,,,,
261103,2014-09-11,,,,,,,
26111,1987-09-05,,,,3.3333333333333335,3,0.5773502691896258,2011-01-28
261112,2008-06-12,,,,,,,
26118,2009-11-23,,,,,,,
2612,1990-10-12,2.0E7,1.5379253E7,-4620747.0,3.7777777777777777,9,1.092906420717,2011-01-28
26121,1969-10-20,,,,,,,
26125,2004-12-20,,,,3.5,1,,2015-06-10
26127,1993-08-04,9000000.0,,,,,,
261274,1971-01-01,,,,,,,
2613,1992-07-10,,2.2697691E7,,3.6,5,0.8944271909999159,2000-11-20
26130,2005-09-03,,,,,,,
26131,2003-02-09,,,,4.083333333333333,6,0.4915960401250876,2008-09-28
261392,2015-08-19,2.8E7,2.7139524E7,-860476.0,,,,
26140,2005-10-17,,,,,,,
261410,1994-10-01,,,,,,,
26142,1991-07-24,1.2E7,3.8120905E7,2.6120905E7,,,,
261433,2006-01-01,,,,,,,
261461,2015-01-08,3000000.0,,,,,,
26147,2005-12-30,2196531.0,2411594.0,215063.0,4.5,1,,2008-10-10
26149,1999-10-29,2.7E7,1.4859394E7,-1.2140606E7,,,,
26152,2009-04-08,,,,4.0,4,0.816496580927726,2006-10-05
26153,2008-08-15,,,,,,,
261538,1975-08-19,,,,,,,
26156,1987-11-06,,,,,,,
26158,1966-06-22,,,,,,,
261581,2005-08-19,,,,,,,
2616,1989-08-16,1.5E7,7.9258538E7,6.4258538E7,2.6296296296296298,27,1.0339672717684631,2016-08-17
261684,1934-02-02,,,,,,,
26171,2009-12-04,2.1E7,,,3.75,2,1.0606601717798212,2015-06-10
26175,1952-01-01,,,,,,,
26176,1976-01-01,,,,3.0,1,,2015-06-11
261770,2014-07-11,,,,,,,
26178,1984-04-19,5500000.0,801000.0,-4699000.0,3.6666666666666665,3,0.7637626158259734,2011-01-28
261810,2014-11-19,,,,,,,
261817,2014-04-17,,,,,,,
261818,2014-04-19,,,,,,,
261820,2014-12-17,,,,,,,
261824,2014-04-19,,,,,,,
261830,2014-10-10,,,,,,,
26186,1968-09-19,,,,,,,
261872,1972-12-22,,,,,,,
261884,2009-06-01,,,,,,,
261899,2014-03-26,,,,,,,
26191,2009-02-18,,,,,,,
26199,1965-01-01,,,,4.0,1,,2007-12-01
26203,1994-01-26,,1.6668552E7,,,,,
26205,1951-10-16,,,,,,,
262113,,,,,,,,
262137,2014-05-30,,,,,,,
26223,2009-10-23,,,,,,,
26225,2002-10-11,,,,,,,
262260,1929-04-08,354000.0,,,,,,
26230,1991-01-01,,,,,,,
26233,2008-03-25,5000000.0,,,,,,
262338,2014-09-26,,,,,,,
26234,1971-02-10,,,,,,,
262340,2014-06-27,5900000.0,2.3E7,1.71E7,,,,
262391,2014-04-16,,,,,,,
26242,1952-08-12,,,,4.0,4,0.7071067811865476,2006-07-02
262436,2015-03-13,,,,,,,
26244,2000-08-25,,,,,,,
26245,2000-10-31,,,,,,,
2625,1993-10-08,,,,4.0,1,,2003-02-08
262500,2015-03-18,1.1E8,2.95238201E8,1.85238201E8,,,,
262517,1977-12-31,,,,,,,
262522,2000-04-04,,,,,,,
262543,2014-10-09,7000000.0,,,,,,
26255,1992-11-13,,754935.0,,,,,
262551,2014-04-16,,,,,,,
26261,1994-04-15,,,,,,,
26267,2005-01-14,,,,,,,
26271,1995-12-08,,,,4.0,1,,2007-01-05
262713,2013-02-15,,,,,,,
26275,2004-05-29,,,,,,,
262775,2011-09-30,,,,,,,
26278,1957-05-24,,,,,,,
262782,2014-05-15,,,,,,,
262785,2013-11-12,,,,,,,
26280,2009-06-05,,,,,,,
262806,1927-04-01,,,,,,,
262831,1989-12-01,,,,,,,
262841,2016-12-21,1.25E8,6.4493915E7,-6.0506085E7,,,,
26286,1946-04-10,,,,,,,
262958,2014-05-30,,2606000.0,,,,,
26296,1959-10-24,,,,,,,
262975,2008-08-28,,,,,,,
262982,2016-12-16,,,,,,,
262988,2002-07-02,,,,,,,
26300,1995-04-22,7000000.0,,,,,,
26301,2005-10-09,,,,,,,
263029,2004-08-10,,,,,,,
263032,1992-04-26,,,,,,,
26306,1997-01-24,8000000.0,589304.0,-7410696.0,,,,
263065,1982-01-04,,,,,,,
263111,2014-04-27,,,,,,,
263112,1963-12-30,,,,,,,
26317,1929-01-08,,,,2.0,1,,2010-03-30
26319,1942-01-24,,,,,,,
26320,2009-09-03,,,,2.5,1,,2015-06-10
26325,1981-08-07,,3.656528E7,,4.0,1,,2011-04-21
263260,1955-09-03,,,,,,,
26329,1973-11-09,,,,,,,
26332,1973-08-18,,,,,,,
26336,2007-11-22,,,,,,,
26347,2004-05-19,,,,,,,
263524,2013-08-24,,,,,,,
263532,1998-07-29,,,,,,,
26354,2007-01-01,,,,,,,
26355,1988-01-15,,1.7514553E7,,,,,
263570,1957-02-14,,,,,,,
263582,1981-03-07,,,,,,,
26360,1989-04-27,,,,,,,
263600,2007-03-10,,,,,,,
263614,2014-11-07,,,,,,,
26367,2009-09-11,,,,,,,
26368,1996-12-14,,,,,,,
2637,2002-01-25,3.2E7,5.5157539E7,2.3157539E7,4.0,1,,2000-01-31
26371,1987-09-18,,,,2.5,1,,2007-06-13
26378,1939-01-28,,,,,,,
26379,2009-12-04,3250000.0,,,,,,
263823,,,,,,,,
26385,1948-09-02,,,,,,,
263855,2014-09-05,,,,,,,
26387,1948-10-13,,,,,,,
26388,2010-09-24,1987650.0,1.915248E7,1.716483E7,,,,
26389,2010-02-05,,5.2826594E7,,,,,
26390,2009-01-16,,2.9536299E7,,,,,
263913,2014-04-19,,,,,,,
263976,2014-04-09,,,,,,,
263986,2014-08-22,,,,,,,
2640,1988-10-01,,1108462.0,,3.433333333333333,75,0.8436300798997814,2016-08-17
264048,2013-12-04,2300000.0,,,,,,
264061,1940-05-09,,,,,,,
26408,1993-12-05,,,,,,,
264080,1977-02-25,,,,,,,
2642,2002-12-19,6.0E7,9.3354918E7,3.3354918E7,2.2708333333333335,24,0.9666073195175628,2013-01-28
264206,2014-09-30,,,,,,,
26422,1996-05-12,,,,5.0,1,,2009-03-16
264241,1946-01-01,,,,,,,
26425,1999-02-26,1.2E7,,,3.5,3,1.0,2011-02-13
26426,1990-05-11,,,,,,,
264264,2014-12-02,4.0E7,,,,,,
264269,2014-03-13,,320395.0,,,,,
264273,2014-04-10,,,,,,,
26430,2009-01-01,,,,1.0,1,,2009-06-14
26431,2006-01-01,,,,,,,
264356,2012-10-19,,,,,,,
264389,2014-10-16,,,,,,,
264393,1967-12-01,,,,,,,
264401,2014-10-20,,,,,,,
26444,1981-05-22,,,,,,,
26447,1985-01-31,,,,,,,
264482,1937-05-08,,,,,,,
264525,2014-10-16,,,,,,,
26454,2003-02-07,,,,,,,
264553,2014-04-30,,,,,,,
264560,1996-02-19,,,,,,,
264569,2014-04-13,,,,,,,
26461,2008-12-07,,,,,,,
264656,2014-05-18,1.6E7,3442853.0,-1.2557147E7,,,,
26469,2007-03-10,,,,,,,
264723,1974-02-06,,,,,,,
264729,2015-03-03,,,,,,,
264760,2013-12-15,,,,,,,
264767,2014-04-21,,,,,,,
2648,1989-01-01,,,,4.166666666666667,15,0.6725927091345492,2012-12-04
26484,1963-08-07,,,,,,,
26486,2004-09-24,,,,,,,
26488,2003-04-29,,1819410.0,,,,,
2649,1997-09-12,5.0E7,1.09423648E8,5.9423648E7,5.0,1,,2000-01-31
26491,2002-10-22,,,,,,,
26497,2006-08-02,,,,,,,
264978,2014-02-11,,,,,,,
265016,2014-10-17,,,,,,,
26506,2007-09-07,,,,,,,
26508,1965-11-01,,,,,,,
26510,2004-12-03,,,,,,,
265111,2012-03-20,,,,,,,
26513,1971-05-09,,,,2.5,1,,2005-04-27
265169,2014-06-13,,,,,,,
265177,2014-05-22,4900000.0,3494070.0,-1405930.0,,,,
265195,2014-08-21,,2.7007072E7,,,,,
26520,1969-09-17,2000000.0,3.0E7,2.8E7,,,,
265208,2015-01-14,3.0E7,,,,,,
26521,2008-10-10,,,,,,,
265226,2014-05-22,,,,,,,
265228,2014-12-10,,1076075.0,,,,,
265330,2014-04-17,,,,,,,
265351,2014-04-18,,,,,,,
26538,1979-12-13,,,,,,,
265394,2014-04-13,,,,,,,
2654,1994-12-12,,8946600.0,,4.25,4,0.4999999999999999,2011-09-02
26540,1979-11-27,,,,,,,
26541,2003-05-15,,,,,,,
265432,2004-06-18,,,,,,,
265449,2014-10-17,,,,,,,
265497,2014-04-14,,,,,,,
26550,1978-02-08,,,,,,,
265531,1996-08-25,,,,,,,
26556,2008-11-17,,,,,,,
26558,1986-05-14,40000.0,,,,,,
26560,1981-09-18,,1.5578237E7,,,,,
26564,1994-09-10,,3174695.0,,2.25,2,2.4748737341529163,2009-11-17
265640,1976-01-13,,,,,,,
26567,2005-09-30,,,,,,,
26569,1977-03-20,,,,,,,
2657,1998-09-17,,,,3.1746031746031744,63,1.1505914683703045,2016-06-26
26571,1981-01-01,,,,,,,
265712,2014-08-08,3.5E7,8.3061158E7,4.8061158E7,,,,
26573,1965-11-06,,,,,,,
26578,1985-01-25,,,,5.0,1,,2011-06-04
26581,1965-08-23,,,,2.0,1,,2010-03-18
26588,2009-11-02,,,,,,,
265910,1988-01-25,,,,,,,
26593,1970-12-18,,,,,,,
26596,1954-05-26,,,,,,,
26598,1998-10-05,,,,,,,
26599,1992-01-01,,,,5.0,1,,2005-11-13
26600,1944-05-20,,,,,,,
26602,2001-08-22,3.4E7,1.9693891E7,-1.4306109E7,,,,
266030,2014-08-27,,472370.0,,,,,
266036,2014-06-05,,,,,,,
266038,2015-05-06,,,,,,,
266044,2014-05-16,,,,,,,
266047,2015-02-13,,,,,,,
266082,2014-06-27,,60765.0,,,,,
26610,1997-03-14,,,,,,,
26621,2009-12-06,,,,,,,
26622,1998-03-21,,,,3.5,1,,2009-06-20
26626,1995-10-01,,,,,,,
266279,1932-05-04,,,,,,,
266294,2015-12-18,3.0E7,1.05011053E8,7.5011053E7,,,,
266333,1997-02-23,,,,,,,
26635,1940-06-08,,,,,,,
26638,1964-09-04,,,,,,,
26639,1982-05-27,,,,,,,
266400,2014-05-30,,,,,,,
26643,1962-04-01,,,,,,,
26644,1997-09-19,,,,,,,
26652,1969-01-01,,,,,,,
266537,2014-04-30,,,,,,,
26654,1945-06-15,,,,,,,
266540,2013-06-01,,,,,,,
266549,1966-10-12,,,,,,,
26657,1946-11-01,,,,,,,
2666,1998-02-27,2.7E7,2.7200316E7,200316.0,,,,
26661,1955-06-01,,,,,,,
266639,2015-10-22,5000000.0,2333684.0,-2666316.0,,,,
26665,2000-07-05,,,,,,,
26666,1947-08-29,,,,,,,
266687,2004-03-12,,,,,,,
266689,2014-04-18,,,,,,,
2667,1999-07-14,60000.0,2.48E8,2.4794E8,,,,
266718,2014-04-24,,,,,,,
266723,2014-02-28,670.0,,,,,,
266740,2009-09-11,,,,,,,
266741,2002-10-10,,,,,,,
26676,1986-11-14,1500000.0,,,,,,
266764,2015-09-11,,,,,,,
26677,1987-11-06,,,,,,,
2668,1999-11-18,1.0E8,2.06071502E8,1.06071502E8,3.0,10,1.2472191289246473,2003-02-08
26680,1977-07-15,200000.0,,,3.5,4,0.408248290463863,2012-08-06
26682,1994-07-22,1000000.0,,,,,,
26686,1978-12-15,,,,3.5,1,,2015-07-28
26687,2006-11-02,2000000.0,,,,,,
266874,1986-04-28,,,,,,,
266880,2014-04-28,,,,,,,
2669,1984-05-04,2.5E7,8613462.0,-1.6386538E7,3.3333333333333335,3,0.5773502691896258,2002-09-09
26691,2009-08-12,,,,,,,
26693,2009-06-27,,,,3.25,2,1.7677669529663689,2015-06-15
267,1997-10-28,,1535558.0,,2.730769230769231,13,0.9919548170024474,2015-11-30
26701,1946-09-25,,,,4.0,1,,2010-12-15
26703,1978-06-01,,,,,,,
267091,2014-02-01,,,,,,,
267094,2014-04-27,,,,,,,
2671,1998-01-31,1200000.0,8690429.0,7490429.0,3.3828125,64,0.9829587159700997,2016-05-08
26712,1951-02-24,,,,4.5,4,0.408248290463863,2012-08-09
26714,1932-05-28,,,,,,,
26715,2009-05-16,,199436.0,,,,,
267178,2014-04-29,,,,,,,
267192,2016-06-10,,5681622.0,,,,,
267193,2016-02-24,3.5E7,2.5182929E7,-9817071.0,,,,
267197,1976-12-31,,,,,,,
26723,1988-10-07,,,,,,,
26738,2009-09-24,,,,,,,
267389,1959-07-21,,,,,,,
26744,1948-12-25,,,,,,,
267457,2014-05-02,,,,,,,
267463,2014-09-06,,,,,,,
267483,1938-04-29,,,,,,,
26750,2009-10-21,200000.0,,,3.0,1,,2007-04-27
267506,1971-06-18,,,,,,,
267522,2012-11-15,,,,,,,
267579,2014-05-14,,,,,,,
26758,1955-11-05,,,,,,,
26761,1947-03-02,,,,,,,
26762,1973-10-01,,,,,,,
26768,1968-09-01,,,,,,,
267752,2013-11-21,,,,,,,
26776,1957-01-01,,,,3.9166666666666665,12,1.0408329997330665,2016-02-15
267795,2014-09-18,,,,,,,
267800,2016-05-16,,,,,,,
267804,2014-05-02,,,,,,,
267806,2014-10-23,,2756.0,,,,,
267815,2014-08-11,,,,,,,
26782,1965-09-03,,,,3.0,1,,2005-09-19
267852,2014-10-26,,,,,,,
267860,2016-03-02,6.0E7,2.05754447E8,1.45754447E8,,,,
267872,2014-05-30,,,,,,,
26791,2001-03-30,1000000.0,852206.0,-147794.0,5.0,1,,2015-08-15
267931,2014-12-12,1.0,,,,,,
26796,2009-05-30,,,,,,,
267970,2015-05-09,,,,,,,
267999,2014-06-12,,282358.0,,,,,
268,1989-06-23,3.5E7,4.11348924E8,3.76348924E8,4.25,4,0.4999999999999999,1997-11-14
268009,1975-09-11,,,,,,,
26801,1942-01-02,,,,,,,
26803,1980-10-01,,,,,,,
26805,1946-03-29,,,,,,,
268060,2014-04-12,,,,,,,
26807,2002-12-20,,,,,,,
26809,2009-12-24,,,,4.5,1,,2012-08-05
268099,2014-04-30,,,,,,,
26810,2004-05-14,,,,3.25,2,1.7677669529663689,2012-08-06
26811,1965-02-23,,,,,,,
26814,1949-10-12,,,,,,,
26815,2009-12-11,1250000.0,,,,,,
268159,2014-04-23,,,,,,,
268171,2014-03-07,1.0E7,,,,,,
268212,1963-05-30,,,,,,,
26824,1995-06-16,,,,,,,
268245,2014-03-04,,,,,,,
26830,1995-09-23,,,,,,,
268380,2007-10-03,,,,,,,
268386,2014-01-09,,,,,,,
26841,2003-03-31,,700000.0,,,,,
26843,1981-04-17,3.5E7,,,5.0,1,,2015-08-23
26845,1932-04-02,,,,,,,
26849,1944-11-16,,,,,,,
268508,2014-03-01,,,,,,,
26851,1982-03-17,,,,,,,
268522,2013-12-31,,,,,,,
268531,2017-06-01,,1.10824373E8,,,,,
26860,1932-08-04,50000.0,,,,,,
26861,2009-10-16,,,,,,,
268652,1969-07-14,,,,,,,
268660,2014-05-30,7400000.0,1300000.0,-6100000.0,,,,
268669,1945-04-01,,,,,,,
268674,1999-06-02,,,,,,,
2687,1992-02-28,4.0E7,1.4358033E7,-2.5641967E7,3.625,28,1.0507933510765408,2016-05-08
268712,2012-12-26,,,,,,,
26881,1988-02-21,,,,,,,
268823,2014-06-04,,,,,,,
26883,1989-05-06,,,,,,,
26886,2003-01-18,,,,3.0,1,,2010-03-30
268917,2014-06-15,100.0,,,,,,
26899,2003-01-17,800000.0,62852.0,-737148.0,,,,
2690,1963-06-04,,,,4.25,20,0.6386663736585051,2015-08-15
269043,2013-08-27,,,,,,,
269057,2014-09-08,1000000.0,,,,,,
26911,2005-12-12,,,,,,,
26914,1990-10-12,,,,,,,
269149,2016-02-11,,1.023784195E9,,,,,
26916,2000-10-31,,,,,,,
269165,1963-10-25,,,,,,,
269173,2014-06-19,,,,,,,
269198,2014-04-23,,,,,,,
26925,1939-08-17,,,,,,,
269258,2014-12-25,,,,,,,
26933,1994-05-05,,,,,,,
26935,1998-01-24,,,,,,,
2694,2006-09-21,,,,3.3448275862068964,29,1.0186076655683876,2016-08-17
26941,1997-12-26,,2465960.0,,,,,
26945,1999-08-21,,,,,,,
26946,1957-02-10,70000.0,,,,,,
26947,1969-03-21,,,,4.5,1,,2010-07-10
269518,2007-10-02,,,,,,,
26953,1989-10-12,,,,,,,
26956,1991-10-17,800000.0,,,,,,
26957,1993-11-24,,,,,,,
26958,1994-09-21,,,,,,,
26961,2003-12-16,,,,,,,
26969,2008-04-18,,,,,,,
269711,2014-05-08,,,,,,,
269714,2014-04-30,,,,,,,
269747,2015-02-27,,,,,,,
26987,2006-12-16,,,,,,,
2699,1996-11-17,,,,2.911290322580645,62,0.9603798494942761,2016-08-17
269961,1973-10-01,,,,,,,
269963,1981-01-01,,,,,,,
27,2004-07-16,1000000.0,1574623.0,574623.0,3.142857142857143,7,0.6900655593423543,2001-06-21
270007,2016-05-05,,,,,,,
270025,2010-06-26,,,,,,,
27004,2010-01-01,7000000.0,46488.0,-6953512.0,,,,
270081,1975-07-09,,,,,,,
2701,1994-04-03,1.0E7,,,2.0319148936170213,47,0.8993007870801201,2016-05-08
27012,1972-07-01,,,,,,,
27018,2002-03-05,,,,,,,
27022,2010-07-13,1.5E8,2.15283742E8,6.5283742E7,4.333333333333333,3,0.7637626158259733,2013-02-04
270221,2013-12-13,232000.0,,,,,,
27029,1959-06-18,3500000.0,1.28E7,9300000.0,,,,
27030,1953-09-16,,,,,,,
270306,2002-02-22,,,,,,,
270336,1977-01-01,,,,,,,
270357,2012-10-12,,,,,,,
27036,1949-08-13,,,,,,,
270372,2011-09-27,,,,,,,
270383,2014-05-03,,,,,,,
270393,1986-05-18,,,,,,,
270397,2014-05-21,,,,,,,
27046,2007-12-21,,5.5635037E7,,,,,
270463,1966-11-02,,,,,,,
270469,2002-10-19,,,,,,,
270479,2013-10-16,,,,,,,
270529,2014-04-29,,,,,,,
270585,1966-08-28,,,,,,,
27059,1980-09-26,,,,,,,
27062,2001-05-18,,,,,,,
27066,1994-01-27,,,,,,,
27067,1997-06-04,,,,,,,
270696,2013-10-04,,,,,,,
27070,1989-04-05,,,,,,,
270771,2014-06-12,,,,,,,
270774,2016-07-21,3.2E7,5.85E7,2.65E7,,,,
270822,2011-01-01,,,,,,,
27085,1975-08-13,1500000.0,,,,,,
270851,2014-05-25,,,,,,,
27090,2003-09-03,20000.0,,,,,,
270909,2014-05-18,,,,,,,
270952,2008-01-01,,,,,,,
27099,2000-06-07,,,,,,,
271009,2012-12-30,,,,,,,
27102,1984-08-29,,,,,,,
27103,1997-05-28,,,,,,,
271033,1995-05-16,,,,,,,
27114,1932-10-14,,,,,,,
271164,2014-09-26,,1009620.0,,,,,
27117,1942-09-18,,,,,,,
27118,1939-03-31,,,,,,,
271185,2014-04-19,950000.0,,,,,,
27119,1999-10-01,,,,,,,
27123,1999-09-17,,,,,,,
271234,2014-05-08,,,,,,,
27130,1943-04-21,,,,,,,
271331,2014-06-19,2.7E7,,,,,,
27138,1976-11-14,,,,,,,
271388,2014-06-07,,,,,,,
27145,1981-03-04,,,,,,,
27146,1969-01-09,,,,,,,
271495,2014-04-24,,,,,,,
271667,2000-04-01,,,,,,,
271677,2003-04-10,,,,,,,
27169,2009-11-08,,,,,,,
271706,2016-07-08,4531653.0,8.455225E7,8.0020597E7,,,,
27171,1984-01-27,,,,,,,
271717,2014-05-22,,,,,,,
271724,2014-09-03,,,,,,,
271736,2015-09-16,,3286448.0,,,,,
27179,1958-07-31,,,,,,,
27191,1952-01-10,4000000.0,3.6E7,3.2E7,,,,
27196,1974-10-24,,,,,,,
271969,2016-08-17,,9.4061311E7,,,,,
271983,2015-04-30,,,,,,,
272,2005-06-10,,3.74218673E8,,4.0,39,0.7863975156570492,2011-03-20
27200,1976-10-18,,,,,,,
27201,1978-06-02,,1.55E7,,,,,
27202,2003-03-11,,,,,,,
27208,2006-08-07,,,,,,,
27211,1978-01-01,,,,,,,
27212,1955-04-15,,,,,,,
27215,2007-06-21,,,,,,,
272162,1969-01-01,,,,,,,
27217,2002-09-13,,,,,,,
272220,2005-01-01,,,,,,,
27224,1993-05-14,,,,,,,
272255,1948-05-30,,,,,,,
27230,1980-11-01,750000.0,,,,,,
27236,1971-07-07,850000.0,,,,,,
272426,2008-03-18,,,,,,,
27243,2004-12-01,,,,,,,
27245,2001-01-31,,,,,,,
272525,2008-10-15,,,,,,,
27255,2008-03-25,,,,2.5,1,,2010-09-04
27258,2008-07-10,,,,,,,
27260,1998-04-19,,,,,,,
272610,2014-04-17,7000000.0,855450.0,-6144550.0,,,,
27263,1951-08-17,,,,,,,
272634,2015-02-18,,,,,,,
272692,2014-08-22,,,,,,,
272693,2015-02-20,8500000.0,4.3528634E7,3.5028634E7,,,,
27270,1986-04-08,,,,,,,
272720,1967-05-29,2.0,,,,,,
27274,1990-06-01,,205068.0,,,,,
27281,1995-07-28,,,,,,,
27286,2008-04-01,,56386.0,,,,,
272875,2014-07-24,,,,,,,
272878,2015-06-26,2.0E7,4.3967255E7,2.3967255E7,,,,
27294,1985-04-12,,,,,,,
27295,1992-07-24,,,,,,,
27296,2005-01-01,,,,,,,
273,2001-12-31,250000.0,,,3.1296296296296298,27,0.6735753140545634,2010-10-07
273059,2014-04-26,,,,,,,
273084,2014-05-30,,,,,,,
273085,2002-06-30,,,,,,,
2731,1992-04-15,,,,3.892857142857143,14,0.8588581737617467,2015-07-16
273106,2000-10-10,,,,,,,
273126,1974-01-01,,,,,,,
273127,1996-03-01,,,,,,,
27313,1970-01-01,,,,,,,
273149,2005-06-01,,,,,,,
273153,2015-08-19,,,,,,,
27316,2003-08-14,,,,,,,
273167,1966-12-19,,,,,,,
273169,2014-06-04,5000000.0,1.2058187E7,7058187.0,,,,
27317,2009-08-25,,,,3.75,6,0.8803408430829504,2015-06-10
273197,2014-04-29,,,,,,,
27323,1983-03-04,,3952448.0,,,,,
27324,2001-02-10,,,,,,,
273248,2015-12-25,4.4E7,1.55760117E8,1.11760117E8,,,,
27327,1974-10-31,,,,,,,
273279,2010-09-22,,,,,,,
27328,1973-01-01,3000.0,,,,,,
273302,2000-06-01,,,,,,,
273309,2005-06-01,,,,,,,
27331,1973-09-19,,,,,,,
273310,2001-06-01,,,,,,,
273311,2006-04-01,,,,,,,
273341,1998-10-10,2000000.0,,,,,,
27337,2005-07-23,,,,,,,
27339,2001-12-10,,,,,,,
2734,1997-03-23,1.5E7,,,3.3333333333333335,18,0.954863710632231,2013-05-26
27342,1987-05-01,,,,,,,
27349,1972-05-12,,,,,,,
27350,1991-09-20,,,,,,,
273509,2014-06-03,,,,,,,
27351,2005-01-01,,,,1.0,1,,2011-02-13
273510,2000-06-02,,,,,,,
27352,1988-01-22,,6193901.0,,,,,
27357,2004-01-01,,,,,,,
273578,2003-08-17,,,,,,,
27358,2003-04-08,,,,,,,
273599,2015-07-10,,,,,,,
273632,2014-06-13,,,,,,,
273641,2014-06-03,,,,,,,
273645,2014-10-08,,,,,,,
273651,2013-05-08,,,,,,,
273656,2011-06-24,,,,,,,
27371,1970-08-01,,,,,,,
27372,1942-04-01,,,,,,,
27375,1969-01-01,,,,,,,
27376,1964-03-25,,,,0.5,1,,2013-01-04
273807,2003-10-11,,,,,,,
273848,1962-11-26,,,,,,,
273886,2014-06-06,,,,,,,
273899,2015-09-18,,187674.0,,,,,
27391,2009-03-28,,,,,,,
273922,2013-05-16,500000.0,,,,,,
273926,2011-01-01,,,,,,,
274,1991-02-01,,2.72742922E8,,2.6666666666666665,3,0.5773502691896258,2009-02-10
27405,1960-04-01,,,,,,,
274109,2015-12-25,1.0E7,,,,,,
27412,1988-03-01,23000.0,,,,,,
274167,2015-12-25,5.0E7,2.42786137E8,1.92786137E8,,,,
27420,1981-05-01,,,,,,,
274202,2000-01-17,,,,,,,
274253,1986-06-13,,1.0,,,,,
274266,2011-07-26,,,,,,,
27428,2006-08-03,,,,,,,
27429,1975-10-10,179000.0,,,,,,
27430,1954-03-16,,,,,,,
27432,1978-11-14,100000.0,362222.0,262222.0,,,,
274325,1997-01-05,,,,,,,
274388,2014-04-17,,,,,,,
27441,1968-02-01,,,,3.0,1,,2010-03-30
27446,1958-10-01,,,,,,,
274478,1998-09-26,,,,,,,
274504,2016-04-15,,13191.0,,,,,
27456,1929-06-20,,,,,,,
27457,2009-08-14,,,,,,,
27458,1980-03-21,,,,,,,
27461,1989-10-20,,,,,,,
27462,1987-09-18,,,,,,,
274626,2014-06-17,,,,,,,
27464,1985-01-01,,,,,,,
27472,1998-04-09,,,,,,,
27476,1988-06-15,40000.0,,,,,,
27480,2009-07-02,,,,,,,
274805,2013-05-28,,,,,,,
274817,2014-05-10,,,,,,,
274820,2014-06-05,,,,,,,
274854,2015-10-21,9.0E7,1.4693691E8,5.693691E7,,,,
274868,2000-06-01,,,,,,,
274870,2016-12-21,1.1E8,3.03144152E8,1.93144152E8,,,,
274899,2014-06-13,,,,,,,
2749,2001-03-01,6.0E7,5.635998E7,-3640020.0,4.0,5,0.0,2002-04-06
274902,2014-06-08,,,,,,,
27498,1995-10-10,,,,,,,
274990,1992-09-25,,,,,,,
27501,1926-03-14,,,,,,,
27505,1925-09-16,103000.0,704000.0,601000.0,,,,
275054,1974-01-01,,,,,,,
275060,2014-10-10,,,,,,,
275074,2007-10-09,,,,,,,
275096,1994-04-01,,,,,,,
275130,2006-03-11,,,,,,,
275136,2001-09-15,,,,,,,
2752,2002-03-01,1.7E7,,,4.0,5,1.0,2005-05-19
275239,1995-01-01,,,,,,,
275244,2010-12-18,,,,,,,
27526,1995-11-15,,,,,,,
275318,2014-05-13,,,,,,,
275355,2011-04-28,,,,,,,
27543,1950-12-12,,,,,,,
27544,1951-01-27,,,,4.0,1,,2008-10-29
2755,2002-12-13,3.0E7,1.05834556E8,7.5834556E7,3.5,2,2.1213203435596424,2001-02-05
27551,1987-03-01,,,,,,,
27554,1971-07-13,1645000.0,,,,,,
2756,1989-08-09,7.0E7,9.0000098E7,2.0000098E7,,,,
27560,1953-05-08,,,,,,,
275601,2015-07-10,1.8E7,4.1325328E7,2.3325328E7,,,,
275603,2014-03-22,,,,,,,
27561,2009-09-25,3500000.0,,,,,,
27563,1949-05-06,,,,,,,
275657,2014-06-05,,,,,,,
27568,1962-07-05,,,,,,,
275696,2015-02-06,,,,,,,
27576,2010-07-21,1.1E8,2.93329073E8,1.83329073E8,,,,
27578,2010-08-03,8.0E7,2.74470394E8,1.94470394E8,,,,
2758,1993-11-19,,4.8919043E7,,4.0,1,,1999-10-25
27585,2010-12-16,,5129058.0,,,,,
27588,2009-10-22,,,,,,,
2759,1994-05-31,,1.122067E7,,3.0681818181818183,22,1.1881904463496313,2012-09-25
27591,1977-07-06,,,,,,,
275932,1947-01-01,,,,,,,
27595,2009-09-03,,,,,,,
27598,1979-12-14,,,,,,,
275985,2014-04-18,,,,,,,
27599,1993-09-18,,,,,,,
276,2004-10-25,,,,2.8636363636363638,22,0.8888437939499213,2009-01-08
27600,1992-07-07,,,,,,,
27609,1982-02-05,,,,,,,
276137,2014-06-11,,,,,,,
276155,1949-09-28,,,,,,,
276165,1997-01-01,,,,,,,
2762,1937-11-01,,,,4.018134715025907,193,0.9387117959863969,2016-10-16
27620,2003-11-18,,,,,,,
27622,1941-05-09,,,,,,,
27624,1989-10-16,,,,,,,
27632,1960-08-11,,,,,,,
27638,1939-12-29,,,,,,,
276387,2005-01-01,,,,,,,
276401,2014-10-10,,,,,,,
27645,1971-11-10,679000.0,,,,,,
27646,2009-08-30,,,,4.5,1,,2011-01-24
27653,1999-02-04,,,,,,,
276536,2014-06-08,,,,,,,
276537,2016-02-26,,,,,,,
276562,2014-06-08,,,,,,,
27658,1974-08-01,,,,,,,
27662,1988-05-01,1500000.0,,,,,,
276624,2015-03-23,,,,,,,
276635,1982-12-22,,822.0,,,,,
2767,1991-10-16,2.8E7,,,1.5,2,0.7071067811865476,2002-08-21
27671,2007-07-06,,,,,,,
276729,2014-05-14,,,,,,,
27679,1983-12-16,,,,,,,
276819,1986-11-10,,,,,,,
276833,2014-04-29,,,,,,,
276843,2014-09-26,,1289998.0,,,,,
276844,2014-06-13,,,,,,,
27686,1945-08-29,,,,,,,
276898,2014-06-13,,,,,,,
276901,2014-06-18,,,,,,,
276904,2014-07-11,,,,,,,
276906,2014-06-15,,,,,,,
276907,2015-09-09,2.5E7,4.2972994E7,1.7972994E7,,,,
276908,2014-12-05,,,,,,,
276909,2014-08-08,,,,,,,
276922,2014-07-25,,,,,,,
27696,2006-01-01,350000.0,,,,,,
27698,2007-06-16,,,,,,,
27699,1962-05-14,,,,,,,
27706,1975-04-22,,,,3.1333333333333333,15,0.7432233529572067,2016-05-08
27709,1965-03-26,,,,,,,
277098,2002-05-12,,,,,,,
27712,2002-01-08,30000.0,,,,,,
277154,2015-01-29,1.0E7,,,,,,
277167,1978-06-16,,,,,,,
27723,2000-08-06,1500000.0,,,,,,
277237,2014-06-18,,,,,,,
27725,1941-01-25,455000.0,,,,,,
27726,1982-10-29,,,,,,,
27735,2009-01-01,,,,,,,
277355,2015-01-23,,,,,,,
277368,2014-07-09,,,,,,,
277388,1995-03-05,,,,,,,
277396,1970-04-01,,,,,,,
27740,1987-05-01,1.2E7,,,,,,
27742,2000-08-07,,,,,,,
277432,2014-10-23,,,,,,,
27745,2000-03-29,,,,,,,
277459,1970-06-01,,,,,,,
27748,2003-04-27,,,,,,,
277547,2014-09-26,,,,,,,
277594,2014-07-08,,,,,,,
277622,2008-04-26,,,,,,,
27766,1996-10-22,,,,,,,
27767,1990-09-07,,,,,,,
277685,2015-04-17,1000000.0,6.288209E7,6.188209E7,,,,
277686,2015-02-27,,,,,,,
27770,1996-09-03,,,,,,,
27771,1998-09-06,,,,,,,
277710,2016-01-08,,,,,,,
2778,1994-04-01,1.9E7,7411659.0,-1.1588341E7,,,,
277806,2014-07-12,,,,,,,
277809,1954-05-01,,,,,,,
277819,2004-01-01,,,,,,,
27786,1987-11-06,,,,,,,
2779,2001-08-05,,,,3.642857142857143,21,0.72702917999997,2009-08-09
27791,1998-10-02,1100000.0,631221.0,-468779.0,,,,
27804,1993-07-16,,,,,,,
278041,1990-08-31,,,,,,,
27805,1978-01-01,,,,,,,
278086,2014-08-01,,,,,,,
27814,1988-04-15,,,,,,,
278236,2015-03-13,,,,,,,
27824,2000-04-15,,,,,,,
278247,2015-04-03,,,,,,,
27827,2007-02-11,,,,,,,
27832,1971-05-19,47000.0,,,,,,
278329,2014-02-28,,,,,,,
27836,1987-04-17,,,,,,,
27840,2002-01-01,,,,,,,
27841,1971-06-09,,,,,,,
27845,1996-10-11,,,,,,,
27847,1999-12-01,,,,,,,
278514,2014-01-01,,,,,,,
27858,1963-06-19,,,,,,,
278604,2009-10-17,,,,,,,
27862,1963-01-01,,,,,,,
27864,1980-01-01,,,,,,,
27866,2009-02-03,,,,,,,
278660,2014-06-26,,,,,,,
278677,2015-01-09,,,,,,,
2787,2000-02-18,2.3E7,5.3187659E7,3.0187659E7,3.25,8,0.8864052604279185,2015-06-10
278706,2014-04-24,,,,,,,
278717,2014-09-18,,,,,,,
278718,2014-06-18,,,,,,,
278738,2014-06-26,,,,,,,
278758,1970-09-29,,,,,,,
278772,2014-02-04,50.0,,,,,,
27881,1984-11-20,,,,,,,
278822,1998-04-13,,,,,,,
27883,1948-10-01,,,,,,,
278837,2014-06-24,,,,,,,
27884,1952-05-26,,,,,,,
27886,1986-01-01,,,,,,,
278867,2014-04-04,,,,,,,
278878,2014-03-21,,,,,,,
2789,2004-06-11,1.05E8,1.15772733E8,1.0772733E7,2.4,5,0.5477225575051661,2015-06-15
278901,2006-06-03,,,,,,,
278935,1990-02-06,,,,,,,
278939,1995-10-24,,,,,,,
278978,1996-02-29,,,,,,,
27899,1931-01-09,,,,3.5,2,0.7071067811865476,2005-05-16
279,1984-10-26,1.8E7,5.1973029E7,3.3973029E7,2.875,4,2.0155644370746373,2005-01-23
27905,1979-01-18,,,,,,,
27907,2008-01-24,,,,,,,
279086,2006-08-30,,,,,,,
27909,1989-10-15,,,,,,,
2791,2004-06-15,,,,3.8207547169811322,106,0.99328382565653,2016-07-17
27915,2002-04-12,,62153.0,,,,,
27916,1989-02-14,,,,,,,
279179,2014-06-27,,,,,,,
27923,1973-06-06,,,,,,,
27924,1979-06-06,,,,,,,
27925,1982-01-01,,,,,,,
27930,1980-07-25,,,,,,,
279332,2014-05-11,,,,,,,
27934,1976-12-31,,,,,,,
27935,1978-01-01,,,,,,,
279371,2014-06-28,,,,,,,
27941,2008-07-14,,,,,,,
27945,1967-03-21,5860000.0,1.2E7,6140000.0,,,,
27953,2007-12-14,,1.0161213E7,,,,,
279543,1966-12-01,,,,,,,
279558,2013-12-26,,,,,,,
279634,2009-09-04,,,,,,,
27966,1939-01-14,,,,,,,
279661,2014-07-01,,,,,,,
27967,2001-05-04,,,,,,,
279687,2008-06-24,,,,,,,
279692,1992-01-06,,,,,,,
27970,1935-05-13,,,,,,,
279714,2002-01-01,,,,,,,
27977,1974-06-23,,,,,,,
279784,2002-09-01,,,,,,,
2798,1967-10-10,,,,2.5,4,1.0,2009-10-18
27983,1968-04-24,,,,,,,
27984,1989-06-30,,,,,,,
279842,2005-10-29,,,,,,,
279852,2000-09-05,,,,,,,
27986,1933-05-06,,,,,,,
27995,1986-08-08,,,,,,,
27997,1981-10-30,,,,,,,
279972,2015-02-20,,,,,,,
279979,1990-10-15,,,,,,,
279984,1986-01-05,,,,,,,
279992,2014-08-24,,,,,,,
279998,2014-08-25,,,,,,,
28,1979-08-15,3.15E7,8.9460381E7,5.7960381E7,4.083333333333333,18,0.8089572082044157,2013-12-24
280000,2014-08-25,,,,,,,
280004,1972-11-11,,,,,,,
28001,1934-11-30,,,,,,,
280045,1959-12-07,,,,,,,
28005,1996-09-11,3000000.0,4109095.0,1109095.0,,,,
280182,1969-09-05,,,,,,,
28019,2009-01-01,1.5E7,,,,,,
280218,2014-08-06,4000000.0,,,,,,
28025,2009-01-01,,,,,,,
28030,1999-07-19,,,,,,,
28039,1971-02-07,,,,,,,
280416,2014-07-02,,,,,,,
280422,2014-06-05,,3.0,,,,,
280437,1991-03-01,,,,,,,
28046,1933-08-01,,,,,,,
2805,2000-10-05,,,,3.108695652173913,23,0.8913284485317717,2015-11-03
280512,2014-04-15,,,,,,,
28053,2009-03-06,6000000.0,6670712.0,670712.0,,,,
28055,1964-03-13,,,,,,,
280583,2014-07-06,,,,,,,
28059,1996-02-07,,656747.0,,,,,
28062,2006-10-20,,,,,,,
280640,2014-10-15,,,,,,,
28070,1987-07-03,,,,,,,
28071,1975-01-01,,,,,,,
28072,1975-03-03,,,,,,,
280723,2014-09-11,,,,,,,
280755,2014-07-19,,,,,,,
280840,2015-09-11,,1137421.0,,,,,
280913,2014-03-20,,,,,,,
28093,1942-09-16,,,,,,,
281007,1976-03-04,,,,,,,
28105,2004-05-28,,,,,,,
28110,1973-07-20,,2000000.0,,,,,
28117,1991-08-09,1.8E7,5546827.0,-1.2453173E7,,,,
28118,2009-12-25,,,,,,,
281180,1967-01-25,,,,,,,
281215,1983-11-23,,,,,,,
28123,1998-07-01,,,,,,,
281230,2014-01-01,,,,,,,
281238,1967-02-23,,,,,,,
281287,,,,,,,,
281289,1998-05-18,,,,,,,
281338,2017-07-11,,3.69907963E8,,,,,
281418,2014-07-11,,,,,,,
28145,1969-12-10,,,,,,,
28148,1984-09-14,,,,,,,
281506,2014-01-01,,,,,,,
28153,1974-10-15,,,,,,,
28155,1978-05-10,,,,,,,
281556,1997-09-19,,,,,,,
28159,1974-01-15,,,,,,,
281590,2014-07-11,,,,,,,
281615,1980-12-20,,,,,,,
28162,1946-08-22,,,,,,,
28165,1989-02-24,,,,,,,
28171,2001-05-11,,,,,,,
281713,2007-02-06,,,,,,,
28172,1963-06-06,24500.0,4000000.0,3975500.0,,,,
28176,1988-08-12,,,,,,,
28180,1965-10-13,50000.0,,,,,,
28188,2005-07-22,12000.0,,,,,,
28189,1928-10-04,,,,,,,
281957,2015-12-25,,5.32950503E8,,,,,
281987,2014-07-18,,,,,,,
282009,1915-06-16,,,,,,,
282024,2014-07-10,1.2E7,,,,,,
282040,1987-11-11,,,,,,,
282041,2014-10-06,,,,,,,
28205,2007-03-16,,,,,,,
282069,2014-11-29,,,,,,,
282084,2014-07-18,,,,,,,
28211,2009-03-25,1.5E7,8459458.0,-6540542.0,,,,
28216,1999-12-29,,507941.0,,,,,
282225,1970-01-02,,,,,,,
282248,2014-06-26,,,,,,,
282268,2014-07-20,,,,,,,
282297,2014-07-01,117.0,,,,,,
282298,1981-07-25,,,,,,,
282313,2015-04-11,,,,,,,
282346,2014-07-18,,,,,,,
28236,2002-11-29,,,,,,,
28249,1921-09-17,,,,,,,
282553,2007-09-30,,,,,,,
28256,1936-07-22,,,,,,,
282631,2014-07-30,9500000.0,1.12156811E8,1.02656811E8,,,,
28268,1932-06-03,,,,,,,
28270,1966-12-16,,,,,,,
282758,2007-07-06,,,,,,,
282762,2014-04-06,,,,,,,
28284,1961-05-04,1500000.0,4200000.0,2700000.0,,,,
282848,2013-12-25,,,,,,,
28285,1957-12-23,,,,,,,
28288,1934-10-12,520000.0,,,,,,
28289,1969-12-16,,,,,,,
28292,1936-02-20,,,,,,,
282963,2009-07-26,,,,,,,
28302,1998-08-04,,,,,,,
28303,1970-06-12,,,,,,,
28308,2001-04-13,,,,,,,
283105,2014-07-19,,,,,,,
283127,2015-05-21,,12756.0,,,,,
28314,2001-08-08,,,,,,,
283201,2014-09-12,2489400.0,,,,,,
28321,1969-11-10,,,,,,,
28324,1977-10-21,,,,,,,
28325,1977-09-16,,,,,,,
283317,2014-09-06,,,,,,,
283378,2016-11-10,,,,,,,
283445,2015-08-19,1.0E7,5.2882018E7,4.2882018E7,,,,
28345,1937-10-15,,,,,,,
283489,,,,,,,,
28349,2000-02-08,150000.0,,,,,,
28353,1997-08-06,,1.3960203E7,,,,,
28356,1971-01-01,,,,,,,
283589,2014-10-02,,,,,,,
28367,1962-08-07,,,,,,,
283691,2014-11-11,,,,,,,
28370,1987-11-20,,,,,,,
283703,2014-10-14,,,,,,,
283711,2014-08-30,,,,,,,
283792,1976-07-25,,,,,,,
28380,1979-11-23,,,,,,,
283827,2015-10-02,,,,,,,
28387,1995-10-06,,718490.0,,,,,
28389,1988-01-01,,,,,,,
28391,1928-04-09,,,,,,,
283959,1977-09-13,,,,,,,
284,1960-06-15,3000000.0,2.5E7,2.2E7,,,,
284013,1971-03-10,,,,,,,
284048,2014-10-03,,,,,,,
284050,2014-11-21,,,,,,,
284053,2017-10-25,,,,,,,
284063,2014-07-03,,,,,,,
284096,2001-09-11,,,,,,,
2841,2004-10-26,4.7E7,,,3.7954545454545454,22,0.8260504266443467,2011-09-02
28414,1977-02-25,,,,,,,
284152,2014-07-10,,,,,,,
284189,2013-09-11,,,,,,,
284231,1991-09-06,,,,,,,
28424,2008-01-01,,,,,,,
28425,1944-06-09,,,,,,,
284258,,,,,,,,
28426,1942-07-31,322000.0,1040000.0,718000.0,,,,
284274,2014-07-29,,,,,,,
284276,2014-09-07,7000000.0,2360281.0,-4639719.0,,,,
284279,2014-08-24,4000000.0,,,,,,
284294,2014-09-07,,166775.0,,,,,
28430,1961-11-01,,,,,,,
28433,1950-08-16,,,,,,,
28434,1951-08-27,,,,,,,
284343,2014-06-16,,,,,,,
28435,1932-02-21,,,,,,,
28436,1944-03-03,,,,,,,
28438,1943-05-08,,,,,,,
284427,2014-09-25,,,,,,,
284457,2014-07-29,,,,,,,
28446,2001-01-01,,,,,,,
284460,2015-10-09,1500000.0,,,,,,
284467,1968-06-05,,,,,,,
28450,1990-03-09,,,,,,,
284514,2015-09-04,,,,,,,
284536,2014-12-25,,3.917113E7,,,,,
284568,2013-12-01,,,,,,,
284581,2014-02-14,,,,,,,
28460,1995-12-23,,,,,,,
28463,1999-09-01,,,,,,,
28465,2009-01-01,6500000.0,,,,,,
284674,2015-08-14,,,,,,,
28468,1983-10-18,,,,,,,
28469,1961-11-15,,,,,,,
28476,1970-11-07,,,,,,,
284793,1942-01-02,,,,,,,
28482,1979-11-01,,519204.0,,,,,
284841,1999-09-01,,,,,,,
28486,2002-12-26,,,,,,,
284870,2014-08-07,,,,,,,
28489,1975-01-01,,,,,,,
28490,1955-11-09,,,,,,,
28499,2009-09-19,6500000.0,,,,,,
28500,2005-11-05,,,,,,,
28501,1961-08-12,200000.0,2000000.0,1800000.0,,,,
285011,1940-01-01,,,,,,,
285024,2015-05-29,,,,,,,
285026,2014-04-25,,,,,,,
28503,1963-09-25,30000.0,,,,,,
28512,2005-11-20,,,,,,,
285135,2014-08-16,,,,,,,
285165,2014-08-29,,,,,,,
285176,2014-09-19,950000.0,,,,,,
28520,2009-11-15,,,,,,,
285213,2014-08-06,,,,,,,
28524,2009-12-29,,,,,,,
28527,1998-03-26,,,,,,,
285270,2014-09-26,,,,,,,
28529,1995-01-04,,,,,,,
28538,1967-01-18,,,,,,,
285400,1945-07-13,,,,,,,
285460,2014-06-14,,,,,,,
285463,2014-09-05,,,,,,,
28553,1990-11-16,,,,,,,
285549,2014-09-07,,,,,,,
285594,2006-01-01,,,,,,,
28561,1951-09-17,,,,,,,
28564,1934-05-04,,,,,,,
285649,2002-12-13,,,,,,,
285697,2014-08-13,,,,,,,
28571,1949-10-06,2600000.0,,,,,,
28575,1955-12-25,,,,,,,
285803,2014-08-15,,,,,,,
285841,2014-09-04,,,,,,,
285843,2014-09-11,,,,,,,
285848,2015-01-11,,,,,,,
28585,2009-08-14,191000.0,,,,,,
285856,2014-09-04,,,,,,,
285858,2014-04-17,,,,,,,
28586,1960-09-22,,,,,,,
285860,2014-09-04,,,,,,,
28590,1955-07-17,,,,,,,
285908,1999-03-25,3800000.0,559298.0,-3240702.0,,,,
28597,1991-07-03,,,,,,,
286,2006-10-03,,,,,,,
2860,1970-12-11,,,,3.3,10,0.6749485577105528,2012-09-25
286007,2006-06-03,,,,,,,
28601,1995-05-13,,,,,,,
28604,1989-01-01,,,,,,,
28609,1989-06-15,,,,,,,
286239,2011-12-01,,,,,,,
286313,2014-09-25,,,,,,,
28635,2001-10-23,,,,,,,
286402,1935-04-18,,,,,,,
28642,2006-09-07,,,,,,,
28644,2009-02-12,,,,,,,
28650,1972-07-19,,,,,,,
286519,2014-09-04,,,,,,,
286532,2014-11-07,,,,,,,
286548,2014-08-12,,,,,,,
286554,2014-09-26,,18612.0,,,,,
28656,1977-01-21,,,,,,,
286567,2016-10-14,1.0E7,6272403.0,-3727597.0,,,,
28659,1957-09-01,,,,,,,
28666,1999-10-08,,,,,,,
28667,1964-10-18,,,,,,,
28668,1944-03-30,,,,,,,
286687,2013-12-05,,,,,,,
286697,2014-08-08,,,,,,,
28670,1964-12-01,,,,,,,
286709,2014-03-15,5000000.0,,,,,,
28671,1996-08-31,200000.0,,,,,,
286789,1960-08-24,,,,,,,
286805,2014-08-15,1000.0,,,,,,
286873,2014-09-27,,,,,,,
286940,2014-08-05,5.0,,,,,,
28696,1953-12-30,,,,,,,
28699,1961-05-13,,,,,,,
287,1988-06-15,7000000.0,5.0888E7,4.3888E7,3.2,5,0.8366600265340756,2000-11-22
28706,1989-01-01,,,,,,,
287084,2014-10-16,,,,,,,
28710,2002-10-17,,,,,,,
28715,1974-03-01,,,,,,,
287169,1932-02-17,,,,,,,
287179,2014-08-15,,,,,,,
287233,2014-07-27,,,,,,,
287284,2015-06-19,,,,,,,
28732,1995-05-13,,,,,,,
287322,2014-02-16,,,,,,,
28733,1970-06-10,64000.0,,,,,,
287344,1997-10-23,,,,,,,
28741,2008-01-06,,,,,,,
28742,1992-01-01,,,,,,,
287422,2014-12-05,,,,,,,
287426,2014-09-12,,,,,,,
28746,1977-09-29,,,,,,,
287483,2014-08-29,,,,,,,
287484,2013-07-06,,,,,,,
28753,1939-02-17,,,,,,,
28758,1961-05-03,,,,,,,
287587,2014-09-08,,108808.0,,,,,
287590,2014-06-21,,,,,,,
287603,2014-08-07,,,,,,,
28761,1990-09-14,,,,,,,
287628,2014-09-04,,,,,,,
287647,2014-11-13,,,,,,,
287703,2014-08-15,,,,,,,
287717,2004-09-04,,,,,,,
287719,2013-12-12,,,,,,,
28772,2004-05-15,,,,,,,
28774,1989-11-10,,1919653.0,,,,,
287790,1957-05-01,,,,,,,
287815,2008-10-10,,,,,,,
287821,2000-06-09,,,,,,,
287831,,,,,,,,
28790,1993-07-20,,,,,,,
287903,2015-11-26,,6.1548707E7,,,,,
287935,2014-09-01,1.8E7,,,,,,
287982,2016-06-20,,,,,,,
28802,1975-01-24,,,,,,,
288035,2001-03-02,,,,,,,
288036,2015-06-26,,3214116.0,,,,,
288037,2000-01-01,,,,,,,
28808,1999-04-17,,,,,,,
288094,1974-03-22,,,,,,,
288098,2006-03-15,,,,,,,
288101,2006-07-10,,,,,,,
288105,1997-11-01,,,,,,,
288108,2002-10-10,,,,,,,
288109,1993-11-17,,,,,,,
288111,2006-08-15,,,,,,,
288117,2002-03-23,,,,,,,
28812,1974-08-05,,,,,,,
288126,1992-09-30,,,,,,,
288130,2014-09-08,600000.0,,,,,,
288153,1985-09-20,,,,,,,
288158,2014-12-30,1000000.0,2.6501323E7,2.5501323E7,,,,
28816,2007-01-01,,,,,,,
288173,1995-01-01,,,,,,,
288193,1993-01-01,,,,,,,
2882,2007-02-10,,,,2.1666666666666665,6,1.1690451944500122,2002-02-02
288201,2002-03-10,,,,,,,
288281,2014-10-03,,,,,,,
288286,2014-07-26,,,,,,,
288290,2001-01-01,,,,,,,
288291,1970-01-01,,,,,,,
288292,2005-12-13,,,,,,,
288296,1998-10-10,,,,,,,
288298,1981-01-01,,,,,,,
288313,2014-10-02,,,,,,,
288413,1986-01-01,,,,,,,
288424,2014-08-01,,,,,,,
28844,1976-08-06,,,,,,,
288503,1981-08-24,,,,,,,
288521,1929-02-28,,,,,,,
288526,1957-12-16,,,,,,,
288581,2014-08-21,,,,,,,
28859,1991-11-25,,,,,,,
288668,1993-08-24,,,,,,,
28868,2005-12-08,,,,,,,
28871,2007-11-16,9000000.0,706000.0,-8294000.0,,,,
288778,2015-06-26,,,,,,,
28891,2009-01-15,,,,,,,
28893,1981-10-01,700000.0,,,,,,
288931,2014-09-19,,,,,,,
288952,2004-01-01,,,,,,,
288953,2002-01-01,,,,,,,
288977,2015-03-31,,,,,,,
288980,2014-08-21,1.45E7,,,,,,
289010,2008-10-27,,,,,,,
28902,1999-01-15,,,,,,,
28904,2009-11-09,,,,,,,
28907,1946-01-18,,,,,,,
289097,2011-06-10,,,,,,,
289159,2014-03-20,,,,,,,
289171,2014-10-22,,,,,,,
289174,2014-08-30,,,,,,,
289191,2014-09-30,,,,,,,
2892,1995-09-09,,,,2.6666666666666665,3,1.8929694486000914,2012-08-06
289222,2017-03-31,2.0E7,1.3162475E7,-6837525.0,,,,
289225,2014-06-01,,,,,,,
289239,2014-09-02,,,,,,,
289278,2014-09-19,,,,,,,
289314,2014-11-02,,,,,,,
289318,1968-01-01,,,,,,,
289390,2014-08-29,,,,,,,
289394,2014-09-01,,,,,,,
2895,1997-10-09,5000000.0,,,,,,
289523,2014-09-27,,,,,,,
28967,1981-12-10,,,,,,,
28971,1952-10-31,,,,,,,
289712,2014-10-07,,,,,,,
289728,2014-12-02,,,,,,,
28974,1923-10-01,,,,,,,
28975,1988-02-26,,,,,,,
28978,1928-01-06,,,,,,,
2898,1997-12-19,5.0E7,3.14178011E8,2.64178011E8,3.5,2,0.7071067811865476,2000-11-20
28981,1979-06-06,,,,,,,
289820,2014-11-08,,,,,,,
28988,2000-09-01,,,,,,,
289891,2014-09-01,,,,,,,
289933,2014-02-24,,,,,,,
28994,1975-12-19,,,,,,,
290,1991-08-01,9000000.0,6153939.0,-2846061.0,3.9375,16,0.873212459828649,2012-06-09
2900,1999-08-26,7.5E7,1.9598588E7,-5.5401412E7,3.0,3,0.0,2016-05-29
290098,2016-06-01,8575000.0,1983204.0,-6591796.0,,,,
29014,1989-02-24,,,,,,,
29015,2000-09-22,,,,,,,
290188,2014-09-06,,,,,,,
29021,1946-02-27,,,,,,,
290235,2014-09-01,,,,,,,
290274,1975-11-21,,,,,,,
29030,1964-11-01,,,,,,,
290300,2014-12-04,,,,,,,
29032,1964-09-16,600000.0,,,,,,
290370,2014-09-27,,1500000.0,,,,,
290542,2014-10-10,,11486.0,,,,,
29055,2002-11-06,,,,,,,
290555,2014-08-28,1.8E7,,,,,,
290556,2014-09-04,1.0E7,,,,,,
29058,1958-06-15,,,,,,,
29064,1999-10-15,,2400000.0,,,,,
290656,2014-08-18,,,,,,,
29076,2000-02-04,1.0E7,1631839.0,-8368161.0,,,,
290762,2015-09-12,,,,,,,
29077,1985-08-16,,3558669.0,,,,,
29080,2005-01-01,,,,,,,
290825,2016-07-08,5000000.0,,,,,,
29084,1943-09-28,,,,,,,
290865,2014-09-03,,,,,,,
290911,2013-10-19,,,,,,,
290916,2014-10-16,,,,,,,
290930,2014-11-05,,,,,,,
291006,2014-09-05,,,,,,,
29101,2005-02-03,4200000.0,,,,,,
29106,1949-11-28,,,,,,,
29109,2009-04-06,1600000.0,,,,,,
29110,2007-04-19,,,,,,,
29111,1971-08-01,,,,,,,
29112,1951-09-10,,,,,,,
29114,1977-06-01,,,,,,,
291146,2014-05-20,,,,,,,
291151,2015-06-12,,,,,,,
291155,2014-09-18,,,,,,,
291162,2011-10-20,,,,,,,
291189,2015-04-18,,,,,,,
29124,2006-10-03,,,,,,,
291272,2015-06-05,,,,,,,
291276,2017-04-27,,,,,,,
29128,1975-05-17,,,,,,,
29129,1971-04-21,,,,,,,
291290,2015-11-27,,,,,,,
29130,1974-12-05,,,,,,,
291328,2016-11-23,2.5E7,3885342.0,-2.1114658E7,,,,
29134,2009-01-17,,,,,,,
291348,2014-10-17,,,,,,,
29135,2001-05-12,,,,,,,
29136,2000-02-20,,,,,,,
291375,2013-08-10,,,,,,,
29138,2005-05-27,,,,,,,
29140,1983-03-23,,,,,,,
29143,1978-08-02,7000000.0,2.0E7,1.3E7,,,,
29146,1968-09-23,950000.0,814666.0,-135334.0,,,,
291495,2014-10-17,,,,,,,
29150,2009-01-18,,232732.0,,,,,
291537,2015-05-08,,,,,,,
291540,2014-10-03,,,,,,,
291554,1994-01-01,,,,,,,
291577,2012-11-15,,,,,,,
29159,2010-03-13,1.4E7,,,,,,
29161,1985-01-31,3800000.0,,,,,,
291613,1996-11-02,,,,,,,
291634,1997-06-13,,,,,,,
29167,1972-08-04,,,,,,,
291675,2001-02-14,,,,,,,
291731,1995-05-03,,,,,,,
291805,2016-06-02,9.0E7,3.34901337E8,2.44901337E8,,,,
29182,2009-10-08,,,,,,,
291861,1975-05-21,,,,,,,
291863,2014-09-19,,,,,,,
291865,2014-04-14,,,,,,,
291866,2015-09-14,,,,,,,
291869,2015-01-29,,,,,,,
292035,2014-09-30,,,,,,,
29204,1981-02-13,,6000000.0,,,,,
292040,2015-04-11,,1473809.0,,,,,
292062,1987-11-09,,,,,,,
292063,1964-01-01,,,,,,,
292090,2002-01-01,,,,,,,
29211,1969-11-21,,,,,,,
292133,1978-02-17,,,,,,,
292214,2002-10-15,,,,,,,
29224,1982-09-17,,,,,,,
292264,2014-02-01,,,,,,,
29228,1969-12-29,,,,,,,
292294,1957-03-31,,,,,,,
29236,1947-02-13,,,,,,,
29239,1942-10-23,,,,,,,
292396,2014-09-13,,,,,,,
292431,2015-07-06,,249083.0,,,,,
292483,2014-09-23,,,,,,,
292498,1953-03-12,,,,,,,
2925,1996-09-20,2.6E7,1.164E8,9.04E7,4.214285714285714,7,0.9063269671749659,2016-06-27
29251,1971-07-28,,,,,,,
292547,2000-04-22,,,,,,,
2926,1973-12-11,,,,3.6666666666666665,21,1.09924216318941,2014-07-22
29260,1949-10-01,,,,,,,
292607,2014-10-03,,,,,,,
292610,1977-09-13,,,,,,,
292625,2014-08-07,,,,,,,
29267,1921-10-06,,,,,,,
292834,2016-09-09,,,,,,,
29284,1955-02-27,,,,,,,
29286,1941-05-02,176000.0,,,,,,
292893,1951-05-30,,,,,,,
2929,1910-03-18,,,,3.892857142857143,14,1.2431128952471173,2005-12-05
292917,2001-01-19,,,,,,,
29293,2005-10-14,6000000.0,,,,,,
292947,2001-09-28,,,,,,,
292948,2005-04-01,,,,,,,
292975,2006-05-28,,,,,,,
293006,2014-01-01,,,,,,,
293028,1994-03-18,,,,,,,
293082,2014-11-23,,,,,,,
293089,1992-10-30,,,,,,,
293091,1972-03-10,,,,,,,
293092,1992-03-27,,,,,,,
293093,2014-10-04,,,,,,,
293097,1986-03-28,,,,,,,
293114,2010-09-03,,,,,,,
29313,1964-06-17,,,,,,,
29314,2009-04-17,,,,,,,
293198,1989-01-01,,,,,,,
29320,1936-07-10,,,,,,,
293205,2014-10-11,,,,,,,
293264,2014-09-18,,,,,,,
293271,2014-10-10,4700000.0,,,,,,
29328,1942-02-02,,,,,,,
29336,1973-06-01,,,,,,,
29338,1973-01-01,,,,,,,
29339,2002-12-27,,,,,,,
293412,1995-01-01,,,,,,,
293413,2015-11-19,,6.2E7,,,,,
29343,1980-05-01,,,,,,,
293450,2014-05-08,,,,,,,
293461,2014-09-26,,,,,,,
29347,1958-07-03,,,,,,,
293471,2014-01-17,2100000.0,,,,,,
293476,2014-09-25,,,,,,,
29353,1940-02-09,,,,,,,
29355,1986-02-14,,,,,,,
293570,2014-02-15,,,,,,,
29361,2009-12-03,2500000.0,2141028.0,-358972.0,,,,
293633,2014-10-10,2500000.0,,,,,,
293646,2015-08-06,,2.4902723E7,,,,,
293660,2016-02-09,5.8E7,7.83112979E8,7.25112979E8,,,,
293670,2016-05-12,,,,,,,
29368,1945-05-28,,,,,,,
29369,1966-12-03,50000.0,,,,,,
293768,2017-08-04,2.1E7,2.4527158E7,3527158.0,,,,
29377,1955-10-01,,,,,,,
293771,2015-03-27,,,,,,,
29380,1948-07-08,,,,,,,
29381,1950-05-19,,,,,,,
29382,2008-07-12,,,,,,,
29383,1989-12-30,4414000.0,,,,,,
293830,1996-02-12,,,,,,,
293850,2014-09-19,,,,,,,
29388,2009-02-07,,,,,,,
293901,2014-07-01,,,,,,,
293941,2014-09-07,,,,,,,
293946,1968-01-01,,,,,,,
29395,1994-01-01,,,,,,,
29400,1963-10-30,,,,,,,
294047,2013-09-01,,,,,,,
294161,2001-01-12,,,,,,,
294221,2014-11-25,,,,,,,
29424,1972-05-01,90000.0,,,,,,
294272,2016-08-10,6.5E7,1.43695338E8,7.8695338E7,,,,
29436,2004-03-05,,,,,,,
294409,1963-07-01,,,,,,,
29444,1994-09-15,,,,,,,
29451,1941-10-29,,,,,,,
29453,1958-12-26,,,,,,,
29454,1976-04-05,,,,,,,
294550,2014-05-02,,,,,,,
294562,2015-08-08,,,,,,,
29458,2000-08-31,,1805884.0,,,,,
294608,2013-10-01,,,,,,,
29461,1997-09-26,,,,,,,
294640,2014-09-11,,,,,,,
294652,2014-10-16,,,,,,,
294690,2014-08-15,,,,,,,
29471,1985-03-29,,,,,,,
29475,1991-03-29,,,,,,,
29477,1950-12-01,,,,,,,
29478,1961-05-28,1500000.0,,,,,,
294795,2016-09-01,,,,,,,
29481,1940-08-16,171200.0,,,,,,
29482,1971-09-10,,,,,,,
294826,2010-07-23,,,,,,,
29490,1945-10-30,,,,,,,
29491,1972-05-24,1300000.0,,,,,,
29493,1977-10-07,,,,,,,
294959,2014-09-01,,,,,,,
29496,1972-07-10,,,,,,,
294991,2014-10-11,,,,,,,
294992,2014-12-24,,228984.0,,,,,
295011,,,,,,,,
29507,2000-01-20,,,,,,,
295111,2014-09-21,,,,,,,
295314,2014-11-19,,,,,,,
295315,2014-11-07,,,,,,,
29538,2010-01-08,,,,,,,
29539,1981-01-01,,,,,,,
295507,1944-09-01,,,,,,,
295508,2003-06-30,,,,,,,
295538,2014-09-18,,,,,,,
295581,2013-12-01,,,,,,,
295602,2014-09-24,,,,,,,
295627,2014-09-13,,,,,,,
29564,2010-01-19,,,,,,,
295689,1933-12-23,,,,,,,
29570,1962-03-10,,,,,,,
295715,2014-09-20,,,,,,,
295723,2014-08-20,,,,,,,
29577,1951-04-20,,,,,,,
295782,2009-04-29,,,,,,,
29582,1979-03-01,600000.0,,,,,,
29584,1986-11-07,2.5E7,,,,,,
295841,1988-01-01,,,,,,,
29592,1956-09-15,,,,,,,
29595,2005-11-04,,,,,,,
29597,1989-05-15,,,,,,,
296,2003-07-02,2.0E8,4.35E8,2.35E8,4.256172839506172,324,0.8668966291892319,2016-10-15
29601,1941-01-31,,,,,,,
296025,2015-04-17,,,,,,,
296065,2014-10-25,,,,,,,
29607,1985-11-12,,,,,,,
296095,2014-07-29,,,,,,,
296099,2015-07-28,3.1E7,1.04384188E8,7.3384188E7,,,,
29611,1983-12-01,350000.0,,,,,,
296121,2014-06-04,,,,,,,
29617,1940-01-19,,,,,,,
296193,2010-08-15,,,,,,,
296206,2005-08-14,,,,,,,
296244,2014-10-30,,,,,,,
29627,1986-09-06,,750000.0,,,,,
296288,2016-12-08,,,,,,,
29630,2008-09-05,,,,,,,
29631,1985-01-01,,,,,,,
296313,2015-02-05,,,,,,,
296367,2014-04-14,3000000.0,,,,,,
296449,2015-11-11,,,,,,,
296456,2014-10-10,,,,,,,
296472,2012-06-15,350000.0,,,,,,
29649,1996-04-26,,,,,,,
296491,1964-11-26,,,,,,,
2965,1997-03-23,,,,,,,
296524,2016-09-29,,1.21790373E8,,,,,
296626,2014-10-18,,,,,,,
296633,2014-10-02,,,,,,,
296778,2014-05-05,500000.0,,,,,,
296779,1996-10-09,,,,,,,
29682,1948-11-29,,,,,,,
296820,1935-12-21,,,,,,,
296865,2016-03-30,,,,,,,
296867,2016-10-21,,,,,,,
296901,1975-09-16,,,,,,,
29697,2006-10-27,,,,,,,
29698,1999-11-12,,,,,,,
29710,1966-06-09,,,,,,,
297160,2017-02-17,,30911.0,,,,,
297167,2013-07-23,,,,,,,
29717,2008-01-01,,,,,,,
29722,1968-06-21,,,,,,,
297222,2014-12-18,1.3E7,1.2E8,1.07E8,,,,
297263,2008-01-01,,,,,,,
297265,2014-10-17,,,,,,,
297270,2014-12-12,,,,,,,
297298,2014-04-04,,,,,,,
297308,2014-11-05,,,,,,,
29735,1973-12-20,,,,,,,
297362,2015-05-19,,,,,,,
29737,1977-07-01,,,,,,,
29739,1988-03-04,,,,,,,
297393,2015-04-17,,,,,,,
2974,1924-09-23,,,,1.5,4,1.0,2011-01-28
297400,2015-03-12,,,,,,,
29745,1931-04-18,,,,,,,
297544,2014-12-09,,,,,,,
29756,1960-08-05,,,,,,,
29760,2009-06-05,800000.0,,,,,,
297631,2010-11-19,,,,,,,
297645,1994-03-30,,,,,,,
2977,2007-03-02,,3.7311672E7,,3.0,2,1.4142135623730951,2000-05-25
297702,2014-10-11,,,,,,,
297736,2014-10-15,,,,,,,
297755,2014-04-12,,,,,,,
297761,2016-08-02,1.75E8,7.45600054E8,5.70600054E8,,,,
29778,1968-11-07,,,,,,,
297789,2014-11-05,,,,,,,
29785,2008-10-31,,,,,,,
297853,2002-06-05,,,,,,,
297865,2007-09-28,,,,,,,
29787,1988-07-29,7000000.0,5344577.0,-1655423.0,,,,
2979,2007-01-01,,,,2.0,2,0.0,2005-03-23
29794,1985-08-28,,,,,,,
297961,2014-10-18,,,,,,,
29798,2007-07-01,,,,,,,
298,2007-06-07,8.5E7,3.11312624E8,2.26312624E8,,,,
298040,2014-10-10,2000000.0,,,,,,
298077,2014-10-24,,,,,,,
298078,2014-10-24,,,,,,,
2981,1925-06-22,,,,5.0,1,,2000-11-25
298158,2001-04-15,,,,,,,
298165,2014-10-18,,,,,,,
298207,2010-11-18,,,,,,,
29825,1997-09-14,,,,,,,
298296,2014-09-08,,,,,,,
298312,2015-09-10,5000000.0,9.8450062E7,9.3450062E7,,,,
29832,2002-05-01,,,,,,,
298445,2014-11-04,,,,,,,
29845,1974-09-19,,,,,,,
29852,1972-11-01,,,,,,,
298522,2014-10-21,,,,,,,
29854,1974-01-01,250000.0,,,,,,
298540,2014-06-21,,,,,,,
29856,1976-04-25,60000.0,,,,,,
298582,2015-09-11,1500000.0,,,,,,
29859,1975-01-01,,,,,,,
298609,2014-10-21,,,,,,,
298614,2014-12-31,,,,,,,
298634,2014-10-01,,,,,,,
29865,2006-09-12,,,,,,,
298664,2014-12-12,,,,,,,
29871,1962-10-11,,,,,,,
298721,2015-09-02,980000.0,,,,,,
298722,2014-10-23,,,,,,,
298729,2014-11-20,,,,,,,
298751,2014-04-26,,,,,,,
298787,2014-09-26,,,,,,,
2988,1973-05-11,,,,4.0,8,0.534522483824849,2001-02-05
298830,2014-10-26,,,,,,,
298844,2014-07-18,,,,,,,
298869,2014-09-10,,,,,,,
29887,1934-12-28,,,,,,,
2989,1981-11-12,1.7E7,2000000.0,-1.5E7,3.5277777777777777,18,1.0637367849766304,2016-08-17
298920,2014-08-09,,,,,,,
298923,2014-10-31,,,,,,,
298935,2014-11-21,,,,,,,
29896,2008-05-11,,,,,,,
298986,2014-11-06,,,,,,,
29903,1985-11-30,,,,,,,
299104,1943-07-29,,,,,,,
29912,1953-09-16,4100000.0,3.6E7,3.19E7,,,,
299121,1975-10-01,,,,,,,
29914,2007-10-13,,,,,,,
299145,2015-06-05,,,,,,,
29917,2009-06-19,,,,,,,
29918,1994-07-22,,,,,,,
29924,1989-04-16,,,,,,,
299245,2015-07-10,100000.0,4.266441E7,4.256441E7,,,,
299269,2014-11-08,,,,,,,
29932,1988-05-20,,,,,,,
299353,2015-08-06,,,,,,,
29938,1996-01-01,,,,,,,
29941,2001-01-01,,,,,,,
29946,2000-05-14,1.5E7,,,,,,
299511,2014-11-05,,,,,,,
299513,2014-10-27,,,,,,,
299551,2015-01-20,,,,,,,
299553,2015-10-02,,,,,,,
299576,2014-11-08,,,,,,,
299582,2014-11-21,,,,,,,
299585,2014-12-06,,,,,,,
299588,2014-12-07,,,,,,,
29959,1955-07-01,,,,,,,
299590,2014-12-13,,,,,,,
29960,1972-04-30,,,,,,,
299618,2014-11-05,,,,,,,
299641,2016-03-13,2500000.0,230069.0,-2269931.0,,,,
29966,1948-11-09,,88.0,,,,,
29967,1955-06-24,,,,,,,
299729,2014-11-17,,,,,,,
29973,1994-12-02,,1007583.0,,,,,
299751,2014-10-20,,,,,,,
29977,2009-11-22,,,,,,,
299828,2014-11-28,,,,,,,
299851,2014-10-02,,,,,,,
29987,2003-02-27,,1.5530077E7,,,,,
299969,2014-11-04,,,,,,,
3,1986-10-16,,,,3.1610169491525424,59,1.1501149791325278,2016-08-17
30,1995-12-23,,,,4.05,10,0.955975359979999,2005-03-05
300,2006-02-11,6000000.0,9524340.0,3524340.0,3.75,90,0.7870082734456547,2014-12-07
30002,1981-01-01,,,,,,,
300090,2013-09-20,,,,,,,
30014,1950-03-25,,,,,,,
300168,2015-02-19,6.5E7,1.21545703E8,5.6545703E7,,,,
30017,1990-05-09,,,,,,,
300179,2014-01-18,,,,,,,
30018,2009-05-28,,1.7112713E7,,,,,
30019,2009-08-28,3417000.0,,,,,,
30020,1997-09-28,,,,,,,
30028,1995-05-09,,,,,,,
3003,2001-12-25,,,,1.0,1,,2002-08-21
300302,2013-09-02,,,,,,,
300321,2015-09-26,,,,,,,
300402,2012-04-05,,,,,,,
300403,2014-08-17,,,,,,,
300441,2014-11-29,,,,,,,
300455,2013-01-01,,,,,,,
300467,2014-10-17,,,,,,,
300532,1996-09-11,,,,,,,
30054,1957-10-23,,,,,,,
30057,1999-01-01,,,,,,,
30060,1982-10-21,,,,,,,
300600,2014-11-06,,,,,,,
300602,2015-08-28,1.4E7,8306690.0,-5693310.0,,,,
300605,2013-10-05,,,,,,,
30061,2010-02-23,,,,,,,
300666,2015-05-08,,,,,,,
300667,2016-02-11,,443962.0,,,,,
300669,2016-08-25,9900000.0,1.57100845E8,1.47200845E8,,,,
300671,2016-01-13,5.0E7,6.941137E7,1.941137E7,,,,
30068,2002-01-01,,,,,,,
300686,2015-04-15,,,,,,,
30069,1985-02-15,,,,,,,
300693,2015-09-12,9600000.0,2541554.0,-7058446.0,,,,
30071,2003-05-03,,,,,,,
30074,2003-03-04,,,,,,,
300761,2015-02-28,,,,,,,
30077,2009-11-09,,,,,,,
300792,2015-01-24,,,,,,,
300803,2015-02-24,,,,,,,
30082,2005-12-07,,,,,,,
300839,2014-11-19,,,,,,,
300900,2014-11-11,,,,,,,
30091,2001-01-01,,,,,,,
300940,2011-11-24,,,,,,,
300949,1980-11-23,,,,,,,
30095,1949-10-26,,,,,,,
300983,2015-02-06,7900000.0,1.6E7,8100000.0,,,,
3010,1963-12-12,,,,4.5,2,0.7071067811865476,2015-07-16
301056,2014-03-25,18.0,,,,,,
30106,2008-04-18,,,,,,,
30112,2007-02-16,,,,,,,
30117,1978-05-01,,,,,,,
301225,2014-11-14,,,,,,,
301228,2015-09-25,1500000.0,,,,,,
30123,2006-06-01,,,,,,,
30124,2008-02-27,,,,,,,
30125,2003-04-11,,,,,,,
30126,1961-12-24,,,,,,,
30127,2009-06-05,,,,,,,
301270,2012-10-10,,,,,,,
301272,2014-11-06,,,,,,,
30128,2009-09-25,7000000.0,1429299.0,-5570701.0,,,,
301334,2016-09-14,,23275.0,,,,,
30139,2006-01-01,,,,,,,
30141,2003-10-24,,,,,,,
301491,1955-11-12,,,,,,,
301494,1968-11-07,,,,,,,
30155,2007-04-01,,,,,,,
301671,1990-04-13,,,,,,,
301816,2014-12-20,,,,,,,
301875,2015-07-15,1.6E7,2084628.0,-1.3915372E7,,,,
3019,1931-12-31,,,,3.8333333333333335,27,0.746787993805677,2016-09-29
30194,1986-06-13,1.8E7,3900000.0,-1.41E7,,,,
30198,1987-02-07,,,,,,,
302,2003-05-18,7800000.0,2.2441323E7,1.4641323E7,3.7142857142857144,7,0.48795003647426655,2000-11-22
30203,2009-06-13,,,,,,,
302036,2014-04-25,,,,,,,
302042,2014-11-10,,,,,,,
3021,2007-07-12,,9.4679598E7,,5.0,1,,2000-11-20
302104,2014-11-09,,,,,,,
302150,2017-06-08,,,,,,,
30230,1933-05-27,,,,,,,
302323,2015-10-02,,,,,,,
302348,2014-11-01,,,,,,,
302349,2018-03-01,1.8E7,,,,,,
30238,2005-09-24,,,,,,,
30239,2009-05-19,,,,,,,
302401,2016-09-15,4.0E7,3.7279439E7,-2720561.0,,,,
302429,2015-01-23,,1.3603453E7,,,,,
302435,1988-01-01,,,,,,,
30244,2006-12-15,,,,,,,
302472,1990-01-01,,,,,,,
30250,2009-08-07,,,,,,,
30252,2009-07-31,,,,,,,
302528,2015-10-23,,1986615.0,,,,,
3026,1959-01-01,,,,,,,
30266,1916-12-24,,8000000.0,,,,,
302666,2014-10-15,,,,,,,
302688,2016-03-23,1.8E7,8.8923251E7,7.0923251E7,,,,
302797,2015-10-30,,,,,,,
30294,1984-05-20,,,,,,,
302946,2016-10-14,,1.55160045E8,,,,,
30299,1957-01-07,,,,,,,
30302,2008-07-17,3000000.0,,,,,,
30307,1941-02-03,,,,,,,
3031,1932-12-01,,,,3.0,1,,2002-04-18
30312,2009-01-01,,,,,,,
30319,2007-10-05,,,,,,,
303281,2014-11-21,,,,,,,
30330,1996-02-24,6000000.0,,,,,,
303398,2003-07-18,,,,,,,
30345,1952-12-15,,,,,,,
30346,1945-05-25,,,,,,,
30352,1989-04-14,,,,,,,
3036,1994-11-04,4.5E7,1.12006296E8,6.7006296E7,4.0,4,1.4142135623730951,2011-02-03
30366,1994-02-24,,,,,,,
303665,2014-10-23,,,,,,,
303693,1996-08-25,,,,,,,
30374,1965-04-15,873000.0,,,,,,
30379,2001-09-07,,,,,,,
303858,2016-05-12,2.7E7,9.3282604E7,6.6282604E7,,,,
30388,2009-09-04,,,,,,,
303903,2014-07-19,,,,,,,
303966,1977-01-01,,,,,,,
303991,2016-04-06,1.0E7,1978592.0,-8021408.0,,,,
30416,2001-05-02,,,,,,,
304372,2015-09-11,1.2E7,6.0273173E7,4.8273173E7,,,,
304375,1956-05-12,,,,,,,
30443,1993-01-01,,,,,,,
30447,2006-02-24,,,,,,,
30459,1985-12-20,,,,,,,
30460,1967-07-07,,,,,,,
304613,2014-12-04,3000000.0,,,,,,
30478,1987-05-11,,,,,,,
3048,2007-03-08,,,,3.5,2,0.7071067811865476,2000-11-22
304850,2014-11-21,,,,,,,
304878,2015-05-28,,,,,,,
3049,1994-02-04,1.5E7,1.07217396E8,9.2217396E7,,,,
30496,1997-10-26,,,,,,,
305019,2014-06-22,,,,,,,
30502,1988-07-22,,1.5122E7,,,,,
305022,2014-10-31,,,,,,,
305044,2015-04-08,,,,,,,
30506,1944-11-10,,,,,,,
30508,2008-10-01,,,,,,,
305088,2014-11-07,,5600000.0,,,,,
305091,2014-07-31,,,,,,,
305127,2014-11-21,,,,,,,
3052,1967-06-20,,,,3.3227848101265822,79,1.1008096515733676,2016-08-17
305276,2014-12-04,,,,,,,
30528,1995-03-16,,,,,,,
305309,2013-10-06,,,,,,,
3054,1968-12-30,,2400000.0,,2.5714285714285716,7,1.69382632493642,2016-05-08
30554,1993-04-04,,,,,,,
30565,1997-01-01,,,,,,,
30566,1972-08-25,,,,,,,
3057,2004-10-05,,,,3.5,2,0.7071067811865476,2003-01-11
30576,1974-12-07,,,,,,,
30584,1984-08-17,,,,,,,
30587,2010-01-19,,,,,,,
30593,1973-08-08,,1500000.0,,,,,
30596,2009-12-18,2.3E7,5837674.0,-1.7162326E7,,,,
30599,2009-05-16,,,,,,,
3060,1925-11-05,245000.0,2.2E7,2.1755E7,3.9285714285714284,21,0.7791937224739797,2006-02-04
306060,2014-11-23,,,,,,,
3061,1928-02-18,,,,3.590909090909091,11,0.6252272314199782,2015-07-21
30619,2008-06-06,,,,,,,
306293,2012-06-01,,,,,,,
3063,1933-11-17,,,,3.4285714285714284,7,0.9759000729485332,2000-11-22
30631,1929-01-01,,,,,,,
30634,2005-12-22,20000.0,,,,,,
30636,1979-08-29,,,,,,,
306383,2014-05-23,,,,,,,
306391,2009-01-01,,,,,,,
30643,1987-04-01,,,,,,,
30644,1982-07-01,,,,,,,
306464,2009-11-08,,,,,,,
306482,2015-01-25,,,,,,,
306523,2014-11-27,,,,,,,
30656,1994-04-01,,,,,,,
30665,1948-08-25,,,,,,,
30666,1989-11-03,,1519796.0,,,,,
30669,2003-12-16,,,,,,,
306745,2015-10-02,7000000.0,573335.0,-6426665.0,,,,
30675,2010-02-02,,7000000.0,,,,,
306819,2015-11-27,1.5E7,6.4191523E7,4.9191523E7,,,,
306947,2015-08-05,,231737.0,,,,,
306952,2015-09-18,,,,,,,
306964,2015-10-16,,,,,,,
307,1945-09-27,,,,4.145161290322581,31,0.7766761271286848,2015-07-16
307087,2016-05-17,,,,,,,
307103,2015-01-07,5290000.0,,,,,,
307114,1972-03-27,,,,,,,
30713,2008-02-08,,,,,,,
30719,1944-12-31,,,,,,,
3072,1990-11-02,,,,3.6621621621621623,37,0.9578190943061312,2016-06-27
30723,1985-05-01,,,,4.0,1,,2011-01-28
307256,2014-12-01,,,,,,,
307276,2007-12-11,,,,,,,
3074,1942-03-13,,,,3.8333333333333335,6,0.752772652709081,2002-02-02
307479,2015-01-06,,,,,,,
30762,2004-12-11,,,,,,,
30768,2002-01-01,,,,,,,
307696,2013-07-13,,,,,,,
3078,1934-02-22,325000.0,4500000.0,4175000.0,3.75,2,0.3535533905932738,2006-02-16
30780,2000-02-01,,,,,,,
30792,1970-01-01,,,,,,,
307930,2014-10-01,,,,,,,
308,2005-05-17,,4.5742101E7,,4.159090909090909,22,0.7462025072446365,2014-03-26
3080,1935-09-06,609000.0,3202000.0,2593000.0,,,,
30801,1952-07-14,,,,,,,
308017,2016-01-12,,,,,,,
30806,2003-08-14,1.4E7,,,,,,
308063,2015-01-26,,,,,,,
30814,1998-01-01,,,,,,,
30815,1991-04-19,8000000.0,,,,,,
308160,2015-01-16,3500000.0,,,,,,
308266,2016-08-17,4.0E7,8.6234523E7,4.6234523E7,,,,
308361,2015-01-22,,,,,,,
30839,2001-09-15,,,,,,,
3084,1939-04-13,,,,,,,
30840,1991-05-13,,,,,,,
308409,2016-01-14,,,,,,,
308423,2014-12-05,,,,,,,
30843,2008-01-01,,,,,,,
30846,2009-02-07,,,,3.0,1,,2012-11-12
30849,2008-10-18,,,,,,,
308529,2016-07-14,1.7E7,,,,,,
30856,2004-01-01,,,,,,,
30858,2008-08-08,,,,,,,
30861,2007-08-24,,,,,,,
30863,2002-01-09,,,,,,,
308638,2015-05-08,447524.0,771317.0,323793.0,,,,
30867,2006-10-31,,,,4.0,1,,2013-05-28
308674,2015-02-27,,,,,,,
3087,1942-06-06,,,,3.316666666666667,30,0.6628482602315209,2016-08-17
308704,2014-10-27,,,,,,,
30876,1977-02-08,,,,,,,
30877,1985-08-08,,373530.0,,,,,
30879,1987-05-14,,,,,,,
308794,1991-02-02,,,,,,,
308823,2001-03-12,,,,,,,
30885,1974-01-01,,,,,,,
3089,1948-08-26,3000000.0,9012000.0,6012000.0,4.043478260869565,23,0.8779242496606939,2016-06-27
30890,1987-01-30,1.6E7,,,,,,
309,1998-05-20,1300000.0,,,5.0,3,0.0,2002-01-10
3090,1948-01-24,3800000.0,4307000.0,507000.0,3.1666666666666665,6,1.6020819787597222,2002-08-21
309018,2014-10-17,,,,,,,
309028,2014-11-10,,,,,,,
30906,2008-10-15,,,,,,,
30914,1967-03-13,,,,,,,
3092,1964-06-19,,,,,,,
30921,1994-07-27,,,,,,,
30922,1999-05-16,,,,,,,
30923,1999-02-28,2.1E7,,,,,,
30924,1980-08-14,3000000.0,,,,,,
30929,1974-09-25,,,,,,,
309304,2015-06-04,600000.0,7087452.0,6487452.0,,,,
30933,1974-07-13,,,,,,,
30943,1999-03-12,3.8E7,2.81211E7,-9878900.0,,,,
30944,2000-05-28,,,,,,,
30946,1999-09-11,,,,,,,
30949,1998-02-20,,,,,,,
30953,1999-01-01,,,,,,,
30964,1999-06-25,,,,,,,
30966,2009-01-01,,,,,,,
30970,2000-05-19,,95242.0,,,,,
309811,2014-12-10,,,,,,,
30982,1915-04-12,,,,,,,
309879,2016-05-30,,,,,,,
309882,2015-01-14,,,,,,,
309889,2015-03-15,,,,,,,
309898,1979-06-06,,,,,,,
309919,2015-08-21,2000000.0,,,,,,
309924,2015-02-27,,161820.0,,,,,
309929,2014-09-08,,,,,,,
30995,1987-07-01,,,,,,,
30998,1999-03-26,,,,,,,
310,2003-05-23,,4.84572835E8,,,,,
31002,2001-01-01,7000000.0,,,,,,
31004,1989-02-17,,4557214.0,,,,,
31005,2002-09-09,2.1E7,1.001105E7,-1.098895E7,,,,
31007,2010-10-29,,42145.0,,,,,
310119,2016-05-13,,,,,,,
310121,2015-05-15,,7449681.0,,,,,
310126,2014-12-11,,,,,,,
31013,2001-10-07,,,,,,,
31018,2002-01-01,,,,,,,
31021,2005-09-14,,,,,,,
31022,1994-01-01,,,,,,,
31024,1953-04-10,,,,,,,
31027,1996-02-10,,,,,,,
310307,2016-11-24,2.5E7,2.3964782E7,-1035218.0,,,,
31031,2007-09-09,,,,,,,
31032,2005-05-17,,,,,,,
31037,1977-07-01,9000000.0,,,,,,
31040,2006-01-01,,,,,,,
310458,2007-05-18,,,,,,,
31047,2006-01-15,,,,,,,
31051,1989-04-01,,,,,,,
31052,1988-12-23,,,,,,,
31056,1988-01-01,,,,,,,
310569,2015-02-08,,,,,,,
310602,2015-09-24,,,,,,,
31065,2004-05-31,,,,,,,
31067,2000-04-09,,,,,,,
31068,2003-01-01,,,,,,,
3107,1968-08-01,,,,3.359375,32,0.9523686515142635,2011-12-09
31073,2005-01-01,,,,,,,
31074,1981-10-04,,,,,,,
310814,2003-01-01,,,,,,,
31086,1980-05-01,,,,,,,
310888,2016-08-26,,,,,,,
310933,2013-06-01,,,,,,,
310952,2014-04-26,,,,,,,
310972,2014-11-23,,,,,,,
3110,1953-04-23,3100000.0,2.0E7,1.69E7,3.6666666666666665,3,0.5773502691896258,2001-01-22
311146,2014-12-18,2000000.0,,,,,,
31117,2004-08-27,,9109322.0,,,,,
31118,1963-01-01,,,,,,,
31119,1965-07-01,,,,,,,
3112,1955-04-03,,,,5.0,3,0.0,2000-11-20
311215,2015-01-08,,,,,,,
31122,1964-01-01,,,,,,,
311282,2009-10-13,,,,,,,
311301,2015-02-10,,,,,,,
31131,1988-12-01,,,,,,,
31134,1976-01-01,,,,,,,
31139,1977-10-26,,,,,,,
3114,1956-03-13,3750000.0,,,3.844,125,0.9533810800886325,2016-08-17
31140,2000-09-27,,,,,,,
311417,1975-02-27,,,,,,,
31147,2007-10-14,,,,,,,
31148,1940-09-21,,,,,,,
3115,1966-12-17,,,,3.6666666666666665,3,1.5275252316519468,2001-07-12
31150,1989-01-27,130000.0,,,3.75,2,0.3535533905932738,2014-07-24
31156,2013-11-25,,,,3.0,1,,2011-09-01
311585,2005-01-01,,,,,,,
31160,2009-01-01,,,,,,,
31161,1999-06-12,,,,,,,
311615,2015-07-24,,,,,,,
31169,2009-04-19,,,,,,,
3117,1973-03-31,,,,3.5,4,0.5773502691896257,2000-12-30
311770,2015-01-25,,,,,,,
31179,1979-07-13,600000.0,809000.0,209000.0,,,,
3118,1984-08-14,,,,3.5,2,0.7071067811865476,2001-09-17
31183,1999-11-07,,,,,,,
31184,2008-12-03,,,,4.5,1,,2005-11-12
31185,2009-02-12,,,,,,,
311998,2006-07-18,,,,,,,
31206,1946-10-10,,,,,,,
3121,1975-06-11,2200000.0,,,3.5,1,,2004-07-18
312100,2014-12-16,,,,,,,
312101,2007-04-18,,,,,,,
312113,2012-12-07,1.25E7,,,,,,
312137,1951-01-01,,,,,,,
31214,1978-09-14,,,,,,,
312149,2014-12-17,,,,,,,
31217,1959-01-15,,,,,,,
312174,2014-12-16,,,,,,,
31221,2008-12-01,,,,2.3,10,1.0852547064066471,2016-05-08
31222,2009-01-01,,,,,,,
31223,2007-09-14,,,,,,,
31227,2005-01-28,,,,,,,
312399,2002-01-01,60.0,,,,,,
31240,1966-01-05,,,,,,,
312433,1904-12-18,,,,,,,
31244,1996-01-01,,,,,,,
31246,2003-06-20,1.2E7,4922166.0,-7077834.0,,,,
312497,2014-12-15,,,,,,,
3125,1971-12-01,,,,3.3,10,1.3374935098492586,2003-08-20
31251,1979-01-01,,,,,,,
312526,2014-09-19,,,,,,,
31253,1968-04-25,,,,,,,
312623,1937-11-12,,,,,,,
31263,1984-02-13,,,,,,,
31264,1982-12-13,,,,,,,
312669,2016-04-27,,3351735.0,,,,,
31270,1964-12-10,,,,3.5,2,1.4142135623730951,2015-06-11
31275,1964-01-01,,,,,,,
31277,2005-01-01,,,,,,,
31278,1980-02-14,,,,,,,
312804,2015-01-23,,,,,,,
31282,1944-10-27,,,,,,,
31283,1971-11-08,,,,,,,
31289,2006-03-24,,,,,,,
312940,2012-09-01,,,,,,,
31295,1985-01-01,,,,,,,
312963,2012-07-05,,,,,,,
31299,2008-10-06,2500000.0,,,,,,
312993,2014-12-19,,,,,,,
31304,1970-04-24,,,,,,,
31309,1941-12-09,,,,,,,
3131,2002-12-14,1.0E8,1.93772504E8,9.3772504E7,,,,
313108,2014-12-17,,,,,,,
31319,1966-07-01,,,,,,,
31324,1941-03-07,,,,,,,
31325,2006-09-13,,,,,,,
31337,2009-03-19,,,,,,,
3134,2000-06-28,,940944.0,,4.208333333333333,12,1.2695441797127125,2015-07-16
31340,2008-03-19,,,,,,,
31341,2006-06-15,,,,,,,
31344,1965-03-31,,,,,,,
313556,2014-12-25,,,,,,,
31357,1995-12-22,,8.1452156E7,,,,,
31359,2001-02-07,1.256E7,4.27E7,3.014E7,,,,
313628,2015-01-15,,,,,,,
31364,2005-04-22,,,,2.25,2,2.4748737341529163,2011-02-13
313653,2014-08-15,,,,,,,
31382,1971-08-23,,,,,,,
31385,1987-10-13,,,,,,,
313867,2015-01-02,,,,,,,
31389,2004-01-01,,,,,,,
313896,2014-11-13,,,,,,,
313922,2016-04-15,5000000.0,3220371.0,-1779629.0,,,,
313972,2009-11-14,,,,,,,
313985,1996-09-15,,,,,,,
31400,1984-02-23,,,,,,,
31402,1977-01-01,,,,,,,
31404,1928-11-20,,,,,,,
31405,1976-02-01,,,,,,,
314076,2016-04-21,,,,,,,
314095,2016-10-15,3.0E7,8574339.0,-2.1425661E7,,,,
31416,1928-09-15,,,,,,,
31417,1960-01-11,,,,,,,
31418,2008-05-21,,235432.0,,,,,
314238,2014-10-25,,,,,,,
31428,1978-11-27,,,,,,,
31432,1921-03-06,,,,,,,
314365,2015-11-06,,8.8346473E7,,,,,
314371,2015-09-02,2023012.0,,,,,,
314385,2015-11-12,1.0E7,3727746.0,-6272254.0,,,,
314388,2015-12-23,,,,,,,
31439,1994-06-30,,,,,,,
314400,2015-09-09,,,,,,,
314402,2015-08-26,,248392.0,,,,,
314404,2015-02-26,,,,,,,
314407,2014-04-08,,,,,,,
314420,2015-01-25,,,,,,,
31446,2005-03-18,,,,,,,
31448,1988-01-01,,,,,,,
3145,1970-11-08,,,,3.1666666666666665,6,1.1690451944500122,2001-01-22
31451,2008-09-26,,,,,,,
31453,2009-12-18,,,,,,,
314555,2014-08-23,,,,,,,
314570,2014-07-04,,,,,,,
314580,1997-01-01,,,,,,,
31459,2003-04-25,,,,,,,
31460,2002-01-01,,,,,,,
314601,1998-01-01,,,,,,,
31462,1985-04-19,,,,,,,
31465,1997-04-18,,,,,,,
314837,2015-08-08,,,,,,,
31486,1966-08-18,,,,,,,
3149,1966-04-09,,,,,,,
314952,2015-01-01,2000000.0,,,,,,
315011,2016-07-29,1.5E7,7.7E7,6.2E7,,,,
315024,2014-12-31,,,,,,,
315049,2015-01-23,,,,,,,
315057,2014-12-26,,,,,,,
31506,1924-02-13,,,,,,,
31513,1947-12-26,,,,,,,
315134,2015-01-03,,,,,,,
31514,1931-12-18,,,,,,,
31524,1999-04-30,,,,4.0,1,,2011-06-04
31525,2002-06-07,3000000.0,6000000.0,3000000.0,,,,
315256,1981-06-19,,,,,,,
315319,2015-01-02,,,,,,,
31534,1975-04-15,,,,,,,
315360,2015-01-01,,,,,,,
315362,2015-01-10,,,,,,,
315439,2015-09-16,,,,,,,
31544,1991-05-01,,4654288.0,,,,,
31549,2009-01-01,,,,4.0,1,,2011-01-28
315509,2015-04-30,2.5784494E7,,,,,,
31551,1979-03-03,,,,,,,
31557,2003-03-24,,,,,,,
31560,1953-09-01,,,,,,,
315620,2010-12-25,,,,,,,
315664,2016-05-06,2.9E7,4.8902953E7,1.9902953E7,,,,
315723,2014-06-19,,,,,,,
31583,1989-10-27,,,,,,,
315841,2015-04-25,,,,,,,
315859,2015-02-09,,,,,,,
31586,1994-07-22,4.0E7,,,,,,
315865,2015-05-14,,,,,,,
315868,2015-12-03,,,,,,,
315872,2015-04-16,,,,,,,
315880,2016-01-14,,,,,,,
315882,2015-01-23,,,,,,,
315893,2004-05-14,,,,,,,
3159,1974-02-19,,,,3.3823529411764706,17,1.2314804576797227,2014-07-13
31591,1972-10-08,,,,,,,
315946,1874-12-09,,,,,,,
315955,1996-07-07,,,,,,,
31596,1973-05-01,,,,,,,
31598,1990-04-27,,,,,,,
3160,1965-08-08,,,,3.692982456140351,57,1.1090310521742468,2016-08-17
31600,1985-11-08,,,,,,,
31602,1966-02-17,,,,,,,
316023,2016-07-07,3.3E7,7.7068246E7,4.4068246E7,,,,
31605,1973-01-01,,,,,,,
31606,1989-08-25,,,,,,,
31610,2000-06-28,,,,,,,
316179,2015-01-22,,,,,,,
3162,1973-01-01,,,,,,,
31621,1934-06-30,,,,,,,
31623,1949-11-09,,,,,,,
316268,2016-01-15,,,,,,,
316269,2014-12-18,2200000.0,,,,,,
31633,1991-04-05,2.6E7,1.2454768E7,-1.3545232E7,,,,
31638,1979-05-18,,,,,,,
31640,1996-10-03,2.6E7,,,,,,
31641,1997-07-07,,33556.0,,,,,
31642,1993-12-24,,,,,,,
31644,1971-12-17,,,,,,,
31647,1990-01-01,,,,,,,
31648,1971-06-21,,,,,,,
316491,1985-01-14,,,,,,,
31651,1990-12-21,,1494399.0,,,,,
31655,1963-06-17,,,,,,,
31656,1974-02-11,,,,,,,
31661,1982-04-16,,,,,,,
31662,1997-08-28,6000000.0,6330054.0,330054.0,,,,
316637,2014-01-01,,,,,,,
31664,1948-12-01,,,,,,,
31668,2001-10-14,1.5E7,23000.0,-1.4977E7,,,,
316715,2015-01-20,,,,,,,
31672,1970-09-17,,,,,,,
31676,1990-10-05,,,,,,,
316784,2015-05-26,800000.0,,,,,,
31679,1981-02-13,,,,,,,
31686,2009-07-21,,,,,,,
31687,2009-10-27,,,,,,,
31688,2008-01-01,,,,,,,
316885,2015-01-22,,,,,,,
31692,1992-01-01,,,,,,,
31694,1985-01-01,,,,2.1666666666666665,3,2.0207259421636903,2008-08-11
31696,1991-04-26,,1.5429177E7,,3.24,25,0.9587318012179771,2016-09-05
317,2006-03-01,,,,2.9642857142857144,70,0.9414813665501177,2016-08-17
3170,1942-08-14,858000.0,2.6744715E8,2.6658915E8,,,,
31700,1987-01-01,,,,2.5,1,,2006-07-02
31701,1988-01-01,2.0,,,,,,
31703,1980-03-07,,,,,,,
3171,1969-01-01,,,,4.25,2,0.3535533905932738,2003-08-20
317120,2015-02-14,,,,,,,
31713,1952-05-03,,,,,,,
31714,2009-02-16,,,,,,,
31718,1977-08-24,,,,,,,
317182,2014-12-25,,,,,,,
3172,2001-10-12,7.5E7,6.7631903E7,-7368097.0,,,,
31723,2009-11-13,,18097.0,,,,,
317247,1989-01-01,,,,,,,
317389,1973-07-22,,,,,,,
31743,1987-08-01,,,,,,,
317442,2014-12-06,,,,,,,
317560,2017-03-31,,,,,,,
3176,2000-12-16,,2.5E7,,3.5,66,1.059753236879663,2015-11-03
31767,1971-07-01,,,,,,,
31769,1989-03-11,,,,,,,
31776,2000-04-14,,,,,,,
31789,1996-03-27,,,,,,,
3179,1996-12-15,1.2E7,,,3.227272727272727,11,1.2116855277595,2008-08-11
317952,2015-07-03,,,,,,,
317954,2016-03-11,,,,,,,
31798,1935-03-08,,,,,,,
317988,2015-01-22,,,,,,,
318042,2015-02-05,,,,,,,
31805,1942-11-10,,,,,,,
318052,2015-01-22,,,,,,,
318053,2014-09-26,,,,,,,
31835,1934-05-11,,,,,,,
318359,2002-03-08,,,,,,,
31850,2008-10-08,,,,,,,
31855,2005-08-01,,,,,,,
31867,2010-03-18,3.2E7,1.8409891E7,-1.3590109E7,,,,
318794,1975-08-08,,,,,,,
31880,2011-09-30,,,,,,,
318914,2015-08-26,,,,,,,
318917,2015-10-08,,2.5513752E7,,,,,
318922,2015-11-06,,,,,,,
31894,1995-08-25,,,,,,,
318954,2015-04-06,,1236094.0,,,,,
318972,2015-01-24,,,,,,,
31899,1937-07-15,,,,,,,
319017,2014-05-06,,,,,,,
31903,1937-03-05,,,,5.0,1,,2005-11-17
31906,1971-03-31,,,,,,,
319067,2015-07-31,1000000.0,,,,,,
319071,2015-06-26,,,,,,,
319074,2015-01-23,,,,,,,
319075,2015-03-23,,,,,,,
319089,2015-01-23,,,,,,,
319091,2015-02-27,,411115.0,,,,,
319092,2015-01-31,,,,,,,
319093,2015-09-25,,,,,,,
319096,2015-01-17,,,,,,,
31913,1976-02-04,,,,,,,
31918,1966-05-25,,,,,,,
31922,1991-09-10,,,,,,,
31932,2002-01-01,,,,,,,
319340,2015-01-28,,,,,,,
319389,2014-04-24,,,,,,,
31944,1983-12-19,,,,,,,
31947,1986-11-21,1.0E7,4711220.0,-5288780.0,,,,
31948,1978-03-10,,5438927.0,,,,,
319513,2015-02-19,,,,,,,
31952,1970-10-04,,,,3.6666666666666665,3,1.0408329997330663,2015-06-15
31954,2005-07-20,,,,,,,
31955,1984-12-26,,4385312.0,,,,,
31957,1985-04-25,,,,,,,
319632,2005-07-23,,,,,,,
31973,2005-01-01,,,,5.0,1,,2015-07-16
31977,2005-02-04,,733094.0,,,,,
31980,1947-12-25,,,,,,,
31983,2006-04-28,,,,,,,
31985,2006-07-22,,,,,,,
31991,2009-09-01,,,,,,,
319920,1999-05-07,,,,,,,
319924,2015-02-21,,,,,,,
319971,2015-01-16,,,,,,,
319993,2015-01-22,,105097.0,,,,,
319994,2015-10-15,,,,,,,
319995,2015-05-28,,52761.0,,,,,
320,2002-05-24,4.6E7,1.1371483E8,6.771483E7,2.75,4,1.2583057392117916,2002-08-21
320003,2015-02-07,,,,,,,
320011,1998-03-06,,,,,,,
32003,2008-01-01,,,,,,,
320037,1981-09-26,,,,,,,
32004,1935-03-08,,,,,,,
320061,2015-06-26,,,,,,,
32013,2006-01-01,,,,,,,
32014,1982-12-11,,,,,,,
320179,2015-01-01,,,,,,,
320181,2014-10-28,,,,,,,
32021,1973-01-16,,,,,,,
32027,1980-05-23,,,,,,,
320293,1982-11-05,,,,,,,
320295,2015-04-03,,,,,,,
320299,2014-01-21,,,,,,,
32030,1980-09-26,,,,,,,
320311,2015-01-21,,,,,,,
320316,2015-01-29,1816720.0,4541800.0,2725080.0,,,,
320318,2015-02-11,,,,,,,
32033,1987-12-31,,,,,,,
32034,1971-01-01,,,,,,,
320343,2015-03-06,,,,,,,
32037,1976-12-18,,,,,,,
320412,2014-04-12,,,,,,,
320413,2016-10-07,,,,,,,
320420,2014-04-06,,,,,,,
320433,2014-02-27,,,,,,,
32047,1981-08-19,,,,,,,
32048,1982-11-19,1.0E7,,,,,,
32049,1993-01-01,,6500000.0,,,,,
32050,1974-05-17,,,,,,,
32052,1978-07-12,1500000.0,,,,,,
320586,2015-03-13,,,,,,,
320643,2014-06-20,,,,,,,
32066,1948-01-22,,,,,,,
32070,1959-07-17,,,,,,,
320736,2015-03-20,,,,,,,
32076,1987-06-09,,1.8753438E7,,,,,
32077,1981-09-25,,,,,,,
32083,1993-03-26,,,,,,,
320849,2005-01-01,,,,,,,
32085,1982-01-01,,,,,,,
32088,1984-10-19,,,,,,,
320910,2015-10-21,,,,,,,
32092,2007-09-02,,,,,,,
32097,1977-06-15,,,,,,,
32099,2001-01-01,,,,,,,
3210,1966-01-01,,,,3.6153846153846154,52,0.7450186510060723,2016-08-17
321039,2015-06-16,,,,,,,
32113,1959-08-25,,,,,,,
321142,1989-01-01,,,,,,,
321160,2015-01-24,,,,,,,
32117,1998-03-27,,,,,,,
32119,1992-12-06,,,,,,,
321228,2014-08-13,,,,,,,
32128,2004-11-14,,,,,,,
32130,1944-12-23,,,,,,,
321303,2015-02-20,2000000.0,,,,,,
321315,2014-11-14,,,,,,,
32139,1999-01-01,,,,4.0,1,,2005-05-04
32142,1970-09-03,,,,,,,
32144,1998-03-26,147773.0,,,,,,
32149,2008-01-31,,,,,,,
321528,2015-04-14,,,,,,,
32157,2006-07-13,,,,,,,
32159,2006-01-01,,,,,,,
321612,2017-03-16,,1.262886337E9,,,,,
32162,2005-01-01,,,,,,,
32163,2005-11-11,,,,,,,
32164,2005-01-01,,,,,,,
32166,2000-09-08,,,,,,,
321662,2014-06-20,,,,,,,
321666,2016-07-15,,,,,,,
32169,2009-01-29,,,,,,,
32171,2004-10-02,,,,,,,
32195,1998-04-19,,,,,,,
32196,1940-08-30,,,,,,,
321974,2015-09-09,,,,,,,
32202,1982-10-01,1500000.0,,,,,,
322148,2015-10-15,,,,,,,
322260,2011-01-01,,,,,,,
32228,2004-01-01,,,,,,,
32229,2004-01-01,,,,,,,
322317,2015-01-28,,,,,,,
32234,2003-09-27,,,,4.25,2,0.3535533905932738,2009-06-21
32235,2003-01-01,,,,,,,
322400,1964-01-01,,,,,,,
322434,2014-11-08,,,,,,,
322443,2015-02-27,,,,,,,
322455,1979-08-31,,,,,,,
322456,2015-02-10,,,,,,,
322476,2012-11-09,,,,,,,
32255,1942-11-07,,,,,,,
32261,1989-03-03,,8800000.0,,,,,
32263,2003-11-04,,,,,,,
32273,1999-03-12,,,,,,,
32274,1999-12-10,,,,,,,
322740,2015-06-21,,,,,,,
32275,1946-12-31,6000000.0,2.04E7,1.44E7,,,,
32276,2003-03-09,,,,,,,
32284,1996-04-18,,24.0,,,,,
32285,2008-01-01,,,,,,,
322903,2014-01-01,,,,,,,
32293,2003-08-15,,,,,,,
32294,1948-06-04,,,,,,,
32295,1993-05-26,,,,,,,
32302,1998-04-10,,,,2.0,1,,2005-04-04
323027,2015-07-28,,,,,,,
32303,1975-09-10,,,,,,,
32304,2002-01-01,,,,,,,
32306,1999-01-01,,,,,,,
32308,1996-03-15,,,,,,,
32317,1931-04-03,,,,,,,
32318,1924-10-13,,,,,,,
32319,1971-08-28,,,,,,,
32327,1947-09-01,,,,,,,
32329,1989-10-31,,,,,,,
32330,1989-10-27,,,,,,,
32331,1988-08-26,,7467504.0,,,,,
323315,2015-02-07,,,,,,,
32334,1984-01-07,,,,,,,
32336,1982-06-06,,,,,,,
323396,2015-03-12,,,,,,,
323426,2015-02-06,3700000.0,,,,,,
323428,2015-10-23,,,,,,,
323431,2015-02-10,,,,,,,
323517,2015-02-20,3700000.0,1.148E7,7780000.0,,,,
323573,2011-10-07,,,,,,,
323656,2015-09-25,,,,,,,
323674,2015-08-18,,,,,,,
323676,2016-04-07,2.9E7,7.8636257E7,4.9636257E7,,,,
323679,2015-03-16,,,,,,,
323688,2015-02-05,,,,,,,
323690,2015-02-06,,,,,,,
323694,2015-03-14,,,,,,,
323695,2015-02-24,,,,,,,
323788,2015-11-06,,,,,,,
323792,2015-06-12,,,,,,,
32388,1968-04-03,,,,,,,
323925,2015-02-04,,,,,,,
323967,2015-03-13,700000.0,,,,,,
324017,2017-01-01,,,,,,,
324173,2008-08-17,,,,,,,
324181,2015-01-23,,,,,,,
324260,2015-03-15,90.0,,,,,,
324266,,,,,,,,
324271,2015-03-14,,,,,,,
324277,2014-10-06,,,,,,,
32428,1937-12-24,,,,,,,
324284,2016-01-08,,,,,,,
324289,2016-02-12,,,,,,,
324291,2015-03-15,,,,,,,
324320,2015-03-14,,,,,,,
324322,2015-10-13,522360.0,,,,,,
324325,2015-07-17,,,,,,,
324326,2016-08-26,,,,,,,
324340,2015-02-07,,,,,,,
324345,2015-02-07,,,,,,,
32444,2004-01-01,,,,3.25,2,1.0606601717798212,2015-07-17
324440,2015-02-07,,,,,,,
32446,1986-01-01,,,,,,,
324572,2015-04-30,,,,,,,
324573,2014-12-07,,,,,,,
324578,2015-02-07,,,,,,,
32458,1995-10-28,650000.0,,,,,,
324631,2015-01-08,,,,,,,
32465,2006-01-01,,,,,,,
324668,2016-07-27,,4.15484914E8,,,,,
324670,2016-12-09,,,,,,,
324764,2015-02-01,,,,,,,
324786,2016-10-07,4.0E7,1.75302354E8,1.35302354E8,,,,
324803,2015-03-14,,,,,,,
32488,1962-12-26,,,,,,,
324963,2015-03-02,,,,,,,
32497,2010-02-12,,,,,,,
324978,2015-01-04,,,,,,,
32499,1952-12-25,1558000.0,,,,,,
325111,2015-04-21,,,,,,,
325134,2015-02-06,,,,,,,
325205,2015-03-27,,,,,,,
32523,2006-11-22,6500000.0,1325092.0,-5174908.0,,,,
32528,2004-04-18,,,,,,,
32532,2006-01-10,,,,,,,
325346,2016-08-25,,1016985.0,,,,,
325358,2015-03-05,,,,,,,
325365,2015-03-13,,,,,,,
325382,2014-10-28,,,,,,,
325385,2016-03-23,,,,,,,
32540,2008-01-01,,,,,,,
325428,2015-02-14,,,,,,,
325439,1961-10-31,,,,,,,
325555,1996-06-09,,,,,,,
32558,1948-12-25,,,,,,,
32559,2009-09-25,,,,,,,
325645,1972-03-30,,,,,,,
325712,2015-02-01,50000.0,,,,,,
32574,1941-03-12,,,,,,,
32575,1969-07-10,,,,,,,
325789,2016-07-13,2.5E7,1.5436808E7,-9563192.0,,,,
32579,2008-03-20,,2.3311391E7,,,,,
325848,2015-04-29,,,,,,,
32588,2003-12-05,,,,,,,
325892,2015-03-20,,,,,,,
32594,1979-01-01,,,,,,,
32596,1947-11-14,,,,3.1,5,1.3416407864998738,2016-05-08
326,2006-08-06,3.3E7,6.2022014E7,2.9022014E7,4.071428571428571,7,0.9322272357358042,2011-01-28
326013,1986-09-08,,,,,,,
326038,1975-09-03,,,,,,,
32604,2006-09-09,,,,,,,
326045,2014-08-04,,,,,,,
326094,2016-06-24,,,,,,,
32610,1939-10-13,,,,,,,
32612,2010-10-01,,,,,,,
32613,1972-09-30,300000.0,,,,,,
32615,1973-01-11,,,,,,,
32616,2002-03-20,,,,,,,
32620,1975-07-01,,,,,,,
32622,1995-01-01,,,,,,,
32623,1959-01-01,,,,,,,
32624,2006-04-30,,,,,,,
326247,2015-02-28,,,,,,,
326250,2015-03-01,,,,,,,
326253,2015-01-28,,,,,,,
32627,1973-01-01,,,,,,,
326333,2015-02-19,,,,,,,
32638,1990-04-21,,,,,,,
326415,2015-02-28,,,,,,,
326425,2015-12-18,,16775.0,,,,,
32643,1997-11-29,,,,,,,
32644,1983-01-01,,2.3646952E7,,,,,
326446,2017-02-24,,,,,,,
32646,1995-06-23,,,,,,,
32652,1933-02-18,,,,,,,
326536,2015-02-16,,,,,,,
32654,2009-12-10,1.0E8,,,,,,
326553,2015-02-21,,,,,,,
32657,2010-02-01,9.5E7,2.26497209E8,1.31497209E8,,,,
326665,2015-03-06,,,,,,,
32673,1903-08-31,,,,,,,
326755,1973-03-08,,,,,,,
32678,2009-01-01,5000000.0,,,,,,
32686,1996-09-11,,,,3.0,1,,2015-06-10
32687,2005-01-01,,,,,,,
326874,2015-03-04,,,,,,,
326890,2002-11-15,,,,,,,
32691,1990-03-23,,,,,,,
32692,1982-05-26,,,,,,,
32695,2008-10-31,1.9E7,,,,,,
327,2000-09-09,,1.525E7,,2.75,26,1.0793516572461452,2011-06-09
327029,2015-02-24,,,,,,,
327040,2015-08-26,,,,,,,
327231,2015-03-06,,,,,,,
327237,2015-04-02,,,,,,,
32726,1968-11-27,,,,,,,
327352,2014-09-27,,,,,,,
327389,2005-12-16,,,,,,,
32740,2006-06-23,,,,,,,
327418,2015-05-12,,,,,,,
32742,1994-01-01,,,,,,,
327476,2015-02-25,,,,,,,
327536,2015-10-01,,,,,,,
32764,1994-05-18,,,,,,,
327655,1978-10-17,,,,,,,
327674,2010-01-01,,,,,,,
327685,2014-11-06,,,,,,,
328032,2015-04-02,,,,,,,
328132,2015-03-13,,,,,,,
328212,2014-03-07,,,,,,,
328246,2015-04-11,,,,,,,
328387,2016-07-27,1.9E7,8.5241496E7,6.6241496E7,,,,
328416,1986-05-16,,,,,,,
328429,2016-06-03,,,,,,,
328448,2015-01-01,,,,,,,
328483,2015-06-12,,,,,,,
32858,1943-11-11,,,,,,,
328589,2015-11-13,6000000.0,4.1387687E7,3.5387687E7,,,,
328595,2015-03-01,,,,,,,
32866,2009-12-31,,,,,,,
328692,2015-05-14,,,,,,,
328714,1969-01-16,,,,,,,
328720,2015-03-11,,,,,,,
328739,2015-03-13,,,,,,,
328763,2014-07-05,,,,,,,
328796,2016-04-16,,,,,,,
328820,2015-06-10,,,,,,,
328848,2015-05-02,,,,,,,
328869,2015-10-16,,,,,,,
32887,1949-03-04,,,,,,,
32888,1994-02-17,,,,,,,
32891,1957-05-01,,,,,,,
328918,1957-11-01,,,,,,,
328930,2014-10-03,,,,,,,
329,1993-06-11,6.3E7,9.201E8,8.571E8,3.3508771929824563,114,1.017392608238455,2016-09-10
329005,2015-04-15,,,,,,,
329066,2014-11-22,,,,,,,
329135,2015-04-17,,5100000.0,,,,,
329206,2015-03-20,,,,,,,
329227,2014-03-05,,,,,,,
329241,2015-04-05,,,,,,,
329255,2015-03-06,,,,,,,
32926,2010-02-12,,,,,,,
329263,2015-09-10,,8.3027924E7,,,,,
329289,2015-04-07,,,,,,,
32934,1997-12-13,,,,,,,
32940,1974-06-19,,,,,,,
329407,2015-03-24,,,,,,,
329556,2015-03-03,1000000.0,,,,,,
329637,2015-08-01,,,,,,,
329682,2015-11-11,,,,,,,
32969,1968-07-18,1800000.0,,,,,,
329690,2012-08-12,,,,,,,
329740,1961-05-17,,,,,,,
329809,2015-11-18,,,,,,,
329815,2015-09-30,,39687.0,,,,,
329829,2015-12-11,,,,,,,
32985,2009-09-16,4.5E7,7810000.0,-3.719E7,,,,
329868,1965-03-22,,,,,,,
32990,2005-09-30,,,,,,,
329981,2016-11-11,,1.3082071E7,,,,,
33001,1931-01-17,,,,,,,
330070,2016-04-29,,,,,,,
330112,2015-04-19,,4631.0,,,,,
330127,2015-10-20,190000.0,,,,,,
33015,1925-11-01,,,,,,,
33016,1981-08-14,2500000.0,,,,,,
33025,1937-12-14,,,,,,,
330275,2014-09-12,,,,,,,
33028,1938-09-16,,,,,,,
33030,1939-08-18,,,,,,,
33031,1941-01-31,,,,,,,
330333,2016-01-06,,,,,,,
33035,2008-10-17,,,,,,,
330381,2016-05-19,,,,,,,
330430,2005-03-18,,,,,,,
33045,1997-01-01,,,,,,,
330483,2016-02-04,1.0E7,1.8730891E7,8730891.0,,,,
33057,1973-12-20,,,,,,,
330588,2014-09-17,,,,,,,
330629,2003-08-01,,,,,,,
330711,2000-01-01,,,,,,,
330764,2015-09-02,8555500.0,,,,,,
33077,1946-05-13,,,,,,,
33078,1985-10-04,,,,,,,
33081,2005-06-24,,,,,,,
330878,2014-08-21,,179000.0,,,,,
3309,1945-09-24,1453000.0,5638000.0,4185000.0,4.25,2,0.3535533905932738,2011-01-28
330916,2015-04-01,,,,,,,
330947,2017-03-17,1.0E7,443684.0,-9556316.0,,,,
33102,2005-01-01,,,,,,,
33104,1978-04-20,,,,,,,
33107,2010-02-25,,,,,,,
33114,2006-02-24,,,,,,,
33115,1948-12-10,,,,,,,
33116,2009-01-01,,,,,,,
331214,2001-09-09,1.25E8,,,,,,
33124,1994-04-15,,,,3.5,1,,2006-05-03
33125,1997-07-13,,,,,,,
33127,2008-01-01,,,,,,,
33130,2009-12-30,,,,,,,
331313,2016-10-20,4.0E7,2.9918745E7,-1.0081255E7,,,,
33134,2008-08-03,,,,,,,
331351,2015-03-10,,,,,,,
331354,2015-06-04,,,,,,,
331367,1996-09-05,,,,,,,
331392,2017-02-03,,,,,,,
331393,2016-07-15,,,,,,,
33152,2001-09-12,,,,,,,
331583,2016-03-25,,,,,,,
33159,2009-10-23,,,,,,,
331642,2016-05-06,,,,,,,
33172,1988-12-02,,,,,,,
33199,2006-11-16,,,,,,,
33201,1998-12-14,,,,,,,
33202,1992-05-22,,,,,,,
332168,2014-03-22,25000.0,,,,,,
33217,2010-03-19,1.5E7,7.5700498E7,6.0700498E7,,,,
332177,2015-06-12,,,,,,,
33218,1955-05-05,,,,,,,
33221,1992-10-23,,,,,,,
33226,2008-10-04,,,,,,,
332280,2015-03-23,,,,,,,
332283,2018-04-25,,,,,,,
332285,2016-09-02,3.5E7,,,,,,
332286,2015-04-17,,,,,,,
33241,2005-03-04,,,,,,,
332411,2016-04-14,1.8E7,,,,,,
332488,2014-10-25,,,,,,,
332491,2015-03-12,,,,,,,
33250,1979-03-02,,,,,,,
33251,2002-04-05,2000000.0,,,,,,
332534,2015-01-09,,,,,,,
33255,2004-06-25,,,,,,,
332662,2014-11-01,,,,,,,
33272,2009-07-16,,,,,,,
332739,2015-04-16,,,,,,,
33274,2009-02-03,,,,,,,
332742,2015-11-13,,,,,,,
332746,2015-04-17,,,,,,,
332748,2015-04-19,,,,,,,
332757,1975-10-11,,,,,,,
332759,2015-03-26,,,,,,,
33278,1986-10-10,,8988731.0,,,,,
332794,2016-10-12,,,,,,,
33280,2004-04-02,,,,,,,
33294,2004-01-23,,,,,,,
332979,2016-11-04,6000000.0,6174491.0,174491.0,,,,
332980,2015-03-19,,,,,,,
33302,2001-09-05,,,,,,,
33305,1992-01-31,,,,,,,
333072,2015-05-16,,,,,,,
333088,2015-11-24,,,,,,,
333097,2015-04-16,,,,,,,
33310,1982-04-30,,,,,,,
333103,2015-03-30,,,,,,,
333126,2009-03-15,,,,,,,
33315,1890-11-21,,,,,,,
33324,1976-10-15,,,,,,,
33331,1973-02-14,,,,,,,
333346,2015-04-24,,,,,,,
333358,2016-10-07,,,,,,,
33336,1961-05-09,,,,,,,
333367,2015-09-16,,,,,,,
333371,2016-03-10,,1.08286421E8,,,,,
333375,2016-01-22,,,,,,,
33338,2008-11-28,,,,,,,
333385,2016-02-29,8000000.0,34694.0,-7965306.0,,,,
33345,1986-07-02,,1.0090429E7,,,,,
333516,2014-11-22,,,,,,,
333590,2009-01-01,,,,,,,
333663,2016-10-07,,,,,,,
333667,2016-07-08,6.0E7,9420546.0,-5.0579454E7,,,,
33367,1985-11-20,,,,,,,
333678,2015-12-31,,,,,,,
33371,2001-08-07,,,,,,,
33379,2001-07-27,,1443067.0,,,,,
33382,1967-11-04,,,,,,,
33386,1936-03-27,,,,,,,
33388,1939-08-31,,,,,,,
333888,2015-04-02,,,,,,,
33391,1934-09-12,,,,,,,
33393,1935-01-21,,,,,,,
334,1999-12-08,,4.8451803E7,,3.0714285714285716,14,1.3847680013570567,2002-08-21
334028,2015-05-02,,,,,,,
334057,2015-03-22,,,,,,,
33407,2009-10-16,,,,,,,
334074,2015-05-21,,,,,,,
33419,1945-03-16,,,,,,,
334299,2015-02-27,,,,,,,
334307,2015-06-17,,,,,,,
334317,1993-04-05,,,,,,,
334376,2015-06-20,,101203.0,,,,,
334394,2015-12-31,,,,,,,
334521,2017-03-31,1.0E7,3565109.0,-6434891.0,,,,
334524,2016-12-22,2.0E7,7227038.0,-1.2772962E7,,,,
334534,2015-04-05,,,,,,,
334535,2017-04-07,,,,,,,
334536,2015-11-20,,19980.0,,,,,
334538,2016-06-03,,,,,,,
33454,1952-05-08,3005000.0,6746000.0,3741000.0,,,,
334541,2016-11-18,9000000.0,7.5026965E7,6.6026965E7,,,,
334629,1990-02-20,,,,,,,
334679,2015-04-20,,,,,,,
33470,1978-09-16,155000.0,,,,,,
33472,1953-04-05,,,,,,,
33476,1955-01-01,736.0,,,,,,
33477,1949-09-18,686.0,,,,,,
33482,1945-01-01,717.0,,,,,,
334889,2016-02-05,,,,,,,
33491,1999-02-03,,,,,,,
334939,2015-06-24,,,,,,,
33494,2009-10-16,,,,,,,
335053,2015-10-23,4000000.0,,,,,,
335077,2015-05-18,,,,,,,
33510,2007-10-28,,,,,,,
335138,2015-04-28,,,,,,,
335145,1995-11-17,,,,,,,
33519,1993-09-29,1500000.0,,,,,,
335201,1995-04-10,,,,,,,
335205,2013-11-01,,,,,,,
335209,2007-12-25,,,,,,,
33521,1979-07-20,,,,,,,
33525,1985-03-29,,,,,,,
335251,,,,,,,,
335310,2015-09-18,,,,,,,
33534,2006-03-16,4500000.0,3468423.0,-1031577.0,,,,
335409,2015-11-04,,,,,,,
33541,1942-02-13,,,,,,,
33551,1947-10-07,,,,,,,
33555,2010-01-26,1000000.0,,,,,,
33557,2001-10-26,,,,,,,
335578,2015-12-03,5070773.0,,,,,,
33558,2009-01-23,,,,3.0,1,,2008-12-15
33563,2006-06-02,,,,,,,
33569,2008-01-18,,,,,,,
33575,1952-06-13,,,,,,,
335778,2016-02-19,2.0E7,4.6069568E7,2.6069568E7,,,,
335791,2016-09-09,1.0E7,3.0658387E7,2.0658387E7,,,,
33583,1971-01-01,,,,,,,
33586,2007-10-20,2800000.0,,,,,,
335872,2015-04-04,,,,,,,
33588,2007-08-06,,,,,,,
335970,2015-07-16,,,,,,,
33600,1943-01-01,,,,,,,
336004,2015-11-13,8900000.0,4100000.0,-4800000.0,,,,
336018,2014-03-20,,,,,,,
33604,1992-01-01,,,,,,,
336050,2015-06-11,1000000.0,1777043.0,777043.0,,,,
33611,2004-02-16,,,,,,,
336121,2015-02-23,,,,,,,
336212,2016-01-07,,,,,,,
336222,2015-05-28,,,,,,,
336271,2016-07-15,,,,,,,
336307,2014-10-22,,,,,,,
33632,1962-08-31,,,,,,,
336455,2016-02-18,,551760.0,,,,,
336484,2008-09-18,,,,,,,
336560,2015-04-25,,,,,,,
33657,1997-08-27,,,,,,,
33665,1977-12-22,,,,,,,
336663,2015-09-30,,,,,,,
336664,2015-06-18,,,,,,,
336666,2015-05-14,,,,,,,
33667,1947-11-11,2000000.0,7800000.0,5800000.0,,,,
336735,2004-05-14,,,,,,,
336776,2015-06-26,,,,,,,
33680,1932-05-25,700000.0,2594000.0,1894000.0,,,,
336804,2015-06-17,1300000.0,250000.0,-1050000.0,,,,
336805,2015-09-16,,,,,,,
336808,2015-05-25,1400000.0,1320005.0,-79995.0,,,,
336845,2015-05-02,,,,,,,
336850,2015-05-05,,,,,,,
33688,2003-02-14,,,,1.0,1,,2006-07-24
336885,2015-02-27,,,,,,,
33689,1995-11-17,,,,,,,
33691,1969-06-23,,,,,,,
336970,2000-09-13,,,,,,,
336972,2015-04-29,,,,,,,
337029,2015-10-30,,,,,,,
337075,2015-04-21,,,,,,,
337085,2015-08-28,,,,,,,
33710,1961-09-27,,,,,,,
337115,2015-04-03,,,,,,,
33714,2007-04-19,1000000.0,404785.0,-595215.0,,,,
33719,1998-10-16,,,,,,,
337218,2014-05-05,,,,,,,
33731,1958-04-24,,,,,,,
33735,1962-01-01,,,,,,,
337405,2015-04-24,,,,,,,
337435,1986-05-09,,,,,,,
33744,1968-12-05,,,,,,,
337456,2010-10-08,,,,,,,
337473,2015-04-25,,,,,,,
337549,2015-05-03,,,,,,,
337550,2007-01-01,,,,,,,
33766,1985-11-17,,,,,,,
337677,2015-07-08,,63802.0,,,,,
337730,2015-06-10,,,,,,,
33774,2008-08-28,,,,,,,
337751,2015-05-30,,,,,,,
33783,1994-08-26,,,,,,,
337844,2017-02-17,,,,,,,
337874,2016-09-23,,23020.0,,,,,
33792,1948-04-30,,,,,,,
33799,1998-10-07,,,,,,,
33806,2009-10-07,,,,,,,
338100,2015-06-23,,,,,,,
338107,2015-05-22,,,,,,,
33811,1949-10-28,,,,,,,
33813,1947-05-03,,,,,,,
33817,2007-03-04,,,,2.25,2,1.7677669529663689,2015-06-11
338189,2016-08-26,,,,,,,
338227,2015-04-01,,,,,,,
338234,2015-05-15,,,,,,,
33827,2006-01-19,,,,,,,
33828,1999-08-17,,,,,,,
338309,2011-11-11,,,,,,,
33831,1979-09-09,,,,,,,
33839,1950-03-31,,,,,,,
338421,2015-07-25,,,,,,,
338485,2015-06-06,,,,,,,
33851,1987-09-11,6000000.0,1432687.0,-4567313.0,,,,
338518,2015-06-15,,,,,,,
33857,2009-01-01,,,,,,,
338679,2016-04-04,,,,,,,
338689,2015-04-28,,,,,,,
33875,2002-07-13,,2.0867919E7,,,,,
338803,2015-05-21,,,,,,,
338930,2015-08-20,1050255.0,2250547.0,1200292.0,,,,
339077,2015-02-06,,,,,,,
339079,2015-06-13,,,,,,,
33909,2010-09-02,7.0E7,1.34748021E8,6.4748021E7,,,,
339116,2016-09-30,,,,,,,
33914,1984-12-14,1000000.0,,,,,,
339148,2015-06-12,,,,,,,
339152,2015-06-14,,,,,,,
33916,2004-03-30,,17393.0,,,,,
33924,1953-06-12,,,,,,,
33927,1993-10-08,,18.0,,,,,
339274,2015-11-27,,,,,,,
33931,1941-03-21,,,,,,,
339312,2014-09-12,,,,,,,
339320,2003-09-20,,,,,,,
339339,2014-04-12,,,,,,,
339342,2015-01-01,,,,,,,
339355,2015-06-05,,,,,,,
339362,2015-10-16,,,,,,,
339367,2015-06-12,,,,,,,
339403,2017-06-28,,2.24511319E8,,,,,
339405,2016-10-14,,,,,,,
339419,2016-11-04,9000000.0,8996802.0,-3198.0,,,,
339428,1996-03-14,,65335.0,,,,,
339445,1975-02-14,,,,,,,
339526,2016-02-02,,,,,,,
339530,2015-10-06,,,,,,,
339562,2015-08-06,,,,,,,
339669,2015-08-21,1.2796917E7,,,,,,
339692,2017-07-13,,,,,,,
339751,2015-09-04,,,,,,,
339846,2017-05-12,6.9E7,1.77856751E8,1.08856751E8,,,,
339927,2016-10-14,,,,,,,
33996,2009-09-04,,,,,,,
339967,2017-04-06,,3021345.0,,,,,
33997,2009-09-24,,1.4631377E7,,,,,
339984,2016-03-17,1.6E7,7.3883359E7,5.7883359E7,,,,
339988,2017-04-27,1.8E7,2.0497844E7,2497844.0,,,,
339992,2014-09-28,156660.0,,,,,,
34004,2001-06-11,500.0,,,,,,
340053,2015-05-09,,,,,,,
34012,1966-09-14,,,,,,,
34013,2009-10-14,,,,,,,
34014,1988-09-09,,,,,,,
340155,,,,,,,,
34016,2010-03-11,2.0E7,4.9779728E7,2.9779728E7,,,,
34019,2004-10-30,,,,,,,
340194,2015-11-24,,,,,,,
340224,2014-01-01,,,,,,,
34023,1976-11-02,,,,,,,
34025,2008-07-11,,,,,,,
340275,2015-12-04,,,,,,,
34036,2003-09-13,,,,,,,
34038,1967-12-25,,,,,,,
340401,2015-07-23,,,,,,,
34043,2001-10-26,,,,,,,
34044,1997-09-19,,,,,,,
340488,2016-11-17,,,,,,,
3405,1968-02-02,,,,3.5625,8,0.8634441002668988,2012-05-07
34052,1974-07-20,,,,,,,
34053,1988-11-04,,,,,,,
34057,2005-06-03,,,,,,,
340611,2016-07-29,,,,,,,
34065,2004-07-22,,,,,,,
34067,2005-07-16,,,,,,,
340676,2016-10-19,6000000.0,1305195.0,-4694805.0,,,,
34068,1997-04-30,,,,,,,
340712,2015-04-12,,19337.0,,,,,
34075,1982-02-20,,,,,,,
340753,2015-05-29,,,,,,,
34077,1959-06-25,,,,,,,
34078,1958-01-01,,,,,,,
34082,1952-01-01,,,,,,,
340837,2017-02-15,,2.6559557E7,,,,,
34092,2009-09-23,,,,,,,
340937,2014-08-20,,,,,,,
34100,2004-04-21,,,,,,,
341006,2016-03-17,,,,,,,
341007,2015-05-21,143149.0,645135.0,501986.0,,,,
34101,1987-03-20,,,,,,,
341012,2016-06-03,,9496130.0,,,,,
341013,2017-07-26,,9.0007945E7,,,,,
341045,2015-01-01,,,,,,,
341050,2015-01-01,,,,,,,
341077,2015-08-24,,,,,,,
34113,1981-01-01,,,,,,,
341176,2015-05-22,,,,,,,
341178,2015-08-15,,,,,,,
341201,1983-07-04,,,,,,,
34127,1945-01-01,,,,,,,
34128,2009-01-01,500000.0,11276.0,-488724.0,,,,
34131,1968-03-20,,,,,,,
34134,2010-01-26,,1.6441438E7,,,,,
34138,1996-01-01,,,,,,,
34148,1959-01-01,,,,,,,
341491,1995-09-15,,,,,,,
34151,1992-03-06,,,,,,,
34158,2009-12-13,,,,,,,
34167,2004-05-06,,,,,,,
341689,2017-12-27,,,,,,,
34170,1996-10-31,3.0E7,,,,,,
34179,2010-02-04,2.0E7,,,,,,
34181,1964-12-19,,,,,,,
34186,2005-03-02,,,,,,,
34187,1933-01-06,,,,,,,
34193,1978-11-08,,,,,,,
34195,2008-01-01,,,,,,,
34196,2003-01-31,,,,,,,
341962,1920-03-05,,,,,,,
34202,1992-05-17,,,,,,,
342021,2015-06-04,,,,,,,
34203,2010-01-01,,,,,,,
34205,2001-10-12,,,,,,,
342052,2015-05-25,,,,,,,
34210,2007-02-01,,,,,,,
34214,2009-09-09,,,,,,,
34219,2008-04-01,,,,,,,
342213,1981-03-20,,591696.0,,,,,
34231,2010-01-29,,,,,,,
34233,1948-12-01,,,,,,,
342473,2016-12-14,3.0E7,2351359.0,-2.7648641E7,,,,
342474,2015-07-31,,,,,,,
342502,2015-08-07,,,,,,,
342550,2015-05-25,,,,,,,
342657,2015-06-18,,,,,,,
342672,2016-02-05,,,,,,,
342695,2015-04-11,,,,,,,
34276,1964-07-01,,,,,,,
342831,1916-06-30,,,,,,,
342917,2015-08-18,,,,,,,
343,1971-12-20,1200000.0,,,3.0,1,,1996-10-20
343010,2016-04-14,,,,,,,
34303,1998-12-20,,,,,,,
343042,1972-10-06,,,,,,,
343043,2005-09-30,,,,,,,
343070,2015-06-02,,,,,,,
34312,1989-02-05,,,,,,,
343140,2015-09-24,,,,,,,
343173,2016-04-22,,,,,,,
34326,1973-01-13,,,,4.5,2,0.7071067811865476,2012-08-05
34328,1992-05-15,,311245.0,,,,,
343284,2015-08-29,2000000.0,,,,,,
343304,2012-01-02,,,,,,,
34334,1992-12-17,,,,2.125,4,0.6291528696058959,2013-05-05
343369,2015-06-06,,,,,,,
343435,1928-11-05,,,,,,,
343611,2016-10-19,6.0E7,1.62146076E8,1.02146076E8,,,,
343702,2015-06-10,,,,,,,
34372,1895-08-28,,,,,,,
343724,2015-06-20,,,,,,,
34376,1991-01-07,1.3E7,3752426.0,-9247574.0,,,,
34379,1987-10-23,,,,,,,
343795,2015-09-11,,4842699.0,,,,,
34389,2006-01-21,,202000.0,,,,,
343972,1951-12-15,,,,,,,
344,1999-08-26,2888030.0,,,2.8714285714285714,175,1.1047367784923674,2016-08-17
344041,2016-01-04,8000000.0,,,,,,
344123,2015-06-21,,,,,,,
344170,2015-06-11,,,,,,,
34424,1998-06-11,,,,,,,
344277,2015-06-12,,,,,,,
34456,1933-10-06,,2850000.0,,,,,
344591,2015-02-08,,,,,,,
344593,2015-08-04,,,,,,,
34461,1972-01-01,,,,,,,
34469,2002-12-27,,,,,,,
34474,1932-09-09,,,,,,,
34479,1970-11-08,478375.0,,,,,,
344900,2015-06-06,,,,,,,
34496,2009-09-10,,,,,,,
345009,2016-10-06,,,,,,,
34506,1982-10-10,,,,,,,
34509,1996-03-11,,,,,,,
34513,1999-02-06,,,,,,,
345139,2016-02-10,,,,,,,
34515,2006-09-16,,,,,,,
34518,1991-01-01,,,,,,,
34528,1959-11-20,,,,4.0,2,0.0,2016-06-27
345306,2015-06-18,2600000.0,,,,,,
345575,2015-01-04,,,,,,,
34560,2004-10-08,,,,,,,
34564,1990-08-31,,458996.0,,,,,
345727,2015-06-18,,,,,,,
345735,2015-07-05,,,,,,,
345775,2015-12-10,,,,,,,
34582,1997-02-21,,,,,,,
34588,2006-01-06,,,,,,,
345913,2015-06-01,,,,,,,
345918,2016-11-11,,,,,,,
34592,2009-01-01,,,,,,,
345924,2016-07-01,,,,,,,
345931,2015-05-29,,,,,,,
345938,2017-03-03,2.0E7,5.7330873E7,3.7330873E7,,,,
345944,2015-07-27,,,,,,,
34600,1997-01-01,,,,,,,
34601,2004-06-29,,,,,,,
346079,2015-07-31,,,,,,,
346106,2012-08-11,,,,,,,
346134,2016-03-12,,,,,,,
34615,1995-12-15,,676525.0,,,,,
346170,2015-07-23,,,,,,,
34631,2007-06-10,,,,,,,
34636,1990-10-24,3.2E7,1.6283667E7,-1.5716333E7,,,,
34637,1988-09-16,,,,,,,
346388,2016-04-01,,,,,,,
346472,2015-01-01,,,,,,,
346490,2015-06-28,2137000.0,,,,,,
346494,2015-08-13,,,,,,,
34650,1946-04-03,,,,,,,
34652,1954-03-10,,,,,,,
34653,2009-10-19,7000000.0,,,,,,
346564,2015-09-28,,,,,,,
34662,1959-12-11,,,,,,,
346641,2015-07-01,,,,,,,
34666,1978-11-03,,,,,,,
346685,2016-10-05,4.5E7,1.73185859E8,1.28185859E8,,,,
346755,2015-07-06,,,,,,,
346758,2015-07-08,,,,,,,
346763,2015-07-02,,,,,,,
346808,2015-08-01,,133332.0,,,,,
34683,1992-02-21,,,,,,,
34697,1982-02-05,,,,,,,
347033,2016-07-29,,1605463.0,,,,,
347106,2015-09-25,,,,,,,
347127,2016-11-04,,,,,,,
34714,2000-01-01,,,,,,,
34723,1993-04-02,6500000.0,,,,,,
347258,2015-10-08,,,,,,,
34732,1970-07-10,,,,,,,
347328,2015-08-06,,,,,,,
347344,2016-08-19,,,,,,,
347382,2015-06-11,1500000.0,,,,,,
347413,2015-07-03,625.0,,,,,,
347465,2007-12-13,,,,,,,
347528,2015-07-03,,,,,,,
34759,1973-12-23,,,,,,,
34760,1986-09-12,,442000.0,,,,,
34763,2009-11-27,,,,,,,
347630,2016-09-26,,,,,,,
34764,2010-02-06,,293500.0,,,,,
347642,2015-08-15,,,,,,,
347647,2016-03-11,,,,,,,
34765,2004-06-11,,,,,,,
347666,2016-02-26,,,,,,,
34767,2009-01-01,,,,,,,
347688,2015-07-10,,,,,,,
347697,2015-08-13,,,,,,,
347702,2015-07-20,,,,,,,
34772,2000-10-24,,,,,,,
347754,2015-08-31,,,,,,,
347760,2015-08-28,,,,,,,
347764,2015-08-31,,,,,,,
34777,2010-01-21,,,,,,,
34778,1940-10-18,,,,,,,
347786,2015-06-18,500000.0,,,,,,
3478,1972-12-29,,,,3.3333333333333335,12,0.9613752775282002,2007-06-23
34783,1959-08-18,,,,,,,
34784,2007-01-16,,,,,,,
347850,2016-03-14,,,,,,,
347855,2015-11-19,,,,,,,
34787,2005-07-01,,,,,,,
347881,2016-03-18,,,,,,,
34794,2000-04-15,,,,,,,
347969,2015-12-11,6.0E7,,,,,,
347979,2015-07-16,,964206.0,,,,,
347981,2013-06-21,,,,,,,
348,1979-05-25,1.1E7,1.04931801E8,9.3931801E7,3.9375,40,0.8179673054716263,2012-06-23
348035,2015-07-10,,,,,,,
348069,2015-09-24,,,,,,,
34812,2005-06-28,1000000.0,,,,,,
3482,1964-09-21,5800000.0,6800000.0,1000000.0,,,,
348273,2007-07-17,,,,,,,
348295,2015-08-20,,,,,,,
348296,2015-08-21,,,,,,,
348315,2015-09-10,,,,,,,
348391,2017-04-07,,,,,,,
348396,2015-05-18,,,,,,,
34840,2002-11-13,,,,,,,
348507,1992-01-14,,,,,,,
348528,1998-08-23,,869.0,,,,,
348544,2007-05-15,,,,,,,
34857,1953-11-26,,,,,,,
348601,2015-07-11,,,,,,,
348611,2016-09-17,,,,,,,
348631,2015-08-02,,,,,,,
34867,2003-08-18,,,,,,,
34869,2007-06-06,,121129.0,,,,,
34875,1935-01-01,,,,,,,
348762,2000-10-13,,,,,,,
348811,2015-08-03,,,,,,,
348893,2016-08-01,,,,,,,
348896,2015-08-13,,,,,,,
3489,2007-02-14,3.0E7,1.6930884E7,-1.3069116E7,3.116279069767442,43,1.1010666327655154,2016-06-27
34902,2004-08-06,,,,,,,
349028,2015-07-27,,,,,,,
349045,2015-08-04,,,,,,,
349135,2015-07-23,,,,,,,
349158,2015-09-26,,,,,,,
349176,2015-03-21,,,,,,,
34933,1953-08-08,,,,,,,
34935,1996-04-20,,,,,,,
34937,2009-04-27,,,,,,,
34943,1941-01-16,,,,,,,
34944,1943-07-03,,,,,,,
349441,2015-05-28,,,,,,,
34945,1944-10-24,,,,,,,
34977,1933-09-08,,,,,,,
34981,2007-02-09,,,,,,,
34989,2009-09-30,2600000.0,,,,,,
34991,1971-12-01,,,,,,,
349948,2016-06-01,,,,,,,
34995,2003-02-26,,,,,,,
34996,1995-01-10,,,,,,,
35,2007-07-25,7.5E7,5.27068851E8,4.52068851E8,3.5454545454545454,11,0.8201995322647243,2000-11-22
35001,1957-09-05,,,,,,,
35005,2004-04-15,,,,,,,
35009,1951-02-10,,,,,,,
35016,1990-02-23,,,,,,,
35017,1957-09-01,,,,,,,
35019,2010-03-26,,9.3246388E7,,,,,
35022,1943-03-25,,,,,,,
35025,2010-02-16,,,,,,,
35026,2009-10-21,2.7E7,,,,,,
35030,1960-09-05,,,,,,,
35032,1948-06-11,3700000.0,2956000.0,-744000.0,,,,
35038,1989-09-01,,,,,,,
35052,2009-12-04,,,,,,,
350548,2014-10-13,,,,,,,
35056,2010-04-08,5.5E7,1.5226388E8,9.726388E7,,,,
35057,1962-06-21,,,,,,,
35066,2000-09-14,,,,,,,
35068,1971-07-01,,,,,,,
35072,1963-12-22,,,,,,,
35073,1953-06-13,210000.0,5000000.0,4790000.0,,,,
35076,2009-10-28,,,,,,,
350762,2015-04-29,,,,,,,
350765,1976-01-01,,,,,,,
350839,2015-07-23,,,,,,,
350849,2015-12-11,,,,,,,
3509,2006-05-25,,7659918.0,,3.3333333333333335,3,0.5773502691896257,2005-04-24
350931,2015-07-18,,,,,,,
35101,1980-06-24,,1.1E7,,,,,
351043,2015-08-14,3000000.0,,,,,,
351067,2016-07-08,,,,,,,
351072,2014-10-06,884130.0,2259444.0,1375314.0,,,,
3511,2008-01-18,6700000.0,,,2.0,4,1.1547005383792515,2002-12-23
35113,1998-02-15,,,,,,,
35114,2003-08-05,1500000.0,,,,,,
351145,2015-09-25,4000000.0,,,,,,
351192,2015-11-04,,,,,,,
3512,1995-07-13,6.0E7,1.04324083E8,4.4324083E7,3.5526315789473686,19,1.116725581059113,2015-08-23
351232,2016-05-20,,,,,,,
35124,1959-05-11,,,,,,,
35125,1980-11-01,,,,,,,
35128,1958-05-01,,,,,,,
35138,2010-02-14,2.5E7,,,,,,
351454,2016-06-17,,939101.0,,,,,
35148,2009-10-13,,,,,,,
35169,2010-04-02,,3.9340177E7,,,,,
351694,2015-07-10,,1.5E8,,,,,
35176,2001-09-14,,,,,,,
35177,2005-05-17,,,,,,,
35178,1995-04-08,,,,,,,
351809,2016-03-03,6700000.0,1.2118661E7,5418661.0,,,,
351868,2015-08-04,,,,,,,
351901,2015-09-11,,,,,,,
352024,1987-01-01,,,,,,,
35203,1996-10-13,,,,,,,
352036,2015-08-01,,,,,,,
352128,2002-11-05,,,,,,,
35215,1999-06-26,,,,,,,
352156,2016-01-26,,,,,,,
352157,2015-09-16,,497323.0,,,,,
352161,2015-08-13,,2.0381995E7,,,,,
352166,2015-04-15,,,,,,,
352179,2015-09-15,,,,,,,
352186,2016-10-21,,,,,,,
352197,2015-10-21,,,,,,,
352208,2015-12-23,,,,,,,
35233,1994-09-30,,,,,,,
352334,2015-02-14,,,,,,,
35237,2006-08-27,,,,,,,
352387,2013-04-18,,,,,,,
352539,2015-06-01,1700000.0,,,,,,
352582,2016-10-06,,,,,,,
3526,1982-12-03,,5000000.0,,3.5869565217391304,23,1.0296973729411458,2010-06-26
35265,2002-09-06,,56878.0,,,,,
352695,2016-08-12,,,,,,,
3527,2005-05-19,1.1E7,,,3.5660377358490565,53,0.9758513829603073,2016-08-17
352733,2015-08-17,,,,,,,
3529,1934-05-25,226408.0,1423000.0,1196592.0,3.611111111111111,9,0.9930312739844154,2012-06-23
352917,2015-01-01,,,,,,,
35292,1995-09-20,,,,,,,
352960,2015-09-10,,,,,,,
35297,2007-11-23,,,,,,,
353070,2017-04-06,2.5E7,8.4618541E7,5.9618541E7,,,,
353117,2015-04-13,,,,,,,
353148,2015-04-17,,,,,,,
353163,2015-08-05,,,,,,,
35320,2005-02-19,,,,,,,
353216,2015-08-07,,,,,,,
353326,2016-04-08,,1.1472454E7,,,,,
35343,1981-12-04,,,,,,,
353446,2015-07-02,,,,,,,
353464,2015-09-14,,,,,,,
353491,2017-08-03,6.0E7,7.1E7,1.1E7,,,,
353500,2015-09-21,,,,,,,
353533,2015-08-07,,,,,,,
353569,2017-01-20,5000000.0,3305592.0,-1694408.0,,,,
353595,2015-08-25,,,,,,,
3536,2000-04-20,6.2E7,1.27666415E8,6.5666415E7,3.5,18,1.0981267472114393,2015-06-10
353610,2015-11-06,,,,,,,
353686,2015-08-28,,,,,,,
353713,1947-09-29,,,,,,,
353732,2016-03-11,,,,,,,
353746,2014-08-26,,,,,,,
353866,2015-08-13,,,,,,,
353898,2015-08-21,1230000.0,,,,,,
3539,2004-09-11,,,,4.166666666666667,3,0.28867513459481275,2004-02-05
35392,1962-03-16,,,,,,,
35396,2009-12-29,,,,,,,
353989,2015-06-04,,,,,,,
35401,1947-04-18,,,,,,,
354023,1994-08-11,,,,,,,
35405,1974-09-05,,,,,,,
3541,1977-10-29,,,,,,,
354100,2015-03-26,,,,,,,
354105,1933-01-01,,,,,,,
354220,2015-09-14,,,,,,,
354285,2017-03-10,,,,,,,
354287,2017-05-26,6.0E7,,,,,,
35436,2009-11-25,,,,,,,
354421,2015-08-14,,,,,,,
354544,2015-08-14,,,,,,,
354547,2003-07-04,,,,,,,
354556,2017-02-14,7000000.0,,,,,,
35463,1987-10-30,,,,,,,
354818,2015-08-16,,,,,,,
354832,2014-12-27,,,,,,,
3549,2006-02-24,,,,3.4166666666666665,18,0.8445325891388958,2013-06-21
354924,2015-10-01,1000000.0,,,,,,
355065,2015-09-13,,148461.0,,,,,
355254,2016-06-10,,,,,,,
355264,2014-01-01,,,,,,,
355335,2015-08-22,,,,,,,
355338,2015-11-03,,,,,,,
35543,1945-01-14,,,,,,,
35554,2009-11-27,,,,,,,
355545,2014-01-31,,,,,,,
35555,2005-06-01,,,,,,,
35564,1985-11-01,,,,,,,
35568,2009-05-29,,,,,,,
35569,2001-03-02,,,,,,,
3558,1999-12-21,,,,,,,
35588,1993-12-10,,1.863562E7,,,,,
356054,1995-09-18,,,,,,,
35611,1960-08-25,,,,,,,
356149,2015-08-24,,,,,,,
35619,2009-02-07,,,,,,,
356191,2015-09-09,,,,,,,
356201,2015-09-14,,,,,,,
356216,2015-08-29,2500000.0,,,,,,
356294,2015-09-15,,,,,,,
356298,2016-07-22,,4417667.0,,,,,
3563,2007-07-12,8.5E7,1.86072214E8,1.01072214E8,1.5,2,0.7071067811865476,2001-06-18
356305,2016-12-22,3.8E7,1.18034273E8,8.0034273E7,,,,
356324,2015-10-04,,,,,,,
356326,2015-09-29,,,,,,,
356332,2015-10-06,,,,,,,
356366,2015-10-20,,,,,,,
35639,2006-07-19,,,,,,,
356401,2015-07-15,,,,,,,
35646,2005-02-25,,,,,,,
3565,1928-07-01,,,,3.3636363636363638,11,1.12006493318265,2011-11-07
35651,2001-09-10,,,,,,,
35652,2008-10-05,4000.0,,,,,,
35656,2010-01-25,,,,,,,
35659,1984-10-14,,,,,,,
35669,1973-11-03,,544476.0,,,,,
35671,1966-09-22,,,,,,,
356757,2015-09-24,,,,,,,
35680,1998-07-10,,,,,,,
35683,2005-10-25,2000000.0,,,,,,
356846,2015-09-15,,,,,,,
356862,1972-01-02,,,,,,,
35687,2010-03-19,,,,,,,
356898,2015-09-12,,,,,,,
35694,2002-04-19,,,,,,,
35703,2001-11-10,,,,,,,
357096,2015-10-09,,,,,,,
35712,2002-10-16,,105090.0,,,,,
357125,2013-06-14,,,,,,,
357155,2014-10-02,,,,,,,
35724,2006-01-01,,,,,,,
357313,2015-12-31,,,,,,,
35733,2006-06-30,45.0,,,,,,
357390,2015-11-27,,,,,,,
357424,2016-10-15,,,,,,,
35749,1968-01-01,,,,,,,
357529,1948-07-11,,,,,,,
357530,2015-08-28,,,,,,,
35759,2009-10-23,1.0,,,,,,
3576,1942-08-01,,,,4.0,2,1.4142135623730951,2009-05-21
35760,2006-01-15,,,,,,,
357600,2015-11-23,,,,,,,
357681,2015-09-02,,,,,,,
3577,2001-01-21,,,,3.5,4,1.0801234497346435,2016-06-15
357706,2016-01-28,300000.0,2100000.0,1800000.0,,,,
357784,2015-09-17,17973.0,,,,,,
357786,2016-01-08,,,,,,,
3578,1933-10-26,,,,3.9658385093167703,161,0.9289177567243314,2016-10-15
35780,1966-12-15,,,,,,,
357851,2016-07-22,,,,,,,
35791,2010-09-09,6.0E7,3.00228084E8,2.40228084E8,,,,
35793,1951-01-01,,,,,,,
357959,1974-08-30,,,,,,,
35796,1997-11-21,7000000.0,,,,,,
3580,2008-01-30,5.5E7,1.13020255E8,5.8020255E7,5.0,1,,2000-06-14
35806,1962-12-12,,,,,,,
358076,1985-12-16,,,,,,,
3581,1972-01-01,,,,4.0,6,0.8366600265340755,2016-05-19
35810,1936-07-28,,,,,,,
3582,1960-10-18,,,,,,,
358353,2015-04-01,1600000.0,,,,,,
35841,1987-12-23,,,,,,,
35849,1945-10-29,,,,,,,
358505,2015-09-12,,,,,,,
358511,2015-09-06,,,,,,,
358532,2015-09-06,,,,,,,
35862,1975-01-01,,,,,,,
358694,2015-09-24,,,,,,,
358724,2014-04-04,,,,,,,
358808,2015-09-04,,,,,,,
35888,1989-01-01,,,,,,,
358881,2015-10-27,,,,,,,
358895,2015-09-14,,30400.0,,,,,
358908,2015-09-10,,,,,,,
35891,2005-03-05,5000000.0,,,,,,
358912,2016-04-28,,,,,,,
358924,2015-09-11,,,,,,,
358926,2016-04-06,,,,,,,
35895,1956-08-17,,,,,,,
35896,1949-10-21,,,,,,,
358962,2015-09-10,1000000.0,2228115.0,1228115.0,,,,
358980,1960-03-25,,,,,,,
359002,2010-10-29,,,,,,,
35907,2002-12-20,,,,,,,
359070,2015-03-15,,,,,,,
35908,2009-02-05,,,,,,,
359093,2016-11-20,,,,,,,
359105,2015-09-09,,,,,,,
359151,2015-10-16,,,,,,,
359154,2015-09-10,,,,,,,
359156,2015-09-08,,,,,,,
35917,1956-06-10,,,,,,,
359195,1960-03-31,,,,,,,
35921,1959-04-01,,,,,,,
359244,2015-09-10,,,,,,,
359245,2015-10-03,,,,,,,
359246,2015-10-16,,,,,,,
359325,2015-09-11,,,,,,,
35935,2002-03-12,,,,,,,
359353,1972-01-10,,,,,,,
35939,2009-11-20,6000000.0,,,,,,
35944,2001-08-24,,,,,,,
35945,1989-01-01,,,,,,,
35946,2004-08-25,,,,,,,
359460,2015-09-24,,,,,,,
359471,2015-09-29,2000000.0,,,,,,
359483,2016-03-25,,,,,,,
3595,1996-11-08,8.0E7,3.09492681E8,2.29492681E8,,,,
35951,2001-11-08,,,,,,,
35954,1945-12-25,,,,,,,
35955,1947-05-09,,,,,,,
35956,1955-08-14,,,,,,,
35958,1955-02-15,,,,,,,
3597,1997-10-17,1.7E7,1.25586134E8,1.08586134E8,,,,
359736,2013-10-12,,,,,,,
35976,1978-05-10,,4.5E7,,,,,
359790,2015-10-03,,,,,,,
35986,1948-04-13,,,,,,,
35992,1966-06-15,,,,,,,
35995,2006-04-18,,,,,,,
359983,2015-11-22,,,,,,,
3600,1998-11-13,6.5E7,4.0002112E7,-2.4997888E7,3.25,4,0.49999999999999994,2002-02-02
360030,2016-03-04,,,,,,,
360203,2015-11-05,,25000.0,,,,,
360205,2015-08-17,,,,,,,
360249,2016-02-12,5455000.0,,,,,,
360283,2015-10-15,,,,,,,
360328,2015-09-18,,,,,,,
360339,2015-10-22,2300000.0,,,,,,
360365,2016-05-04,,,,,,,
360380,2006-01-01,,,,,,,
360387,2015-10-05,,,,,,,
360389,2016-04-22,,,,,,,
360404,2015-10-19,,,,,,,
360408,2015-09-17,,,,,,,
36054,1928-08-19,,,,,,,
36055,1928-03-05,,,,,,,
360603,2015-11-27,,,,,,,
360604,2015-11-07,,,,,,,
360605,2015-10-09,,,,,,,
360606,2016-06-24,,,,,,,
360612,2015-09-19,,,,,,,
360626,1968-02-20,,,,,,,
36067,2004-10-20,,,,,,,
36068,1989-04-26,,,,,,,
36073,1985-10-07,,,,,,,
360737,2016-11-10,,,,,,,
360784,2015-09-15,,,,,,,
36079,1979-01-01,,,,,,,
360799,2016-06-09,,,,,,,
360808,1934-11-01,,,,,,,
36089,1957-06-01,,,,,,,
36091,2004-05-08,,,,,,,
36092,2004-01-01,,,,,,,
36094,1990-02-09,2.3E7,5820015.0,-1.7179985E7,,,,
36096,1974-04-10,,,,,,,
360998,2003-01-01,,,,,,,
36105,1999-02-12,,,,,,,
361050,2015-10-20,,,,,,,
36106,1919-06-01,,,,,,,
361066,1964-01-01,,,,,,,
36115,2009-09-02,,,,,,,
361181,2015-09-18,,,,,,,
36120,2009-11-02,,,,,,,
361251,2015-10-25,,,,,,,
361261,2015-10-04,,,,,,,
36129,1975-10-23,,,,,,,
36130,2008-01-01,,,,,,,
361340,2002-04-28,,,,,,,
36136,1998-12-30,,,,,,,
361380,2015-10-07,,,,,,,
36161,1969-01-01,,,,,,,
361617,2015-09-27,,,,,,,
36162,1972-01-01,,,,,,,
361671,2015-10-04,,,,,,,
361750,2015-09-26,,,,,,,
361758,1968-01-13,,,,,,,
361841,2015-10-16,,,,,,,
361931,2015-11-09,,,,,,,
36196,1995-06-09,,472370.0,,,,,
362045,2015-12-18,1.95E7,5.6E7,3.65E7,,,,
362046,2015-09-11,,,,,,,
36208,1918-04-14,,,,,,,
362108,2015-10-10,,,,,,,
362136,2015-11-11,2.34E7,6.7E7,4.36E7,,,,
362151,1988-11-18,,,,,,,
362178,2016-03-23,,,,,,,
362180,2015-03-11,,,,,,,
362185,2015-08-21,,,,,,,
36220,1983-07-01,,,,,,,
362227,2016-04-08,,,,,,,
36224,2000-10-12,100.0,,,,,,
36229,2006-03-16,,,,,,,
362291,2003-01-01,,,,,,,
362293,1958-10-21,,,,,,,
36236,1967-02-22,,,,,,,
362409,2016-11-03,,,,,,,
36243,2001-12-15,9400000.0,,,,,,
362439,2015-10-17,,,,,,,
36245,1964-01-01,,,,,,,
36246,2000-01-01,,,,,,,
36249,2005-01-01,,,,,,,
36257,1992-03-11,,,,,,,
362583,2015-10-04,2.28E7,,,,,,
362610,2015-10-05,,,,,,,
36264,1986-09-22,,,,,,,
36265,1965-02-08,,,,,,,
36266,1995-01-01,,,,,,,
36269,2001-03-27,,,,,,,
362699,2015-10-08,,,,,,,
362703,2016-01-08,,,,,,,
362736,2015-10-21,,,,,,,
362765,2014-10-19,,,,,,,
36283,1966-01-01,,,,,,,
362876,2015-12-03,,,,,,,
36292,2008-01-01,,,,,,,
362974,2015-10-22,,,,,,,
36298,2010-01-01,,,,,,,
36299,1996-01-01,4000000.0,,,,,,
363007,2015-10-07,2800000.0,,,,,,
363105,2000-01-01,,,,,,,
363185,2016-01-29,,,,,,,
36323,1993-01-01,,,,,,,
363264,2015-10-01,,,,,,,
36331,1950-10-17,,,,,,,
36335,1947-06-23,,,,,,,
363354,2015-10-05,,,,,,,
36337,1991-06-07,1000000.0,,,,,,
363413,2015-10-16,1.0,,,,,,
36342,1939-08-19,,,,,,,
36344,1996-08-14,,,,,,,
363478,2015-11-14,,,,,,,
363479,2015-11-22,,,,,,,
363480,2015-11-15,,,,,,,
36355,1996-05-17,2.553E7,2.008002E7,-5449980.0,,,,
363579,2016-09-07,8620000.0,,,,,,
363611,1968-04-28,,,,,,,
36362,1961-10-11,5037000.0,1.4483352E7,9446352.0,,,,
363690,2015-10-24,,,,,,,
36373,1951-03-01,,,,,,,
363757,2015-10-22,,,,,,,
36377,2009-04-17,,,,,,,
363790,2015-10-08,,,,,,,
363841,2016-04-26,,,,,,,
363889,2015-11-13,,,,,,,
363992,2017-05-21,,,,,,,
364,1992-06-19,8.0E7,2.8E8,2.0E8,3.7775,200,0.8920327134186532,2016-08-17
3640,2001-09-09,,,,3.25,2,0.3535533905932738,2011-01-28
36402,2004-10-08,,,,,,,
364060,2017-06-09,,,,,,,
364067,2015-12-04,,,,,,,
36407,2009-05-08,,,,,,,
364088,2015-11-09,,,,,,,
364089,2015-10-16,,,,,,,
364111,2015-09-19,,,,,,,
364123,1980-01-01,,,,,,,
36415,2009-04-21,,,,,,,
364150,1992-10-17,,,,,,,
364153,2015-10-10,,,,,,,
36421,1991-01-01,,,,,,,
36427,2002-10-23,,,,,,,
36432,2009-08-21,,,,,,,
36443,2007-05-08,,,,,,,
364433,2015-05-12,1900000.0,,,,,,
364540,2016-06-18,1150118.0,,,,,,
36457,1966-06-01,,,,,,,
36460,1980-10-03,,,,,,,
36463,1956-09-01,,,,,,,
36465,2009-05-31,,,,,,,
364684,1945-10-21,,,,,,,
364690,2016-08-26,,,,,,,
364810,2015-05-15,,,,,,,
364830,2015-11-06,,,,,,,
364831,2015-07-29,,,,,,,
364833,2015-10-01,,,,,,,
364834,1979-06-28,,,,,,,
36491,1959-03-10,,,,,,,
36499,1933-06-10,,,,,,,
365037,2014-10-01,,,,,,,
36505,1995-11-03,,,,,,,
365065,2015-09-03,,,,,,,
36511,2010-05-07,,,,,,,
36513,1932-12-30,,,,,,,
36514,1965-04-24,,,,,,,
365267,2015-10-16,,,,,,,
365323,2016-11-03,,,,,,,
365339,2015-10-14,,,,,,,
36540,1966-01-01,,,,,,,
36542,2009-07-13,,,,,,,
36549,2008-01-01,,,,,,,
365491,2015-10-27,,,,,,,
365544,2015-10-29,,,,,,,
365566,2014-10-03,,,,,,,
36566,2010-04-20,,,,,,,
365707,2015-10-22,,,,,,,
36571,1985-02-04,,,,,,,
36572,1987-03-01,,,,,,,
36576,1983-08-12,,4491986.0,,,,,
365909,2015-01-01,,,,,,,
36593,1994-03-18,,5.1132598E7,,,,,
365942,2017-01-26,3.0E7,1.4793385E7,-1.5206615E7,,,,
36597,2009-01-18,,,,,,,
366005,2015-10-30,,,,,,,
366017,2015-10-25,,,,,,,
366045,2015-09-02,,,,,,,
36606,1997-09-09,,,,,,,
36607,2005-02-04,,,,,,,
366080,2016-07-22,1.87E7,7.4E7,5.53E7,,,,
36610,2004-11-05,,,,,,,
36612,1943-02-20,,,,,,,
366120,1980-05-23,,,,,,,
36613,1998-08-01,,,,,,,
36614,1994-07-12,32.0,,,,,,
366143,2015-11-04,,,,,,,
366249,2015-09-30,1730000.0,,,,,,
366269,2015-10-27,,,,,,,
366324,2016-08-25,,,,,,,
36635,1945-11-14,,,,,,,
36643,1999-11-08,1.35E8,3.618324E8,2.268324E8,,,,
36645,1966-05-01,,,,,,,
36647,1998-08-21,4.5E7,1.3118353E8,8.618353E7,,,,
36648,2004-12-08,6.5E7,1.28905366E8,6.3905366E7,,,,
366502,2016-11-03,,,,,,,
366514,2016-05-04,,,,,,,
366548,2015-11-24,,,,,,,
366566,2015-12-23,,,,,,,
36657,2000-07-13,7.5E7,2.96339527E8,2.21339527E8,,,,
36662,1967-05-31,,,,,,,
366631,2015-12-12,,,,,,,
36668,2006-05-24,,4.59359555E8,,,,,
366696,2016-10-07,,,,,,,
36671,2008-07-08,,,,,,,
36672,1989-11-08,,,,,,,
366742,2016-04-21,,,,,,,
366759,2015-11-13,,,,,,,
36676,2006-04-26,,,,,,,
366763,,,,,,,,
36678,2004-09-10,,,,,,,
36679,1991-12-14,,,,,,,
36683,2008-08-19,2.0E7,3.1244858E7,1.1244858E7,,,,
36685,1975-08-14,1200000.0,1.12892319E8,1.11692319E8,,,,
366864,2015-11-05,,,,,,,
366901,2016-01-29,,,,,,,
36692,1996-12-05,,,,,,,
366924,2016-03-22,3500000.0,,,,,,
36698,2009-10-08,7000000.0,1877122.0,-5122878.0,,,,
366985,2013-11-06,,,,,,,
36699,2010-02-18,,8910819.0,,,,,
36703,2009-08-09,,,,,,,
36704,1944-08-16,,,,,,,
36706,1946-02-22,,,,,,,
36709,1993-04-22,,,,,,,
367108,2015-10-31,,,,,,,
367206,2016-12-02,,,,,,,
36724,1988-06-17,,,,,,,
367275,2015-11-08,,,,,,,
36730,2003-05-25,,,,,,,
367326,2015-11-06,,,,,,,
36736,2010-04-20,,,,,,,
367412,2013-01-18,,,,,,,
367416,2015-11-12,,,,,,,
367524,2015-11-03,,,,,,,
367536,2015-11-28,,,,,,,
367538,2015-12-01,,,,,,,
367544,2015-12-19,,,,,,,
367551,2015-12-11,,,,,,,
36759,1978-07-24,1.8E7,,,,,,
36763,2004-06-20,,,,,,,
367647,,,,,,,,
367678,,,,,,,,
36768,1984-08-31,,,,,,,
367732,2015-12-04,,,,,,,
367735,2015-11-13,,,,,,,
36785,1969-01-01,,,,,,,
36786,1956-05-30,,,,,,,
367882,2015-10-22,,,,,,,
36791,2002-11-17,,,,,,,
36799,2004-05-22,375581.0,,,,,,
367999,2015-11-12,,,,,,,
36800,2009-10-21,5060730.0,,,,,,
368006,2016-05-05,1.0E7,1.5E7,5000000.0,,,,
368031,2016-01-07,9900000.0,2400000.0,-7500000.0,,,,
36807,1997-03-28,,,,,,,
36815,1965-10-07,,,,,,,
3682,1998-08-28,1.3E7,1.6757163E7,3757163.0,2.7142857142857144,7,1.1126972805283737,2005-03-31
36820,1976-07-26,,,,,,,
36821,1914-03-31,,,,,,,
368239,2015-11-11,,,,,,,
36833,1991-01-01,,,,,,,
36843,1990-11-15,,,,,,,
36850,1971-03-11,,,,,,,
36855,1967-09-05,,,,,,,
36868,1987-01-01,,,,,,,
36871,1954-06-15,,,,,,,
36880,1989-01-01,,,,,,,
36885,1972-02-17,,,,,,,
36887,1971-08-26,,,,,,,
369032,2016-07-01,,,,,,,
369033,2016-04-17,,,,,,,
369052,2015-12-13,,,,,,,
369054,2015-12-20,,,,,,,
369057,2015-11-29,,,,,,,
36907,1992-01-01,,,,,,,
36912,1983-02-18,,6347072.0,,,,,
36914,1987-10-02,,3.4377585E7,,,,,
36915,1996-05-17,,,,,,,
369165,2015-11-27,,,,,,,
36917,2009-06-27,,,,,,,
3692,1966-02-17,,,,3.5,2,0.7071067811865476,2007-01-13
369228,2015-11-19,,,,,,,
369237,2016-10-02,,,,,,,
369245,2015-11-26,,,,,,,
369364,2015-10-28,,,,,,,
369366,2015-04-11,,,,,,,
369373,2015-07-08,,,,,,,
369443,2015-10-28,,,,,,,
36952,2008-06-04,,,,,,,
369524,2016-12-09,,,,,,,
36956,2010-04-30,,,,,,,
36960,2006-11-01,,,,,,,
369603,1971-01-01,,,,,,,
36962,2001-01-01,,,,,,,
369796,2015-11-23,,,,,,,
369820,2015-12-01,,,,,,,
369894,2016-09-02,,,,,,,
3699,1972-06-30,,,,3.4545454545454546,22,0.7854190708679775,2007-11-11
36996,2002-01-01,,,,,,,
36998,1996-01-01,,,,,,,
370044,1933-01-01,,,,,,,
37015,1994-01-01,,,,,,,
370168,2015-11-08,,,,,,,
370178,2016-03-17,,,,,,,
37019,1995-08-25,8000000.0,,,,,,
370213,2015-11-20,,,,,,,
37025,1937-05-08,,,,,,,
37032,1986-03-01,1.0E7,,,,,,
37034,2010-02-09,2.0E7,,,,,,
37038,1962-02-06,,,,,,,
37039,1941-12-19,,,,,,,
37041,1947-06-02,,,,,,,
37044,1999-09-05,,,,,,,
370464,2016-01-08,,,,,,,
37047,2000-12-24,,,,,,,
37048,2010-09-18,,,,,,,
37049,1977-11-18,,,,,,,
37050,2003-10-23,,,,,,,
370524,2007-07-01,,,,,,,
37055,1989-02-13,,,,,,,
37056,2010-05-14,3.0E7,,,,,,
37059,2009-10-27,,,,,,,
37062,1995-01-02,,,,,,,
370664,2015-01-01,,,,,,,
370687,2015-12-19,,,,,,,
370722,2015-11-09,,,,,,,
370741,1969-07-03,,,,,,,
37079,1958-09-23,,,,,,,
37080,2009-11-07,7000000.0,,,,,,
37083,1960-07-27,,,,,,,
370835,2015-12-04,,,,,,,
37084,1951-11-13,,,,,,,
370870,2016-02-26,,,,,,,
370902,2015-06-10,,,,,,,
371007,2014-06-21,,,,,,,
371153,2015-12-04,,,,,,,
37128,1934-12-09,,,,,,,
37129,1973-06-06,,,,,,,
37133,1938-04-24,,,,,,,
371347,2015-12-04,,,,,,,
37135,1999-06-18,1.5E8,4.48E8,2.98E8,,,,
37136,1988-12-02,,7.8756177E7,,,,,
37141,1995-10-17,,,,,,,
37144,1996-03-12,,,,,,,
371442,2015-12-01,,,,,,,
371445,2016-12-08,,,,,,,
371446,2016-09-23,,,,,,,
371447,2017-02-17,,6700.0,,,,,
371449,2016-09-09,,93000.0,,,,,
371462,2016-04-01,,,,,,,
371463,2016-01-25,,,,,,,
371465,2016-09-01,,,,,,,
371504,2015-10-13,,,,,,,
371507,2014-06-25,,467363.0,,,,,
371560,2016-12-02,,,,,,,
3716,2000-08-23,,,,3.5,2,0.7071067811865476,2000-11-22
371645,2016-03-31,,,,,,,
37168,1984-10-03,1340000.0,,,,,,
371695,2015-12-08,,,,,,,
371738,2016-07-24,,,,,,,
37174,1982-02-17,,,,,,,
371741,2016-01-27,,,,,,,
371743,2016-01-27,,,,,,,
371758,,,,,,,,
37181,2009-02-10,,,,,,,
371818,2015-12-03,,,,,,,
371833,2015-12-27,,,,,,,
37191,1982-04-22,,,,,,,
37198,1953-08-12,1055000.0,,,,,,
37202,2004-01-09,,,,,,,
37203,2009-03-30,,,,,,,
37204,1963-07-07,,,,,,,
37209,2003-09-17,,,,,,,
37222,1963-05-01,,,,,,,
37223,2008-04-26,,,,,,,
372234,1962-03-08,,,,,,,
37227,1983-11-24,,,,,,,
37228,1983-01-01,,,,,,,
372297,2015-12-24,1900000.0,5900000.0,4000000.0,,,,
37233,1993-06-30,4.2E7,2.70248367E8,2.28248367E8,,,,
37234,2010-01-08,,,,,,,
372355,2015-12-09,,,,,,,
37237,1995-12-20,,,,,,,
37238,1962-05-01,,,,,,,
37239,1984-07-09,,,,,,,
372490,2015-12-06,,,,,,,
37254,2001-12-20,,,,,,,
37257,1957-12-17,3000000.0,9000000.0,6000000.0,,,,
372631,2015-12-15,,,,,,,
372640,2015-12-16,,,,,,,
372691,1937-08-05,,,,,,,
37270,2002-05-31,,,,,,,
37284,2003-10-17,,,,,,,
372985,2016-03-04,,,,,,,
37302,2000-10-30,,,,,,,
37305,1959-05-29,,,,,,,
37311,1957-08-03,,,,,,,
373200,2015-12-31,,,,,,,
37329,1950-03-04,,,,,,,
373348,2016-01-22,,,,,,,
373349,2016-06-16,,,,,,,
37339,1975-09-19,,,,,,,
37343,1961-10-01,,,,,,,
373441,2016-01-23,,,,,,,
37347,1948-03-26,,3000000.0,,,,,
373473,2016-08-05,,,,,,,
373476,2016-08-26,,187145.0,,,,,
373479,2016-05-03,,,,,,,
37348,2003-01-17,,,,,,,
373480,2017-05-26,,,,,,,
373541,2014-09-10,,,,,,,
373546,2017-05-05,,,,,,,
373569,2017-05-03,4.2E7,6.0845711E7,1.8845711E7,,,,
37360,1922-07-21,,,,,,,
37368,1947-11-03,,,,,,,
37373,1957-06-12,,,,,,,
373745,1995-09-17,,,,,,,
373757,2016-01-27,,,,,,,
37380,1953-05-21,,,,2.2,5,0.7582875444051551,2016-05-08
373838,2015-12-24,,,,,,,
373889,2016-02-25,,,,,,,
373976,2015-12-23,,,,,,,
374003,2015-11-20,,,,,,,
37406,2006-06-10,,,,,,,
37408,1953-10-05,,,,,,,
37410,1997-09-07,,1334786.0,,,,,
37413,1954-09-02,,,,,,,
37414,2010-02-19,1.3E7,,,,,,
374173,2016-03-18,,,,,,,
374174,2015-12-10,,,,,,,
37420,1992-05-09,,,,,,,
37426,1940-09-30,,,,,,,
37438,2009-09-18,,,,,,,
374430,2014-12-16,,,,,,,
374458,2016-05-20,2000000.0,343617.0,-1656383.0,,,,
374461,2016-09-16,8000000.0,,,,,,
37447,1990-01-01,,,,,,,
37451,1958-12-11,,,,,,,
37454,1958-01-29,,,,,,,
37455,1976-03-31,,,,,,,
37460,2010-06-18,4500000.0,4200000.0,-300000.0,,,,
374606,2016-01-09,,,,,,,
374614,2016-01-30,,,,,,,
374617,2016-08-19,,35000.0,,,,,
37462,1956-05-22,,,,,,,
37463,1954-03-27,,,,,,,
37464,1963-09-01,,,,,,,
37467,1959-11-29,,,,,,,
374671,2016-05-21,,,,,,,
37472,2010-04-21,1.2902809E7,3.6E7,2.3097191E7,,,,
374739,2016-01-17,,,,,,,
37481,1959-07-01,,,,,,,
37484,1948-01-15,,,,,,,
37487,1961-04-01,,,,,,,
37497,1987-11-01,,,,,,,
37501,1982-04-07,,,,,,,
375082,2016-08-19,,,,,,,
37511,2009-01-20,,,,,,,
37514,2008-11-07,,,,,,,
37517,1997-04-23,,,,,,,
375183,2017-05-18,,,,,,,
37520,1986-03-01,,,,,,,
37527,1992-10-23,,8403433.0,,,,,
37529,2005-09-06,,,,,,,
375290,2016-01-22,4500000.0,3.2E7,2.75E7,,,,
375298,1913-03-31,,,,,,,
375356,1981-08-05,,,,,,,
375366,2016-09-23,5005600.0,,,,,,
375384,2011-07-22,,,,,,,
37545,1971-01-01,,,,,,,
37556,2002-12-08,,,,,,,
37565,2009-12-18,,,,,,,
37567,1997-06-20,,,,,,,
37573,2009-03-05,,,,,,,
375732,2015-11-06,,,,,,,
375742,2015-12-25,1300000.0,101657.0,-1198343.0,,,,
375794,2016-09-02,,,,,,,
375798,2016-10-19,,,,,,,
37583,2009-06-05,,,,,,,
37588,2000-10-22,,,,,,,
375898,2016-01-20,,,,,,,
37590,2009-07-22,,,,,,,
37602,2002-09-05,,,,,,,
376047,2016-02-12,,,,,,,
37607,1982-04-02,,,,,,,
37608,1972-08-03,,,,,,,
376166,2016-10-19,1.03E7,47748.0,-1.0252252E7,,,,
376188,1983-08-01,,,,,,,
376233,2016-03-03,,,,,,,
376234,2016-01-24,,,,,,,
376237,2016-01-25,,,,,,,
376252,2016-01-14,,,,,,,
376257,2016-01-24,,,,,,,
376292,2016-04-22,,,,,,,
37630,2009-09-22,,,,,,,
37631,1943-12-15,,,,,,,
376311,2016-01-05,,,,,,,
37633,2007-04-18,,,,,,,
37637,1956-02-01,,,,,,,
376386,2016-11-04,,,,,,,
376389,2016-01-21,,,,,,,
376391,2016-03-12,,,,,,,
3764,1960-11-23,,,,2.1,5,0.8944271909999157,2003-08-20
376424,2016-03-11,,,,,,,
37645,2010-03-23,2.4E7,,,,,,
37646,2005-08-14,,,,,,,
376482,2016-01-08,,,,,,,
376502,2016-05-21,,,,,,,
37652,1997-01-28,,,,,,,
376523,2016-04-09,,,,,,,
376538,1968-08-01,,,,,,,
376548,1968-12-28,,,,,,,
376549,2015-07-24,,,,,,,
37656,2009-11-26,3500000.0,3704408.0,204408.0,,,,
376565,2016-09-29,1.2823507E7,6101904.0,-6721603.0,,,,
376581,2016-08-12,,,,,,,
37659,2009-01-17,,,,,,,
376599,2015-11-13,,,,,,,
37661,2005-01-01,,,,,,,
376651,2015-09-25,,,,,,,
376660,2016-11-18,9000000.0,1.8803648E7,9803648.0,,,,
37668,2010-05-07,,,,,,,
37672,1978-04-23,118.0,19.0,-99.0,,,,
376823,2013-12-04,,,,,,,
376847,2016-01-07,,,,,,,
376866,2016-12-02,9000000.0,1.3960394E7,4960394.0,,,,
376869,2016-02-19,,2978994.0,,,,,
37700,2009-12-26,,,,,,,
37712,2001-10-27,,,,,,,
377154,2016-02-27,,,,,,,
377158,2016-07-29,,,,,,,
37718,1999-08-27,,,,,,,
37719,1935-11-08,,,,,,,
37720,1975-05-04,,,,3.25,2,0.3535533905932738,2006-02-19
377210,2016-03-13,,,,,,,
37724,2012-10-25,2.0E8,1.108561013E9,9.08561013E8,,,,
37725,2006-12-26,1.55E7,7385434.0,-8114566.0,,,,
377263,2016-09-07,,880474.0,,,,,
377264,2016-09-01,8000000.0,8810591.0,810591.0,,,,
377273,2016-09-01,762241.0,285930.0,-476311.0,,,,
377276,2016-06-15,,,,,,,
377290,2016-09-09,,,,,,,
377431,2016-02-06,,,,,,,
377432,2016-02-13,,,,,,,
377446,2016-01-15,,,,,,,
377447,2016-12-23,5.0E7,1.02205175E8,5.2205175E7,,,,
377492,2016-09-23,,,,,,,
37753,1992-10-16,1.8E7,2.1591728E7,3591728.0,,,,
37754,1975-05-21,,,,,,,
377587,2016-04-01,,,,,,,
37765,1981-01-01,,,,,,,
3777,1957-01-15,,,,2.25,2,1.7677669529663689,2015-06-11
37770,1990-01-15,,,,,,,
37774,1976-11-18,,,,,,,
37779,2009-11-05,2.4E7,,,,,,
377847,2016-05-05,,,,,,,
377852,2016-03-10,,,,,,,
37789,2001-05-23,,,,,,,
377897,2016-01-15,,,,,,,
37797,1995-07-15,,,,,,,
378018,2016-10-21,,,,,,,
37803,2006-08-12,,,,,,,
378087,2016-01-18,,,,,,,
378108,2016-11-12,,1.9204593E7,,,,,
378111,2017-05-11,,,,,,,
37813,2010-05-14,,,,,,,
378137,2016-02-05,,,,,,,
37816,2010-05-22,,,,,,,
378195,2016-03-12,,,,,,,
378200,2016-03-11,,,,,,,
378227,2016-01-01,,,,,,,
378240,1999-03-06,,,,,,,
378263,2015-11-17,,,,,,,
37828,2010-05-27,,,,,,,
37833,1936-01-15,100000.0,,,,,,
37834,2010-06-15,,2.61930431E8,,,,,
37835,1980-09-10,,,,,,,
378350,2016-01-22,1200000.0,,,,,,
378379,2015-11-14,,,,,,,
378385,2016-01-20,,,,,,,
37839,1989-01-01,,,,,,,
37840,2006-11-09,,,,,,,
37843,1980-09-01,2000000.0,,,,,,
378450,2016-08-11,,,,,,,
378477,2010-02-21,,,,,,,
37848,2009-12-09,,,,,,,
378485,2016-10-01,,,,,,,
37857,2001-02-10,,6297.0,,4.333333333333333,3,0.5773502691896257,2015-09-13
37858,2009-04-03,,,,,,,
3786,1979-03-02,,,,3.2,5,1.0954451150103321,2008-07-12
37861,2009-09-04,5641880.0,30638.0,-5611242.0,,,,
379,1990-09-21,1.4E7,5080409.0,-8919591.0,3.261904761904762,21,0.9030372032625181,2016-05-08
37900,1998-09-11,6000000.0,,,,,,
379008,2016-01-23,,,,,,,
379019,2017-01-26,,,,,,,
37905,2009-08-28,,,,,,,
37911,1955-06-10,,,,,,,
37922,2002-08-23,,,,,,,
37928,2009-08-22,,,,,,,
37929,1985-11-24,,,,,,,
379291,2016-03-29,,,,,,,
37931,2010-05-21,1.0E7,6110000.0,-3890000.0,,,,
37933,2006-07-29,2.2E7,6.8E7,4.6E7,,,,
379335,2016-01-29,,,,,,,
37935,1983-02-01,978000.0,,,,,,
379387,2011-06-03,,,,,,,
37942,1959-02-01,,,,,,,
379441,2016-08-26,,,,,,,
379500,2016-05-13,,,,,,,
37952,2004-02-20,,,,,,,
37954,1950-10-06,,,,,,,
37958,2011-11-10,7.5E7,2.26904017E8,1.51904017E8,,,,
37959,2001-10-20,,,,,,,
37961,2009-10-10,,,,,,,
379689,1999-12-01,,,,,,,
37975,1995-09-21,,,,,,,
37978,2005-03-23,,,,,,,
379873,2016-01-28,,,,,,,
379887,2016-02-17,,,,,,,
37991,1965-09-17,,,,,,,
379925,2015-02-06,,,,,,,
37993,2006-03-04,,,,,,,
379990,2016-02-14,,,,,,,
380007,2016-01-01,,,,,,,
380013,2015-01-01,,,,,,,
380075,2016-09-29,8000000.0,,,,,,
38008,2006-01-01,,,,,,,
38015,2006-09-28,,,,,,,
38017,1998-08-21,,,,,,,
38018,2003-08-20,,,,,,,
38022,1977-01-02,,,,,,,
380225,2016-05-17,,,,,,,
38027,1975-06-06,,,,,,,
380282,2015-07-01,,,,,,,
38030,2004-05-26,,,,,,,
38033,2010-10-01,,,,,,,
38034,1973-04-26,,,,,,,
38047,2000-05-18,,,,,,,
38048,2009-10-06,,,,,,,
38049,2005-01-01,,,,,,,
38050,2011-03-03,5.02E7,1.27869379E8,7.7669379E7,,,,
38055,2010-10-28,1.3E8,3.21887208E8,1.91887208E8,,,,
380565,2016-02-02,,,,,,,
380592,2016-01-29,,,,,,,
38061,,,,,3.793103448275862,29,0.8916001003343685,2016-08-17
380622,2016-08-24,,,,,,,
38065,2006-01-01,25000.0,,,,,,
380694,2016-02-08,,,,,,,
38073,2010-09-01,3.2E7,4.2045846E7,1.0045846E7,,,,
380731,2016-03-08,,,,,,,
380734,2016-02-02,,,,,,,
380754,2015-10-31,,,,,,,
38084,1989-04-28,,1738897.0,,,,,
38087,2009-08-28,,,,,,,
380879,2016-03-09,,,,,,,
38099,1976-07-15,,,,,,,
381,1955-08-03,,8750000.0,,3.1379310344827585,29,0.8545733242399176,2015-07-15
381028,2016-03-13,,,,,,,
381040,2016-09-19,,,,,,,
381041,2016-03-14,,,,,,,
381043,2016-11-11,,,,,,,
381044,2016-03-12,,,,,,,
381045,2016-03-13,,,,,,,
381046,2016-04-30,,,,,,,
381063,2016-03-13,,,,,,,
381066,2016-09-08,,,,,,,
381069,2016-10-06,,,,,,,
381070,2016-05-12,,,,,,,
381073,2016-03-12,,,,,,,
381075,2016-03-12,,,,,,,
381080,2016-03-15,,,,,,,
381090,2016-03-11,,,,,,,
38119,1979-08-15,,,,,,,
38124,2009-01-10,,,,,,,
381276,1978-02-04,,,,,,,
38129,1994-04-27,,,,,,,
38132,2000-09-08,,,,,,,
38134,1986-01-01,,,,,,,
381347,2016-02-14,,,,,,,
38142,2007-03-03,5000000.0,,,,,,
38143,1992-10-02,,,,,,,
38148,1984-11-07,,,,,,,
38151,1960-08-06,,,,,,,
381518,2017-05-05,,,,,,,
381519,2015-08-26,,,,,,,
38153,1997-01-31,4.5E7,2154540.0,-4.284546E7,,,,
38154,2005-03-05,,,,,,,
38157,2002-06-10,,,,,,,
381615,2016-03-20,,,,,,,
38162,1998-01-01,,,,,,,
38164,1984-11-22,,,,,,,
381645,2016-03-12,,,,,,,
38166,2010-06-01,,,,,,,
381685,2016-01-22,,,,,,,
381691,2016-02-05,,230000.0,,,,,
381707,2016-02-08,1400000.0,,,,,,
38171,1956-12-13,3520000.0,,,,,,
38183,2001-01-01,,,,,,,
38185,2002-01-01,,,,,,,
38189,2001-01-01,,,,,,,
38191,1996-05-29,,,,,,,
381935,2016-03-14,,,,,,,
38195,2009-07-08,,,,,,,
38199,2010-06-14,1.5E7,,,,,,
38203,1988-09-01,,,,,,,
38205,1997-12-05,,,,,,,
382079,2016-02-10,,,,,,,
382125,2016-03-04,,,,,,,
38219,1983-08-19,,,,,,,
382200,2016-07-02,,,,,,,
38223,1996-07-10,1.2E7,,,,,,
38234,2010-05-22,3000000.0,,,,,,
38237,1996-01-01,,,,,,,
382475,2016-03-16,,,,,,,
38248,2009-04-08,,,,,,,
382501,2016-09-07,,,,,,,
382511,2016-09-28,,,,,,,
382517,2015-12-31,,,,,,,
38256,2009-09-26,,,,,,,
382563,2015-10-23,,,,,,,
382597,2017-02-01,,,,,,,
38269,1958-06-04,,,,,,,
38271,1982-01-01,,,,,,,
38273,1943-12-17,,,,,,,
382885,1998-04-21,,,,,,,
382913,2016-02-26,,,,,,,
38295,1997-08-29,1.8E7,,,,,,
382995,1972-06-03,,,,,,,
383,1986-02-05,22500.0,,,3.1153846153846154,13,1.0032000081789556,2011-12-20
383001,2015-06-01,,,,,,,
38303,2010-09-24,,3.2005248E7,,,,,
38304,2001-08-29,,,,4.166666666666667,3,0.28867513459481275,2011-01-28
38311,1961-12-30,,,,,,,
38313,1986-09-25,,,,,,,
383140,2016-03-01,,,,,,,
383146,2016-02-11,,,,,,,
38315,1987-09-22,,,,,,,
38317,2011-07-06,8.0E7,1.69852759E8,8.9852759E7,,,,
38318,2010-04-22,5.5E7,,,,,,
38321,2011-05-05,6.0E7,7.8309131E7,1.8309131E7,,,,
38322,2011-02-16,3.2E7,8.3615414E7,5.1615414E7,,,,
38325,2010-02-17,2500000.0,,,,,,
383255,2016-02-13,,,,,,,
38326,2008-08-12,,,,,,,
38327,2006-03-10,,,,,,,
38336,2008-12-25,1.5E7,1.6810383E7,1810383.0,,,,
38340,1965-06-04,,,,,,,
38344,2005-08-18,,,,,,,
38346,1942-10-30,,,,,,,
383526,2016-02-13,,,,,,,
383559,2016-02-13,,,,,,,
38360,1957-10-12,,,,,,,
38361,1974-11-11,,,,,,,
383618,2016-09-28,,,,,,,
38363,2010-05-20,2.2E7,2.4188922E7,2188922.0,,,,
38366,1996-01-01,,,,,,,
38368,2010-05-21,,,,,,,
38373,1998-03-20,,,,,,,
383807,2016-11-01,,,,,,,
38381,1957-11-14,,,,,,,
383869,2016-06-01,,,,,,,
38398,2004-01-23,,,,,,,
38399,2005-11-30,1645885.0,,,,,,
384036,2016-02-15,,,,,,,
384130,2014-04-02,,,,,,,
38414,1995-03-08,,,,,,,
38415,2009-08-09,7.0,7.0,0.0,,,,
384160,2016-01-16,,,,,,,
384237,2015-10-15,,,,,,,
384254,1996-09-08,,,,,,,
38427,1968-11-17,,,,,,,
38432,1957-11-21,,,,,,,
38433,1937-09-24,,,,,,,
384373,2016-02-24,,,,,,,
384452,2016-08-27,,,,,,,
38448,2009-09-14,,1644755.0,,,,,
38455,1937-12-17,,,,,,,
38463,1944-05-20,,,,,,,
384641,2016-02-24,,,,,,,
384664,2016-09-15,,,,,,,
38467,1945-05-11,,,,,,,
384673,2017-05-18,,,,,,,
38468,1945-01-26,,,,,,,
38470,1946-10-12,,,,,,,
384727,2016-06-15,,,,,,,
384737,2016-07-15,1.05E7,100659.0,-1.0399341E7,,,,
384894,2016-02-09,,,,,,,
38494,1934-12-22,,,,,,,
38500,1988-11-01,,,,,,,
385031,2016-02-27,1000000.0,,,,,,
38509,1998-01-16,,,,,,,
38523,1996-09-10,,,,,,,
38526,2009-05-14,,,,,,,
385305,2016-03-05,,,,,,,
38531,1919-09-07,,,,,,,
385320,2016-04-29,,,,,,,
38541,2011-03-13,3000000.0,22000.0,-2978000.0,,,,
38543,2011-03-03,2.5E7,,,,,,
38547,2009-11-20,,,,,,,
38558,1988-05-06,,,,,,,
385581,2015-07-29,,,,,,,
38560,1988-04-29,1.6E7,4594452.0,-1.1405548E7,,,,
385738,2016-04-14,,,,,,,
38575,2010-06-10,,3.57852395E8,,,,,
385750,2016-04-16,,,,,,,
385761,2017-03-31,,,,,,,
38577,1999-07-03,,,,,,,
38579,2010-06-04,,8.3761844E7,,,,,
385805,2017-03-17,,,,,,,
38583,2005-09-16,,,,,,,
38585,1933-05-14,,,,,,,
385933,2016-07-09,,,,,,,
38601,2008-04-24,,,,,,,
38616,1972-07-24,,,,,,,
38631,2003-10-23,,,,,,,
3865,2006-03-24,,,,2.8333333333333335,6,1.7224014243685084,2002-09-23
386501,2015-09-24,,,,,,,
38661,1936-11-06,,,,,,,
38662,1932-08-01,,,,,,,
38666,1959-05-27,,,,,,,
38668,1940-11-28,,,,,,,
38670,1969-10-16,,,,,,,
386743,1890-03-09,,,,,,,
38677,2010-01-13,,,,,,,
38680,1967-05-01,,,,,,,
386827,2016-03-05,,,,,,,
38684,2011-03-11,,3.4710627E7,,,,,
38687,1926-12-25,373000.0,658000.0,285000.0,,,,
386891,2016-04-22,,,,,,,
38691,1917-10-29,,,,,,,
387,1981-09-16,1.4E7,8.5E7,7.1E7,3.6666666666666665,3,0.5773502691896258,2001-06-07
38701,1975-07-01,,,,,,,
38705,1920-10-27,,,,,,,
38706,1991-03-01,,,,,,,
38718,1990-10-05,,1.5445131E7,,,,,
38719,1934-01-01,,,,,,,
38721,1936-02-28,,,,,,,
38727,1939-06-13,,,,,,,
38728,1967-02-04,,,,,,,
38729,1973-11-12,,,,,,,
38731,1978-05-26,2515000.0,2.4E7,2.1485E7,,,,
38732,1952-02-13,,,,,,,
387398,2016-04-02,,,,,,,
387399,2016-03-05,,,,,,,
387426,2017-05-19,5.0E7,,,,,,
38745,2010-12-25,1.12E8,2.37382724E8,1.25382724E8,,,,
38746,2010-01-01,,,,,,,
3875,2004-08-27,,,,2.5,1,,2016-06-22
38757,2010-11-24,2.6E8,5.91794936E8,3.31794936E8,,,,
38766,1951-01-04,,,,,,,
3877,2007-09-26,1.6E7,2849142.0,-1.3150858E7,2.8,5,0.8366600265340756,2003-05-28
38778,2010-07-30,6.9E7,8.6387857E7,1.7387857E7,,,,
387805,2016-09-16,,,,,,,
387845,2016-03-03,500.0,500.0,0.0,,,,
38785,2005-03-11,,,,,,,
387886,2016-05-19,,,,,,,
38789,1995-09-30,,,,,,,
387893,2016-03-20,,,,,,,
387929,2016-03-16,,,,,,,
387938,2016-03-17,,,,,,,
38794,1976-01-01,64200.0,698200.0,634000.0,,,,
387999,2016-03-16,,,,,,,
388,2006-03-23,4.5E7,1.84376254E8,1.39376254E8,3.6666666666666665,6,0.816496580927726,2015-08-20
38804,1948-06-07,,,,,,,
388046,2012-04-25,,,,,,,
38805,1963-06-04,,,,,,,
38808,1953-08-07,,,,,,,
38812,1921-03-14,,,,,,,
388237,1963-01-04,,,,,,,
388243,2016-03-25,550000.0,,,,,,
388256,2017-05-23,,,,,,,
38830,1922-05-15,,,,,,,
38834,2007-12-05,,,,,,,
388410,2016-03-16,,,,,,,
38842,2009-05-17,2.2E7,,,,,,
38846,2008-09-12,,,,,,,
38849,1982-10-15,,,,,,,
38850,2009-10-10,2000000.0,7306.0,-1992694.0,,,,
388586,1984-03-18,,,,,,,
388624,2016-03-20,,,,,,,
38872,1999-01-08,,,,,,,
38875,2008-10-17,,,,,,,
38876,2009-02-13,,,,,,,
38878,2004-02-16,,,,,,,
388791,2016-03-31,,,,,,,
38884,1995-01-01,,,,,,,
388862,2016-04-05,,,,,,,
38890,1941-10-10,,,,,,,
389,1957-03-25,,1000000.0,,4.0,1,,2000-01-23
38901,2003-01-21,,17350.0,,,,,
389044,2016-06-29,,,,,,,
38907,2002-05-23,,,,,,,
38911,2004-08-07,,,,,,,
389115,2016-02-17,,,,,,,
38914,1941-08-07,,,,,,,
38918,2006-03-30,,,,,,,
38921,1987-03-20,,,,,,,
38923,1983-10-16,,,,,,,
38925,1974-05-01,160000.0,4000000.0,3840000.0,,,,
389292,2016-03-29,,,,,,,
389323,2015-11-19,,,,,,,
38937,2009-01-01,,,,,,,
38940,1994-09-04,,,,,,,
389425,2016-05-06,8000000.0,,,,,,
389427,2016-05-20,,,,,,,
389578,2015-11-05,,,,,,,
38961,2010-07-14,,,,,,,
389627,2016-12-06,,,,,,,
38964,1952-05-01,,,,,,,
38971,2002-10-22,,,,,,,
38977,2005-07-16,,,,,,,
38978,1970-07-01,,,,,,,
38980,1984-09-28,,9500000.0,,,,,
389854,1989-03-25,,,,,,,
38986,1984-07-18,,,,,,,
38996,1974-08-28,,,,,,,
390,1994-12-16,,,,4.1,5,0.8944271909999161,2016-08-17
39001,1999-11-10,,,,,,,
39002,1989-06-02,8000000.0,1.6093651E7,8093651.0,,,,
39005,1983-01-01,,,,,,,
390054,2017-04-21,,,,,,,
390059,2017-04-22,,,,,,,
39015,1952-02-08,,,,,,,
39016,1954-07-15,,,,,,,
3902,2007-10-01,,4001121.0,,4.5,1,,2003-05-19
39024,2009-01-22,,,,,,,
390293,2016-04-16,,,,,,,
390343,2016-04-16,,,,,,,
39037,2009-04-25,,,,,,,
39041,2006-01-01,,,,,,,
390410,2016-04-16,,,,,,,
39042,2010-05-07,,,,,,,
39048,1929-11-16,,,,,,,
390497,2016-08-10,,,,,,,
390512,2016-06-24,,,,,,,
390520,2016-04-18,,,,,,,
390540,1987-06-15,,,,,,,
390547,2016-04-24,,,,,,,
39055,2008-12-24,,140987.0,,,,,
390766,2016-04-15,,,,,,,
39083,1998-06-11,,,,,,,
390837,2016-03-21,,,,,,,
39084,1996-09-29,,,,,,,
390991,2016-03-18,,,,,,,
39100,1990-03-10,,,,,,,
39102,1991-03-19,,,,,,,
39103,1992-03-07,,,,,,,
39104,1992-07-11,,,,,,,
391166,2000-01-01,,,,,,,
39123,2009-08-19,,,,,,,
39127,2005-11-06,,,,,,,
39137,1995-01-01,,,,,,,
39140,1990-09-21,,,,,,,
39142,1946-02-27,,,,,,,
39144,1986-12-20,,,,,,,
391477,2016-03-31,,,,,,,
39148,1996-03-02,,,,,,,
391486,2016-05-03,,,,,,,
39155,2008-03-10,,,,,,,
391578,2016-04-15,,,,,,,
391617,2016-04-14,3500000.0,,,,,,
391629,2016-04-29,,,,,,,
39166,2007-09-14,,,,,,,
391663,2016-06-02,,,,,,,
391700,2016-08-10,,,,,,,
391757,2016-06-07,,,,,,,
39176,1980-07-31,,,,,,,
39177,1997-09-10,,,,,,,
391779,2016-06-03,,,,,,,
39180,2001-03-02,,,,,,,
39183,2006-01-01,1000000.0,,,3.6206896551724137,29,1.3865113750357219,2016-06-26
39193,2005-10-11,,,,,,,
391934,1981-02-01,,,,,,,
39195,1990-02-23,,,,,,,
39197,1989-04-28,,,,,,,
391975,2016-08-06,,,,,,,
391995,2016-07-01,,1.3E7,,,,,
392058,2016-04-15,,,,,,,
392067,1999-08-13,650.0,,,,,,
392091,2016-01-22,,,,,,,
39210,2010-09-03,8000000.0,,,,,,
39211,1975-05-21,,,,,,,
392142,2016-11-01,1.2156348E7,7900000.0,-4256348.0,,,,
39217,2005-07-15,,,,,,,
39219,1960-11-14,,,,,,,
39220,1965-06-18,,,,,,,
392207,2017-03-03,,,,,,,
39225,1968-08-07,,,,,,,
39229,1981-07-11,,,,,,,
39231,1964-01-29,,,,3.75,2,0.3535533905932738,2008-12-01
39233,1991-01-18,,,,,,,
39239,1970-01-01,,,,,,,
39241,1963-01-01,250000.0,,,,,,
392440,2016-05-16,,,,,,,
39254,2011-09-28,1.1E8,2.99268508E8,1.89268508E8,,,,
392553,2015-09-26,,,,,,,
392554,2016-04-08,566000.0,,,,,,
39262,1967-03-15,,,,,,,
392734,2016-07-29,,,,,,,
39274,1982-07-23,,,,,,,
39278,2008-06-12,,,,,,,
39279,2008-10-03,,,,,,,
392790,2016-11-09,,,,,,,
392794,2016-09-28,,,,,,,
392818,2017-04-07,,,,,,,
39283,1993-05-21,1000000.0,1753979.0,753979.0,,,,
392832,2016-04-14,,,,,,,
39284,1950-02-20,,,,,,,
39285,2010-07-20,,,,,,,
39288,1950-02-21,,,,,,,
392882,2016-10-08,,,,,,,
392884,1968-12-11,,,,,,,
39293,1979-12-18,,,,,,,
393003,2016-02-05,,,,,,,
39301,2006-07-13,,,,,,,
39303,2009-04-25,,,,,,,
39305,2005-01-01,,,,,,,
393079,2016-05-04,,,,,,,
39309,1968-05-17,,,,,,,
39311,1933-03-31,,,,,,,
39312,2010-06-25,,1422910.0,,,,,
393134,2016-04-14,,,,,,,
39314,1949-07-27,94.0,,,,,,
39315,1996-11-28,,,,,,,
39317,2001-01-05,,,,,,,
393172,2017-03-31,,,,,,,
39324,1993-02-24,,,,,,,
393263,2016-04-17,,,,,,,
39327,1993-06-23,,,,,,,
3933,2005-09-09,4.0E7,1.17195061E8,7.7195061E7,0.5,1,,2007-10-06
39334,2009-12-11,,,,,,,
393368,2016-03-10,,,,,,,
39337,2009-10-08,,,,,,,
39340,1978-01-25,,,,,,,
393441,2016-07-29,,,,,,,
39345,1998-09-08,,,,,,,
393457,2016-12-16,2.4E7,6.4414761E7,4.0414761E7,,,,
39347,1999-09-09,,,,,,,
39348,2006-04-06,,31894.0,,,,,
39349,1994-02-25,,,,,,,
3935,1976-04-20,,,,,,,
393521,2016-12-14,,,,,,,
3936,1940-07-25,,,,3.0,6,1.140175425099138,2008-12-09
393603,2016-04-09,,,,,,,
393656,2016-05-21,,,,,,,
39368,2008-08-23,,,,,,,
39371,1984-10-26,,,,,,,
393731,2016-10-05,,,,,,,
39382,1982-02-23,,,,,,,
39385,1997-04-01,,2.9456E7,,,,,
393877,2016-04-19,,,,,,,
393949,2016-04-14,,,,,,,
39398,2009-01-01,,,,3.0,1,,2007-07-21
39402,1959-02-14,,,,,,,
394045,2016-06-07,,,,,,,
394047,2016-07-08,2000000.0,,,,,,
394051,2016-04-29,,,,,,,
39408,1956-04-26,,,,0.5,1,,2008-07-12
39412,1977-12-15,,,,,,,
39413,2010-06-02,,,,,,,
394176,2016-04-26,,,,,,,
39422,1988-08-31,,,,,,,
394260,2016-11-10,,,,,,,
39433,2010-04-17,5000000.0,,,,,,
39435,1958-02-19,,,,3.125,4,0.8539125638299665,2016-05-11
394374,2016-04-21,,,,,,,
394403,2014-03-21,,,,,,,
394412,2016-05-25,,,,,,,
39442,2009-01-20,,,,,,,
394423,2015-12-01,,,,,,,
39446,2010-04-10,5000000.0,,,3.25,18,1.2747548783981961,2016-08-17
39450,2009-05-31,,,,,,,
39453,2010-06-15,,,,,,,
39458,2011-06-13,10000.0,,,,,,
39462,1969-12-20,150000.0,,,,,,
39463,1996-11-15,,,,,,,
39464,1971-07-24,250000.0,,,,,,
39465,1992-12-12,,,,,,,
394661,2016-04-29,,,,,,,
394668,2015-11-13,,,,,,,
39468,2000-11-03,8300000.0,,,,,,
394684,2016-10-28,4000000.0,,,,,,
394759,2016-04-28,,,,,,,
39477,2010-05-31,,,,,,,
394812,2016-04-30,,,,,,,
39488,2009-01-01,,,,,,,
39493,2008-12-20,,,,,,,
39495,1963-12-25,,,,,,,
39497,2001-01-26,,,,,,,
39504,2004-08-04,,214605.0,,,,,
39506,1965-02-28,,,,,,,
39507,1987-09-03,,,,,,,
39513,2011-02-14,4.0E7,9.755205E7,5.755205E7,,,,
39514,2010-10-13,5.8E7,7.1664962E7,1.3664962E7,,,,
395181,2016-04-29,,,,,,,
39536,2006-11-18,,,,,,,
39538,2011-09-08,6.0E7,1.37551594E8,7.7551594E7,,,,
39544,2009-08-22,,,,,,,
395476,1944-02-09,,,,,,,
39562,2007-01-08,,,,,,,
39563,2009-04-24,,,,,,,
395763,2016-11-16,,,,,,,
395767,2017-01-11,,,,,,,
39578,1981-04-11,,,,,,,
395925,2016-08-26,,,,,,,
395985,2015-12-01,,,,,,,
396152,2016-05-03,,,,,,,
3962,2007-11-01,,,,2.25,2,0.3535533905932738,2009-10-15
396263,2016-10-14,,2238600.0,,,,,
396330,2016-06-21,,,,,,,
396394,2016-06-18,,,,,,,
396395,2016-06-25,,,,,,,
39641,2009-07-31,,,,,,,
39681,2010-06-22,,,,,,,
396810,2017-03-03,,1783421.0,,,,,
39690,1992-06-21,,,,,,,
39695,1956-03-23,,,,,,,
397003,2016-05-13,,,,,,,
39704,1978-10-28,,,,,,,
397243,2016-12-21,,5972942.0,,,,,
397365,2016-06-10,,,,,,,
397415,2017-03-16,,,,,,,
397422,2017-06-15,2.0E7,4.5056771E7,2.5056771E7,,,,
397514,2016-08-29,,,,,,,
397520,2016-02-15,,,,,,,
39766,1970-02-10,,,,,,,
39771,1979-07-01,,,,,,,
39773,2009-01-01,,,,,,,
39775,1974-04-19,180000.0,,,,,,
39776,1986-09-06,,,,,,,
39779,1960-07-27,,,,3.5,1,,2009-02-14
39780,1997-12-31,,,,,,,
39786,2009-10-09,,,,,,,
397873,2016-05-17,,,,,,,
39788,2004-09-17,,,,,,,
39793,2000-04-01,,,,,,,
3980,1986-04-11,2000000.0,1.3167232E7,1.1167232E7,3.25,14,1.1223258816472979,2015-04-25
3981,2000-12-15,7.0E7,3.74111707E8,3.04111707E8,2.4166666666666665,12,1.2216481663818934,2016-07-29
39814,2010-03-22,,,,,,,
39816,2008-09-03,,,,,,,
39824,2007-09-16,,,,,,,
39827,1994-08-15,,,,,,,
398295,,,,,,,,
39830,2010-01-23,,,,,,,
39833,1956-11-15,1000000.0,9000000.0,8000000.0,,,,
398395,2016-05-18,,,,,,,
39840,2010-03-26,,,,,,,
39844,1974-02-02,200000.0,,,,,,
398452,2012-02-04,,,,,,,
39853,1947-04-25,,,,,,,
39861,1968-07-18,,,,,,,
398649,2016-05-22,,,,,,,
39868,1981-08-22,1000000.0,,,,,,
39874,1981-02-11,2200000.0,,,,,,
39875,1991-02-01,,,,,,,
398792,2016-01-29,,,,,,,
39882,1973-01-01,45000.0,,,,,,
398854,2016-05-30,,,,,,,
39889,1973-01-01,,,,,,,
398891,2016-06-30,3800000.0,,,,,,
39890,1960-09-09,,,,,,,
398924,2017-01-18,,,,,,,
398929,2017-02-15,,222430.0,,,,,
39893,1965-10-27,,,,,,,
39899,1982-03-25,3.2E7,,,,,,
39902,1993-07-13,,,,,,,
39907,2000-12-29,,,,,,,
399106,2016-06-16,,,,,,,
39915,1993-04-10,,,,,,,
39927,1999-09-10,,,,,,,
39930,1996-10-10,,,,,,,
399300,2016-07-15,,,,,,,
39933,2010-02-26,,,,,,,
39934,1990-05-01,,,,,,,
39936,2009-05-13,,,,,,,
39959,2010-08-03,,,,,,,
39961,2007-11-27,,,,,,,
399615,2016-07-21,,,,,,,
399623,2016-05-31,,,,,,,
39967,1992-09-09,,,,,,,
39979,1976-08-12,,,,,,,
399798,2015-05-08,,,,,,,
399802,2016-02-19,,,,,,,
399810,2016-05-20,,,,,,,
39982,1981-10-14,,,,,,,
39987,1977-01-21,,,,,,,
39988,1975-04-09,,,,,,,
39994,1975-12-31,,,,,,,
39995,1978-10-14,,,,,,,
40000,1991-01-01,,,,,,,
400014,2016-04-21,,,,,,,
400121,2015-03-21,,,,,,,
400136,2017-05-27,,,,,,,
400190,2016-04-02,,,,,,,
40022,1972-02-15,,,,,,,
40029,1973-12-21,,,,,,,
40048,2010-04-23,,,,,,,
400547,2016-06-03,,,,,,,
40056,2004-06-01,,,,,,,
40059,1983-04-22,,,,,,,
40060,1978-04-28,,,,,,,
400605,2016-06-20,,,,,,,
40064,1976-03-04,,,,,,,
400668,2015-12-01,,,,,,,
40069,2004-01-01,,,,,,,
40071,1984-02-08,,,,,,,
40074,1977-03-10,,,,,,,
40081,1978-12-20,,,,,,,
40083,1970-12-31,,,,,,,
40084,1981-01-01,,,,,,,
40085,1958-04-03,,,,,,,
40087,1988-06-01,,,,,,,
40090,2009-08-07,,,,,,,
400948,1997-07-28,,,,,,,
40095,1988-05-06,,,,,,,
401,2004-07-28,,2.6781723E7,,4.0,1,,2001-03-14
401060,2016-06-04,,,,,,,
401061,2016-11-18,,,,,,,
401065,2017-01-20,,,,,,,
401150,2007-05-20,,,,,,,
40120,2005-01-25,,,,,,,
40122,2006-10-19,,,,,,,
401222,2016-08-08,,,,,,,
40123,2007-07-07,,,,,,,
40130,1972-08-18,,,,,,,
40140,1969-12-11,,,,,,,
40141,1966-08-10,,,,,,,
401442,2016-06-21,,,,,,,
40145,1984-01-01,,,,,,,
401513,2017-01-26,6277106.0,,,,,,
40160,1979-10-19,,,,,,,
40171,2009-12-23,1.2E7,,,,,,
401743,2017-03-24,,,,,,,
401840,2017-05-30,,,,,,,
401861,2016-10-06,,,,,,,
40192,2005-02-23,,,,,,,
40194,2010-02-24,,,,,,,
402042,2016-06-09,,,,,,,
40208,1991-01-31,,,,,,,
40211,2006-02-09,,,,,,,
40213,1992-01-01,,,,,,,
40218,1974-04-01,,,,,,,
40219,1982-01-01,,,,,,,
402193,2016-08-01,3800000.0,,,,,,
40220,1980-11-07,300000.0,,,,,,
40222,1988-11-03,,,,,,,
40225,2004-11-10,,,,,,,
40229,1983-01-21,425000.0,1.0604986E7,1.0179986E7,,,,
402298,2016-09-30,1.0E7,4073489.0,-5926511.0,,,,
402331,2016-07-14,,,,,,,
40235,1945-01-01,,,,,,,
4024,1961-05-25,,,,3.375,4,0.75,2004-08-12
40241,1980-09-01,2000000.0,,,,,,
40244,1966-11-21,,,,,,,
402446,2016-07-31,,,,,,,
402455,2015-12-05,,,,,,,
40246,1979-07-01,,,,,,,
402529,2017-06-12,4.5E7,,,,,,
402536,2016-01-01,,,,,,,
40258,1990-01-01,,,,,,,
402672,2016-08-11,1.505E7,1.618E7,1130000.0,,,,
402857,1996-04-14,,,,,,,
402907,2016-08-31,,,,,,,
402976,2016-06-15,,,,,,,
403052,2016-07-08,,,,,,,
403114,2016-06-13,,,,,,,
403163,2016-01-15,20000.0,,,,,,
4032,1991-11-27,,,,,,,
403232,2016-09-01,,,,,,,
403357,2016-12-02,,,,,,,
403390,2017-02-23,2.0E7,557241.0,-1.9442759E7,,,,
40341,1998-08-21,2000000.0,,,,,,
403429,2016-10-07,,,,,,,
403431,2017-07-27,,,,,,,
403450,2016-10-27,,,,,,,
40348,1975-11-27,,,,,,,
40350,1971-01-01,,,,,,,
40353,1989-01-01,,151203.0,,,,,
40356,2005-01-01,,,,,,,
403570,2016-12-26,,,,,,,
403593,2016-08-05,,,,,,,
403642,2016-08-19,,,,,,,
403667,2016-09-08,,,,,,,
40373,2001-01-01,,,,,,,
403867,2017-01-26,5200000.0,,,,,,
40387,1973-11-08,,,,,,,
404022,2016-07-01,,,,,,,
404073,2016-07-21,,,,,,,
404117,2016-06-23,,,,,,,
404141,2016-09-08,,,,,,,
40419,2007-08-01,,,,,,,
40423,1959-01-01,,,,,,,
40427,2003-09-12,,,,,,,
404459,2015-11-27,,,,,,,
40446,1990-10-05,,,,,,,
40448,1989-01-01,350000.0,,,,,,
404518,2016-09-29,,,,,,,
40456,1967-03-25,,,,,,,
40460,2003-07-24,,,,,,,
40465,2006-01-01,1066480.0,,,,,,
40469,1981-06-05,,,,,,,
40471,1981-01-01,,,,,,,
404762,2016-06-22,,,,,,,
40478,1956-12-18,,,,,,,
404791,2016-12-25,,,,,,,
40485,1967-01-27,,,,,,,
40487,1993-01-01,,,,,,,
40508,1995-04-07,,,,,,,
40509,1993-12-17,,278720.0,,,,,
405280,1944-09-08,,,,,,,
405325,2016-07-01,,,,,,,
405653,2016-07-28,,,,,,,
405670,2016-11-24,,,,,,,
40573,1992-12-01,,,,,,,
40577,1953-09-05,,,,,,,
40585,1977-11-09,,,,,,,
40593,1981-11-11,,,,,,,
40594,2008-11-21,,,,,,,
40599,2008-01-01,1500000.0,,,,,,
406,1995-05-31,,,,,,,
406052,2016-09-06,,,,,,,
406099,2016-07-15,,,,,,,
40618,1964-01-01,,,,,,,
40619,2010-06-17,,,,,,,
406204,2016-07-07,,,,,,,
40633,1955-06-10,,,,,,,
40634,1987-11-20,,,,,,,
40635,2004-01-01,,,,,,,
40636,2010-05-14,,,,,,,
406398,2016-07-01,,,,,,,
40641,1961-03-03,,,,,,,
40642,1951-08-03,,,,,,,
406431,2016-01-01,,,,,,,
40652,1964-12-04,120000.0,,,,,,
40658,2009-09-30,,,,,,,
40660,2010-01-06,2000000.0,,,,,,
40661,1995-08-01,,,,,,,
40669,2003-09-03,,,,,,,
406808,2016-09-15,,,,,,,
40690,2010-06-28,,,,,,,
40693,1952-12-24,,,,,,,
40694,1998-08-01,,,,,,,
406970,2015-08-19,,,,,,,
40699,2007-01-01,,,,,,,
406992,2016-09-22,,,,,,,
40700,2009-10-24,,,,,,,
407048,,,,,,,,
40715,1952-08-30,,,,,,,
40716,1945-05-28,,,,,,,
407172,2016-07-23,,,,,,,
40723,2001-07-11,,,,3.0,2,1.4142135623730951,2010-05-01
40724,1987-05-19,,,,,,,
407298,2016-03-25,,,,,,,
40730,1939-07-07,,,,,,,
40732,1971-03-08,,,,3.857142857142857,7,0.8997354108424372,2013-02-19
40740,1991-08-22,,,,,,,
407531,2017-06-28,,,,,,,
407588,2016-02-05,,,,,,,
407613,2016-07-22,,,,,,,
407655,2016-08-02,,,,,,,
40769,2005-03-01,500000.0,,,,,,
40770,2009-09-25,,,,,,,
40773,1992-03-06,,,,,,,
407757,2016-09-22,,,,,,,
40777,2010-07-02,,,,,,,
407789,2016-07-24,,,,,,,
407806,2016-10-07,,,,,,,
40785,2006-12-22,,,,,,,
407887,2016-07-27,,,,,,,
40790,1954-06-06,,,,,,,
40793,1975-01-15,,,,,,,
40798,2005-01-07,,,,,,,
408,1937-12-20,1488423.0,1.84925486E8,1.83437063E8,3.0,1,,1998-06-16
40800,1991-12-18,,,,,,,
408024,2016-08-17,,126463.0,,,,,
40805,2011-01-12,1.2E8,2.27817248E8,1.07817248E8,,,,
40810,1974-02-02,,,,,,,
40814,1984-10-19,,,,,,,
408194,2016-09-09,,,,,,,
40820,1988-10-07,1.5E7,2.1032267E7,6032267.0,,,,
408220,2017-01-24,,,,,,,
408267,2017-03-09,,,,,,,
408270,2016-08-05,,,,,,,
408272,2017-03-03,,,,,,,
40829,1976-10-10,,,,,,,
408292,2016-09-30,,,,,,,
40836,2003-11-30,,,,,,,
408374,2017-05-18,,,,,,,
408381,2017-04-20,,,,,,,
40842,1979-03-02,,2.2228E7,,,,,
408438,2016-09-29,,,,,,,
40850,2009-02-08,,,,,,,
408508,2016-10-07,,,,,,,
408509,2017-03-29,,,,,,,
408546,2016-08-06,,,,,,,
408550,2016-10-05,,,,,,,
40856,2009-11-06,,,,,,,
40859,2005-04-14,,,,,,,
40860,2006-09-27,,,,,,,
40862,2006-01-01,,,,,,,
408620,2016-09-28,,,,,,,
408623,2016-10-21,,,,,,,
40863,1999-03-30,,,,,,,
40866,1981-03-06,,,,,,,
40867,1957-08-29,,,,,,,
40874,2005-06-06,,,,,,,
40876,2004-01-14,,,,,,,
40882,1997-04-01,,,,,,,
40886,1996-06-15,,,,,,,
40890,1997-08-31,,,,,,,
40894,1961-11-20,,8.0,,,,,
40895,2008-07-10,650000.0,,,,,,
40897,1964-03-14,,,,,,,
40909,2006-06-23,,,,,,,
40911,2010-02-05,,,,,,,
40925,2008-10-24,,,,,,,
40926,1996-03-22,,,,,,,
40927,1988-01-01,,,,,,,
40930,2000-03-05,,,,,,,
40932,1980-06-20,,,,,,,
40933,1957-10-09,,,,,,,
40939,1979-10-06,,,,,,,
40950,1975-12-17,,,,,,,
40952,1982-11-12,,8178569.0,,,,,
40954,1959-10-30,,,,,,,
409676,1987-01-01,,,,,,,
40969,1980-10-03,,,,,,,
409696,2014-11-03,,,,,,,
40974,2003-08-18,,,,,,,
40978,1984-02-15,,,,,,,
409900,2011-11-11,,,,,,,
409903,1968-01-01,,,,,,,
409926,,,,,,,,
40993,1985-04-11,,,,,,,
410,2005-09-09,,,,3.1506849315068495,73,0.7531643039852358,2016-08-17
41007,1995-09-11,,,,,,,
41009,2009-09-11,,,,,,,
410117,2017-01-20,,923.0,,,,,
410126,2016-10-11,,,,,,,
41018,1953-12-23,,,,,,,
410199,2016-09-09,,,,,,,
41020,1946-12-25,,,,,,,
41021,1940-12-13,,,,,,,
41028,1962-11-21,,,,,,,
410314,2016-11-05,,,,,,,
41032,1972-01-31,,,,,,,
41038,1958-08-28,,,,,,,
41039,1962-06-01,,,,,,,
4104,1993-04-16,,2.3202734E7,,0.75,2,0.3535533905932738,2005-05-19
410455,2016-01-01,,,,,,,
41051,1970-05-17,,,,,,,
41053,1957-02-19,,,,,,,
41054,1957-06-22,,,,,,,
41058,1949-02-26,,,,,,,
410661,2016-09-23,,,,,,,
4107,2002-01-16,,773228.0,,,,,
41070,2003-02-21,,,,,,,
410718,2016-10-21,,,,,,,
41075,1993-01-15,,,,,,,
41084,1950-05-11,,,,,,,
41089,1984-06-12,,,,,,,
41093,2001-09-20,,,,,,,
410965,2016-08-26,,,,,,,
41097,1991-01-25,,,,,,,
410988,2016-10-14,,,,,,,
411005,2016-11-18,,,,,,,
411009,2016-09-10,,,,,,,
411012,2017-04-14,,393970.0,,,,,
411013,2017-04-21,,,,,,,
411019,2017-02-03,,,,,,,
411039,2016-09-12,,,,,,,
411081,2016-08-20,,,,,,,
4111,1932-09-01,,,,3.8333333333333335,3,0.2886751345948129,2004-08-03
4112,1933-02-25,,,,,,,
41120,2010-06-29,,,,,,,
411282,1995-01-01,,,,,,,
41131,1948-03-26,,,,,,,
41135,2010-07-20,,,,,,,
41141,2007-11-30,2691570.0,,,,,,
41142,2009-12-04,,,,,,,
411456,1982-12-03,,,,,,,
41153,1990-07-06,,,,,,,
41160,1999-08-13,,,,,,,
411632,2016-09-23,7500000.0,,,,,,
411678,2016-10-22,,,,,,,
41171,2004-11-12,,,,,,,
411711,,,,,,,,
411717,2017-01-12,,1.7E7,,,,,
411736,2016-10-08,,,,,,,
411802,2016-08-30,,,,,,,
41183,2003-09-12,,18928.0,,,,,
41187,2001-02-01,,,,,,,
411873,2017-06-30,,,,,,,
41198,2003-08-11,,,,,,,
41203,2009-07-28,,,,,,,
41204,1951-07-26,,,,,,,
41205,1985-12-06,,,,,,,
41206,1947-12-25,,,,,,,
412093,2016-11-10,,,,,,,
41210,2010-05-11,,4.9830607E7,,,,,
412103,2016-07-24,,,,,,,
412105,2017-06-19,,,,,,,
41216,2010-07-10,8.0E7,1.4007339E8,6.007339E7,,,,
412202,2017-02-15,1050000.0,,,,,,
412204,2016-12-01,,,,,,,
412213,2016-09-29,,,,,,,
41225,1968-05-16,,,,,,,
41228,1952-09-26,,,,,,,
412329,2015-09-24,,,,,,,
41237,2004-05-14,,,,,,,
41241,1999-11-14,,,,,,,
412437,2016-06-14,,,,,,,
41244,1989-10-20,,,,,,,
41248,2009-03-18,,,,,,,
41252,2004-12-24,,,,,,,
41253,1958-07-23,,,,,,,
41261,2005-02-05,,,,,,,
412660,2016-08-31,,,,,,,
41272,2010-06-23,,,,,,,
41273,2010-06-30,,,,,,,
41276,2000-01-12,,,,,,,
412766,2016-09-27,,,,,,,
41278,1903-10-17,,,,,,,
41279,1962-02-15,,,,,,,
41280,1981-08-21,2800000.0,2.6279E7,2.3479E7,,,,
41283,2010-11-23,2.4E7,2.3081726E7,-918274.0,,,,
41298,1978-04-27,,,,,,,
413011,2015-01-31,,,,,,,
413017,2016-01-01,,,,,,,
413049,2016-09-02,,,,,,,
41311,1961-09-07,,,,,,,
41312,1952-03-19,,,,,,,
41313,1992-09-04,,,,,,,
413198,2016-08-12,,,,,,,
413232,1940-12-19,,,,,,,
413235,1953-10-06,,,,,,,
41324,2001-08-02,,,,,,,
4133,2001-04-04,5.3E7,8.3282296E7,3.0282296E7,3.3333333333333335,3,1.5275252316519468,2003-05-28
413337,2016-09-10,,,,,,,
41338,2005-02-03,,,,,,,
41339,2009-07-31,,,,,,,
413391,2017-03-09,,123899.0,,,,,
413417,2016-10-07,,,,,,,
41342,2010-06-02,,,,,,,
413421,2017-03-24,,,,,,,
413452,2016-09-16,1.0E7,,,,,,
413471,2016-10-07,,,,,,,
41349,1936-02-07,,,,,,,
413543,2016-11-24,4300000.0,3376375.0,-923625.0,,,,
413588,2016-11-11,,,,,,,
413644,2017-07-27,,,,,,,
413648,2017-04-13,,,,,,,
413669,1933-09-14,,,,,,,
41371,2010-07-27,,,,,,,
41374,1990-04-06,1.0E7,2.2424195E7,1.2424195E7,,,,
413762,2017-05-12,1282545.0,,,,,,
413765,2017-02-15,,,,,,,
41382,2010-08-20,,,,,,,
413834,2016-09-24,,,,,,,
41385,1991-12-06,,,,,,,
413927,2016-11-23,,,,,,,
41393,2006-02-25,2000000.0,30.0,-1999970.0,,,,
41394,1981-11-20,,,,,,,
41397,2010-01-25,,,,,,,
413992,2017-11-17,,,,,,,
413998,2017-06-08,,2676077.0,,,,,
4140,2006-09-11,,,,5.0,1,,2002-04-17
41411,2010-03-10,2.0E7,,,,,,
41416,2010-04-02,,,,,,,
414190,2017-01-27,1500000.0,,,,,,
414276,2016-09-09,,,,,,,
41428,1989-07-01,,,,,,,
41434,2009-09-24,,,,,,,
41436,2010-10-20,3000000.0,1.77512032E8,1.74512032E8,,,,
414382,2015-10-25,,,,,,,
41441,2009-09-24,,,,,,,
41445,2010-07-19,,,,,,,
41454,2009-12-25,,,,,,,
414547,2016-09-21,56000.0,,,,,,
4146,1974-01-01,,,,2.5,2,2.1213203435596424,2006-06-09
41462,1953-10-16,,,,,,,
414642,2016-07-28,,,,,,,
41468,1953-02-01,,,,,,,
4147,2002-07-12,8.0E7,1.81001478E8,1.01001478E8,,,,
41472,2004-03-13,,,,,,,
414762,2016-09-25,,,,,,,
414771,2016-10-13,,,,,,,
414779,2016-10-14,,,,,,,
4148,2008-12-19,3.5E7,7.5225693E7,4.0225693E7,3.0606060606060606,33,1.1842559356879412,2016-01-22
41482,1973-01-01,,,,,,,
414827,2016-09-02,,,,,,,
41483,2009-09-08,,,,,,,
41487,1948-07-24,,,,,,,
41488,2003-12-12,,,,,,,
41495,1941-12-09,,,,,,,
41498,2009-12-12,,5.3E7,,,,,
415,1997-06-20,,2.38207122E8,,2.8333333333333335,12,1.1348474733984246,2006-04-19
41503,1954-05-01,,,,,,,
415032,2016-12-14,,,,,,,
41513,2011-07-29,1.1E8,5.63749323E8,4.53749323E8,,,,
415137,2016-09-11,,,,,,,
41515,2010-12-11,8.0E7,2.01584141E8,1.21584141E8,,,,
41516,1956-12-01,,,,,,,
41518,2010-11-18,,,,,,,
41520,2010-04-02,,,,,,,
415214,2016-09-30,,1.73E8,,,,,
415255,2014-09-18,300000.0,,,,,,
415358,2016-09-16,7.5E7,,,,,,
41536,2006-08-09,2000000.0,,,,,,
415396,2016-10-07,,,,,,,
41551,1949-11-05,,,,,,,
41553,1956-02-08,,,,,,,
415542,2016-09-10,,,,,,,
41556,2010-09-10,,123820.0,,,,,
415633,2016-10-09,,,,,,,
41569,2004-03-23,,,,3.282608695652174,23,0.7358681786057778,2016-07-29
415735,2016-10-01,,,,,,,
415766,2016-10-06,,,,,,,
41579,1994-06-17,3.0E7,,,,,,
41586,1999-12-07,,,,,,,
41587,1994-03-17,,,,,,,
41590,1994-09-09,,,,,,,
41591,1951-04-06,,,,,,,
41597,1940-08-31,,,,,,,
41599,1948-03-01,,,,,,,
41605,2009-03-09,,,,,,,
416086,2016-07-02,500000.0,,,,,,
41611,1953-03-30,,,,,,,
416124,2014-03-02,,,,,,,
41619,2009-12-23,,,,,,,
416256,2016-09-30,,,,,,,
416261,2016-09-27,,,,,,,
41628,2004-11-10,,,,,,,
41636,2000-06-17,,,,,,,
41639,2010-03-10,,,,,,,
41647,1993-09-11,,449707.0,,,,,
41648,1993-06-06,,,,,,,
41653,1993-09-24,,,,,,,
416680,2016-09-15,,,,,,,
416691,2017-02-10,,,,,,,
41671,1992-07-16,,,,,,,
41678,1992-09-16,3700000.0,,,,,,
41682,1992-08-21,4.0E7,8251071.0,-3.1748929E7,,,,
416867,2016-09-23,,,,,,,
416988,2016-09-18,,,,,,,
417028,2016-10-07,,,,,,,
417263,2017-02-18,,,,,,,
4173,1950-02-15,,,,3.5,1,,2005-04-01
417321,2016-09-22,,,,,,,
417406,2016-10-14,,,,,,,
4175,1949-09-08,,,,3.0,1,,2003-05-17
417503,2016-10-12,,,,,,,
41756,2003-09-04,,,,,,,
41758,2005-05-28,,,,,,,
417644,2017-03-23,2.5E7,2.6800152E7,1800152.0,,,,
417678,2017-05-19,,,,,,,
41771,1992-01-01,,,,,,,
41774,1992-04-22,,,,,,,
41776,1992-02-21,,,,,,,
41777,1992-01-01,,,,,,,
41779,1992-12-16,,,,,,,
41781,1991-05-07,,,,,,,
41784,1991-09-05,,,,,,,
41785,1991-10-11,,,,,,,
417870,2017-07-21,,,,,,,
417877,2016-10-14,,,,,,,
41800,1951-11-23,275000.0,,,,,,
418029,1967-07-21,,,,,,,
41804,1991-01-01,,,,,,,
41806,1990-03-16,,2000000.0,,,,,
418072,2014-09-18,1500000.0,,,,,,
41808,2008-08-09,,,,,,,
41809,2004-01-01,,,,,,,
41810,1990-01-01,,,,,,,
41811,1990-11-30,,,,,,,
41816,1990-01-19,,,,,,,
4182,1964-09-01,,,,,,,
41820,2002-09-12,,,,,,,
41822,1990-04-27,,,,,,,
41827,2010-10-08,,,,,,,
41828,1990-03-30,,,,,,,
41831,1999-02-17,,,,,,,
41835,2007-09-11,,,,,,,
418378,2016-10-27,,,,,,,
41841,1995-03-24,3.2E7,,,,,,
41842,1990-09-07,,,,,,,
418437,2017-04-20,1.2E7,1.7768012E7,5768012.0,,,,
41844,1998-01-01,,,,,,,
41845,1990-11-24,,,,,,,
41846,2002-01-01,,,,,,,
41847,2004-04-27,,,,,,,
41848,1989-12-01,,,,,,,
41850,2008-03-09,,,,,,,
418585,2016-10-01,,,,,,,
41862,2004-01-18,,,,,,,
418688,2016-05-26,,,,,,,
41869,1986-11-11,,,,,,,
418693,2016-11-21,,,,,,,
418718,2016-05-27,,,,,,,
418757,2014-08-01,,,,,,,
418787,2016-09-25,,,,,,,
41897,1974-09-10,,,,,,,
418979,2015-02-22,,,,,,,
418985,2016-10-29,,,,,,,
418992,2016-10-07,,,,,,,
419037,2017-03-03,,,,,,,
41913,1982-02-12,,,,,,,
4192,1978-10-06,,1.4560084E7,,,,,
41923,1977-01-01,,,,,,,
41925,1990-01-01,,1244381.0,,,,,
41927,1990-01-01,,,,,,,
41934,1989-01-01,,,,,,,
419371,2016-04-01,,,,,,,
41938,1989-01-27,,,,,,,
419386,2016-10-01,,,,,,,
41940,1989-09-16,250000.0,,,,,,
41944,1989-05-12,,,,,,,
419459,2017-07-21,,,,,,,
4195,1963-01-25,,,,4.0,2,0.0,2009-02-08
419546,2016-10-16,,,,,,,
41955,2002-08-01,5000000.0,340312.0,-4659688.0,,,,
41959,1988-05-06,,,,,,,
4196,1988-11-30,,,,,,,
419601,1979-07-06,,,,,,,
41961,1988-10-01,,,,,,,
419639,2016-10-12,,,,,,,
41965,1988-01-01,,241.0,,,,,
41968,1988-09-02,,346297.0,,,,,
41971,1988-04-15,,,,,,,
41973,1988-10-25,,,,,,,
41974,1988-05-15,,,,,,,
41975,1988-09-14,,,,,,,
41977,1982-01-01,,,,,,,
419786,2007-11-16,,,,,,,
41980,2010-05-20,2000000.0,,,,,,
4199,1977-07-07,,,,,,,
41992,1999-08-06,,,,,,,
41994,2010-05-25,,,,,,,
41996,1943-08-06,,,,,,,
42001,1992-12-18,,,,,,,
42003,1987-01-01,,,,,,,
42005,1987-01-01,,,,,,,
4201,1979-04-06,,,,5.0,1,,2001-04-07
42013,1987-10-30,,,,1.75,2,0.3535533905932738,2016-08-17
42017,1986-01-01,,,,,,,
42021,1986-01-01,,,,,,,
42023,1986-01-01,,,,,,,
420245,2017-02-03,,,,,,,
42035,1985-01-01,,,,,,,
4204,2008-01-01,,,,,,,
42046,2009-06-01,,,,,,,
42048,1985-07-14,,,,,,,
420519,1974-10-10,,,,,,,
42062,1942-05-29,,,,,,,
420648,2017-03-24,,,,,,,
42066,1941-09-09,,,,,,,
420703,2016-10-13,2000000.0,,,,,,
42077,1945-11-08,,,,,,,
42078,2007-10-02,6500000.0,,,,,,
42085,1984-05-17,,,,,,,
42090,1984-04-09,,,,,,,
42093,1984-10-01,,,,,,,
42095,1984-11-17,,,,,,,
421,2004-12-10,5.0E7,3.4808403E7,-1.5191597E7,3.0,11,1.1832159566199232,2001-01-22
42112,1983-09-24,,,,,,,
421126,2017-01-09,,,,,,,
42113,1983-04-09,,,,,,,
42114,1983-09-02,,6670680.0,,,,,
42120,1987-02-13,,,,,,,
42122,1983-12-06,,,,,,,
42124,1982-05-30,,,,,,,
42130,1982-09-16,,,,,,,
42131,1982-09-23,,,,,,,
42132,1982-10-07,,,,,,,
42134,1982-09-18,,,,,,,
42135,1982-08-05,,,,,,,
421365,2017-01-19,,,,,,,
42137,1982-01-01,,,,,,,
42140,1981-04-25,,,,,,,
42143,1981-01-08,,,,,,,
42146,1981-09-25,,,,,,,
42148,1981-05-08,,,,,,,
42150,1981-03-19,,,,,,,
42151,2009-09-01,,10000.0,,,,,
421550,2006-10-21,9.0E7,,,,,,
421552,2016-10-27,,,,,,,
42156,1980-10-01,,,,,,,
42157,1980-10-03,,,,,,,
42158,1980-12-03,,,,,,,
421619,2016-10-06,,,,,,,
421623,2016-12-10,,,,,,,
421626,2016-12-18,,,,,,,
42168,1979-12-14,,,,,,,
42170,1979-04-21,,,,,,,
42171,2009-09-16,,,,,,,
42172,1979-02-09,,,,,,,
421725,2016-10-11,,,,,,,
42175,1979-05-01,,,,,,,
42176,1979-06-22,,,,,,,
42178,1979-05-11,,,,,,,
42179,1979-10-01,,,,,,,
42185,1999-11-09,,,,,,,
421851,2016-10-18,,,,,,,
421854,2016-10-21,,,,,,,
42188,2010-09-15,1.5E7,9455232.0,-5544768.0,,,,
42191,1945-10-24,,,,4.5,1,,2016-08-11
42194,2010-03-20,3.0E7,967000.0,-2.9033E7,,,,
42195,2000-03-24,,,,,,,
421958,2016-10-17,,,,,,,
42196,1956-09-12,,,,,,,
422,1963-02-14,,,,3.7222222222222223,9,1.092906420717,2015-08-23
42201,1978-10-25,,,,,,,
42204,1978-04-20,,,,,,,
42206,1978-11-17,,,,,,,
42217,1977-09-27,,,,,,,
42218,1977-06-29,,,,,,,
42231,1977-08-31,,,,,,,
42238,1976-01-01,,,,,,,
42241,1976-12-17,45000.0,,,,,,
42244,1976-01-01,,,,,,,
422469,2016-11-28,,,,,,,
42247,2007-04-20,,,,,,,
422472,2016-10-21,,,,,,,
422500,2016-10-23,,,,,,,
42251,1982-05-07,,,,,,,
422514,2016-10-30,,,,,,,
42254,1975-06-06,,,,,,,
422550,2015-10-27,,,,,,,
4226,2000-10-17,5000000.0,,,4.2272727272727275,132,0.7992449594490537,2016-10-06
42260,1975-07-01,,,,,,,
42262,1975-02-05,,,,,,,
42264,1975-01-01,,,,,,,
42266,1975-06-11,,,,,,,
42267,1975-07-16,,,,,,,
422715,2017-01-19,,,,,,,
42273,2010-07-13,,,,,,,
42275,1975-10-23,,,,,,,
422874,2016-04-06,,,,,,,
422906,1961-03-03,,,,,,,
42293,2010-02-14,,,,,,,
422960,2016-09-28,,,,,,,
42297,2010-11-23,5.5E7,8.9519773E7,3.4519773E7,,,,
42298,1941-08-08,,,,,,,
423,2002-09-24,3.5E7,1.20072577E8,8.5072577E7,3.392857142857143,14,1.0034281896917845,2006-02-04
42307,2010-05-28,,,,,,,
42313,2000-04-04,,,,,,,
4232,1996-12-20,1.4E7,1.73046663E8,1.59046663E8,2.7857142857142856,14,1.2966567322613496,2016-05-07
42325,1945-07-04,,,,,,,
42326,1978-04-20,,,,,,,
42329,1969-07-24,,,,,,,
42332,2000-12-03,,,,,,,
423360,2016-11-03,,,,,,,
423367,2016-11-17,,,,,,,
42337,1981-09-15,,,,,,,
42343,1955-09-02,,,,,,,
42345,1970-01-27,1.1E7,2200000.0,-8800000.0,,,,
423453,2017-02-01,,7800000.0,,,,,
42346,2009-05-07,,,,,,,
42347,1988-05-17,191051.0,,,,,,
4235,1969-12-01,,,,4.183333333333334,30,0.636305789280016,2016-10-06
423536,2017-03-01,,,,,,,
42354,2001-01-01,,,,,,,
42358,1970-12-18,,,,,,,
42359,1925-09-20,,,,,,,
42363,1930-11-08,,,,,,,
42366,1922-11-26,,,,,,,
42371,1981-04-24,,,,,,,
42377,2002-01-01,,,,,,,
42384,2008-04-30,,,,,,,
423917,1944-10-01,,,,,,,
42399,2009-04-03,,3006000.0,,,,,
424,1993-11-29,2.2E7,3.21365567E8,2.99365567E8,3.0,3,1.3228756555322954,2005-03-24
42401,1944-07-20,,,,,,,
42407,1967-08-22,,,,,,,
42416,1984-01-01,,,,,,,
424182,2015-10-16,,,,,,,
4244,2000-07-07,6.5E7,6.97E7,4700000.0,,,,
42449,1974-01-01,,30000.0,,,,,
42453,1974-01-01,,,,,,,
42457,1973-05-22,,,,,,,
42458,1973-01-01,,,,,,,
42459,1973-08-26,,,,,,,
42460,1973-09-05,,,,,,,
424600,2017-04-22,,,,,,,
42463,1973-04-12,,,,,,,
424634,2017-02-17,,,,,,,
42468,1973-01-01,,,,,,,
4247,2000-07-07,,2.78019771E8,,2.45,10,1.4804278660801635,2016-08-17
42470,1973-12-19,,,,,,,
424722,2016-11-22,,,,,,,
42476,1972-06-23,,,,,,,
42477,1971-08-01,,,,,,,
424782,2016-11-04,,,,,,,
42485,1974-05-10,,,,,,,
42486,1972-07-05,,,,,,,
42487,1972-09-22,,,,,,,
42491,1972-01-01,,,,,,,
42497,1971-01-01,27000.0,,,,,,
424998,2017-04-07,,,,,,,
425,2002-03-10,,3.83257136E8,,3.875,4,0.24999999999999994,2006-05-27
425002,2016-11-17,,,,,,,
42501,1971-04-27,,,,,,,
42507,2010-04-15,,,,,,,
42511,1921-12-28,,,,,,,
42512,1924-04-25,,,,,,,
42517,1971-01-01,,,,,,,
42528,1971-01-01,,,,,,,
42530,1971-06-30,,,,,,,
42536,1927-11-14,,,,,,,
42537,1928-10-06,,,,,,,
425383,2016-11-02,,,,,,,
42539,1970-11-10,,,,,,,
42548,2010-03-01,,,,,,,
425498,2016-11-25,,,,,,,
4255,1970-02-10,5000.0,,,1.7142857142857142,7,1.185226520443204,2013-12-13
4256,2003-10-24,4.8E7,2.20673217E8,1.72673217E8,,,,
42561,2009-01-18,3000000.0,,,,,,
42564,1955-07-24,,,,,,,
42569,1970-11-10,,,,,,,
4257,2006-04-13,4.5E7,1.7826262E8,1.3326262E8,,,,
42579,2010-02-19,,,,,,,
4258,2013-04-11,2.0E7,7.8378744E7,5.8378744E7,,,,
42588,1970-05-13,,1.33E7,,,,,
42591,1970-02-05,,,,,,,
42593,1970-08-12,,,,,,,
425942,2017-01-19,4000000.0,1440000.0,-2560000.0,,,,
42600,1970-01-01,,,,,,,
42606,1969-01-01,,,,,,,
42607,1969-11-05,9000000.0,,,,,,
42611,1969-09-18,,,,,,,
42614,1928-09-01,,,,,,,
42615,1928-12-15,,,,,,,
42618,1969-01-01,8000000.0,2.0E7,1.2E7,,,,
42619,1969-10-31,,,,,,,
426224,,,,,,,,
42623,1968-10-06,,,,,,,
426230,2017-06-02,,,,,,,
42626,1968-09-14,,,,,,,
426265,2017-01-24,,,,,,,
42632,1968-12-26,,,,3.1666666666666665,3,0.7637626158259733,2015-06-11
42635,1968-01-01,,,,,,,
42638,1929-01-01,,,,,,,
42641,1930-11-14,,,,,,,
42645,1968-12-16,,,,,,,
426469,2017-02-03,,,,,,,
42648,1968-12-22,,,,,,,
42650,1968-05-01,,,,,,,
42651,1947-11-28,,,,,,,
42658,1956-01-26,,,,,,,
426580,2017-01-13,,,,,,,
42659,1931-12-03,,,,,,,
4266,1970-08-26,,,,3.0,1,,2002-03-17
42661,1958-06-28,,,,,,,
42664,1965-11-17,,,,,,,
4267,1978-01-11,,,,3.3333333333333335,3,0.5773502691896258,2006-05-28
42674,1998-10-16,,,,,,,
42679,2009-02-27,,,,,,,
426808,2016-12-03,,,,,,,
42683,1937-01-30,235000.0,,,,,,
42684,2010-11-11,1.0E7,6.6821036E7,5.6821036E7,,,,
42688,1968-05-29,1000000.0,,,,,,
4269,1982-10-27,,,,,,,
426903,1883-11-19,,,,,,,
42691,1967-09-02,,,,,,,
42693,1967-01-01,,,,,,,
42694,1967-11-15,,,,,,,
42699,1967-01-01,,,,,,,
42701,1966-10-23,75000.0,,,,,,
42707,2011-04-13,5000000.0,27046.0,-4972954.0,,,,
427095,2016-12-15,,,,,,,
4271,1988-02-03,,,,3.3333333333333335,3,2.0816659994661326,2011-06-04
42710,1984-10-26,,,,,,,
42711,1973-09-26,,,,,,,
42713,1967-01-19,,,,,,,
42714,1966-10-13,,,,,,,
42716,1966-06-15,,,,,,,
42718,1966-03-12,,,,3.75,4,0.6454972243679028,2012-09-30
42719,1966-08-04,,,,,,,
42720,1966-07-15,,,,,,,
42727,1966-04-14,,,,,,,
42734,1965-01-01,,,,3.5,3,0.8660254037844386,2006-05-28
42737,1965-08-24,,,,,,,
42743,1965-03-03,,,,,,,
42744,1965-05-01,,,,,,,
427451,2016-12-30,100000.0,,,,,,
42750,1980-09-05,,,,,,,
42754,2007-01-01,1000000.0,,,,,,
42758,1996-04-05,1850000.0,,,,,,
427680,2015-07-23,,,,,,,
42780,1965-10-20,,,,,,,
42782,1964-06-25,,,,,,,
42783,1964-03-06,,,,1.5,1,,2011-02-12
42786,1964-11-04,,,,,,,
42787,1964-01-01,,,,,,,
42789,1964-01-01,,,,,,,
4279,1971-04-07,,,,3.0,2,1.4142135623730951,2002-05-12
42791,1964-10-27,,,,,,,
42792,1964-04-08,,,,,,,
42793,1964-03-18,,,,,,,
428,2006-10-11,,,,3.717391304347826,23,0.704306347287911,2011-07-22
42800,1963-05-20,,,,,,,
42801,1963-12-19,,,,,,,
42809,1963-11-23,,,,,,,
42811,1930-03-22,,,,,,,
42815,1931-01-03,,,,,,,
42816,1931-11-21,,,,,,,
42819,2009-03-21,,,,,,,
42837,1931-02-18,,,,,,,
42845,1995-12-21,,,,,,,
428493,2017-09-01,,,,,,,
42852,1939-07-28,,,,,,,
4286,1976-09-09,,,,,,,
42863,2010-01-14,,,,,,,
428687,2017-01-23,,,,,,,
42879,1944-01-19,,,,,,,
4289,2004-04-20,,,,,,,
42891,2008-04-26,,,,,,,
4291,1999-06-05,,,,2.4444444444444446,9,1.130388330520878,2005-05-04
429101,2016-01-01,,,,,,,
429107,2017-06-09,,,,,,,
42934,2006-11-26,,,,,,,
42938,2008-10-19,,,,,,,
429389,2016-12-08,,,,,,,
42949,2010-08-22,7.02E7,,,,,,
42950,2010-08-20,,,,,,,
4296,1989-08-25,,,,2.75,4,0.8660254037844386,2008-08-13
42960,1987-11-13,,,,,,,
42971,2003-01-01,2800000.0,,,,,,
42973,2009-08-05,,1056938.0,,,,,
429732,2017-03-03,,,,,,,
429779,2016-10-20,,,,,,,
429788,2016-11-24,,,,,,,
429797,2016-12-09,,,,,,,
429801,2016-12-20,,,,,,,
42981,1995-10-20,,,,,,,
429838,2016-12-20,,,,,,,
42984,1963-11-16,,,,,,,
429876,2004-10-16,,,,,,,
42989,1963-03-17,,,,,,,
429918,2017-05-14,,,,,,,
42994,1995-12-23,,,,,,,
42995,1962-04-12,,,,,,,
42998,1962-01-01,,,,,,,
42999,1962-09-19,,,,,,,
43000,1962-05-23,,,,,,,
43002,1962-05-24,,,,,,,
43006,1962-06-13,,,,,,,
43008,1959-03-13,,,,,,,
43009,1962-02-11,,,,,,,
430128,2017-02-23,,,,,,,
430156,2017-01-07,,,,,,,
43016,1962-01-01,,,,,,,
430161,2016-12-16,6000000.0,,,,,,
43020,1961-06-16,,,,,,,
430263,2017-02-16,707503.0,4781454.0,4073951.0,,,,
43029,1960-06-23,,,,,,,
43035,1960-03-01,,,,,,,
43036,1960-08-30,,,,,,,
430365,2017-04-05,,,,,,,
43039,1960-05-24,151000.0,8000000.0,7849000.0,,,,
43040,1960-05-18,,,,,,,
430413,2016-12-22,,,,,,,
430419,2016-12-13,,,,,,,
430423,2015-09-11,,,,,,,
430448,2017-02-10,,,,,,,
43047,1960-12-08,,,,,,,
43051,1959-01-01,,,,,,,
430514,2016-12-16,,,,,,,
430598,2017-04-28,,,,,,,
4307,1995-09-22,,,,,,,
43071,2002-09-25,,,,,,,
43075,1932-10-15,,,,,,,
43077,1973-08-09,,,,,,,
430780,2017-02-07,,,,,,,
430826,2017-04-28,,,,,,,
43083,2010-08-05,,5850000.0,,,,,
43084,2002-02-15,,,,,,,
43085,2006-12-16,,,,,,,
43089,1981-06-26,1750000.0,100000.0,-1650000.0,,,,
43096,1959-04-09,,,,,,,
43097,1959-10-05,,,,,,,
430973,2016-12-25,,,,,,,
43099,2010-04-24,,,,,,,
43102,1959-09-09,,,,,,,
43103,1959-01-22,,,,,,,
43105,1959-07-01,,,,,,,
43111,1959-05-30,,,,,,,
43113,1958-06-24,,,,,,,
43114,1958-08-01,,,,,,,
43115,1958-09-01,,,,,,,
43117,1958-10-01,,,,,,,
43121,1958-04-21,,,,,,,
43122,1933-08-17,,,,,,,
431261,2016-04-23,,,,,,,
43131,1932-08-13,,,,,,,
43132,1932-03-24,,,,,,,
43137,1958-04-01,,,,,,,
43138,1958-02-20,,,,,,,
43139,1958-11-11,,,,,,,
431391,2017-01-27,,,,,,,
43141,1958-08-12,,,,,,,
43144,1958-01-01,,,,,,,
431458,2016-12-22,,,,,,,
431490,2014-12-19,,,,,,,
43151,1937-12-24,,,,,,,
43155,1938-04-22,,,,,,,
431567,2016-12-26,,,,,,,
43157,1938-11-11,,,,,,,
43158,1973-03-21,,,,,,,
43167,1942-12-01,,,,,,,
43188,1952-01-01,,,,,,,
43192,1953-07-02,,,,,,,
431937,2017-03-08,,,,,,,
43194,1954-10-06,,,,,,,
43195,1954-09-02,,,,,,,
43199,1956-01-01,,,,,,,
43208,2004-09-07,,,,,,,
43209,2010-05-05,,2340363.0,,,,,
43231,1957-07-06,,,,,,,
43234,1957-10-01,,,,,,,
432364,2017-02-07,,,,,,,
43239,1957-07-18,,,,,,,
43240,1957-06-14,,,,,,,
43252,1957-11-08,,,,,,,
43253,1957-04-02,,,,,,,
43255,1956-03-18,,,,,,,
43256,1956-08-01,,,,,,,
43258,1956-11-25,,,,,,,
43259,1956-12-06,,,,,,,
43260,1956-04-06,,,,,,,
432615,2017-03-16,,,,,,,
43263,2010-05-09,,,,,,,
43268,1936-07-24,,,,,,,
43277,1936-04-08,,,,,,,
432799,2017-02-24,,,,,,,
43281,1989-11-22,,,,,,,
43294,1954-01-01,,,,,,,
433,1964-08-27,6000000.0,1.02272727E8,9.6272727E7,2.857142857142857,7,0.8997354108424372,2001-06-07
43308,1941-07-18,,,,,,,
433084,2017-01-20,,,,,,,
433086,2017-11-30,,,,,,,
43309,1956-12-01,,,,,,,
43310,1956-12-21,,,,,,,
43312,1956-08-01,,,,,,,
43317,1955-11-07,1500000.0,,,,,,
43318,1955-07-01,,,,,,,
43321,1955-07-31,,,,,,,
433245,2017-01-20,,,,,,,
43326,1955-11-04,,,,,,,
433356,2017-03-10,4.0E7,240978.0,-3.9759022E7,,,,
43336,1954-05-06,,,,,,,
43339,1954-09-15,,,,,,,
43341,1953-09-03,,,,,,,
43343,1953-12-25,,,,,,,
43344,1953-07-09,,,,,,,
43346,1953-05-28,,,,,,,
43348,1953-10-30,,,,,,,
43354,1953-09-28,,,,,,,
43357,1953-01-01,,,,,,,
43358,1952-07-17,,,,,,,
433583,2016-01-01,,,,,,,
43362,1952-02-23,,,,,,,
433630,2017-06-30,,,,,,,
43369,1952-02-25,,,,,,,
433711,,,,,,,,
43372,1951-12-27,,,,,,,
43378,1951-12-02,,,,,,,
43379,1951-02-08,,,,,,,
43381,1951-10-05,,,,,,,
43384,1951-02-06,,,,,,,
43385,1950-09-28,,,,,,,
43386,1950-11-14,,,,,,,
433878,2017-01-20,,,,,,,
43389,1950-12-06,,,,,,,
43390,1950-08-31,,,,,,,
43392,1950-05-16,,,,,,,
43394,1950-10-20,,,,,,,
43395,1950-01-01,,,,,,,
43398,1949-01-01,,,,,,,
434,2006-03-09,,,,3.0849056603773586,106,0.9721642476189954,2012-05-02
43410,2004-05-22,,,,,,,
434119,2017-01-18,8520000.0,5.61E7,4.758E7,,,,
43414,2008-08-08,,,,,,,
434166,2017-04-06,,,,,,,
43423,1999-09-06,,,,,,,
43429,1997-03-31,,,,,,,
43430,1975-12-31,,,,,,,
434306,1998-07-31,,,,,,,
43432,2004-04-15,2763806.0,,,,,,
43435,1949-08-17,,,,,,,
43436,1949-04-01,,,,,,,
43437,1949-06-10,,,,,,,
43438,1949-11-30,,,,,,,
43439,1949-04-30,,,,,,,
43442,1948-03-17,,,,,,,
43443,1948-12-22,,,,,,,
434510,2005-04-01,7000.0,,,,,,
43452,1948-09-16,,,,,,,
43453,1948-12-22,,,,,,,
43461,1947-01-30,,,,,,,
434616,2017-03-01,,,,,,,
43462,1947-01-15,,,,,,,
43463,1947-09-25,,,,,,,
43464,1947-01-13,,,,,,,
4347,2007-08-29,3.0E7,1.29266061E8,9.9266061E7,3.5,1,,2005-11-17
434724,2017-01-18,,,,,,,
43473,1946-01-01,,,,,,,
43475,1995-12-01,,,,,,,
43477,1970-06-26,,,,,,,
43485,1946-07-02,,,,,,,
43491,1945-09-22,,,,,,,
43494,1945-04-28,,,,,,,
43495,1945-10-18,,,,,,,
43499,1943-12-31,,,,,,,
43501,1944-10-01,,,,,,,
43503,1944-07-26,,,,,,,
435041,1965-08-16,,,,,,,
43506,1943-06-03,,,,,,,
43510,1943-01-01,,,,,,,
43515,1943-07-13,,,,,,,
43517,1943-08-14,,,,,,,
43518,1943-01-01,,,,,,,
43525,1942-05-16,,,,,,,
43526,1942-12-17,,,,,,,
43529,1939-09-05,,,,,,,
435366,2017-02-09,,,,,,,
43539,2010-11-18,3.0E7,5.1148651E7,2.1148651E7,,,,
43544,2003-01-10,,,,,,,
435707,2017-04-15,,,,,,,
435737,2017-01-16,,,,,,,
43584,2005-02-25,,,,,,,
43592,2000-10-13,,,,,,,
435921,2017-01-19,,,,,,,
43593,2010-08-20,,8.3188165E7,,,,,
43596,1933-03-10,,,,,,,
43598,1933-02-04,,,,,,,
43600,1933-11-24,923.0,,,,,,
43601,1933-10-13,,,,,,,
43603,1934-12-21,,,,,,,
43604,1934-04-27,,,,,,,
43605,1934-08-17,,,,,,,
43614,2009-12-16,,,,,,,
43616,2009-07-15,,,,,,,
43619,2009-08-12,7600000.0,,,,,,
436279,2017-01-26,,,,,,,
436339,2017-02-15,,,,,,,
436340,2017-03-29,,,,,,,
43638,2006-08-16,,,,,,,
43645,1988-07-01,,,,,,,
43646,1990-01-01,,,,,,,
43648,1991-10-19,,,,,,,
43649,1994-01-01,,,,,,,
4365,1987-03-01,,,,,,,
43650,1949-10-05,,,,,,,
43651,2008-04-25,,,,,,,
43658,2003-09-16,,,,,,,
43664,2001-04-21,600000.0,1023156.0,423156.0,,,,
43670,2004-05-23,1.6E7,174318.0,-1.5825682E7,,,,
43673,2006-10-20,,,,,,,
436769,2016-11-08,,,,,,,
43678,1915-03-11,,,,,,,
43680,1988-01-01,,,,,,,
436882,2017-03-02,,,,,,,
4369,2000-01-01,,,,3.2875,40,1.192323200891694,2016-10-07
43692,1934-01-01,,,,,,,
43693,1934-09-21,,,,,,,
43696,1934-05-09,,,,,,,
43700,2010-08-14,,,,,,,
43701,1972-01-01,,,,,,,
43708,2003-10-31,,320092.0,,3.5,1,,2006-06-04
43710,1967-09-26,,,,,,,
43713,2006-01-01,,,,,,,
43715,1957-05-01,,,,,,,
43735,2009-01-02,,,,,,,
437372,2017-02-23,,77156.0,,,,,
43739,1939-04-07,,,,,,,
43741,2007-11-04,,,,,,,
43742,1994-10-21,6.0E7,,,,,,
43749,2001-09-21,,,,,,,
43752,1960-12-29,,,,,,,
43757,1993-09-16,,,,,,,
437623,2017-08-02,,,,,,,
43765,2001-08-05,,,,,,,
43766,2006-02-08,,,,,,,
43767,2005-01-01,,,,,,,
43768,2005-11-03,,,,,,,
43771,1996-06-26,,,,,,,
43773,2002-01-01,,,,,,,
43774,2001-01-31,,,,,,,
43775,1995-01-01,,,,,,,
437752,2017-01-31,,,,,,,
43776,2000-06-02,,,,,,,
43777,1996-02-10,,,,,,,
437838,2016-01-29,,,,,,,
43785,1942-05-08,,,,,,,
43788,1941-07-26,,,,,,,
43789,1941-02-21,,,,,,,
43790,1941-12-31,,,,,,,
437941,2017-05-11,,,,,,,
43797,1941-08-29,,,,,,,
43798,1941-04-03,,,,,,,
43799,1941-04-20,,,,,,,
43800,1941-11-28,,,,,,,
43801,1941-04-11,,,,,,,
43802,1941-08-20,,,,,,,
43806,1940-02-12,,,,,,,
43807,1940-07-13,,,,,,,
438081,2017-01-28,,,,,,,
43809,1940-02-09,,,,,,,
438137,2017-01-30,,,,,,,
43818,1940-07-26,,,,,,,
43821,1940-08-16,,,,,,,
438283,2016-06-12,4000000.0,,,,,,
43832,1939-05-15,,,,3.0,1,,2009-06-23
43833,1939-06-20,,,,,,,
43838,1939-06-09,,,,3.5,1,,2011-05-03
43844,1938-09-07,,,,,,,
43846,1938-07-22,,,,,,,
43847,1938-08-26,,,,,,,
438493,2017-03-11,,,,,,,
43852,1938-09-29,,,,,,,
43856,1938-06-09,,,,,,,
43858,1937-04-05,,,,,,,
438635,2016-09-01,,,,,,,
43865,1937-08-06,,,,,,,
43867,1937-09-03,,,,,,,
43871,1936-12-25,,,,2.6666666666666665,3,1.0408329997330663,2006-12-23
43875,1936-08-28,864000.0,1276000.0,412000.0,,,,
43878,1936-05-05,,,,,,,
43882,1951-09-21,,,,,,,
43884,1936-10-20,1200000.0,2736000.0,1536000.0,,,,
43888,1935-06-28,,,,,,,
43891,1935-11-22,,,,,,,
438910,,,,,,,,
43895,1935-01-01,,,,,,,
43896,1935-05-09,243000.0,950000.0,707000.0,,,,
43898,1935-01-11,,,,,,,
43901,1934-11-23,,,,,,,
43903,1934-09-01,,,,,,,
43905,1934-07-20,,,,,,,
439050,,,,,,,,
43908,2010-02-17,,,,3.5,1,,2008-11-29
439107,2017-02-14,,,,,,,
43912,1990-02-14,,,,,,,
43913,1998-06-20,,,,,,,
43915,1967-12-13,,,,,,,
43920,2010-04-24,,430041.0,,,,,
43922,2010-09-09,,,,,,,
439263,1950-09-22,,,,,,,
43931,2010-10-08,2.5E7,1.9829957E7,-5170043.0,,,,
43933,2010-06-18,500000.0,4242978.0,3742978.0,,,,
43937,2009-02-05,,352810.0,,,,,
43942,2010-10-01,3000000.0,103735.0,-2896265.0,,,,
43943,2010-09-23,,538000.0,,,,,
439502,2017-09-22,,,,,,,
43953,1990-07-01,,,,,,,
43960,2006-01-01,,,,,,,
43961,1952-05-01,,,,,,,
43968,1947-06-12,,,,,,,
439695,2017-03-10,1500000.0,,,,,,
43970,2005-01-01,,,,,,,
43973,2004-09-08,,,,,,,
43974,1998-09-06,,,,,,,
43987,2006-08-24,,4.0,,,,,
440,2007-12-25,4.0E7,4.1797066E7,1797066.0,3.561111111111111,90,0.7488859807972816,2016-05-08
44000,1970-10-24,,,,,,,
44001,1945-05-12,,,,,,,
440047,2017-02-10,,,,,,,
44005,1976-07-01,,,,,,,
44006,1965-12-15,,,,,,,
44008,2011-06-06,,,,,,,
44014,2010-01-01,,,,,,,
44015,2000-01-01,,,,,,,
44018,1985-12-04,,,,,,,
44023,1960-08-09,,,,,,,
44025,1952-09-02,,,,,,,
44028,2009-09-11,,,,,,,
44032,2012-03-09,,,,,,,
44037,2010-08-21,,,,,,,
44040,2010-01-13,1.0E7,3.3583175E7,2.3583175E7,,,,
44046,1998-01-17,4000000.0,,,,,,
440597,2017-07-07,,,,,,,
44066,2000-01-01,,,,,,,
440767,2017-02-21,,,,,,,
440777,2017-03-16,2000000.0,,,,,,
44087,1945-06-16,,,,,,,
44098,1946-11-28,,,,,,,
441,2001-05-18,,705308.0,,3.6621621621621623,37,0.8502781738778039,2016-08-20
44103,1992-09-01,,,,,,,
44105,2006-01-01,,,,,,,
44113,2010-10-07,,9479718.0,,,,,
441168,2017-02-11,,,,,,,
44117,1994-10-30,,,,,,,
44119,2005-01-01,,,,,,,
44125,2009-11-12,,,,,,,
44132,1975-08-20,,,,,,,
44134,1957-12-17,,,,,,,
44135,2009-01-11,,,,,,,
44142,2003-04-04,,,,,,,
441483,2017-02-24,,,,,,,
4415,1998-05-01,,1.4096321E7,,3.5,1,,2009-10-14
44160,2010-04-09,,,,,,,
44162,1994-02-02,,,,,,,
44163,1934-11-23,,,,,,,
44164,2001-10-03,,,,,,,
441881,2017-06-23,,,,,,,
44191,1985-07-19,945000.0,,,4.013698630136986,73,0.6870458234137804,2016-10-16
442,2004-09-24,2224000.0,2.8E7,2.5776E7,2.968421052631579,95,1.0231639661753784,2016-08-17
44208,1937-10-29,,,,,,,
442087,2017-02-28,,,,,,,
44217,2004-06-13,,,,,,,
44224,2010-01-01,,,,,,,
44233,2002-01-01,,,,,,,
44238,1991-01-01,,,,,,,
44244,2010-06-06,,,,,,,
44246,2010-02-13,,,,,,,
44247,1981-11-06,1000000.0,,,,,,
44249,2010-06-24,,,,,,,
44250,2005-09-01,2000000.0,16344.0,-1983656.0,,,,
44258,1967-01-01,,,,,,,
44263,2010-08-11,,,,,,,
44269,2010-03-24,,,,,,,
44281,1990-01-01,,,,,,,
44284,1994-09-30,,,,,,,
44287,2003-02-14,,,,,,,
44289,2003-05-16,1.15E7,,,,,,
442949,2016-05-30,,,,,,,
44296,1947-01-01,,,,,,,
443007,2017-02-21,,,,,,,
44303,2010-03-02,,,,,,,
44308,1998-03-26,,1081957.0,,,,,
44323,1944-12-27,,,,,,,
44324,1904-03-05,,,,,,,
44328,1904-01-01,,,,,,,
44330,1905-01-01,,,,,,,
44357,1975-01-01,,,,,,,
4436,2007-08-30,,,,,,,
44363,2010-02-05,,3065860.0,,,,,
44369,2009-01-01,,,,,,,
4437,1984-12-06,2.8E7,4.0400657E7,1.2400657E7,4.125,4,0.6291528696058958,2016-03-10
44373,2002-04-12,,,,,,,
44379,2000-07-07,,,,,,,
44381,1995-10-10,,,,,,,
44383,1943-04-30,,,,,,,
44385,2007-05-17,,,,,,,
44388,2000-01-01,,,,,,,
44398,1950-09-01,,,,,,,
44399,1941-05-30,,,,,,,
4441,2006-02-15,,2077763.0,,2.3333333333333335,3,1.1547005383792517,2015-04-08
44412,2000-03-09,,,,,,,
44413,2004-05-06,1400000.0,,,,,,
44414,1991-09-13,,,,,,,
44417,1987-01-01,,,,,,,
44425,2010-09-09,9370000.0,,,,,,
44441,1919-05-28,,,,,,,
44442,2008-07-17,,,,,,,
44450,1964-01-01,,,,,,,
444513,2017-03-07,,,,,,,
44470,1995-05-09,2000000.0,,,,,,
444706,2017-03-21,,,,,,,
44472,2003-01-01,,,,,,,
44473,1924-12-04,,,,,,,
44479,1996-09-07,,,,,,,
44480,1943-01-15,,,,,,,
44488,2000-01-01,,,,,,,
44489,2004-01-01,,,,,,,
444902,2017-05-24,,,,,,,
44502,2005-09-09,,27953.0,,,,,
44503,1964-03-16,,,,,,,
44508,2000-05-04,,,,,,,
445126,2017-03-04,,,,,,,
44513,2003-09-12,,,,,,,
44516,1999-01-01,,,,,,,
44528,2002-03-16,,,,,,,
44548,2008-01-01,,,,,,,
44552,2002-09-27,,,,,,,
445590,1998-05-01,,,,,,,
44560,2010-07-22,2.5E7,,,,,,
445605,2016-11-20,,,,,,,
44566,2010-09-24,6400000.0,5900000.0,-500000.0,,,,
4457,1988-12-01,,,,,,,
44570,2007-01-27,,,,,,,
44578,2009-06-20,,,,,,,
445840,2017-06-23,,,,,,,
4459,1952-09-26,,,,5.0,1,,2003-05-14
445916,2017-04-10,,,,,,,
44592,1951-08-17,,,,,,,
445993,2017-03-16,,,,,,,
44603,2010-10-15,5.0E7,1.05197635E8,5.5197635E7,,,,
446048,2017-03-14,,,,,,,
44606,1970-07-02,,,,,,,
4461,1951-12-21,,,,,,,
44625,1998-01-24,1000000.0,,,,,,
44626,1947-05-28,,,,,,,
44629,2010-06-03,5000000.0,1000000.0,-4000000.0,,,,
44634,2004-09-30,,6804016.0,,,,,
446345,2015-12-01,,,,,,,
44635,2002-06-15,,,,,,,
44637,2009-11-05,,,,,,,
4464,2003-07-22,,1.48336445E8,,3.6,5,0.5477225575051661,2005-03-23
44645,1984-01-01,,,,,,,
44646,2010-08-24,,,,,,,
44647,2010-05-01,,,,,,,
44656,2004-01-01,,,,,,,
44661,1999-09-11,,,,,,,
44664,1994-05-04,,,,,,,
44666,1996-02-21,,,,,,,
44671,2010-05-14,,,,3.0,1,,2011-01-28
44673,2007-02-08,2500000.0,,,,,,
44674,2002-09-12,,,,,,,
44682,2008-10-19,,,,,,,
44683,2010-08-13,,,,,,,
44688,1989-03-05,,,,,,,
44690,1976-08-25,,,,,,,
44691,1983-02-02,,,,,,,
44698,1978-05-05,,,,,,,
44706,1997-10-15,,,,,,,
447091,1975-04-04,,,,,,,
44710,2003-04-02,,,,,,,
447113,2017-04-04,,,,,,,
44720,2010-03-31,,,,,,,
44734,2010-08-04,,,,,,,
447352,2017-05-01,400000.0,,,,,,
44737,2010-05-07,,,,,,,
44741,1973-03-29,,,,,,,
44745,2010-08-31,,,,,,,
44746,2005-12-27,,,,,,,
44747,1953-08-10,,,,,,,
44750,2009-01-19,,,,,,,
44751,2009-12-09,,,,,,,
44756,2000-08-27,,,,,,,
4476,1994-12-16,3.0E7,1.60638883E8,1.30638883E8,,,,
44769,1967-04-18,,,,,,,
44770,2009-04-22,,,,,,,
44772,1984-11-09,,,,,,,
447758,2017-03-19,,,,,,,
4478,1993-04-07,3.8E7,2.66614059E8,2.28614059E8,3.5833333333333335,6,0.8010409893798611,2005-05-19
44783,1968-10-28,,,,,,,
44787,1942-05-11,,,,,,,
44789,1980-04-08,,,,,,,
44793,2001-09-07,,,,,,,
44796,1989-03-29,,,,,,,
44800,1974-10-02,,,,,,,
44801,1987-09-25,,,,,,,
44804,1952-01-01,,,,,,,
44808,1999-03-23,,,,,,,
44811,2010-04-08,,,,,,,
44814,2007-06-16,,,,,,,
44823,2005-11-14,,,,,,,
44833,2012-04-11,2.09E8,3.03025485E8,9.4025485E7,,,,
4484,1978-10-25,,2.0424259E7,,,,,
448448,2017-04-23,,,,,,,
448449,2017-04-24,,,,,,,
44848,1998-01-01,,,,,,,
44853,2000-12-29,,,,,,,
44857,1999-10-22,,,,,,,
44862,2010-11-02,,,,,,,
44864,1975-01-01,650000.0,,,2.5,1,,2007-04-06
44865,2013-01-08,,6.4076736E7,,,,,
44869,1945-12-28,,,,,,,
448847,2017-04-14,,,,,,,
44885,2008-03-21,,,,,,,
44886,2006-03-08,,,,,,,
448879,1986-03-25,,,,,,,
44888,1955-01-01,,,,,,,
44890,1951-01-25,,,,,,,
44898,2009-08-12,6500000.0,753808.0,-5746192.0,,,,
44900,2005-08-05,9000000.0,,,,,,
449012,2016-06-06,,,,,,,
44902,1955-09-14,,,,,,,
44909,1991-09-18,,,,,,,
44916,1963-05-16,,,,,,,
44919,1939-09-02,,,,,,,
44925,1994-07-14,,,,,,,
44933,2000-03-01,,,,,,,
44936,1981-09-05,,,,,,,
44937,2010-05-26,,,,,,,
44941,1992-04-24,,,,,,,
44946,2010-10-22,,,,,,,
44947,2000-12-06,2.1E7,,,,,,
4495,1973-10-08,,,,2.875,4,0.6291528696058959,2010-09-14
44950,2010-09-14,,,,,,,
44951,2010-11-16,2500000.0,,,,,,
44966,2010-09-17,,,,,,,
44967,1925-04-28,,,,,,,
44968,1993-03-26,,,,,,,
449742,2017-03-31,,,,,,,
449758,2017-03-31,,,,,,,
4498,1963-09-01,,,,4.0,1,,2002-12-05
44986,2005-08-14,,,,,,,
44988,2009-10-20,,,,,,,
44992,2010-03-19,,,,,,,
44999,2010-05-09,,,,,,,
45004,1977-12-15,,,,,,,
45006,1992-10-13,,,,,,,
45013,2010-04-23,5800000.0,,,,,,
45014,2010-04-28,,,,,,,
45029,1993-10-27,,,,,,,
45031,1986-01-01,,,,,,,
45033,2012-01-01,,,,,,,
45037,2005-01-25,,,,,,,
45042,1999-06-16,,,,,,,
45044,2002-09-11,,,,,,,
45046,1997-03-15,,,,,,,
45047,1968-10-18,,,,,,,
45054,2011-03-25,,,,,,,
45057,2006-12-08,,,,,,,
45064,2007-05-04,,,,,,,
45069,2002-01-01,,,,,,,
450768,2016-10-01,3500000.0,,,,,,
45077,2010-01-14,,18000.0,,,,,
45079,2009-08-12,,,,,,,
450945,2017-04-23,,,,,,,
451,1995-10-27,3600000.0,4.98E7,4.62E7,3.4285714285714284,7,1.2724180205607036,2000-11-21
4512,2007-09-02,3.0E7,1.4711793E7,-1.5288207E7,,,,
45127,2008-09-06,,,,,,,
45129,1988-08-24,,2080046.0,,,,,
45132,2010-09-09,2500000.0,324138.0,-2175862.0,,,,
45138,1969-04-01,,,,,,,
45148,1993-10-11,,,,,,,
45161,2003-08-23,,,,,,,
45162,2010-09-28,3500000.0,,,,,,
451644,2017-06-13,,,,,,,
45166,1948-05-01,,,,,,,
4517,2007-09-09,5.5E7,7.4237563E7,1.9237563E7,,,,
45174,2003-09-10,,,,,,,
45190,1967-01-01,,,,,,,
45191,1982-05-05,,,,,,,
452,1998-04-28,2500000.0,7235.0,-2492765.0,4.0,8,0.7559289460184544,2000-11-20
45203,2000-10-27,,,,,,,
452142,2017-04-16,,,,,,,
452166,2017-04-22,,,,,,,
45218,1951-09-10,,,,,,,
45219,1945-04-30,,,,,,,
45221,1996-06-19,,,,2.0,2,0.0,2013-06-21
45232,1976-04-01,,,,,,,
45239,1956-07-31,,,,,,,
45241,1963-01-01,,,,,,,
452413,2017-04-28,,,,,,,
45244,2010-05-19,,,,,,,
45247,1962-02-07,,,,,,,
45261,2009-10-25,,230600.0,,,,,
45267,1962-02-22,,,,,,,
45269,2010-09-06,,4.14211549E8,,,,,
45273,2009-11-02,7000000.0,,,,,,
45284,2010-05-17,,,,,,,
452922,,,,,,,,
453,2001-12-11,6.0E7,3.13542341E8,2.53542341E8,2.4,5,0.8944271909999159,1999-12-27
453062,1992-01-01,,,,,,,
45314,1953-10-15,,,,,,,
45316,2010-06-17,,,,,,,
45317,2010-12-17,2.5E7,9.3617009E7,6.8617009E7,,,,
45325,1995-12-22,,,,,,,
45326,1998-04-18,,,,,,,
45330,1997-04-25,,,,,,,
453596,2017-04-20,,,,,,,
45377,1974-10-02,,,,,,,
45379,2002-02-06,,,,,,,
45384,2005-01-01,,,,,,,
4539,1991-09-06,,,,3.0,1,,2001-07-23
4540,1931-12-02,,,,,,,
45408,1985-07-11,,,,,,,
454361,2017-04-25,,,,,,,
45438,2000-01-28,,,,,,,
45441,2002-01-01,,,,,,,
45452,1995-07-06,,,,,,,
4546,1975-01-10,,,,3.8,5,0.570087712549569,2011-01-28
4547,2002-03-29,4.8E7,1.96397415E8,1.48397415E8,,,,
454774,2017-04-24,,,,,,,
4548,1998-09-07,,,,,,,
45485,2009-01-16,,,,,,,
45491,1991-11-30,,396003.0,,,,,
455,2002-04-11,3500159.0,7.6578641E7,7.3078482E7,2.838709677419355,31,0.8601075201604502,2016-05-08
4550,2005-07-29,,2.3803308E7,,2.0,1,,2002-12-09
45514,2008-10-23,,,,,,,
4552,2003-06-13,110.0,,,4.125,4,0.6291528696058958,2015-06-15
45522,1969-10-01,,,,,,,
45527,2010-01-01,,,,,,,
45528,2008-12-16,,,,,,,
455363,1958-01-01,,,,,,,
455368,2009-10-03,,,,,,,
45537,1936-04-07,,,,,,,
45555,1980-01-01,,,,,,,
45556,2010-05-30,5000000.0,,,,,,
45562,1992-01-01,,,,,,,
45565,1996-08-28,,,,,,,
455661,2017-06-01,,,,,,,
455675,2017-07-07,,,,,,,
45568,2010-10-15,,,,,,,
45576,2009-06-06,,288.0,,,,,
45577,1955-03-15,,,,,,,
45579,1977-12-18,,,,,,,
45590,1959-05-09,,,,,,,
455963,2017-08-07,,,,,,,
45598,1969-09-03,,,,,,,
45599,1958-11-21,,,,,,,
45609,1997-11-07,,,,,,,
456101,2017-06-02,,,,,,,
456193,2017-05-09,,,,,,,
45627,1950-06-17,,,,,,,
45628,1948-04-01,,,,,,,
456348,2017-05-06,,,,,,,
4564,2008-05-12,6.5E7,4.15252786E8,3.50252786E8,2.6875,8,1.2517844405944203,2011-11-07
45649,2010-07-09,500000.0,98017.0,-401983.0,,,,
45657,2010-09-13,1.0E7,498974.0,-9501026.0,,,,
45662,2010-05-26,,,,1.0,1,,2015-06-15
45665,1928-05-14,,,,,,,
45671,1995-09-07,,,,,,,
45679,1953-04-18,,,,4.0,1,,2008-01-20
45692,1950-02-15,,,,,,,
45695,1978-08-29,,,,,,,
45714,1962-04-25,,,,,,,
45715,2010-05-20,,,,,,,
45725,2010-04-16,3250000.0,,,,,,
45726,1956-10-17,,,,2.5,2,0.0,2009-10-17
457307,2017-03-02,7200.0,,,,,,
45736,1976-12-22,,,,,,,
45745,2010-09-30,550000.0,,,,,,
45756,2010-10-31,,,,,,,
45757,2007-08-19,2349352.0,,,,,,
45759,2004-07-23,,,,,,,
45763,1962-01-01,,,,,,,
45777,1992-03-18,,,,,,,
45780,2010-01-01,,,,,,,
45782,1998-05-16,,,,,,,
4579,1972-10-06,,,,,,,
45791,2007-10-05,,92.0,,,,,
45792,2010-03-28,,,,,,,
45799,1990-05-20,,,,,,,
458,1956-12-18,,,,3.75,4,0.9574271077563381,2004-05-27
4580,1976-03-10,,,,,,,
45800,1937-07-23,,,,,,,
45824,2005-04-08,,,,,,,
458298,2017-05-19,,,,,,,
458335,2017-07-06,,,,,,,
45838,1918-03-18,,,,,,,
4584,1995-12-13,1.65E7,1.35E8,1.185E8,5.0,1,,2003-09-27
45840,1982-12-17,,,,,,,
458428,2009-11-01,,,,,,,
45852,2008-11-19,,268431.0,,,,,
45861,2000-12-31,,240093.0,,,,,
4587,1990-12-14,3.1E7,3.5419397E7,4419397.0,2.642857142857143,7,0.9880235200593537,2006-02-16
45877,2003-01-01,,,,,,,
45878,1987-01-28,,,,,,,
45881,2004-01-01,,,,,,,
45884,1960-09-27,,,,,,,
45886,1988-01-01,,,,,,,
458961,1990-07-02,,,,,,,
459,1957-12-18,,,,3.5,2,0.7071067811865476,2004-05-27
45929,1995-04-01,,,,,,,
4593,1972-09-15,800000.0,,,2.0,1,,2001-07-21
45938,1971-07-01,,,,,,,
45940,1971-09-24,,,,,,,
45945,1979-11-30,,,,,,,
4595,1949-05-04,,,,,,,
45952,2000-12-07,,,,,,,
45958,2010-10-20,,2.5147786E7,,,,,
45961,2009-01-19,,,,,,,
45978,1941-12-08,,,,,,,
459802,2017-05-30,,,,,,,
45987,1955-09-21,,,,4.0,1,,2010-09-24
45988,2009-05-18,,,,,,,
4599,2004-05-27,5.0E7,4.9718611E7,-281389.0,,,,
45990,2004-01-30,,,,,,,
459928,2016-01-01,,,,,,,
459950,2017-07-18,,,,,,,
45996,1986-01-01,,,,,,,
46001,1981-11-19,,,,,,,
46004,2001-03-09,,,,,,,
46016,2001-09-28,,,,,,,
46026,1936-10-30,,,,,,,
46029,1996-02-14,,,,,,,
46040,2010-12-24,,,,,,,
46059,1972-01-26,,,,,,,
46067,1971-12-22,,,,,,,
46068,1945-10-05,,,,,,,
46069,1939-10-13,,,,,,,
46088,1984-04-15,,,,,,,
46096,1949-02-21,,,,,,,
46105,2010-04-10,,90275.0,,,,,
461053,2017-08-01,,,,,,,
461089,1984-01-01,,,,,,,
46111,1976-08-21,,,,,,,
46114,1977-01-01,,,,,,,
46121,2008-03-30,,,,,,,
46124,1979-04-21,,,,,,,
461257,2017-06-09,,,,,,,
4613,2003-05-17,,,,,,,
46145,1952-12-10,,,,,,,
46158,1977-11-25,,,,,,,
461634,2017-06-20,,,,,,,
46164,2006-09-03,,,,,,,
46178,2010-09-27,,,,,,,
46187,1997-08-31,,,,,,,
46195,2011-04-03,9.0E7,4.8463576E8,3.9463576E8,,,,
461955,2017-06-14,,,,,,,
46196,1951-06-01,,,,,,,
462,2000-03-17,,2.56271286E8,,,,,
462026,2017-06-23,,,,,,,
46203,1997-03-09,,,,,,,
462108,2017-06-27,,,,,,,
46212,1968-05-10,,,,,,,
46221,2011-05-19,135000.0,,,,,,
46227,1996-09-30,,,,,,,
46230,1990-10-01,,,,,,,
46240,1936-01-01,,,,,,,
4627,2008-09-07,8000000.0,,,2.6666666666666665,3,1.1547005383792515,2002-05-12
46278,1977-09-10,,,,,,,
46286,1999-10-29,,,,,,,
46315,1970-10-10,,,,,,,
46326,1938-05-18,,,,,,,
46332,2010-05-18,4000000.0,4.1424067E7,3.7424067E7,,,,
46333,2005-02-12,,,,,,,
46335,2007-03-28,,,,2.5714285714285716,7,1.0578504710249075,2015-11-12
46351,1936-12-01,,,,,,,
46359,1972-11-05,,,,,,,
46364,1981-01-23,,,,,,,
46368,2010-10-05,3000000.0,,,,,,
46375,1995-09-29,,,,,,,
4638,2007-02-14,1.2E7,8.0573774E7,6.8573774E7,2.4838709677419355,31,1.0286226305740274,2016-07-22
4639,1987-09-25,,4278150.0,,2.607142857142857,14,1.0224136493267637,2011-01-28
46391,2008-08-29,,,,,,,
46403,1994-09-23,,,,,,,
46406,2000-10-27,,,,,,,
464111,2017-07-12,,,,,,,
464207,2017-05-01,,,,,,,
46421,1956-03-01,,,,,,,
46423,2005-04-08,,,,,,,
46428,2003-08-29,,,,,,,
46431,2005-06-21,,,,,,,
46436,1997-08-25,,,,,,,
4644,2008-01-24,,,,3.5,1,,2006-07-02
46441,2010-10-18,,,,,,,
46443,1968-01-27,,,,,,,
46458,2009-12-02,,,,,,,
46469,2003-09-07,,,,,,,
46473,2008-11-19,,,,,,,
46492,1954-01-15,,,,,,,
46493,1956-11-20,,,,,,,
46494,1957-01-01,,,,,,,
46495,1968-12-26,,,,,,,
46498,1968-12-17,3000000.0,,,,,,
46503,2010-12-03,,,,,,,
46513,2007-09-15,,,,,,,
4652,1964-09-26,,,,2.5,2,2.1213203435596424,2002-12-29
46525,1956-09-07,,,,,,,
46529,2011-02-18,5.0E7,1.4449283E8,9.449283E7,,,,
46534,2009-01-01,,,,,,,
46541,2010-11-27,1.3E7,,,,,,
46548,2006-08-12,,,,,,,
46562,2010-06-17,,,,,,,
46567,1972-03-31,,,,,,,
46568,1967-08-11,,,,,,,
46572,1988-11-25,,,,,,,
46580,1957-10-23,,,,,,,
46584,2009-09-11,6400000.0,,,,,,
46586,1952-12-26,,,,,,,
46588,1968-01-01,,,,,,,
46592,1959-12-01,,,,,,,
46594,1930-04-08,,,,,,,
466,1971-06-21,2500000.0,,,3.169491525423729,59,0.9852803272179979,2016-08-17
46612,2009-02-25,,,,,,,
46614,1945-07-13,,,,,,,
46615,1958-02-12,,,,,,,
46616,1938-05-06,,,,,,,
46623,1960-12-01,,,,,,,
46626,1955-06-17,,,,,,,
46641,2009-10-14,,400654.0,,,,,
46660,2010-05-06,,,,,,,
46661,2005-04-30,,,,,,,
46665,2010-05-10,,,,,,,
46695,1989-05-02,,,,,,,
467,2001-04-20,,,,3.3333333333333335,3,1.1547005383792515,2000-11-28
46712,2007-04-02,,,,,,,
46713,2010-11-06,2300000.0,,,,,,
46729,2005-10-01,1.0,,,,,,
46737,2009-10-28,,,,,,,
46738,2010-09-04,6800000.0,7103838.0,303838.0,,,,
46741,1956-10-15,,,,,,,
46743,1986-07-25,,5099316.0,,,,,
46756,2009-10-10,,,,,,,
46757,1961-06-06,,,,,,,
46758,1912-10-15,,,,,,,
46760,2007-01-01,,,,,,,
467731,1956-02-19,,,,,,,
46774,1934-11-07,,,,,,,
46776,1968-01-01,,,,,,,
46785,1995-01-01,,,,,,,
46786,1989-08-17,,,,,,,
46788,2009-09-12,,,,,,,
468,1991-10-17,2500000.0,,,3.303030303030303,33,0.7800179679360151,2011-01-28
4680,1973-10-24,,,,2.0,1,,2001-07-23
46808,1993-06-06,,,,,,,
46812,2010-05-12,4400000.0,,,,,,
46825,2004-11-01,,,,,,,
46828,1993-01-01,2.5E7,2438031.0,-2.2561969E7,,,,
46829,2010-10-26,3.0E7,8454301.0,-2.1545699E7,,,,
46831,1999-11-20,,,,,,,
46849,2007-08-24,2500000.0,71904.0,-2428096.0,,,,
46857,2003-09-19,,,,,,,
468707,2017-07-28,1254040.0,,,,,,
46872,1951-02-02,,,,,,,
46879,2006-07-01,,,,,,,
46886,2009-04-10,,,,,,,
46889,1998-10-30,1.2E7,1.290279E7,902790.0,,,,
46915,1983-04-03,,,,,,,
46916,1965-07-10,,,,,,,
46917,1965-09-18,,,,,,,
469172,1984-08-02,,,,,,,
46923,1968-01-01,,,,,,,
46925,1982-07-16,,2.0225989E7,,,,,
46927,2008-09-12,,,,,,,
46931,2007-10-05,,,,,,,
46932,1950-10-30,,,,,,,
46941,1973-04-19,,,,,,,
46963,1982-05-20,,,,,,,
46967,2010-09-18,,,,2.75,4,1.1902380714238083,2013-06-21
46971,1985-10-18,,,,,,,
46972,1992-05-08,,,,3.0555555555555554,18,0.7253576985527025,2016-08-17
46973,1981-01-09,,,,,,,
46976,1987-07-24,,,,3.6625,40,0.8871410433348411,2016-08-17
46991,1999-09-04,,,,,,,
46993,2002-01-01,,,,,,,
470,2003-09-06,2.0E7,6.0427839E7,4.0427839E7,2.0,3,1.0,2005-03-24
47001,1958-06-27,,,,,,,
47002,1995-03-25,,,,,,,
47007,1996-01-01,,,,,,,
4701,1958-02-07,,,,3.1538461538461537,26,0.8805592628464114,2016-10-16
4703,1974-05-22,2000000.0,,,3.5,3,0.5,2008-12-10
47033,1998-08-29,,,,,,,
47034,1999-01-01,5.0,135.0,130.0,,,,
47038,1981-10-23,1000000.0,,,,,,
4704,1975-03-01,6000000.0,1500000.0,-4500000.0,3.5,3,0.5,2005-05-04
47059,2010-10-22,,,,,,,
4706,1979-04-30,,,,4.0,1,,2001-07-23
47084,2008-10-26,,,,,,,
47095,1993-06-25,,,,,,,
47096,1976-04-30,,,,,,,
47100,1996-01-01,,,,,,,
47105,1993-06-06,,,,,,,
47108,2000-10-04,,124994.0,,,,,
47110,2008-10-23,,,,,,,
47119,1995-10-31,,,,,,,
47120,2004-12-03,,,,,,,
47140,1998-01-01,,,,,,,
47144,1998-08-01,,,,,,,
47150,1969-01-01,,,,,,,
47158,1985-11-01,,,,,,,
47182,1971-04-04,,,,,,,
47190,1918-05-14,,,,,,,
47194,2009-10-10,3000000.0,,,,,,
47200,2004-01-01,,,,3.142857142857143,7,0.5563486402641867,2016-07-24
47211,1981-03-25,,,,,,,
47219,1978-01-01,,,,,,,
47226,2002-05-19,,7406.0,,,,,
4723,2006-05-15,,374743.0,,3.9,5,0.22360679774997894,2003-06-01
47231,1993-03-11,,,,,,,
47237,2002-04-18,8000000.0,,,,,,
47249,1963-12-15,,,,,,,
47252,1991-01-01,,,,,,,
47256,1951-07-05,,,,,,,
47257,1997-01-01,,,,,,,
47259,2010-08-28,,,,,,,
47263,1967-03-22,,,,,,,
47278,1995-06-13,,,,,,,
47288,1999-03-19,,1.2E7,,,,,
47292,2008-07-19,,,,,,,
47302,2000-10-13,,,,,,,
47313,1974-08-31,,,,,,,
47320,2011-10-01,,,,,,,
47324,1958-07-31,,,,,,,
47325,2009-05-09,,,,,,,
47327,2011-02-24,5.0E7,2.8931401E7,-2.1068599E7,,,,
47340,1986-08-13,,,,,,,
47342,1986-09-19,,,,,,,
47345,1984-07-12,,,,,,,
47359,1984-03-23,9000000.0,6045657.0,-2954343.0,,,,
47360,1988-01-01,,,,,,,
47363,1991-07-13,,,,,,,
47369,2006-04-09,,,,,,,
47397,1972-12-30,,,,,,,
47404,1939-12-15,,,,4.0,1,,2011-09-25
47405,2010-10-08,,,,,,,
47406,1974-06-20,,,,,,,
47412,1994-02-01,,,,,,,
47432,1991-01-01,,,,,,,
47437,2001-10-16,,,,,,,
47446,1971-09-26,,,,,,,
47452,1997-01-01,,,,,,,
47459,1970-04-24,,,,,,,
47467,2010-07-02,,,,,,,
47481,1998-06-19,,,,,,,
47488,2004-01-01,,,,,,,
47489,1983-05-12,,,,,,,
47499,2003-02-12,,,,,,,
475,1967-07-18,2500000.0,5.07E7,4.82E7,4.209677419354839,31,0.6803699183579853,2013-11-22
47501,1997-09-01,,,,,,,
47517,2003-01-08,,,,,,,
47525,2005-01-30,,,,,,,
47533,2010-10-15,,,,,,,
47535,2009-09-25,,,,,,,
47540,2005-09-02,2500000.0,,,,,,
47554,2004-11-14,,,,,,,
47570,1971-11-03,,,,,,,
47571,1929-06-28,,,,,,,
47576,1968-05-17,,,,,,,
47588,2001-02-09,,,,,,,
476,1989-09-09,2500000.0,4729352.0,2229352.0,4.0,1,,2001-06-07
47605,1977-09-23,,,,,,,
47608,1995-05-26,,1.5453274E7,,,,,
47612,1930-07-03,,,,,,,
47616,1964-12-31,,,,,,,
4762,1975-10-10,,,,,,,
47620,1991-04-05,250000.0,609524.0,359524.0,,,,
47628,1992-10-14,,,,,,,
47631,1987-04-12,,,,,,,
47638,1984-09-28,,1142944.0,,,,,
47646,1970-05-27,,,,,,,
47650,1917-01-22,,,,,,,
47653,1917-06-17,,,,,,,
47675,1953-12-01,,,,,,,
47682,1983-01-01,,,,,,,
47699,2000-01-01,,,,,,,
47717,1956-03-05,,,,,,,
47718,1991-11-20,,,,,,,
47736,1983-01-01,,,,,,,
47739,1955-10-28,,,,,,,
47745,1950-11-16,,,,,,,
47747,2011-02-02,,,,,,,
47753,2010-11-05,,,,,,,
47761,2011-01-01,,,,,,,
47763,2010-10-14,,,,,,,
47790,1963-12-02,,,,,,,
47794,1978-02-01,,,,,,,
47798,2009-01-01,,,,,,,
4781,1966-05-10,,,,,,,
47813,2009-09-05,,80.0,,,,,
47818,1988-07-21,,6264058.0,,,,,
47831,1930-05-28,,,,,,,
47841,2007-06-27,,,,,,,
47845,2009-12-10,8500000.0,,,,,,
47850,1978-10-01,,,,,,,
47851,1978-12-04,,,,,,,
4786,2008-12-19,,,,,,,
47866,1992-07-10,,1345236.0,,,,,
47868,2010-10-19,,,,,,,
47870,1988-09-01,,1192322.0,,,,,
47871,1981-08-21,2.4E7,939423.0,-2.3060577E7,,,,
47874,1984-09-28,,1.238412E7,,,,,
47876,1980-03-21,,6321392.0,,,,,
47880,2005-11-25,750000.0,1720953.0,970953.0,,,,
47881,1998-04-10,,7985929.0,,,,,
47882,1939-09-09,,,,,,,
47884,1939-06-17,,,,,,,
47886,1982-08-23,,1198346.0,,,,,
47888,1981-10-11,,1.0217873E7,,,,,
47889,1993-10-08,800000.0,1001437.0,201437.0,,,,
4789,1970-12-04,,,,5.0,1,,2004-08-31
47891,2010-10-01,,,,,,,
47892,1983-09-16,,1362303.0,,,,,
47898,1992-08-21,1.3E7,3721911.0,-9278089.0,,,,
479,2000-06-15,4.6E7,1.07196498E8,6.1196498E7,3.25,4,0.9574271077563381,2000-11-05
47901,1978-02-03,,1.6928137E7,,,,,
47907,1996-08-23,6000000.0,1.2643776E7,6643776.0,,,,
47911,2010-10-19,,,,,,,
47912,2010-07-30,,,,,,,
47924,2001-01-01,,,,,,,
47925,1959-12-01,,,,,,,
47933,2016-06-22,1.65E8,3.89681935E8,2.24681935E8,,,,
47940,1999-04-01,,,,,,,
47944,1983-02-04,,,,,,,
47945,1993-05-08,,,,,,,
47946,1984-09-28,,,,,,,
47952,2002-01-01,,,,3.0,1,,2016-05-08
47953,1999-11-24,,,,,,,
47955,1982-07-07,8000000.0,,,,,,
47956,1978-10-05,,,,,,,
47975,2005-01-01,,,,,,,
47979,2010-04-21,,,,,,,
47980,2000-10-16,,,,,,,
48009,2009-12-09,,,,,,,
48016,2010-10-19,200.0,,,,,,
48034,2010-10-20,2.5E7,4.853147E7,2.353147E7,,,,
4806,1999-07-30,,3.09457509E8,,3.75,2,0.3535533905932738,2005-04-02
4808,1963-12-05,4000000.0,1.3474588E7,9474588.0,,,,
4809,1955-11-23,,,,3.8,5,0.8366600265340756,2005-04-02
481,2005-10-14,,,,3.34375,32,0.8075999888159259,2010-05-01
48110,1962-01-01,,,,,,,
48116,2006-03-16,,,,,,,
48122,2005-12-08,,,,,,,
48127,1943-11-04,,,,,,,
48128,2006-12-21,,,,,,,
48130,2001-01-01,7500000.0,,,,,,
48131,1978-01-01,,,,,,,
48132,2010-10-22,,,,,,,
48136,1965-01-13,,,,,,,
48145,1960-10-17,,,,,,,
48153,1972-12-21,,,,,,,
48161,2010-10-01,,,,,,,
48186,2010-10-22,,,,,,,
48193,1987-01-09,,,,,,,
48207,1971-03-28,,,,,,,
48209,1961-01-01,,,,,,,
48211,1971-03-16,,,,,,,
48213,1996-01-01,,,,,,,
48216,1999-11-24,,,,,,,
48227,1977-01-01,30000.0,,,,,,
4823,1992-02-07,,2.8590665E7,,3.210526315789474,19,0.8047737686539307,2016-05-08
48232,1994-10-01,,,,,,,
4825,1955-11-03,5500000.0,,,,,,
48259,1986-12-12,,2.2905522E7,,,,,
48260,1995-08-18,,,,,,,
48263,1918-10-01,,,,,,,
48273,1994-01-01,,,,,,,
48281,2009-02-14,,,,,,,
48289,2010-04-11,,4.5636368E7,,,,,
48297,1978-11-19,,,,,,,
483,1990-05-01,9500000.0,1.4560247E7,5060247.0,2.75,4,2.0615528128088303,2002-08-21
48301,1980-08-24,,,,4.0,1,,2011-01-28
48303,2010-05-18,,,,,,,
48318,1979-01-25,,,,,,,
48329,2004-01-01,,,,,,,
48333,2005-06-18,,,,,,,
48339,2004-01-01,,,,,,,
48341,1999-01-23,,,,,,,
48345,2001-01-01,,,,,,,
48347,1997-06-02,,,,,,,
48350,1973-01-05,,,,,,,
48358,1996-10-03,,,,,,,
4836,2004-09-30,6500000.0,1.1850214E7,5350214.0,3.0,2,0.0,2002-02-02
48365,1932-11-11,,,,,,,
4837,1967-03-02,,,,2.25,2,1.7677669529663689,2004-05-26
48375,2010-10-22,,,,,,,
48376,2010-03-12,,,,,,,
48382,2003-09-12,2000000.0,1672730.0,-327270.0,,,,
48392,2010-12-25,,,,,,,
48393,2010-06-17,,,,,,,
48412,1959-11-01,,,,,,,
48414,2009-12-16,,,,3.0,1,,2012-06-12
48417,2010-08-26,4000000.0,,,,,,
48431,2005-03-09,,,,,,,
48443,1934-01-01,,,,,,,
48449,1992-10-15,,,,,,,
48451,1965-02-09,,,,,,,
48453,2007-03-15,,,,,,,
48457,1988-10-01,,,,,,,
48466,2010-10-28,,,,,,,
48492,2010-09-18,1.3E7,5.1723285E7,3.8723285E7,,,,
48495,2010-07-20,,,,,,,
48504,1985-01-01,,,,,,,
48515,1967-09-02,,,,,,,
48522,2000-01-01,,,,0.5,1,,2007-03-03
48561,1982-10-07,,,,,,,
48564,1968-05-29,,,,,,,
48584,1976-07-07,,,,,,,
48587,2006-12-12,,,,,,,
48596,2003-04-21,,,,3.0,1,,2007-10-29
48599,1964-02-28,,,,,,,
48601,2001-06-06,,,,,,,
48613,1989-01-02,,,,,,,
48615,2003-02-08,,,,,,,
48617,2000-01-01,,,,,,,
48623,1975-12-01,,,,,,,
48627,1952-01-10,,,,,,,
48635,2004-07-23,,,,,,,
48646,1952-12-01,,,,,,,
48650,2010-05-07,,,,,,,
48654,2002-01-01,,,,,,,
48661,1997-03-15,,,,,,,
48669,2010-09-22,,,,,,,
48677,1984-08-10,,,,,,,
48678,2003-09-08,,,,,,,
4868,1965-06-23,,,,,,,
48686,1987-01-09,,,,,,,
48707,1963-08-06,,,,,,,
48717,1963-01-01,,,,,,,
48730,2002-06-04,,,,,,,
48732,2004-07-04,,,,,,,
48737,2006-03-30,1.96E7,,,,,,
48742,2009-08-01,,,,,,,
48746,2009-11-13,3000000.0,,,,,,
48750,1995-03-22,,,,,,,
48751,2011-04-22,,,,,,,
48752,2010-10-08,,,,,,,
48761,2002-01-25,2600000.0,,,,,,
48764,1962-05-30,,,,,,,
48778,2003-06-04,,,,,,,
48781,1995-10-20,6400000.0,6.0,-6399994.0,,,,
48787,1995-09-28,2.0,1.0,-1.0,,,,
4879,1965-09-09,,,,,,,
48791,1994-02-23,,,,5.0,1,,2013-06-21
48797,1986-09-09,,,,,,,
48798,2010-08-16,,,,,,,
488,1951-12-03,1300000.0,1.075E7,9450000.0,3.125,4,0.8539125638299666,2012-08-05
48805,2008-01-11,,1.0743767E7,,,,,
4882,1970-07-15,,,,,,,
48834,2000-09-04,,,,,,,
48837,2011-03-04,,,,,,,
48838,2010-11-10,2.5E7,4644108.0,-2.0355892E7,,,,
48842,2001-01-01,,,,,,,
48844,2010-10-12,,,,,,,
48846,1989-01-01,,,,,,,
48847,1974-01-01,,,,,,,
4885,1987-01-01,,,,2.25,2,0.3535533905932738,2004-02-18
48852,1977-12-23,,,,,,,
48855,1975-08-12,,,,,,,
48856,2003-01-01,,,,3.5,1,,2009-10-18
48864,1990-02-23,,,,,,,
4887,2006-12-01,,,,3.0,10,0.7071067811865476,2016-07-24
48880,1985-12-17,,,,,,,
4889,1967-11-02,,,,3.642857142857143,7,0.8521681032463466,2011-01-28
48918,1992-03-05,,,,,,,
48946,2010-08-11,,,,,,,
48955,1960-10-27,,,,,,,
48958,1999-08-25,,,,,,,
4896,2004-01-28,40000.0,,,3.657142857142857,105,0.9515025711248198,2016-10-07
48962,2010-01-28,,,,,,,
48994,1947-03-01,,,,,,,
48995,1992-08-21,,3142763.0,,,,,
49013,2011-06-11,2.0E8,5.59852396E8,3.59852396E8,1.0,1,,2006-12-30
49014,2012-05-25,2.05E7,6063556.0,-1.4436444E7,,,,
49018,2010-09-13,1500000.0,9.700915E7,9.550915E7,,,,
49020,2011-03-18,,864659.0,,,,,
49036,1979-09-20,,,,,,,
49038,1987-04-01,,,,,,,
49049,2012-09-07,,4.1037742E7,,,,,
49051,2012-11-26,,1.021103568E9,,,,,
49057,2010-09-10,,,,,,,
49073,2010-08-12,,,,,,,
49074,1995-01-15,,1.5E7,,,,,
49081,2005-10-25,8000000.0,2019009.0,-5980991.0,,,,
49084,2007-06-20,,,,,,,
49092,1942-11-06,,,,,,,
49095,2008-07-31,,,,,,,
49096,1978-01-01,,,,,,,
49097,1966-01-01,,,,,,,
49098,1980-01-01,,,,,,,
49104,1996-01-01,,,,,,,
4912,2002-12-30,3.0E7,3.3013805E7,3013805.0,3.5,5,0.7905694150420949,2008-01-04
49126,1977-04-06,,,,,,,
49152,1963-01-01,,,,,,,
49167,2000-01-01,,,,,,,
49168,1988-01-01,,,,,,,
49169,2006-08-11,,,,,,,
49172,1996-04-19,,,,,,,
49184,1998-09-01,,,,,,,
49186,1969-07-26,,,,,,,
49190,2005-05-19,,6500000.0,,,,,
492,1999-09-30,1.3E7,2.2863596E7,9863596.0,3.738095238095238,21,0.9568051998584615,2016-08-17
49207,2010-04-22,,,,,,,
49218,2005-10-16,,,,,,,
49230,2008-01-19,,,,,,,
49235,1997-06-06,500000.0,10300.0,-489700.0,,,,
49237,1986-07-24,,,,,,,
4925,1989-03-24,,8125592.0,,2.0,2,1.4142135623730951,2002-02-02
49256,2005-03-18,,,,,,,
4926,1958-05-02,,,,,,,
49261,2010-11-09,,,,,,,
49264,2008-11-14,,,,,,,
49275,1901-01-01,,,,,,,
49277,1906-01-01,,,,,,,
49279,1901-01-01,,,,,,,
4928,1959-05-20,,,,4.0,3,1.0,2015-11-20
49280,1900-01-01,,,,5.0,1,,2008-12-01
4929,1968-07-31,1800000.0,6800000.0,5000000.0,2.7,5,1.396424004376894,2016-08-17
49299,1993-11-19,,,,4.0,1,,2015-07-16
493,1972-06-08,1978000.0,1.0E7,8022000.0,3.3043478260869565,23,0.8358328785053347,2010-04-03
4930,1968-09-16,,,,5.0,1,,2002-08-21
4931,1968-03-29,,,,,,,
49322,2007-12-07,,,,,,,
49334,1947-06-24,,,,,,,
4934,1968-01-24,,,,,,,
4935,2004-11-19,2.4E7,2.34710455E8,2.10710455E8,,,,
49350,2010-01-01,,,,,,,
49360,2009-02-06,,,,,,,
49361,1972-09-29,,,,,,,
49367,2005-08-19,,,,,,,
49375,1980-06-19,1.4E7,1.6656125E7,2656125.0,,,,
49379,1958-01-01,,,,,,,
49381,2010-11-08,,,,,,,
49391,2009-01-01,,,,,,,
49393,2005-04-24,,,,,,,
49397,1967-08-31,,,,,,,
49410,1991-09-10,,,,,,,
49418,1988-01-01,,,,,,,
4942,2008-03-24,5.8E7,4.1299492E7,-1.6700508E7,,,,
49429,2008-03-08,,,,,,,
4944,2008-09-05,3.7E7,1.63720069E8,1.26720069E8,,,,
49453,2000-05-15,,,,,,,
49455,1987-01-01,,,,,,,
49471,1996-10-16,2400000.0,5731103.0,3331103.0,,,,
49477,1999-06-12,,,,,,,
49483,1982-03-23,,,,,,,
4949,1967-08-01,2000000.0,,,2.0,2,0.0,2009-11-14
49491,2000-06-07,,,,,,,
49492,2009-09-25,,,,,,,
49498,1955-11-30,,,,,,,
49500,1987-08-23,,,,,,,
4951,1999-03-30,1.6E7,5.3478166E7,3.7478166E7,2.642857142857143,7,0.944911182523068,2015-06-15
49514,2000-11-17,,,,,,,
49517,2011-09-16,,,,,,,
49518,2002-01-01,,,,,,,
49521,2013-06-12,2.25E8,6.62845518E8,4.37845518E8,,,,
49522,2009-11-27,,,,,,,
49529,2012-03-07,2.6E8,2.841391E8,2.41391E7,,,,
4953,2008-01-20,,,,,,,
49530,2011-10-27,4.0E7,1.73930596E8,1.33930596E8,4.04054054054054,37,0.5187910409250955,2016-06-08
4954,1994-12-08,4.5E7,,,2.8,5,0.7582875444051551,2011-12-09
49559,1998-03-18,,,,,,,
49577,2006-06-10,,,,,,,
49580,1968-01-01,,,,,,,
496,2006-11-01,1.8E7,2.61572744E8,2.43572744E8,2.6666666666666665,3,0.5773502691896258,2000-11-21
49600,1971-09-29,1000000.0,,,,,,
4961,1997-08-22,,2.548049E7,,3.0,1,,2004-08-24
49622,1999-01-27,,,,,,,
49633,1927-01-01,2500000.0,,,,,,
49634,1972-05-16,,,,,,,
49636,1976-04-24,,,,,,,
49637,2009-04-01,,,,,,,
4964,2007-06-01,3.0E7,2.19076518E8,1.89076518E8,4.5,1,,2010-09-02
4967,2000-04-14,3.0E7,3.7036004E7,7036004.0,3.9444444444444446,9,1.2610621625351297,2011-01-29
49671,2000-01-22,,,,,,,
49672,2012-04-18,,,,,,,
4968,2003-07-22,,,,2.75,2,1.7677669529663689,2005-03-23
49683,1966-02-17,4500000.0,,,,,,
49685,2001-01-01,,,,,,,
49687,1964-12-18,,,,,,,
49688,1993-01-01,,,,4.0,1,,2008-11-12
49689,2002-10-24,,,,,,,
49695,1979-01-01,,,,,,,
49696,2002-01-01,,,,,,,
49697,1961-02-09,,,,,,,
4970,2003-11-21,4.0E7,1.41591324E8,1.01591324E8,3.7222222222222223,9,0.6666666666666667,2011-01-28
49704,2010-08-12,5532496.0,,,,,,
4972,2003-03-08,,,,3.25,2,0.3535533905932738,2005-06-04
49722,2007-11-09,,,,,,,
49725,1979-03-16,,,,,,,
4973,2000-09-11,,,,4.096,125,1.023308990638986,2016-10-16
4974,2004-09-01,,,,2.923076923076923,13,0.9540735874430285,2016-05-11
49742,1962-12-18,,,,,,,
4975,1998-09-16,,,,3.0135135135135136,37,1.2609877438302444,2016-08-17
49760,2008-11-11,,,,,,,
4977,2006-10-01,,944915.0,,3.3333333333333335,3,0.5773502691896258,2004-10-29
49781,1950-10-01,,,,,,,
49782,1966-09-12,,,,,,,
49785,2000-01-01,,,,,,,
49787,2010-05-15,,,,,,,
4979,2006-02-10,,,,3.753623188405797,69,1.038321568423959,2016-08-17
49798,1997-08-27,,,,,,,
49799,1996-12-19,,,,,,,
49803,1994-12-01,,,,,,,
49807,1997-08-24,,,,,,,
4983,1970-12-01,,,,,,,
49834,2006-12-29,,,,,,,
49835,2006-06-25,3000000.0,,,,,,
49842,1947-10-03,,152961.0,,,,,
49843,1957-12-03,,,,,,,
4985,1974-08-21,2900000.0,4.3008075E7,4.0108075E7,,,,
49852,2010-11-24,9.0E7,1.6178959E7,-7.3821041E7,,,,
49855,1987-08-28,,,,,,,
49857,2007-12-15,,,,,,,
4986,1972-07-14,,,,,,,
4988,1977-11-18,,,,3.0,1,,2002-09-24
4989,1973-01-31,,,,2.5,2,0.7071067811865476,2009-10-14
49901,2010-09-09,,,,,,,
49913,2001-09-22,,,,,,,
4992,1969-10-08,,,,2.8,10,1.1352924243950933,2015-09-28
49922,2000-03-10,,,,,,,
49934,1981-09-02,,,,,,,
49935,1996-08-21,,,,,,,
4995,1997-09-11,,4.3101594E7,,3.9517543859649122,114,0.7925797976229662,2016-10-16
49950,2011-02-04,1.6E7,4.0492759E7,2.4492759E7,,,,
49953,2010-08-03,,,,,,,
49957,2008-01-01,,,,4.5,3,0.5,2015-09-13
49958,2010-08-26,,,,,,,
49960,2012-11-14,,,,,,,
49964,1987-01-01,,,,,,,
49967,1972-08-02,,,,,,,
49978,1989-01-01,,,,,,,
4998,2007-05-21,,,,3.0,1,,2011-01-28
49980,1994-02-18,,,,,,,
49991,1981-03-13,300000.0,,,,,,
49992,1998-12-22,,,,,,,
5,1995-12-09,4000000.0,4300000.0,300000.0,3.267857142857143,56,0.9485121636939214,2016-08-17
5000,1952-05-09,,10188.0,,3.5,1,,2015-09-28
50001,1943-06-01,,,,,,,
50004,2010-03-12,,,,,,,
5001,2000-09-03,,8524534.0,,3.5,1,,2011-01-28
50010,2005-04-28,,,,,,,
50011,1959-05-28,,,,4.5,1,,2012-08-08
50023,2010-12-03,3500000.0,,,,,,
50034,1984-09-15,,,,,,,
50035,2001-08-31,250000.0,4186931.0,3936931.0,,,,
50036,2009-06-12,,,,,,,
50066,1944-10-12,,,,,,,
50070,1932-11-30,,,,,,,
50073,1933-09-22,,,,,,,
50077,2009-09-09,,,,,,,
50086,2009-05-20,,,,,,,
50090,2010-02-04,,,,,,,
501,2005-08-12,,,,4.1,15,1.137038760490223,2013-05-02
50116,1999-09-15,1.0E7,929606.0,-9070394.0,,,,
50126,2006-07-23,,,,,,,
50135,2010-10-07,,,,,,,
50161,2007-07-24,,,,,,,
50173,1960-07-30,,,,,,,
50177,1956-07-12,,,,,,,
50181,1928-12-25,,,,,,,
50182,1923-02-17,,,,,,,
50197,1968-12-16,,,,,,,
502,1964-10-07,,,,2.4375,16,1.1528949070347507,2016-08-09
50203,1988-09-23,,3790493.0,,,,,
50204,2010-10-29,,4349187.0,,,,,
50213,1991-06-19,,,,,,,
50217,2011-01-28,93.0,2500000.0,2499907.0,,,,
50225,2000-09-08,,,,,,,
50241,2006-04-05,,,,,,,
50253,2004-02-14,,,,,,,
50254,1974-11-12,,,,,,,
50271,1940-03-01,,,,,,,
50272,2010-11-12,,,,,,,
50277,1995-01-01,,,,,,,
50285,1999-09-09,,,,,,,
50288,2010-01-16,,,,,,,
50294,2010-05-19,,,,,,,
50295,1989-11-10,,,,,,,
503,2006-05-12,1.6E8,1.81674817E8,2.1674817E7,,,,
50314,2003-11-12,,,,,,,
50317,2006-06-24,126000.0,,,,,,
50321,2011-03-09,,3.8992758E7,,,,,
50327,1992-12-06,,,,,,,
50340,2009-04-09,,,,,,,
50346,1994-07-27,400000.0,,,,,,
50348,2011-03-17,4.0E7,8.5412898E7,4.5412898E7,,,,
50359,2011-03-30,6.3E7,1.83953723E8,1.20953723E8,,,,
50372,1970-10-14,,,,,,,
50387,2003-01-01,,,,,,,
5040,1966-03-10,,,,3.5,5,0.6123724356957946,2009-10-15
50400,2010-04-16,1850000.0,,,,,,
50401,1945-10-26,,,,,,,
50416,1999-11-05,,,,,,,
50441,1994-12-28,,,,,,,
50454,2009-11-10,,,,,,,
50456,2011-04-07,3.0E7,6.3782078E7,3.3782078E7,,,,
50461,2010-03-06,,,,,,,
50474,1962-02-07,,,,,,,
50479,2010-11-12,,,,,,,
5048,1991-09-05,,1750301.0,,2.3,5,0.9746794344808963,2005-09-05
505,1989-09-12,,7237794.0,,2.7142857142857144,7,0.9511897312113418,2000-11-22
50503,1991-09-29,,,,,,,
5051,1993-05-01,,,,3.25,2,1.0606601717798212,2006-07-02
5052,1964-09-02,,,,,,,
50542,2010-09-15,,,,,,,
50546,2011-02-10,8.0E7,2.14918407E8,1.34918407E8,,,,
5056,1967-02-12,,,,4.0,4,1.4142135623730951,2015-12-06
50560,1988-02-01,,,,,,,
50587,2007-07-09,2.0,,,,,,
5060,1966-05-20,,,,3.7457627118644066,59,1.1000504743746211,2016-08-17
50600,1931-06-02,,,,,,,
50618,2010-11-04,8500000.0,,,,,,
5062,1981-09-21,,,,5.0,1,,2005-09-23
50620,2012-11-13,1.2E8,8.29E8,7.09E8,,,,
5063,1982-04-14,,,,2.0,1,,2002-04-06
5064,1967-12-02,,,,3.8260869565217392,23,0.7921302643702142,2016-10-07
50641,2008-05-19,1000000.0,57.0,-999943.0,4.75,2,0.3535533905932738,2015-09-06
50646,2011-07-29,5.0E7,1.42851197E8,9.2851197E7,,,,
50647,2012-02-23,,2.4159934E7,,,,,
50652,2010-11-23,2000000.0,,,,,,
50658,2002-04-17,,,,4.375,4,0.478713553878169,2012-08-09
50669,1958-11-01,,,,,,,
5067,1962-03-20,,,,,,,
50671,2011-02-10,2.0E7,,,,,,
50673,2008-09-12,,,,,,,
50674,2010-11-13,,,,,,,
50675,1934-06-02,,,,,,,
50677,1991-07-26,,,,,,,
50687,1993-02-01,,,,,,,
50688,1971-03-01,,,,,,,
50698,2011-09-09,1000000.0,,,,,,
50699,2002-07-23,,,,,,,
5071,1997-08-10,,,,5.0,1,,2003-02-04
50714,2008-06-24,,,,,,,
50715,2010-06-04,,,,,,,
50717,1956-07-18,,,,,,,
5072,2006-05-19,,,,2.3333333333333335,3,1.755942292142123,2012-06-26
50724,2005-11-04,,,,,,,
50737,2010-12-02,,,,,,,
50758,1977-04-21,,,,,,,
50759,1962-11-18,,,,,,,
50775,1915-04-01,,,,,,,
50780,2011-02-11,2.1E7,970816.0,-2.0029184E7,,,,
50785,1963-01-25,180000.0,,,,,,
50794,2003-06-13,,,,3.5,4,0.7071067811865475,2009-10-20
50812,1984-02-10,,,,,,,
50837,2011-10-21,,3538446.0,,,,,
50838,2010-12-04,,8020.0,,,,,
50845,2010-08-25,,,,,,,
50849,1978-02-07,,,,,,,
50850,1997-05-16,,479099.0,,,,,
50861,1929-06-01,,,,,,,
50868,1927-11-20,,,,,,,
50900,2003-09-03,,,,,,,
50916,1928-11-03,,,,,,,
50926,1950-03-01,,,,,,,
50936,1992-12-19,,,,,,,
50950,1963-01-01,,,,,,,
50953,1976-06-23,,,,,,,
50977,1961-01-01,,,,,,,
51017,2011-04-22,,5.3213633E7,,,,,
51036,1990-02-16,,,,,,,
51038,1995-02-17,,,,,,,
51052,2011-02-22,,,,,,,
51071,2010-11-03,,,,,,,
51079,1929-02-01,,,,,,,
51090,2010-07-28,8000000.0,,,,,,
51129,2005-12-19,5000000.0,,,,,,
51136,1954-06-25,,,,,,,
51145,1999-09-01,,,,,,,
51166,1957-12-16,,,,,,,
51175,2005-05-03,,,,,,,
51179,2000-05-05,,,,,,,
512,2006-07-27,4000000.0,3.1584901E7,2.7584901E7,3.5,2,0.7071067811865476,2000-11-20
51212,1974-10-09,,,,,,,
51215,2001-07-19,,,,,,,
51216,1998-06-19,,,,,,,
51227,1954-08-07,,,,,,,
51245,2011-10-08,,,,,,,
51259,1983-01-25,,,,,,,
51263,1926-11-19,,,,,,,
51267,2010-06-06,2200000.0,,,,,,
51270,2009-01-01,1200000.0,,,,,,
51276,2010-06-06,,,,,,,
51298,2002-11-05,,,,,,,
51302,1972-01-01,,,,,,,
51311,2003-10-30,,,,,,,
51321,1988-04-22,8000000.0,1893139.0,-6106861.0,,,,
51330,1985-11-06,,,,,,,
51349,2003-03-19,,,,,,,
51362,1921-10-26,,,,,,,
51364,1922-08-28,,,,,,,
51366,1922-10-01,,,,,,,
51367,1923-03-01,,,,,,,
5137,2004-09-17,,5.7958696E7,,4.5,2,0.0,2008-04-24
51374,1934-05-25,,,,,,,
51393,2009-11-19,,,,,,,
51406,1952-01-01,,,,,,,
51411,1950-01-04,,,,,,,
51413,2009-05-14,,,,,,,
51424,1977-06-01,,,,,,,
51429,1973-06-06,,,,,,,
51434,1990-03-08,,1305887.0,,,,,
51438,2001-10-05,,,,,,,
5145,2005-09-02,,,,,,,
51450,2010-11-24,,,,,,,
51452,2002-03-17,,,,,,,
51476,1947-03-15,,,,,,,
51497,2011-04-20,1.25E8,6.26137675E8,5.01137675E8,,,,
51511,2010-05-12,,,,,,,
51533,2010-12-16,,,,,,,
51540,2011-07-08,3.5E7,1.17E8,8.2E7,3.925,20,0.6934847169416057,2016-06-27
51548,2010-08-19,,,,,,,
51549,2008-06-07,,,,,,,
5156,1948-11-24,133000.0,361712.0,228712.0,,,,
51560,1976-07-29,,,,,,,
51572,1953-01-01,,,,,,,
51576,1994-10-08,,,,,,,
51578,1967-09-01,,,,,,,
51590,2010-03-01,,,,,,,
51594,1985-10-26,,,,,,,
51619,1952-12-21,,,,,,,
51675,2007-01-01,,,,,,,
51681,1980-09-30,,,,,,,
51722,2001-09-19,,,,,,,
51736,2010-06-23,,,,,,,
51759,1929-11-19,,,,,,,
5178,2009-09-11,3800000.0,,,,,,
51786,2004-10-21,,,,,,,
51787,1940-01-29,,,,,,,
5179,1969-02-24,,,,3.0,2,2.8284271247461903,2015-07-16
51791,1943-10-01,,,,,,,
51824,2000-02-21,,,,,,,
51828,2011-03-02,,5.9389433E7,,,,,
5183,1972-12-12,,,,,,,
51848,2009-12-13,,,,,,,
51853,2010-01-20,,,,,,,
51856,1967-07-24,,,,,,,
51857,1975-01-26,,,,,,,
51863,1964-05-05,,,,,,,
51865,2003-08-27,,,,,,,
5187,1993-04-30,,,,4.0,3,0.0,2002-07-11
51871,2008-09-10,,,,,,,
51876,2011-03-08,,1.61849455E8,,,,,
51880,2009-11-15,,,,,,,
51890,2003-07-19,,,,,,,
51912,1959-06-06,,,,,,,
51927,2002-09-09,,97000.0,,3.0,1,,2010-05-11
51929,1987-08-01,,,,,,,
51935,2009-11-20,2500000.0,,,4.214285714285714,7,0.809173593712687,2016-05-08
51939,2002-11-22,,,,2.0,1,,2015-11-18
51945,2003-12-03,,,,,,,
51946,2008-07-23,,,,,,,
51947,1959-06-24,,,,,,,
51953,2001-01-26,,,,,,,
51962,2010-06-03,,,,,,,
51971,2009-09-19,,,,,,,
51991,2010-12-22,,,,,,,
51994,2011-09-11,,1126525.0,,,,,
51995,2011-07-15,8000000.0,,,,,,
52013,2010-03-12,,58.0,,,,,
52015,2010-09-30,650000.0,33245.0,-616755.0,,,,
52022,1998-12-08,,,,,,,
5203,1989-12-22,7000000.0,,,4.0,1,,2002-03-17
52036,2003-09-10,,2281585.0,,,,,
52039,2009-01-01,,,,,,,
5204,2003-11-20,500000.0,,,,,,
52044,2010-02-09,,,,,,,
52045,2010-12-22,,,,,,,
52049,2000-09-01,,,,,,,
5205,1977-01-18,1000000.0,,,3.5,1,,2015-12-01
52059,1995-01-01,,,,,,,
52060,2010-12-12,,,,,,,
52067,2011-02-11,,6861102.0,,,,,
52073,2007-08-22,,,,,,,
52077,2010-12-15,,,,,,,
52083,1982-11-02,,7241180.0,,,,,
521,1954-05-29,1400000.0,3000000.0,1600000.0,3.6,10,1.1737877907772674,2000-11-22
52106,1989-06-06,,,,,,,
52117,1986-05-05,,,,,,,
52122,1965-07-01,,,,,,,
52150,2007-04-13,,,,,,,
52199,1957-06-01,,,,,,,
52203,1960-02-02,,,,,,,
52204,1958-09-01,,,,,,,
52208,2010-09-24,,,,,,,
52225,2010-10-28,,,,,,,
52229,1937-05-29,,,,,,,
52251,2004-07-25,,,,,,,
52258,2001-01-01,,,,,,,
52263,1996-10-02,,,,,,,
52264,2010-12-13,,309973.0,,,,,
52273,2001-05-12,,,,,,,
52277,2001-10-20,,,,,,,
52278,1948-08-24,,,,,,,
5228,1976-04-23,,2.4854765E7,,,,,
52280,1933-03-03,,,,,,,
52286,1988-10-05,,,,,,,
523,2006-03-02,,,,3.3333333333333335,6,1.632993161855452,2001-04-08
52304,1990-05-06,,,,,,,
52311,2006-11-26,,,,,,,
52318,1985-01-01,,,,,,,
52320,2010-11-12,,,,,,,
52333,2010-05-10,,,,,,,
52350,2010-01-02,,,,,,,
52358,1936-07-20,,,,,,,
52364,1950-07-07,,,,,,,
52395,1990-07-15,,,,,,,
524,1995-11-22,,1.16112375E8,,3.5555555555555554,36,0.9839989676081821,2012-03-10
52406,2009-05-26,412000.0,,,,,,
52415,2008-10-16,,,,,,,
52416,2006-08-03,,,,,,,
52418,2008-03-20,,,,,,,
52429,1936-11-12,,,,,,,
52432,1937-07-21,,,,,,,
52441,2010-02-18,,,,,,,
52445,2007-03-22,,1275162.0,,,,,
52452,2006-09-19,4300000.0,,,,,,
52458,1989-11-13,,,,3.65,10,0.579750904364203,2016-05-08
52472,1996-01-08,,,,,,,
52474,2010-11-10,,,,,,,
52475,2010-10-14,,,,,,,
52477,1999-01-28,,,,,,,
52480,1966-10-26,,,,,,,
52488,1989-01-07,,,,,,,
525,1980-06-17,2.7E7,1.1522989E8,8.822989E7,,,,
52528,1984-03-29,,,,4.0,1,,2011-06-04
52538,2004-04-21,,,,,,,
52555,1975-11-26,,,,,,,
52557,1983-03-23,,,,,,,
5256,2003-03-26,,,,2.0,1,,2002-03-31
52560,1990-08-03,,,,,,,
52561,1935-02-22,,,,,,,
5257,2000-07-11,,,,,,,
52587,2010-10-28,,,,,,,
52589,2005-01-15,,,,,,,
52605,2010-09-24,,,,,,,
5261,2001-11-01,,,,,,,
52615,2006-02-27,,,,,,,
52623,2007-01-01,,1.0,,,,,
52627,1993-04-19,,,,,,,
52628,2009-11-18,,,,,,,
52629,2010-09-03,,,,,,,
52653,2014-04-04,,149337.0,,,,,
52655,2001-11-17,,,,,,,
52661,1974-08-29,,,,,,,
52677,1936-01-24,,,,,,,
52685,2007-02-15,,,,,,,
52696,2010-12-10,,,,,,,
527,1994-09-02,,2201126.0,,4.30327868852459,244,0.8820509607283071,2016-10-07
52702,1982-08-26,,,,,,,
52705,1963-05-31,,,,,,,
52734,1984-06-29,,,,,,,
52744,1984-11-21,,1.1129057E7,,,,,
52748,1931-02-26,,,,,,,
52775,1958-10-04,,,,,,,
52779,1958-01-01,,,,,,,
52794,1989-01-18,,,,,,,
52796,2004-01-29,,,,,,,
52799,2009-09-23,,,,,,,
52805,2000-08-07,,,,,,,
52808,1976-10-10,,,,,,,
52809,1978-08-17,,,,,,,
52837,1983-01-01,500000.0,,,,,,
52844,1947-04-19,,,,,,,
52846,1942-02-17,,,,,,,
52848,1950-11-25,,,,,,,
52850,2010-12-30,,,,,,,
52853,1942-04-01,,,,,,,
52857,1955-04-19,,,,,,,
52859,1940-11-11,,,,,,,
5289,2005-01-17,2.0E7,10289.0,-1.9989711E7,,,,
52912,1977-10-01,,,,,,,
52914,1976-10-29,,,,,,,
52916,1969-09-16,,,,,,,
52920,1978-12-08,,,,,,,
52936,1992-10-23,,256249.0,,,,,
52939,2010-12-29,3000000.0,1.9010585E7,1.6010585E7,,,,
52947,2005-10-10,,,,,,,
52949,1970-01-01,,,,,,,
52954,1952-09-20,,,,,,,
52960,1974-07-11,,,,,,,
52991,1952-04-08,,,,,,,
52996,1995-11-24,,,,,,,
52999,2002-08-28,,,,,,,
53000,2001-08-23,,,,3.4285714285714284,14,0.780954614488006,2016-07-29
53010,2011-01-05,,,,,,,
53023,1965-02-10,,,,,,,
53035,2010-06-28,2500000.0,,,,,,
53042,2005-05-16,,,,,,,
53048,2001-03-10,,,,,,,
53049,1992-09-18,,799674.0,,,,,
53074,1981-01-01,,,,,,,
53080,2009-07-25,3000000.0,,,,,,
53085,2006-04-06,,,,,,,
53086,2007-02-21,,,,,,,
53113,1998-09-18,,,,,,,
53116,1999-01-22,,,,,,,
53117,1998-07-16,,,,,,,
53119,1998-03-30,,100544.0,,,,,
53129,2005-02-22,,,,4.0,5,0.6123724356957946,2014-08-23
53144,1946-12-15,,,,,,,
53156,1956-09-12,,,,,,,
53161,1928-11-11,,,,,,,
53168,1999-02-13,,,,,,,
53187,1958-04-01,,,,,,,
53191,2007-03-11,,,,,,,
53200,1992-02-21,,,,,,,
53204,2007-09-14,,,,,,,
53206,1978-01-01,,,,,,,
53215,2006-01-01,,,,,,,
53217,1957-07-06,,,,,,,
53219,1938-05-06,,,,,,,
53223,1977-01-01,,,,,,,
53229,1962-10-16,,,,,,,
53230,1925-08-26,592.0,1.0,-591.0,,,,
53232,1931-06-13,,,,,,,
53256,2010-12-23,,2611555.0,,,,,
53283,2010-10-01,,,,,,,
53290,2009-09-15,,,,,,,
53296,2005-10-21,,,,,,,
53301,2004-09-24,,,,,,,
53319,2011-01-05,6000000.0,,,,,,
53328,2011-06-03,,90425.0,,,,,
53342,1984-11-11,,,,,,,
53354,2010-03-21,,,,,,,
53358,2010-10-01,,,,,,,
53364,2010-11-11,,,,,,,
53380,1998-01-18,,39842.0,,,,,
53385,1914-06-11,,,,,,,
53389,2010-09-01,,,,,,,
53392,1914-08-31,,,,,,,
53399,2010-09-10,,,,,,,
534,2009-05-20,2.0E8,3.71353001E8,1.71353001E8,4.2,25,0.6454972243679027,2000-12-10
53404,2010-08-09,,,,,,,
53405,1915-03-18,,,,,,,
53410,1915-08-09,,,,,,,
53412,1915-11-20,,,,,,,
53413,2010-12-29,,,,,,,
53419,1916-11-13,,,,,,,
53420,1917-04-16,,,,,,,
53423,1918-08-20,,,,,,,
53430,1923-02-26,,,,,,,
53437,2011-01-25,,,,,,,
53441,1955-08-25,,,,,,,
53445,2009-05-17,,,,,,,
53446,1946-10-15,,,,,,,
53457,2010-09-16,1.0E7,1.7511906E7,7511906.0,,,,
53463,2007-02-27,,,,,,,
53487,2011-10-01,2.5E7,1.1790979E7,-1.3209021E7,,,,
535,1983-04-14,4000000.0,9.2921203E7,8.8921203E7,3.8846153846153846,26,0.9198662110077999,2011-01-28
53514,2010-09-16,,,,,,,
53519,1920-07-11,,,,3.6153846153846154,13,0.6817210498023292,2016-08-17
53522,1932-09-23,,,,,,,
53524,1989-04-29,,,,,,,
53544,2007-06-15,,,,,,,
53554,2000-10-03,,,,,,,
53565,1928-11-18,,,,,,,
53571,1931-02-28,,,,,,,
53573,1931-09-26,,,,,,,
53598,1940-10-11,,,,,,,
53619,1965-08-18,,,,,,,
53622,1934-05-15,,,,,,,
53623,1966-04-20,,,,,,,
53624,1935-04-21,,,,,,,
53651,1952-11-15,,,,,,,
53685,1998-08-07,,,,,,,
53693,1991-10-04,,,,,,,
537,2005-10-12,,,,3.05,10,1.2572014777097404,2004-02-15
53714,1951-11-20,,,,,,,
53729,2009-02-07,3500000.0,,,,,,
53734,2003-01-21,,,,,,,
53743,2008-09-26,,,,,,,
53759,1910-03-24,,,,,,,
53767,1959-02-01,,,,,,,
53792,1933-12-25,,,,,,,
53805,2007-10-05,,,,,,,
53830,1934-12-05,,,,,,,
53834,1948-08-11,,,,,,,
53853,1937-07-02,,,,,,,
53860,1935-10-25,,,,,,,
53861,2010-01-06,,,,,,,
53862,1999-05-12,,9016377.0,,,,,
53864,1934-11-09,,,,,,,
53896,1991-11-22,,135893.0,,,,,
53898,1971-10-01,,,,,,,
539,1960-06-16,,3.2E7,,3.428,125,0.9107423416659765,2016-05-11
53905,2006-01-24,2500000.0,,,,,,
53914,1983-02-02,,,,,,,
53945,1999-01-03,,,,,,,
53949,1957-06-01,,,,,,,
53957,2009-03-13,,,,,,,
53975,2008-09-19,,,,,,,
53985,2009-10-28,,,,,,,
53999,2010-10-22,,,,2.5,1,,2007-12-10
54001,1974-01-01,,,,3.75,38,0.8032871655082449,2016-06-27
54007,1997-01-16,,7.0,,,,,
54008,1974-02-01,,,,,,,
54013,1979-03-22,800000.0,,,,,,
54040,2006-07-12,,,,,,,
54045,2002-10-22,,,,,,,
54064,2006-11-15,,,,,,,
54087,1992-09-23,4.3E7,1.33E7,-2.97E7,,,,
54093,2011-04-01,,,,,,,
541,1955-12-14,,,,4.037671232876712,146,0.8571919200030237,2016-06-27
54102,2008-07-13,,,,,,,
54117,2002-07-09,,2425000.0,,,,,
5413,2004-05-22,,,,0.5,1,,2009-12-02
54133,1981-01-01,,,,,,,
54142,2010-09-26,,,,,,,
54144,2010-05-28,1000000.0,,,,,,
54154,1970-09-09,,,,,,,
54155,2010-07-06,,,,,,,
54156,1983-12-11,,,,,,,
54164,1972-09-28,,,,,,,
54191,1991-04-21,,,,,,,
54195,1966-05-01,,,,,,,
54198,1921-12-01,,,,,,,
5421,1981-10-11,,,,3.5,3,0.0,2016-02-15
54220,1992-01-01,,,,4.0,1,,2010-02-11
54236,1974-04-28,,,,,,,
5425,1979-11-15,,,,2.0,1,,2002-06-09
54254,2008-10-01,,115605.0,,,,,
54256,1983-04-23,,,,4.0,2,1.4142135623730951,2016-06-27
54271,2011-01-17,1.7E7,,,,,,
54274,1965-09-18,,,,,,,
54275,1965-12-24,,,,,,,
54276,1966-08-13,,,,3.6666666666666665,3,0.5773502691896258,2016-06-18
54280,1968-08-10,,,,,,,
54281,1968-12-28,,,,4.125,4,0.6291528696058959,2012-01-19
54283,1970-08-12,,,,,,,
54288,1943-03-21,,,,,,,
54291,1997-08-27,,,,,,,
543,1929-06-30,,,,3.3461538461538463,52,0.8830565319459268,2016-08-17
54306,1972-09-02,,,,,,,
54309,2007-02-14,,,,,,,
54312,2009-12-21,,,,,,,
54325,2007-06-03,,,,,,,
5434,1973-01-11,,,,3.5,2,0.0,2011-01-28
54354,2003-03-14,,,,,,,
54358,2011-08-01,,,,,,,
54380,2000-04-21,6105121.0,,,,,,
54384,2008-08-21,,,,,,,
54392,1950-01-19,,,,,,,
54398,2009-11-01,,,,,,,
544,1998-07-15,2.3E7,3.69884651E8,3.46884651E8,2.611111111111111,9,1.1118053386771944,2005-04-24
54400,1991-10-21,,,,,,,
54406,2003-12-26,,,,,,,
54407,1985-10-04,3400000.0,660537.0,-2739463.0,,,,
54421,1996-12-07,,,,,,,
54471,1996-10-09,,,,,,,
54484,2010-11-13,,,,,,,
54487,2010-01-26,,,,,,,
54503,1979-01-01,,,,3.7386363636363638,44,0.7662096103671809,2016-08-17
54506,2005-01-27,,,,,,,
54514,1998-04-06,,,,,,,
54518,2011-02-11,,9.8441954E7,,,,,
54524,2010-02-14,3900000.0,208475.0,-3691525.0,,,,
54539,1924-12-12,,,,,,,
54544,2001-02-28,,,,,,,
54546,2005-01-01,,,,,,,
54548,2009-11-03,,,,,,,
54555,2005-03-17,,,,,,,
54558,2006-03-30,,,,,,,
54559,2010-12-13,,,,,,,
54560,1988-09-23,,,,,,,
54566,1966-08-26,,,,,,,
54569,1936-03-18,,,,,,,
54575,1968-09-01,,,,,,,
5458,2000-11-09,,,,1.0,2,0.0,2002-09-30
54580,2002-09-27,,146402.0,,,,,
54597,2011-04-25,,,,,,,
54602,2010-01-25,,14944.0,,,,,
54613,1976-04-01,,,,,,,
54627,2000-08-12,,,,,,,
54635,1941-08-29,,,,,,,
54648,1995-04-11,2.8E7,3983912.0,-2.4016088E7,2.3333333333333335,3,0.7637626158259734,2016-05-08
54658,1984-05-31,,,,,,,
54660,1981-10-02,,,,,,,
54662,2011-02-15,1000000.0,,,,,,
54677,2010-10-05,,,,,,,
54692,2010-10-12,,,,,,,
54699,2007-02-12,,,,,,,
54700,2010-08-04,,,,,,,
5471,2005-09-14,,92076.0,,3.0,1,,2002-07-19
54714,2002-09-29,,,,,,,
54720,2008-10-01,,,,,,,
5473,2004-09-02,,,,5.0,1,,2012-08-05
54731,2010-04-27,,,,,,,
54734,2009-10-20,,,,4.5,1,,2012-02-22
54746,2010-09-14,,,,,,,
54752,1984-10-26,,,,,,,
54759,2002-10-11,,,,,,,
54770,2010-03-13,,,,,,,
54773,1935-01-25,,,,,,,
54782,2001-04-24,,,,,,,
54794,2002-08-20,,,,,,,
548,1950-12-26,250000.0,96568.0,-153432.0,3.0,9,1.118033988749895,2005-04-24
54800,1998-07-13,,,,,,,
54801,1967-05-01,,,,,,,
54803,1982-03-26,,,,,,,
54804,1994-07-08,,,,,,,
54814,1993-07-05,,,,,,,
5482,1974-01-01,,,,,,,
54838,1997-01-10,,,,,,,
54845,1993-01-09,,,,,,,
54850,1996-04-12,500000.0,,,,,,
54861,1973-12-31,,,,,,,
54880,1959-11-26,,,,,,,
54893,2007-06-15,,,,,,,
54894,2005-01-01,,,,,,,
549,1996-08-09,2962051.0,3011195.0,49144.0,4.125,12,0.8822749519900759,2011-06-04
5491,2000-05-10,4.4E7,2.14E7,-2.26E7,,,,
54910,2006-12-08,,,,0.5,1,,2011-02-13
54911,2008-03-07,400000.0,5255.0,-394745.0,,,,
54919,1969-06-25,,,,,,,
54940,1998-08-26,,,,,,,
54966,1972-09-10,,,,,,,
54968,1999-02-17,,,,,,,
54979,1954-08-05,350000.0,,,,,,
54986,2000-01-29,,,,,,,
55008,2009-06-01,,,,,,,
55018,2002-10-23,,,,,,,
5503,1993-08-06,,3.6887576E8,,1.0,1,,2002-09-08
55032,1972-01-15,,,,,,,
55033,1992-01-25,,,,,,,
55044,1972-01-14,,,,,,,
55047,2003-01-19,,,,,,,
55059,1989-05-04,,,,,,,
55061,2010-05-17,,693181.0,,,,,
55066,1998-09-18,,,,,,,
55086,1943-11-28,,,,,,,
55106,1972-07-06,,,,,,,
55123,1999-11-28,,1281176.0,,,,,
55125,2005-11-03,,,,,,,
55134,2005-03-25,,,,,,,
55135,2004-03-25,,,,,,,
55149,1989-03-22,500000.0,,,,,,
55150,1964-10-14,,,,,,,
55152,1969-06-11,175000.0,,,,,,
5516,2004-03-25,,,,1.0,1,,2002-09-08
55166,2000-03-03,,,,,,,
55167,1969-10-03,,,,2.375,4,2.25,2015-11-13
55177,2004-07-16,,,,,,,
55184,1947-03-21,,,,,,,
5519,1971-03-27,,,,,,,
55190,2011-01-25,17000.0,,,,,,
55192,1957-04-30,,,,,,,
55194,2010-05-25,,,,,,,
55208,2009-12-09,,,,,,,
5521,2001-01-01,,,,0.5,1,,2007-12-28
55222,2002-11-22,,,,,,,
55229,2009-06-21,,,,,,,
55230,2009-12-30,,,,,,,
55240,1944-01-01,,,,,,,
55256,2001-09-14,,,,,,,
55261,1995-12-15,,,,2.25,2,1.7677669529663689,2014-02-03
55283,2010-02-19,,1458709.0,,,,,
55292,2011-01-20,,3.3662874E7,,,,,
55308,1947-07-15,,,,,,,
55309,1990-12-02,,,,,,,
55317,1968-09-06,,,,,,,
55321,1980-11-17,,,,,,,
55322,2010-10-26,,,,,,,
55325,1992-09-07,,,,,,,
55327,2007-01-01,,,,,,,
55347,2010-09-11,3200000.0,5332926.0,2132926.0,,,,
55370,1967-02-22,,,,,,,
55376,2008-10-17,,,,,,,
554,2002-01-01,,,,3.0,2,0.0,2000-04-26
55412,1967-12-01,,,,,,,
55435,2010-10-29,,,,,,,
55438,2011-03-25,,,,,,,
5546,1995-10-08,,,,,,,
55465,2011-11-04,1.9E7,3.5387212E7,1.6387212E7,,,,
55470,2006-06-24,,,,,,,
55475,1995-08-16,,,,,,,
5550,1993-04-17,,1.069621E7,,,,,
55500,1993-04-30,400000.0,,,,,,
5551,2000-07-31,6.5E7,1.28884132E8,6.3884132E7,,,,
55520,1988-02-26,,,,,,,
55522,2009-04-03,,,,,,,
55524,1949-04-08,,,,,,,
55529,2007-05-15,,,,,,,
55531,1951-04-06,,,,,,,
55534,2003-12-28,,,,,,,
55551,2000-05-13,,,,,,,
55561,1997-01-01,,,,,,,
55563,1994-12-28,,,,,,,
55567,2010-07-16,,531826.0,,,,,
55576,1997-01-19,,,,,,,
55587,1924-01-01,,,,,,,
55589,1925-10-05,,,,,,,
55602,1939-11-06,,,,,,,
55603,1948-08-29,,,,,,,
55608,2008-09-11,,,,,,,
55615,1991-03-21,,,,,,,
55616,2002-02-28,1596010.0,,,,,,
55624,1971-06-04,,,,,,,
55638,2009-11-07,,,,,,,
55648,1921-04-14,,,,,,,
55650,2003-12-01,,,,,,,
55651,2009-01-01,,,,,,,
55676,1995-05-21,,,,,,,
55687,1996-11-29,,,,3.0,1,,2011-01-28
55694,1992-09-15,,,,,,,
55699,1989-01-13,,,,,,,
55700,1997-01-01,,,,,,,
55715,2008-01-24,,,,,,,
55720,2011-06-24,1.0E7,1759252.0,-8240748.0,,,,
55721,2011-04-28,,2.88383523E8,,3.875,8,0.6943650748294136,2015-11-12
55727,1984-05-18,,,,,,,
55730,1992-10-26,,,,,,,
55733,2001-02-18,,,,,,,
55748,2004-08-20,,,,,,,
55756,1990-11-02,,,,,,,
55758,2010-10-14,,,,,,,
55759,1997-08-15,,,,,,,
55761,1992-10-09,,,,,,,
55767,2007-11-29,,,,,,,
55769,2009-10-28,,,,,,,
55784,1976-05-21,750000.0,,,,,,
55792,1980-02-01,,,,,,,
558,2004-06-25,2.0E8,7.83766341E8,5.83766341E8,2.6666666666666665,9,1.224744871391589,2003-04-07
55825,2007-06-17,,,,,,,
55831,2005-08-05,,,,,,,
55836,1969-08-27,,,,,,,
55847,1971-01-01,,,,,,,
55848,1974-09-26,,,,,,,
55852,2001-01-25,,,,,,,
55861,2011-01-28,,,,,,,
55872,1945-04-29,,,,3.0,2,0.7071067811865476,2011-12-26
55873,1946-01-01,,,,,,,
55884,2010-07-10,,,,,,,
55895,2010-04-24,,,,3.5,1,,2008-12-03
559,2007-05-01,2.58E8,8.90871626E8,6.32871626E8,5.0,1,,1998-06-18
5590,1970-12-20,,,,,,,
55903,2001-09-01,,,,,,,
5592,2007-08-08,,,,,,,
55931,2003-05-09,5000000.0,,,,,,
55934,2010-03-13,,,,,,,
5595,2007-10-07,,,,,,,
55956,2008-06-07,,,,,,,
55971,1999-05-14,,,,,,,
55989,1998-06-10,,,,,,,
560,1948-01-01,,,,,,,
5602,1975-02-26,,,,3.875,4,0.47871355387816905,2011-01-28
56036,2010-09-23,,,,,,,
56068,1956-04-12,,,,,,,
56077,1998-10-30,,,,,,,
56078,1984-05-06,,,,,,,
56085,2001-01-09,,,,,,,
56095,1977-06-29,,,,3.0,1,,2011-12-04
56109,2008-07-04,2000000.0,,,,,,
56113,2010-08-06,,,,,,,
56133,1964-01-01,,,,,,,
56137,1945-11-16,,,,,,,
56147,1960-08-19,,,,,,,
56150,1973-10-23,,,,,,,
56151,1941-01-01,,,,,,,
56157,1956-01-01,,,,,,,
56162,1989-01-01,,,,,,,
56171,2011-01-29,,,,3.2,5,0.8366600265340756,2016-05-07
56178,1930-01-01,,,,,,,
56188,1957-05-30,,,,,,,
56195,1998-02-06,,,,,,,
56214,2005-10-23,,,,,,,
56224,2004-05-16,,,,,,,
56255,2005-10-28,,,,,,,
56256,2001-06-01,,,,,,,
56259,1971-11-19,,,,,,,
56263,2009-12-30,,,,,,,
56268,1960-10-05,,,,,,,
56271,2009-02-10,,,,,,,
56275,2010-07-01,,,,,,,
56288,2011-08-18,2.7E7,8.556431E7,5.856431E7,,,,
56290,1954-05-18,,,,,,,
56294,2005-07-15,,,,,,,
56295,2007-11-22,,,,,,,
56296,2010-06-01,25000.0,,,,,,
56314,2001-04-27,,,,,,,
56332,1996-01-01,,,,,,,
56338,2011-02-18,,,,,,,
56339,2011-01-21,,,,3.875,4,1.030776406404415,2015-06-10
56341,1972-10-08,,,,,,,
56344,2004-02-14,,,,,,,
56350,2003-07-05,,,,,,,
56364,1973-09-08,,,,,,,
56372,2005-03-05,3500000.0,8262833.0,4762833.0,,,,
56379,1977-10-27,,,,,,,
56386,1976-11-16,,,,,,,
56400,2009-04-17,,,,,,,
56402,1953-12-22,,,,,,,
56405,2010-10-27,,,,,,,
56412,2002-11-02,,,,,,,
56413,2003-11-16,,,,,,,
56415,2011-11-10,,,,,,,
56418,2011-11-02,,,,,,,
56419,2000-01-01,,,,,,,
56428,1994-04-22,,,,,,,
56429,1979-06-01,,,,,,,
56431,1965-05-12,,,,,,,
56441,2011-04-08,,,,,,,
56482,2002-02-22,,,,,,,
56489,1995-10-03,,,,,,,
565,2002-10-18,,2.49348933E8,,4.5,2,0.7071067811865476,2002-08-21
5651,1976-10-01,,,,3.0,3,0.5,2008-01-06
56516,1913-11-28,,,,,,,
56525,2007-10-18,6000000.0,1.11719E7,5171900.0,,,,
56527,2004-03-01,,,,,,,
5653,2003-10-29,,,,,,,
56539,1975-12-25,,,,,,,
5654,2007-10-19,,,,,,,
56544,1958-09-17,,,,,,,
56551,1992-01-31,,,,,,,
56554,2010-10-31,,,,,,,
56558,1941-12-25,,,,,,,
56601,2010-04-01,1.25E7,3878993.0,-8621007.0,,,,
56623,2010-01-29,,,,,,,
56624,2010-07-28,,,,,,,
56647,2011-02-04,,,,,,,
56648,1976-12-08,,,,,,,
56655,2004-03-19,,,,,,,
56663,2010-09-01,,,,,,,
56666,2000-09-08,1000000.0,623791.0,-376209.0,,,,
56669,1989-05-13,,,,,,,
56672,2010-12-05,,,,,,,
56685,2009-01-01,,,,,,,
56691,1959-10-08,,,,,,,
56702,1966-07-01,,,,,,,
56705,1986-05-21,,,,,,,
56718,1972-06-28,,,,,,,
56724,1932-06-24,,,,,,,
56746,2002-09-06,,,,,,,
56759,1998-09-18,,,,,,,
56761,2011-02-07,,,,,,,
56766,2004-09-06,,,,,,,
5677,1984-11-07,400000.0,,,3.0,1,,2003-04-07
56771,2009-11-15,,,,,,,
56778,2002-01-01,,,,,,,
56784,1983-03-10,,,,,,,
56798,2001-05-11,,,,,,,
568,1995-06-30,5.2E7,3.55237933E8,3.03237933E8,3.5,2,0.7071067811865476,1999-10-09
56801,1916-12-16,,,,1.875,4,0.9464847243000456,2016-05-07
56804,1995-12-15,,,,,,,
56810,2008-01-01,,,,,,,
56812,2010-12-17,,3218666.0,,,,,
56820,2008-06-26,,,,,,,
56822,2009-07-03,,,,,,,
5683,1985-07-26,6000000.0,4.0940662E7,3.4940662E7,,,,
56830,1996-12-10,,,,,,,
56831,2011-02-12,,,,,,,
56832,2011-01-26,,,,,,,
56858,1970-08-24,,,,,,,
5686,1983-04-21,,,,3.6,5,0.8215838362577492,2016-07-17
56860,2007-11-02,,,,,,,
56901,2011-02-04,,,,,,,
56919,2011-01-01,,,,,,,
56927,1984-07-13,,,,,,,
56928,2010-06-04,5000000.0,31649.0,-4968351.0,,,,
56929,2011-04-26,250000.0,,,,,,
56934,2001-06-08,,,,,,,
56937,2010-10-15,,,,,,,
56948,2008-09-02,1800000.0,,,,,,
56965,2011-02-15,1150000.0,,,,,,
56969,2003-08-15,1.0,2.0,1.0,,,,
56971,2009-03-27,,,,,,,
56974,2008-01-11,,,,,,,
56975,1991-12-20,,,,,,,
56986,2010-10-07,,,,,,,
56991,2011-02-11,,,,,,,
56994,2005-11-11,,,,,,,
570,2001-03-07,,,,,,,
57008,2010-02-05,,,,,,,
57011,2010-07-03,,,,,,,
57012,2002-04-28,,,,,,,
57052,2007-10-19,,,,,,,
57089,2011-04-29,3.0E7,1.3521829E7,-1.6478171E7,,,,
57100,2002-10-17,,,,,,,
57103,1959-10-09,,,,,,,
57106,2009-08-01,,,,,,,
57110,1991-04-05,,,,,,,
57112,2004-12-15,,,,,,,
57118,2011-04-01,,,,,,,
57119,2011-05-06,6600000.0,3.771061E7,3.111061E7,,,,
57130,1996-06-19,,,,,,,
57144,1964-02-25,,,,,,,
57157,2011-12-16,1.2E7,2.2939027E7,1.0939027E7,,,,
57158,2013-12-11,2.5E8,9.584E8,7.084E8,,,,
57173,2010-10-09,,,,,,,
57186,2010-10-06,500000.0,198.0,-499802.0,,,,
57190,2003-05-16,,,,,,,
57201,2013-07-03,2.55E8,8.928991E7,-1.6571009E8,,,,
57204,1986-08-22,,1300000.0,,,,,
5721,1968-10-15,76000.0,6000000.0,5924000.0,,,,
57211,2011-08-05,,,,,,,
57214,2012-03-01,1.2E7,1.0E8,8.8E7,,,,
57215,1971-06-13,,,,,,,
57219,2000-07-22,,,,,,,
5722,1970-07-17,2090000.0,4.0E7,3.791E7,,,,
57221,1995-09-09,,,,,,,
5723,2007-03-23,160000.0,2.0710513E7,2.0550513E7,4.0,1,,2002-10-06
57230,1967-11-27,,,,,,,
57241,2005-11-10,,,,,,,
57243,2010-12-20,,,,4.333333333333333,3,0.7637626158259734,2010-09-02
57248,2003-03-08,475000.0,,,,,,
57256,2002-10-24,,,,,,,
57269,2005-10-01,,,,,,,
57277,2010-04-03,,,,,,,
57283,1922-09-18,,,,,,,
5729,1930-10-28,,7940.0,,2.5,2,0.7071067811865476,2013-01-07
57296,2009-10-20,,,,,,,
573,1972-05-25,,1.26E7,,1.0,1,,1998-06-18
57305,1964-01-01,,,,,,,
57307,2004-03-01,,,,,,,
57311,2010-03-03,,,,,,,
57327,1997-08-29,,,,,,,
57330,2008-12-03,1800000.0,,,,,,
57331,2011-02-16,2.1169E7,,,,,,
57351,2002-08-30,,,,,,,
57361,2010-12-22,,,,,,,
57382,2011-02-16,,,,,,,
57389,2010-05-16,,,,,,,
574,1956-06-01,2500000.0,1.025E7,7750000.0,3.3333333333333335,9,1.0,2006-03-03
57409,2009-01-01,,21878.0,,,,,
57413,2010-09-24,,,,,,,
5742,1970-04-22,90000.0,,,4.0,1,,2002-10-06
57438,1995-08-25,,,,,,,
5744,1964-09-25,,,,,,,
57440,2008-05-24,,,,,,,
57458,2009-05-05,,,,,,,
5747,1967-07-01,,,,3.7142857142857144,7,0.6986381310057719,2011-01-28
57476,1990-01-01,,,,,,,
57483,2003-06-06,,,,,,,
57489,2009-11-05,,,,,,,
57500,2010-08-06,,,,,,,
57521,2010-10-10,6000000.0,3770657.0,-2229343.0,,,,
57529,2008-01-26,,,,,,,
57564,1993-02-01,,,,,,,
57568,2010-10-19,,,,,,,
5757,1995-09-15,,209935.0,,,,,
57573,2011-02-19,,,,,,,
57575,1954-01-01,,105.0,,,,,
57586,2011-04-22,,1.5240456E7,,,,,
57622,2010-09-02,,,,,,,
5764,2001-03-11,,,,,,,
57655,2007-01-26,5000000.0,,,,,,
57664,1958-06-01,,,,,,,
5769,1963-10-06,1000000.0,3.76E7,3.66E7,,,,
57698,1936-12-28,,,,,,,
577,1995-05-20,2.0E7,2.1284514E7,1284514.0,2.0,2,1.4142135623730951,2001-01-11
57701,2011-02-03,,1957000.0,,,,,
57703,2010-12-11,,1.7636261E7,,,,,
57706,1966-11-19,,,,,,,
57709,2004-11-19,,,,,,,
57713,2010-11-12,,,,,,,
57718,2011-02-25,,,,,,,
57722,2009-11-06,,,,,,,
57725,1982-05-04,,,,,,,
57738,1987-12-13,,,,,,,
57739,2011-02-24,,,,,,,
57743,2001-10-05,1000000.0,,,,,,
57768,2006-03-09,,,,,,,
57770,1997-12-26,,,,,,,
57771,2010-10-22,,,,,,,
57776,1993-04-01,,,,,,,
57778,1974-01-01,,,,,,,
57779,2007-01-01,,,,,,,
57781,2000-03-03,,,,,,,
57784,2006-10-03,,,,,,,
57800,2012-06-26,9.5E7,8.77244782E8,7.82244782E8,,,,
57809,2010-12-12,5000000.0,2.2772019E7,1.7772019E7,,,,
57811,1996-09-04,,,,,,,
57830,2010-08-14,,,,,,,
57837,1978-07-23,,,,,,,
57843,1998-03-12,,,,,,,
57849,1954-04-07,,,,,,,
57855,1967-10-18,,,,,,,
57866,1934-07-13,,,,,,,
57868,1974-01-01,,,,,,,
57880,2011-02-03,,,,,,,
57889,2011-01-19,,9816332.0,,,,,
57914,1987-09-11,,,,,,,
57918,1987-12-23,,,,,,,
57943,1998-02-01,,,,,,,
57977,2004-01-01,,,,,,,
57983,1964-05-05,,,,,,,
57992,2002-01-01,,,,,,,
57993,1956-11-14,,,,,,,
57996,1953-09-16,,,,,,,
58013,2010-12-17,,,,,,,
58018,1998-10-06,,,,,,,
58035,1942-11-09,,,,,,,
58043,2011-03-16,,,,,,,
58051,2010-04-30,,,,,,,
58061,1973-12-21,,,,,,,
58080,1973-08-22,,,,,,,
58084,1987-01-01,,,,,,,
58086,2008-01-01,,,,,,,
58096,2008-02-05,,,,,,,
58098,1998-01-01,,,,,,,
581,1990-11-09,2.2E7,4.24208848E8,4.02208848E8,4.235294117647059,17,0.7729336780010528,2012-08-05
5816,2006-09-28,,,,3.6604938271604937,81,0.8654014981997775,2016-06-27
58160,1937-05-15,33500.0,,,,,,
5817,2007-09-21,,,,,,,
58189,1994-01-01,,,,,,,
58197,2008-08-14,,,,,,,
5820,2006-04-19,6.0E7,7.7920346E7,1.7920346E7,3.8333333333333335,3,0.7637626158259734,2005-01-22
58219,2011-02-25,,,,,,,
58233,2011-09-15,4.5E7,1.60078586E8,1.15078586E8,,,,
58261,2009-04-25,,,,,,,
58293,1968-02-07,,,,1.5,8,0.8017837257372732,2016-05-07
58302,2005-07-08,,,,,,,
58309,2006-10-18,,,,,,,
5833,2000-10-31,,,,3.0,4,1.224744871391589,2010-05-01
58333,2011-03-25,400000.0,252000.0,-148000.0,,,,
58372,1995-11-17,,,,,,,
58376,2008-11-21,,,,3.5,1,,2010-12-21
58390,2007-08-03,,,,,,,
584,2003-06-05,7.6E7,2.36350661E8,1.60350661E8,,,,
58411,1973-04-01,,,,,,,
58416,1994-01-01,,,,,,,
58419,1983-01-01,,,,,,,
5842,2000-10-23,10000.0,,,,,,
58431,2016-02-04,2.8E7,1.6374328E7,-1.1625672E7,,,,
58432,2006-10-06,,,,3.0,1,,2009-10-24
58435,1977-07-07,,,,,,,
58444,2011-02-04,,,,,,,
58446,2010-09-10,,,,,,,
5845,2003-03-27,,,,,,,
58450,2009-09-11,,,,,,,
58462,2005-01-24,,,,,,,
58493,2010-01-01,,,,,,,
58496,2010-10-07,,8212430.0,,,,,
58500,2009-01-01,,,,,,,
58507,1986-01-01,,,,,,,
58517,2009-01-16,,,,,,,
58525,2007-01-01,,,,,,,
58529,2004-02-11,,,,,,,
58545,1972-12-22,,,,,,,
58559,2012-08-29,,,,4.235537190082645,121,0.9061695485331129,2016-10-09
5857,2007-07-27,1.2E7,9620399.0,-2379601.0,1.0,1,,2002-11-04
58570,1999-05-06,,,,,,,
58574,2011-11-22,1.25E8,3.34615E8,2.09615E8,,,,
586,1997-12-25,1.5E7,6.4256513E7,4.9256513E7,3.112403100775194,129,1.0063088299524705,2016-08-17
58611,1985-03-19,,,,,,,
58613,1987-11-13,,,,,,,
58648,1991-03-06,4000000.0,259012.0,-3740988.0,,,,
58655,1974-12-18,,,,1.5,1,,2015-11-12
58669,1999-05-29,,,,,,,
58680,1998-05-08,1.3E7,8026971.0,-4973029.0,,,,
58720,2008-01-01,,,,,,,
58732,1945-05-01,,,,,,,
58769,1969-12-13,,,,,,,
58772,2010-08-18,,,,,,,
58781,2009-09-18,3100000.0,,,,,,
58790,1982-09-01,,,,,,,
58799,1947-10-31,,,,,,,
58832,2009-12-03,1500000.0,,,,,,
58858,2011-03-09,,,,,,,
58891,2011-03-01,,,,,,,
5890,2005-03-12,,,,,,,
58902,1959-10-13,,,,,,,
58903,1985-05-08,750000.0,,,,,,
58904,2001-02-23,,1.3651656E7,,3.5,1,,2009-06-11
58911,1996-12-19,,,,,,,
58920,1944-12-01,,,,,,,
58923,2006-08-16,2000000.0,,,,,,
58925,1976-05-08,,,,,,,
58928,2006-11-08,,,,,,,
5894,1995-09-15,,1275000.0,,,,,
58959,2010-09-16,8700000.0,,,,,,
5896,1984-08-31,7000000.0,8914881.0,1914881.0,,,,
5898,1990-01-16,2000000.0,,,,,,
5899,1992-04-17,,,,4.0,2,0.0,2006-10-31
58995,1982-02-05,,,,,,,
58997,1959-05-15,,,,,,,
59,2005-09-23,3.2E7,6.0740827E7,2.8740827E7,4.0,2,1.4142135623730951,2003-03-20
59015,2010-10-22,,,,,,,
59017,2010-07-22,,,,,,,
5902,1977-06-15,2.2E7,5.075E7,2.875E7,3.7738095238095237,42,1.0887584165751292,2016-06-27
59051,1994-08-31,,,,,,,
59058,1991-06-21,,295444.0,,,,,
59066,1987-05-14,,1155000.0,,,,,
59075,1987-05-14,,,,,,,
59095,2001-04-12,,1.0E7,,,,,
591,2006-05-17,1.25E8,7.67820459E8,6.42820459E8,,,,
5910,1997-09-03,,,,1.0,1,,2003-02-25
59110,2010-09-01,,,,,,,
59120,2009-11-07,,,,,,,
59122,2003-01-20,,,,,,,
59126,2007-12-07,,,,4.0,5,0.6123724356957946,2016-06-13
59138,1998-09-18,,,,,,,
59139,1987-01-01,,,,,,,
59142,1956-10-30,,,,,,,
59143,1976-12-21,,,,3.0,1,,2011-07-01
59145,2010-11-12,,,,,,,
59169,1992-10-09,,,,,,,
59171,1989-01-22,,,,,,,
59178,1995-12-24,,,,,,,
59181,1979-05-01,,,,,,,
5919,1974-12-14,1.4E7,1.16E8,1.02E8,,,,
59191,2003-11-23,,,,,,,
59196,2003-04-24,,,,,,,
59197,2011-03-10,,,,,,,
59201,1989-02-03,,,,,,,
59219,2001-08-30,1.8E7,,,,,,
5922,1980-08-01,,,,,,,
59230,1973-10-10,,,,,,,
5924,1973-12-13,,5.3267E7,,,,,
5925,1963-06-20,4000000.0,1.1744471E7,7744471.0,,,,
59264,2011-03-25,,,,,,,
5927,1972-08-02,,,,2.5,4,1.7320508075688772,2003-02-25
59314,1981-01-20,,,,,,,
59346,2007-11-07,,,,,,,
59349,1989-04-26,,,,,,,
59358,1987-01-01,,,,,,,
59362,2006-09-15,,,,,,,
5937,2009-04-02,2.0E7,,,,,,
594,2004-06-17,6.0E7,2.19417255E8,1.59417255E8,3.6619718309859155,71,0.9884137648898573,2016-05-07
59401,1951-03-16,1640000.0,,,,,,
59402,1978-06-28,,,,,,,
59403,1939-02-10,,,,,,,
59419,2010-01-01,,,,,,,
59424,2011-01-27,,,,,,,
59426,2010-11-03,,,,,,,
59427,1969-06-18,,,,,,,
59429,2010-11-20,,,,3.25,2,1.0606601717798212,2010-10-02
59434,1961-02-27,,,,,,,
59437,2010-09-12,,63931.0,,,,,
59440,2011-09-09,2.5E7,2.3057115E7,-1942885.0,,,,
59455,1982-05-12,,,,,,,
59457,2010-07-15,3100000.0,,,,,,
59482,1998-11-18,,,,,,,
59484,1982-03-24,,,,,,,
59490,2010-09-10,,6467348.0,,,,,
59499,2011-02-03,,,,,,,
595,1962-12-25,,1.3129846E7,,3.75,176,0.9396047801374485,2016-08-02
59507,2010-09-15,,,,,,,
5951,2007-09-09,,,,,,,
59517,1982-11-02,,,,,,,
59527,1976-12-29,,,,,,,
59529,2005-01-01,,,,,,,
5956,2007-01-21,,719968.0,,3.6714285714285713,35,0.8988788535043591,2016-08-17
59566,1937-07-27,,,,,,,
59569,1996-09-06,,,,,,,
59572,1987-09-30,,,,,,,
59581,1937-12-24,,,,,,,
59585,1989-10-27,,,,,,,
596,1940-03-15,750000.0,,,3.5833333333333335,66,0.9429223531673028,2016-05-11
5961,1982-12-17,,4971340.0,,3.5,2,0.7071067811865476,2004-10-11
5965,2003-01-01,,,,3.0,1,,2006-10-31
5966,2004-01-16,4.2E7,1.71963386E8,1.29963386E8,2.5,1,,2006-09-15
5967,1964-02-19,,,,,,,
597,1997-11-18,,1.845034188E9,,3.360544217687075,147,0.8695422999415087,2016-05-08
59701,1939-08-01,,,,,,,
59704,1991-06-21,,,,,,,
59719,2008-07-25,,,,,,,
59722,2011-06-27,,,,,,,
59733,2001-06-05,,,,,,,
59738,1982-06-20,,,,,,,
59744,1988-09-09,,,,,,,
59802,1966-10-26,,,,,,,
59803,1973-01-01,,,,,,,
59807,2007-01-01,500000.0,,,,,,
59810,2011-08-02,,,,4.0,2,0.7071067811865476,2008-12-01
59828,1947-12-01,,,,,,,
59835,2010-11-26,8000000.0,,,,,,
59843,1986-01-30,,,,,,,
59847,1986-09-03,,,,,,,
59852,2011-03-21,61733.0,,,,,,
59853,1994-01-01,,,,,,,
59858,2001-01-01,,,,,,,
59861,2011-06-30,3.0E7,3.6160375E7,6160375.0,,,,
59892,1996-10-17,,,,,,,
59897,1984-04-06,,1.053E7,,,,,
59908,1991-10-17,,,,,,,
59917,1970-05-27,,,,,,,
59935,2008-08-29,,,,3.5,1,,2009-06-19
59939,1997-11-14,,,,,,,
5995,2003-07-31,,,,4.131147540983607,61,0.8261438501872331,2016-08-14
59950,1937-10-20,,,,,,,
59959,1977-10-19,,,,,,,
5996,1955-01-01,,,,,,,
59961,2012-02-09,8.5E7,2.08076205E8,1.23076205E8,,,,
59962,2012-02-14,,1.56974557E8,,,,,
59964,1943-04-09,662141.0,1606624.0,944483.0,,,,
59965,2011-09-22,3.5E7,8.2087155E7,4.7087155E7,,,,
59968,2011-08-26,1.0E7,1.7273593E7,7273593.0,,,,
59974,2009-09-13,,166770.0,,,,,
5998,1922-04-27,,,,,,,
59981,2013-06-13,7.0E7,1.8662027E7,-5.1337973E7,,,,
59995,2006-07-12,,,,3.8333333333333335,3,0.7637626158259734,2015-06-15
59996,2001-02-10,,,,,,,
6,1993-10-15,,1.2136938E7,,3.8846153846153846,104,0.8309275704499349,2016-08-17
60002,2006-01-01,,,,,,,
60003,2006-10-08,,,,,,,
60008,1985-08-26,,,,,,,
60029,1978-05-01,,,,,,,
6003,1968-04-02,,3.8901218E7,,3.625,16,1.1761519176251567,2016-08-05
60061,1951-04-17,,,,,,,
60062,2011-06-10,2.0E7,1.4166853E7,-5833147.0,,,,
60063,2009-09-13,,,,,,,
60067,1990-01-01,,,,,,,
60068,2008-09-04,,,,,,,
6007,2001-03-16,,,,,,,
60076,2007-07-27,,,,,,,
60083,1996-11-20,,,,,,,
60086,2009-02-06,,,,4.0,1,,2015-08-15
60087,1976-06-01,,,,,,,
601,1982-04-03,1.05E7,7.92965326E8,7.82465326E8,,,,
60120,2010-06-11,,,,,,,
60139,1993-04-19,,,,,,,
60173,1996-12-23,,,,,,,
60175,1980-04-30,,,,,,,
60181,1974-10-23,,,,,,,
60190,1990-01-01,,,,,,,
60193,1959-01-01,,,,,,,
60194,1980-10-08,,,,,,,
60199,1993-04-01,,,,,,,
60213,2003-01-01,,,,,,,
60216,1943-05-03,855000.0,1200000.0,345000.0,,,,
60228,2011-03-23,,,,,,,
6023,2007-11-15,3.0E7,1.56835339E8,1.26835339E8,,,,
60238,2006-10-06,,,,,,,
60243,2011-03-15,800000.0,,,,,,
60276,1989-06-03,,,,,,,
6028,1980-09-19,,1.1E7,,,,,
60315,1968-05-01,,,,,,,
60316,1993-01-01,,,,,,,
60363,1985-12-26,,,,,,,
60364,1997-09-10,,,,,,,
6037,1976-06-23,,,,3.0,1,,2016-06-15
60378,1977-07-08,,,,,,,
6038,2003-02-06,5.0E7,8.8323487E7,3.8323487E7,,,,
60392,1981-04-30,,,,,,,
604,2003-05-15,1.5E8,7.38599701E8,5.88599701E8,,,,
60410,1988-04-07,,,,,,,
60415,1980-02-01,,,,,,,
60457,1999-04-18,,,,,,,
60481,1939-04-29,,,,,,,
60489,2001-08-21,3000000.0,,,,,,
60498,2001-06-01,,,,,,,
60505,1993-01-30,,,,,,,
60543,1967-10-19,,,,,,,
60566,1935-06-12,,,,,,,
60579,2000-02-18,,4900000.0,,,,,
60587,2000-03-27,,,,,,,
60629,1986-12-14,,,,,,,
60639,1977-10-13,,,,,,,
60645,2002-02-02,,,,,,,
60665,2004-10-30,,,,,,,
60672,2004-02-18,,,,,,,
60676,2003-04-22,,,,,,,
60678,2010-09-09,,,,,,,
6069,1987-06-12,,6.376651E7,,,,,
60695,2010-12-06,,,,,,,
60700,2008-09-01,,,,,,,
60769,2007-09-14,,,,,,,
60785,2007-09-13,,,,,,,
6079,2007-03-08,,,,,,,
60794,1981-01-01,,,,,,,
60809,2010-09-15,,,,,,,
6081,1978-07-19,,4.9579269E7,,,,,
60821,2009-02-07,,,,,,,
60843,2003-06-26,,,,,,,
60867,2006-09-08,,,,,,,
60897,2011-03-29,,,,,,,
609,1982-06-04,1.07E7,1.222E8,1.115E8,3.107142857142857,14,0.7384644001776053,2010-01-27
60917,1998-04-26,,,,,,,
60932,2013-01-04,,,,,,,
60938,1957-03-01,,,,,,,
60949,2009-04-04,,,,,,,
60951,1997-08-31,,,,,,,
60961,2010-01-01,,,,,,,
61008,2005-05-24,,,,,,,
61015,2008-07-31,,,,,,,
61016,2001-04-08,,,,,,,
61020,1941-03-28,,,,,,,
61035,2010-03-04,,,,,,,
61038,2011-05-13,2450000.0,,,,,,
61046,1937-12-25,,,,,,,
6106,1986-04-23,4500000.0,,,,,,
61062,2010-10-28,,,,,,,
61080,1952-11-21,,,,,,,
61086,1996-11-01,,,,,,,
61095,1952-11-15,,,,,,,
61121,2007-09-07,,,,,,,
61144,1991-07-07,,,,,,,
61151,1946-11-09,,,,,,,
6116,1997-12-19,2.5E7,1.0E8,7.5E7,4.5,1,,2005-01-30
61265,1991-11-13,,,,,,,
61267,2004-06-30,,,,,,,
61271,1988-11-11,,,,,,,
61293,2011-03-17,5000000.0,,,,,,
61296,1974-05-15,,,,,,,
613,2004-09-08,1.833975E7,9.218091E7,7.384116E7,3.5,13,0.9128709291752769,2008-12-09
61313,2006-02-23,,,,,,,
61314,2003-12-19,,,,,,,
61320,2002-11-28,,,,,,,
61337,1997-10-31,,,,,,,
61340,2002-01-01,,38.0,,,,,
61348,2011-01-30,,,,0.5,3,0.0,2011-05-25
61372,2011-04-09,,,,,,,
61391,1951-12-25,,,,,,,
614,1957-12-26,,,,1.5,2,0.7071067811865476,2002-08-21
61400,2011-04-08,1.31E7,4100000.0,-9000000.0,,,,
61411,1969-06-27,,,,,,,
61415,1986-04-23,,,,,,,
61416,1999-09-16,,,,,,,
61418,1992-05-13,,,,,,,
61430,1952-07-29,,,,,,,
61464,1940-12-18,,,,,,,
61477,2002-08-01,,,,,,,
61487,2003-06-17,,,,,,,
61528,2006-12-04,,,,,,,
61536,1996-12-24,,,,,,,
61541,1936-11-20,,,,,,,
61542,2011-03-04,,,,,,,
61545,2001-04-04,,,,,,,
61548,1995-09-14,,,,,,,
61559,2005-06-04,,,,,,,
61560,1993-12-15,,,,,,,
61578,2000-10-04,,,,,,,
61581,1977-09-16,,,,,,,
61638,1979-11-06,7000000.0,,,,,,
61645,1939-11-10,,,,,,,
61647,1937-09-05,762.0,,,,,,
61658,2005-04-13,,,,,,,
61662,1978-03-12,,,,,,,
61675,1998-09-11,,,,,,,
61683,1971-04-05,,,,,,,
61699,2008-01-01,,,,,,,
617,1998-03-20,2.0E7,6.72E7,4.72E7,1.0,1,,2002-08-21
61708,1987-10-16,,,,,,,
6171,2003-03-21,,7.5715436E7,,,,,
61716,2010-09-14,,,,,,,
61717,2006-06-16,6000000.0,,,,,,
61718,2009-07-31,,,,,,,
6173,2001-10-17,,,,,,,
61730,2009-05-01,,,,,,,
61751,1999-04-17,,,,,,,
61752,1996-03-22,,4939939.0,,,,,
61803,2002-12-24,,,,,,,
61807,1993-03-12,,,,,,,
6182,1999-08-08,,,,4.0,1,,2005-10-27
61820,2007-09-09,,,,,,,
61823,1964-01-31,,,,,,,
61828,1949-11-12,700000.0,,,,,,
61852,1973-09-06,,,,,,,
61855,1951-05-04,,,,,,,
61856,1946-11-08,,,,,,,
61864,1978-10-10,,,,,,,
61880,1955-07-12,,,,,,,
61892,1963-11-13,,,,,,,
619,1992-11-25,,4.1100674E8,,2.125,4,1.3149778198382918,2003-08-22
61901,2011-06-07,,,,,,,
61904,1989-06-10,,,,,,,
61925,1976-03-11,,,,,,,
61939,2002-01-01,,,,,,,
61950,2005-11-25,,,,,,,
61952,2003-08-15,,,,,,,
61991,1985-12-11,,,,,,,
61998,2011-04-07,,,,,,,
620,1984-06-07,3.0E7,2.95212467E8,2.65212467E8,3.25,2,1.0606601717798212,2011-01-28
62000,1948-09-14,,,,,,,
62006,1952-03-26,,,,,,,
62008,2012-02-23,,,,,,,
62009,1998-12-23,,,,,,,
62012,1998-10-07,,,,,,,
62037,1958-06-01,,,,,,,
62039,1994-01-01,,,,,,,
62040,1998-12-14,7000000.0,,,,,,
62071,1975-02-18,,,,,,,
621,1978-07-07,6000000.0,1.8181377E8,1.7581377E8,3.3333333333333335,3,2.0816659994661326,2002-08-21
62116,2010-06-09,,,,,,,
62124,2000-11-22,,,,,,,
62127,1995-12-27,1.0E7,,,,,,
62143,1966-06-19,,,,,,,
6217,1982-04-02,,,,,,,
62185,1987-02-20,,,,,,,
62190,2002-06-13,,,,,,,
62196,2011-05-01,,,,,,,
62204,1981-12-15,,5.5260558E7,,,,,
62211,2013-06-20,2.0E8,7.43559607E8,5.43559607E8,,,,
62213,2012-05-08,,2.45527149E8,,,,,
62215,2011-05-26,,2.1817298E7,,,,,
62243,1963-01-01,,,,,,,
62255,2010-05-20,6500000.0,,,,,,
62297,2005-08-25,,,,,,,
62301,1991-12-31,,,,,,,
62321,2010-09-14,,,,,,,
62323,2009-10-09,,,,,,,
62347,1996-01-01,,,,,,,
62363,1972-09-05,,,,,,,
62368,2010-10-17,,,,,,,
62392,1961-07-26,,,,,,,
62394,1997-12-25,,,,1.3333333333333333,6,0.752772652709081,2016-09-05
62397,1963-12-24,,,,,,,
62399,2009-01-01,,,,,,,
62403,2011-02-16,,,,,,,
62432,1974-01-23,,,,,,,
62488,1995-04-28,,,,,,,
625,1984-11-02,1.44E7,3.4700291E7,2.0300291E7,,,,
62527,2007-06-08,,,,,,,
62545,2002-01-01,,,,,,,
62558,1985-01-01,,,,,,,
62567,1938-11-04,,,,,,,
62580,2011-04-19,,,,,,,
626,1929-06-05,,,,2.0,1,,2000-11-05
62616,2006-09-21,,3214998.0,,,,,
62637,1989-09-23,,,,,,,
6264,1997-07-24,,,,2.5,3,1.0,2016-05-08
62652,2006-06-21,2000000.0,111000.0,-1889000.0,,,,
62655,1962-08-17,,,,,,,
62691,2006-06-17,,,,,,,
62695,1998-03-27,,,,,,,
62697,1975-06-06,,,,,,,
62709,2002-09-13,,,,,,,
62713,1982-09-01,,,,,,,
62715,1979-10-12,,,,,,,
62726,2006-11-30,,,,,,,
62738,2009-01-22,,,,,,,
62755,1964-12-19,,,,,,,
62761,1974-10-10,,,,,,,
62768,1986-05-14,,,,,,,
62775,2010-01-15,2225000.0,,,,,,
6278,2002-07-12,6.0E7,4.3061982E7,-1.6938018E7,,,,
628,1994-11-11,6.0E7,2.23664608E8,1.63664608E8,3.88,50,0.7182745765700879,2015-08-15
6280,1994-11-22,6.0E7,3.7E7,-2.3E7,,,,
62804,1956-10-31,,,,,,,
6282,2000-07-30,4.5E7,1.13916474E8,6.8916474E7,,,,
62836,2011-04-03,,,,,,,
62842,1968-11-12,,,,,,,
62843,1970-01-23,,,,,,,
62847,1978-07-21,,,,,,,
62851,1972-03-12,,,,,,,
62855,1959-03-19,,,,,,,
62878,2010-04-18,,,,,,,
62883,1999-11-05,,,,,,,
62897,1982-09-17,,,,,,,
62898,1986-08-29,,,,,,,
629,1995-07-19,6000000.0,2.3341568E7,1.7341568E7,,,,
62947,1966-09-16,,,,,,,
62967,2009-10-01,700000.0,,,,,,
62981,1983-03-09,,,,,,,
62994,1998-09-14,,,,,,,
62996,1972-11-22,,,,,,,
63020,1995-05-12,1.1E7,2832826.0,-8167174.0,,,,
63025,1971-02-17,,,,,,,
63029,1976-12-23,,,,,,,
63044,1983-07-01,900000.0,,,,,,
63045,2011-04-22,,,,,,,
63066,2001-01-01,,,,,,,
63067,1998-12-16,,,,,,,
63071,1977-01-01,,,,,,,
63074,2006-01-01,,,,,,,
63081,2006-10-11,,,,,,,
63087,1963-03-29,,,,,,,
63088,1965-10-29,,,,,,,
6309,2007-08-24,,,,,,,
631,1927-09-23,,121.0,,3.25,10,1.2304019216861166,2016-08-09
63100,1968-03-06,,,,,,,
63107,1979-10-01,,,,,,,
63112,1976-01-01,,,,,,,
63139,2011-03-05,,,,,,,
63140,2011-01-14,,,,,,,
63143,2011-04-06,,99303.0,,,,,
63144,2011-04-29,,429766.0,,,,,
63146,2010-02-16,,,,,,,
63154,2010-10-01,,,,,,,
63160,2010-01-22,,,,,,,
63163,1994-06-06,,,,,,,
6317,2003-09-18,,,,,,,
63171,2010-12-31,,,,,,,
63176,1972-08-11,,,,,,,
63178,1953-05-21,,,,,,,
63186,1981-08-27,,,,,,,
63190,2010-01-01,,,,,,,
63193,2008-01-01,,,,,,,
63197,2011-05-01,,,,,,,
632,1953-05-29,,,,4.5,2,0.7071067811865476,1999-10-09
6320,1985-09-04,,,,,,,
63206,2008-10-07,,,,,,,
63224,1952-02-13,,,,,,,
63244,2002-12-02,,,,,,,
63273,2010-01-01,,,,,,,
63299,1983-06-06,,,,,,,
633,1977-09-22,,,,4.0,3,1.0,2000-11-22
63304,1962-09-07,,,,,,,
63310,2011-02-02,2000000.0,,,,,,
63311,2011-08-17,,5774854.0,,,,,
63327,1972-07-06,,,,,,,
63334,2005-01-05,,,,,,,
63340,1974-06-26,,,,,,,
63375,2011-04-14,7000000.0,,,,,,
634,2001-04-13,2.5E7,2.81929795E8,2.56929795E8,,,,
63401,1969-01-15,,,,,,,
63432,1967-02-04,,,,,,,
63449,1964-12-01,,,,,,,
63452,1974-06-06,,,,,,,
63472,2011-03-04,,,,,,,
63474,2008-02-19,1000000.0,,,,,,
63481,1976-02-11,,,,2.0,1,,2009-10-24
63484,2010-10-16,,,,,,,
635,1987-03-06,,1.7185632E7,,3.857142857142857,7,1.0690449676496976,2000-12-10
63505,1980-04-30,,,,,,,
63512,1971-10-06,,,,,,,
63517,2009-12-30,,,,,,,
63536,1987-06-06,,,,,,,
63555,2010-05-17,,,,,,,
63568,1961-06-06,,,,,,,
63569,1966-06-06,,,,,,,
63572,1984-06-06,,,,,,,
63573,1984-09-14,,,,,,,
63579,2011-07-08,,,,,,,
63581,2007-04-01,,,,,,,
63585,2011-04-22,,,,,,,
63590,1981-10-16,,,,,,,
63591,1939-02-03,,,,,,,
636,1971-03-11,777000.0,2437000.0,1660000.0,,,,
6360,2007-05-19,,,,,,,
63607,2000-10-26,,,,,,,
63611,2007-03-15,,,,,,,
63617,1942-03-18,,,,,,,
63639,1987-01-01,,,,,,,
63654,2011-04-22,,,,,,,
63700,2010-10-08,,,,,,,
63702,1934-05-15,,,,,,,
63717,2006-09-06,,,,,,,
63721,1993-07-15,,,,,,,
6373,1998-05-08,,,,3.1,50,0.9091372900969897,2016-08-17
63762,2009-09-11,,54058.0,,,,,
63773,1976-05-28,,,,,,,
63774,2010-10-13,200000.0,,,,,,
63775,2008-11-12,,,,,,,
63795,1952-12-27,450.0,,,,,,
63809,2001-12-09,,,,,,,
63825,2004-05-21,,,,,,,
63876,1964-10-16,,,,3.6363636363636362,11,0.8969645781999724,2016-07-24
63877,2004-07-05,,,,,,,
63883,2006-05-23,,,,,,,
63888,1968-01-01,,,,,,,
63892,1961-09-22,,,,,,,
639,1989-07-21,1.6E7,9.2823546E7,7.6823546E7,3.2,5,0.4472135954999579,2000-11-22
63924,1995-01-01,,,,,,,
6393,1990-08-16,,,,,,,
63938,2000-05-26,,,,,,,
63946,2010-09-10,,43880.0,,,,,
63951,1969-02-26,,,,,,,
63959,1971-04-07,,,,,,,
63963,2006-09-14,4.0,,,,,,
63964,2011-06-03,,,,,,,
63971,2002-04-30,3500000.0,,,,,,
63978,1983-04-20,,,,,,,
6399,1981-12-09,,,,,,,
63990,2010-11-26,,,,,,,
64,2002-03-14,,5.100155E7,,2.4,10,0.6992058987801009,2001-07-16
640,2002-12-25,5.2E7,3.52114312E8,3.00114312E8,3.3333333333333335,18,0.48507125007266594,2000-11-22
64022,1986-11-19,,,,,,,
64032,1941-10-31,,,,1.5,1,,2011-07-23
64074,2010-05-19,,,,,,,
64075,1944-11-10,,,,,,,
64076,1944-03-02,,,,,,,
64100,1982-11-21,,,,,,,
64109,2003-01-01,,,,,,,
64115,1971-08-27,,,,,,,
64123,1996-09-12,,,,,,,
64124,2008-08-29,,,,,,,
64130,2011-02-01,,,,,,,
64131,1986-11-26,,,,,,,
64133,1977-05-27,,,,,,,
64142,1936-12-20,,,,,,,
64155,2006-08-11,,,,,,,
64156,2002-05-28,,,,,,,
64158,1964-10-30,,,,,,,
64160,1994-09-01,,,,,,,
64167,1991-10-04,,,,,,,
6417,2005-02-02,,,,,,,
6418,2007-09-03,,,,,,,
64183,1989-04-09,,,,,,,
64204,1959-11-11,,,,,,,
64215,2011-04-28,,,,,,,
64218,1997-12-22,,,,,,,
64225,1984-10-17,,,,,,,
64228,2008-02-10,2556455.0,,,,,,
64239,1986-12-10,,,,,,,
64257,1978-01-01,,,,,,,
64265,1997-02-25,,,,,,,
64266,2000-03-31,,,,,,,
64268,2005-07-21,,,,,,,
64305,1981-03-26,,,,,,,
64316,1978-12-28,,,,,,,
64318,1934-08-24,,,,,,,
64328,2011-11-22,4.5E7,1.65184237E8,1.20184237E8,,,,
64347,1994-08-31,,,,,,,
64349,1979-04-25,,,,,,,
6435,1998-10-16,7.5E7,4.6683377E7,-2.8316623E7,,,,
64353,1981-02-09,,,,,,,
64357,2000-05-31,,,,,,,
64382,1958-01-01,,,,,,,
64383,2006-12-06,,,,,,,
64393,2007-06-19,,,,,,,
644,2001-06-29,1.0E8,2.35926552E8,1.35926552E8,,,,
6440,2001-12-18,,,,3.9347826086956523,23,0.7119810362976189,2016-08-17
64407,1949-03-23,,,,,,,
64423,1939-06-15,,,,,,,
6444,1990-04-04,,,,,,,
64442,1938-04-05,,,,,,,
64454,1979-11-22,,,,,,,
64462,2002-07-11,,,,,,,
64468,2011-02-18,,,,,,,
64484,2006-06-08,,,,,,,
64501,2011-04-14,,,,4.5,2,0.7071067811865476,2015-07-02
64502,2009-12-28,1.5E7,,,,,,
64524,1964-04-19,,,,,,,
64525,1969-02-07,,,,,,,
64526,2000-07-21,,,,,,,
64527,1982-01-23,,,,,,,
64528,1972-03-21,,,,,,,
64534,1981-06-17,,,,,,,
64544,1987-08-26,,,,,,,
64567,1994-05-18,,,,,,,
6461,2008-03-05,,,,4.4,5,0.651920240520265,2006-08-28
64630,1971-08-18,,,,,,,
64635,2012-08-02,1.25E8,1.98802074E8,7.3802074E7,,,,
64639,2011-09-16,2.5E7,1.0324441E7,-1.4675559E7,,,,
64649,1976-06-12,,,,,,,
64651,1970-09-01,,,,,,,
64666,1982-09-17,,,,,,,
64674,1961-02-20,,,,,,,
64686,2013-12-06,,1.50962475E8,,,,,
64690,2011-08-06,1.5E7,7.8054825E7,6.3054825E7,,,,
64694,2010-08-27,,,,,,,
647,2005-07-14,,,,3.629032258064516,31,0.9306605354575128,2016-04-16
64720,2011-11-25,,3099314.0,,,,,
64728,1933-06-01,,,,,,,
64765,1980-06-06,,,,,,,
64780,2010-10-19,,,,,,,
64784,1997-01-22,,,,,,,
64805,2003-04-22,,,,,,,
64807,2013-12-25,4.0E7,4.490726E7,4907260.0,,,,
64811,1964-05-01,,,,,,,
64822,1994-01-01,,,,,,,
64828,1970-05-20,,,,,,,
64831,2009-01-01,,,,,,,
64834,1979-09-27,,,,,,,
64836,2011-04-29,,,,,,,
64847,1973-01-01,,,,,,,
64871,1962-11-07,,,,,,,
64872,1964-04-12,,,,,,,
64876,1968-05-25,,,,,,,
64877,1968-04-19,,,,,,,
64880,2001-07-13,,1486992.0,,,,,
64882,2010-12-08,,,,,,,
64897,1941-11-27,,,,,,,
649,1967-05-24,,,,,,,
64900,1994-05-18,,,,4.0,1,,2015-06-28
64901,1994-07-06,,,,,,,
64926,1940-04-03,,,,,,,
64931,2011-01-27,,,,,,,
64936,1968-05-01,,,,,,,
64948,1991-01-01,,,,,,,
64964,2003-02-13,,,,,,,
64965,1993-01-01,,,,,,,
64968,1997-01-01,,,,,,,
64972,2005-12-02,5.0,,,,,,
6498,1994-02-25,,,,2.0,1,,2003-10-04
64984,1957-12-16,,,,,,,
64988,1983-12-16,,,,,,,
64992,1982-07-14,,,,,,,
64994,1981-08-19,,,,,,,
64998,1966-11-08,,,,,,,
65034,2011-05-22,,,,,,,
65035,2002-07-07,,,,,,,
65044,2005-09-15,,,,,,,
65045,2002-01-01,,,,,,,
65048,1962-01-01,,,,,,,
65058,2011-06-24,,223959.0,,,,,
65081,1999-09-01,,,,,,,
65092,1969-03-25,,,,,,,
65102,1979-03-04,,,,,,,
65103,2009-12-31,,,,,,,
65107,1975-06-06,,,,,,,
65137,1993-08-27,,3418141.0,,,,,
65142,1985-06-06,,,,,,,
65157,1989-08-18,5000000.0,8153677.0,3153677.0,,,,
65188,2001-11-06,,,,3.6,5,1.7818529681205462,2016-06-28
65192,1974-02-15,,,,,,,
652,2004-05-13,1.75E8,4.97409852E8,3.22409852E8,,,,
65203,1929-02-08,379000.0,4358000.0,3979000.0,,,,
6521,2000-10-13,9000000.0,,,2.5,1,,2003-08-29
65211,1949-02-15,,,,,,,
65214,2009-04-20,,,,,,,
65215,2005-07-23,,,,,,,
65218,2011-04-15,,,,,,,
6522,1999-04-16,8.0E7,7.3345029E7,-6654971.0,3.0,1,,2003-08-29
65229,2011-04-20,1000000.0,,,,,,
6523,1960-11-07,3500000.0,,,,,,
65233,2011-05-18,,,,,,,
65252,1997-08-09,,,,,,,
65275,2009-02-28,,,,,,,
65280,1995-07-22,,,,,,,
653,1922-03-15,,,,3.1129032258064515,62,1.1177383298821706,2016-08-03
65317,1974-03-29,,,,,,,
65320,1976-12-03,,,,,,,
65326,1986-11-07,,,,,,,
65332,1973-02-23,,,,,,,
65345,2011-06-25,,,,,,,
65364,2001-12-04,,,,,,,
65374,1991-11-30,,,,,,,
6538,2007-12-19,7.5E7,1.1900041E8,4.400041E7,3.7,5,0.9746794344808963,2005-09-23
65431,1999-07-11,,,,,,,
65435,2007-12-31,,,,,,,
65442,2006-10-25,,,,,,,
65456,2000-06-05,,,,,,,
65460,1995-02-23,,,,,,,
65485,1998-09-03,,,,,,,
65489,1953-06-01,,,,,,,
65496,2010-01-18,,,,,,,
65502,1971-08-18,,,,,,,
65503,1943-08-19,,,,,,,
65504,1982-01-01,,,,,,,
65506,1941-04-22,,,,,,,
65509,2004-03-03,,,,,,,
65513,2004-10-27,,,,,,,
65515,2008-01-01,,,,,,,
65534,1951-11-30,,,,,,,
65546,1942-05-01,,,,,,,
6557,2008-01-10,3.0E7,1.60259319E8,1.30259319E8,,,,
65572,1988-11-10,,,,,,,
65573,1971-12-15,,,,,,,
65592,2000-01-26,,,,,,,
65594,1971-06-06,,,,,,,
65595,1996-01-01,,,,,,,
65603,1979-06-22,,,,,,,
65611,1949-01-19,,,,,,,
65612,1987-09-19,,,,,,,
65614,2005-06-23,,696681.0,,,,,
65632,1965-12-01,,,,,,,
65642,1936-10-02,,,,4.125,4,0.75,2013-01-02
65646,1943-12-13,,,,,,,
65650,2011-01-01,6000000.0,5206.0,-5994794.0,,,,
65651,1957-01-24,,,,,,,
65656,1952-11-14,,,,,,,
65673,2010-09-04,,,,,,,
65674,1971-10-27,,,,,,,
65683,1990-06-22,,,,,,,
65696,2011-01-21,,,,,,,
657,1963-10-11,2000000.0,7.8898765E7,7.6898765E7,,,,
65719,1977-06-08,,,,,,,
6575,2007-12-21,3.5E7,1.8317151E7,-1.6682849E7,,,,
65755,2007-06-26,,,,,,,
65759,2011-11-17,1.3E8,1.50406466E8,2.0406466E7,,,,
65760,2010-09-13,,,,,,,
65762,2011-06-01,,,,,,,
65771,2011-01-27,,,,,,,
65787,1952-04-03,,,,,,,
65796,1995-12-01,3.0E7,,,,,,
65799,1954-06-01,,,,,,,
658,1964-09-17,2500000.0,1.24881062E8,1.22381062E8,,,,
65839,2006-06-08,,1110566.0,,,,,
65851,2011-08-03,,,,,,,
65869,2001-04-22,,,,,,,
65871,2010-01-15,,,,,,,
65874,1930-10-13,,,,,,,
65881,2011-01-27,,,,,,,
65889,1997-03-06,,,,,,,
65892,2011-04-10,,,,,,,
659,1979-05-02,,,,4.25,2,0.3535533905932738,2005-04-05
65900,2008-03-06,,,,,,,
6591,1972-03-09,,,,3.8333333333333335,6,0.408248290463863,2015-07-16
65953,2011-08-05,119567.0,,,,,,
65958,1992-12-23,,,,,,,
65973,1993-08-06,,,,,,,
65990,2009-10-09,,,,,,,
65992,2011-01-01,,,,,,,
66013,1977-07-06,,,,,,,
66025,2011-02-11,,330048.0,,,,,
66043,1967-11-05,,,,,,,
66055,1971-08-13,,,,,,,
66062,2005-06-11,,,,,,,
66068,2002-09-01,,,,,,,
66082,1999-08-09,,,,,,,
66084,2010-03-16,,,,,,,
6609,1976-11-25,,,,3.25,2,1.0606601717798212,2015-06-10
66113,2009-03-13,7000000.0,,,,,,
66125,2011-08-04,,,,,,,
66148,1926-02-12,,,,,,,
66150,2011-01-27,45202.0,225861.0,180659.0,,,,
66159,2000-06-08,,,,,,,
66164,2011-02-25,,,,,,,
66175,1950-05-13,,,,,,,
66178,2009-09-07,,,,,,,
66180,1963-05-16,,,,,,,
66192,1989-11-03,,,,,,,
66193,2010-06-30,,,,,,,
66194,1986-04-13,,2750741.0,,,,,
6620,1954-09-28,2238813.0,1.0E7,7761187.0,3.6470588235294117,17,1.0118779861344596,2016-08-17
66212,1986-11-27,,,,,,,
66224,2006-12-09,,,,,,,
66247,1995-05-05,,,,,,,
66292,1996-03-14,,,,,,,
663,2007-10-25,1.0E7,1.39352633E8,1.29352633E8,3.411764705882353,17,1.227743027337753,2006-08-22
6637,2007-12-13,1.3E8,4.57363168E8,3.27363168E8,,,,
6639,2007-10-04,4.5E7,4607608.0,-4.0392392E7,4.25,2,0.3535533905932738,2003-11-02
6643,1960-01-01,,,,4.25,6,0.5244044240850757,2011-06-04
66436,1955-10-25,,,,,,,
66469,1991-11-13,,,,,,,
66485,1969-12-01,,,,,,,
66526,1999-11-07,7400000.0,2.2E7,1.46E7,,,,
66537,1990-10-31,,,,,,,
66541,1980-04-09,,,,,,,
66566,1991-01-01,,,,,,,
66584,1990-02-02,,,,,,,
66590,1981-10-13,,,,,,,
666,1998-01-16,2900000.0,5596708.0,2696708.0,,,,
66600,1986-05-14,,,,,,,
66628,1980-04-25,,,,,,,
66638,1981-09-15,,,,,,,
66641,2004-01-01,,,,,,,
66660,2002-01-01,,,,,,,
66668,2001-08-01,,,,,,,
667,1967-06-12,9500000.0,1.11584787E8,1.02084787E8,3.6666666666666665,3,1.5275252316519468,1997-06-23
66706,1990-09-14,,,,,,,
66707,1940-04-19,,,,,,,
66741,1997-04-03,,,,,,,
66745,1979-05-01,56000.0,,,,,,
66753,1991-05-15,,,,,,,
66756,1982-01-01,,,,,,,
66759,1977-09-09,,,,,,,
66762,1978-05-13,,,,,,,
66780,2001-06-13,500000.0,,,,,,
66787,2006-04-28,,,,,,,
66799,1994-02-26,,,,,,,
66819,1936-07-25,,,,,,,
66824,1938-02-25,,,,,,,
66834,1937-10-15,,,,,,,
6687,2008-01-18,1.5E7,5926410.0,-9073590.0,,,,
66878,1951-03-23,,,,,,,
66894,1998-03-27,,,,,,,
66895,2010-10-15,,,,,,,
66897,1928-12-04,,,,,,,
669,1922-06-11,53000.0,,,,,,
66926,2004-02-05,,,,,,,
66944,2010-07-20,,,,,,,
66946,1978-06-30,,,,,,,
66949,1978-08-30,,,,,,,
66956,1964-09-04,,,,,,,
66967,1958-04-05,,,,,,,
670,2003-01-01,3000000.0,1.4980005E7,1.1980005E7,3.1666666666666665,3,1.8929694486000914,2006-12-14
67018,1975-09-10,,,,,,,
67021,1985-01-01,,,,,,,
67025,2002-10-18,,,,,,,
67083,2002-01-01,,,,,,,
67102,1979-05-27,,,,,,,
67113,1936-01-04,,,,,,,
67162,1935-08-31,,,,,,,
67166,1995-08-11,,,,,,,
67179,1972-01-01,,,,,,,
67198,2010-02-06,,,,,,,
672,2002-11-13,1.0E8,8.76688482E8,7.76688482E8,,,,
67217,1968-07-05,,,,,,,
67232,2002-01-11,,,,,,,
67236,2003-05-20,,,,,,,
67263,1985-09-02,,,,,,,
67280,2006-06-22,,,,,,,
67297,1998-11-13,,,,,,,
67303,1997-01-01,,,,,,,
67308,2011-04-14,,,,,,,
67313,1951-05-16,,,,,,,
67314,2011-07-13,,,,,,,
67317,1989-10-12,,,,,,,
67327,2010-12-02,,,,,,,
6733,2006-11-15,,,,,,,
67343,1986-08-15,,,,,,,
67381,2009-10-07,,,,,,,
67394,1989-10-01,,,,,,,
67429,1977-03-30,,,,4.0,1,,2009-04-28
67460,2005-07-27,,,,,,,
67463,1984-09-16,,,,,,,
67488,1986-01-01,,,,,,,
67493,1978-10-01,,,,,,,
67499,2011-02-10,,,,,,,
675,2007-06-28,1.5E8,9.38212738E8,7.88212738E8,,,,
67530,1983-02-18,,1.1787127E7,,,,,
67532,1934-02-03,,,,,,,
67595,1993-04-10,,,,,,,
67626,1935-10-26,25771.0,,,,,,
67657,1977-03-16,,,,,,,
67661,1936-05-30,,,,,,,
67675,2011-08-11,,1.8663238E7,,,,,
67687,1973-06-06,,,,,,,
67693,1986-11-14,,,,,,,
67701,2009-02-15,,,,,,,
67736,1953-11-06,,,,,,,
67742,2006-03-10,,,,,,,
67748,2011-05-16,,8452.0,,,,,
67750,1995-09-09,,,,,,,
67753,1938-04-15,,,,,,,
67772,1982-11-12,850000.0,840000.0,-10000.0,,,,
678,1947-11-13,,,,3.8333333333333335,12,1.134847473398425,2012-11-24
67810,1998-06-22,,264.0,,,,,
67880,1938-08-09,,,,,,,
67883,1976-03-30,,,,,,,
67884,2011-03-24,5000000.0,,,,,,
67900,2011-09-06,,,,,,,
67911,2011-09-09,,,,,,,
67913,2011-07-07,6000000.0,1.9560274E7,1.3560274E7,,,,
67952,2010-12-17,,,,,,,
67967,1943-12-24,,,,,,,
67988,2006-01-01,,,,,,,
68,1985-02-20,1.5E7,,,3.5,8,0.7559289460184544,2000-11-20
68013,1941-10-17,,,,,,,
68016,2011-01-14,4000000.0,6000000.0,2000000.0,,,,
68023,1996-03-20,,,,,,,
68047,2011-04-10,,,,,,,
68053,1972-10-19,,,,,,,
68063,2008-03-19,,,,,,,
68078,1932-09-10,,,,,,,
68097,1956-04-01,,,,,,,
68143,1946-12-18,,,,,,,
68178,2011-06-21,,,,,,,
68179,2013-02-14,4.0E7,7.4597643E7,3.4597643E7,,,,
68184,2011-04-22,5500000.0,,,,,,
68189,2006-02-15,,,,,,,
68191,1954-06-15,,,,,,,
68193,2010-09-12,,,,,,,
68197,2010-11-19,,,,,,,
68198,1961-02-28,,,,,,,
68200,2011-06-27,,,,,,,
68247,1972-07-14,,,,,,,
68252,2010-11-10,,,,,,,
68259,2005-03-11,,,,,,,
68275,1983-12-22,,,,,,,
68297,2005-08-05,,,,,,,
68309,1950-10-16,,,,,,,
68335,2009-02-18,,,,,,,
68341,2010-06-04,,,,,,,
68347,1989-05-18,,,,4.5,2,0.0,2010-07-18
68348,1989-10-13,,,,,,,
68360,2008-10-08,,,,,,,
68365,2007-12-05,,,,,,,
68370,2011-05-03,10000.0,,,,,,
68387,2011-03-20,,,,,,,
68427,1991-09-10,800000.0,,,,,,
68429,1969-01-01,,,,,,,
68437,1992-12-11,,,,,,,
6844,1956-10-05,1.3E7,1.227E8,1.097E8,,,,
68445,1995-02-10,,,,,,,
68450,2011-09-08,,,,,,,
68472,2011-07-19,1500000.0,,,,,,
685,1938-04-20,,,,3.125,4,1.181453906563152,2016-04-16
68507,2001-09-28,,,,,,,
68528,1998-05-17,,,,,,,
68545,1996-01-01,,,,,,,
68555,2009-10-07,,,,,,,
68569,2001-01-01,,,,,,,
68590,1986-12-20,,,,,,,
686,1997-07-11,9.0E7,1.71120329E8,8.1120329E7,,,,
68629,2002-06-08,,,,,,,
68636,1975-12-25,,,,,,,
68649,2011-02-05,,,,,,,
68659,1971-08-16,,,,3.375,4,0.47871355387816905,2016-07-23
68663,2006-01-01,,,,,,,
68684,2011-03-16,1.0E7,,,,,,
68712,2009-12-31,,,,,,,
68716,2010-11-01,,,,,,,
68721,2013-04-18,2.0E8,1.215439994E9,1.015439994E9,,,,
68732,1993-12-31,,,,,,,
68736,1971-08-27,,,,,,,
6877,2006-03-10,5.0E7,1.28406887E8,7.8406887E7,4.0,1,,2004-10-28
68774,2010-12-01,,,,,,,
68780,2010-09-17,,,,,,,
68816,1968-12-19,,,,,,,
68818,2011-08-31,,623528.0,,,,,
68822,1952-04-16,,,,,,,
68823,1968-01-01,,,,,,,
68828,1986-12-16,,,,,,,
6883,1976-11-12,,,,4.5,1,,2009-04-27
68849,1936-02-19,,,,,,,
68861,2010-12-25,,,,,,,
68863,1977-08-13,,,,,,,
68865,1973-12-15,,,,,,,
68876,2007-07-13,,,,,,,
68882,1976-12-23,,,,,,,
68895,1990-11-01,,,,,,,
68922,1990-12-28,,,,,,,
68927,1995-03-31,,,,,,,
68977,1953-10-21,,,,,,,
68982,1975-12-01,,,,,,,
69,2005-09-13,,1.86438883E8,,3.8181818181818183,22,0.7162311170195085,2012-10-30
69014,1981-09-11,,,,,,,
69016,2004-12-06,,,,,,,
69040,1987-05-01,,,,,,,
69056,1991-09-25,,,,,,,
69069,1978-06-21,1380000.0,,,3.6666666666666665,3,0.5773502691896257,2016-05-11
69097,2011-06-09,,,,,,,
691,1977-07-07,1.4E7,1.85438673E8,1.71438673E8,3.357142857142857,7,0.6267831705280087,2003-08-28
69129,2004-11-19,,,,,,,
69152,1983-09-02,,,,,,,
6916,1974-03-29,,3.6782781E7,,,,,
69160,1983-10-09,,,,,,,
69165,1980-12-26,,,,,,,
69166,2005-04-15,,,,,,,
6917,1987-04-21,2500000.0,,,,,,
692,1972-03-12,12000.0,6000000.0,5988000.0,2.0,1,,2000-03-17
69204,1943-06-18,,,,,,,
69214,2007-10-26,,,,,,,
69225,2011-06-04,,,,,,,
69234,1990-03-18,1.0E7,,,,,,
69319,1974-01-01,,,,,,,
69325,2011-09-30,,,,,,,
69342,1991-07-26,,,,,,,
69417,2002-12-05,500000.0,500000.0,0.0,,,,
6945,1981-03-01,,,,3.6666666666666665,3,0.5773502691896258,2006-07-02
69471,2008-01-01,,,,,,,
6948,2006-09-25,,,,,,,
69480,2010-10-01,,,,,,,
69483,1948-08-08,,,,,,,
69484,2003-11-21,,,,,,,
6949,1972-03-09,,,,,,,
695,1993-09-05,,6110979.0,,4.0,2,0.0,2000-11-21
69535,2007-09-23,,,,,,,
69544,1952-11-03,,,,,,,
69550,2007-10-06,,,,,,,
69559,1964-12-01,,,,4.0,1,,2009-07-31
69569,1976-10-20,,,,,,,
69579,1972-02-03,,,,,,,
6962,2002-12-05,,,,,,,
6964,2003-12-12,8.0E7,2.66728738E8,1.86728738E8,3.5,1,,2003-12-17
69668,2011-09-30,5.0E7,3.850234E7,-1.149766E7,,,,
697,1928-01-20,,,,3.3333333333333335,3,1.1547005383792517,2002-04-13
6970,1998-08-13,,,,3.5,4,0.9128709291752769,2006-05-19
69716,1980-07-24,,,,,,,
69717,2010-10-29,,,,,,,
6972,2008-11-18,1.3E8,4.9554002E7,-8.0445998E7,,,,
69722,1984-10-14,,,,,,,
69727,1988-06-23,,,,,,,
69740,2010-12-08,,,,,,,
69746,2009-05-12,,,,2.5,1,,2009-10-18
6976,1971-10-31,,,,,,,
69798,2011-08-19,,8.8025781E7,,,,,
69803,2011-07-19,,,,,,,
69828,1989-10-13,,,,,,,
6984,1980-05-16,,,,,,,
69841,1941-06-06,,,,,,,
69848,1999-08-02,,,,,,,
69850,2001-01-01,,,,,,,
69851,1998-10-16,,,,,,,
69872,1972-08-04,,,,,,,
69895,1993-05-26,,,,,,,
69899,1967-06-06,,,,,,,
69903,1977-05-17,,,,,,,
69912,1966-10-08,,,,,,,
69917,2005-04-01,,,,,,,
69921,1999-10-10,,,,,,,
69928,1983-12-18,1.9E7,1.1E7,-8000000.0,,,,
69985,2011-04-21,,,,,,,
70,2004-12-15,,2.16763646E8,,3.0208333333333335,48,1.1296691915200234,2016-08-17
700,1983-06-05,,1.875E8,,3.142857142857143,7,0.6900655593423541,2008-12-10
70005,2011-10-11,,,,,,,
70006,2011-09-13,3000000.0,,,,,,
70044,2009-01-01,,,,,,,
70051,2000-01-18,,,,,,,
70057,2011-07-04,,,,,,,
7006,2007-01-05,,,,,,,
70089,1992-08-08,,,,,,,
70090,1937-05-12,,,,,,,
70104,1992-12-08,,,,,,,
70115,2010-10-15,,,,,,,
70119,2003-01-01,,,,,,,
7012,1983-11-20,,,,2.0,1,,2016-08-17
70122,1983-08-22,,,,,,,
70131,2006-11-19,,,,,,,
70133,1993-05-05,,,,,,,
7014,1973-03-01,,,,,,,
7015,1992-03-17,,,,,,,
70151,1949-09-22,,,,,,,
70160,2012-03-12,7.5E7,6.91210692E8,6.16210692E8,,,,
70172,1992-01-01,,,,,,,
70190,1999-07-23,,,,,,,
70191,1969-11-19,,,,,,,
70193,2005-11-05,,,,,,,
70199,1987-02-06,,2413427.0,,,,,
702,1951-09-18,1800000.0,8000000.0,6200000.0,5.0,1,,2015-07-16
70202,1988-09-23,,,,,,,
70207,2003-01-05,,,,,,,
70224,1956-01-01,,,,,,,
70264,2011-07-17,,,,,,,
70282,2000-01-01,,,,3.5,1,,2016-05-08
703,1977-04-19,,3.8251425E7,,3.0,1,,1997-02-06
70345,1973-07-06,,,,,,,
70366,1962-01-01,,,,,,,
70368,1915-12-13,17311.0,137365.0,120054.0,,,,
70386,2011-07-08,,,,,,,
70412,1970-06-20,,,,,,,
70418,2010-06-13,,,,3.0,1,,2009-11-08
70423,1992-05-08,,,,,,,
70436,2012-03-09,2.6E7,2.9657751E7,3657751.0,,,,
70476,2004-01-12,,,,,,,
70489,1992-10-23,,,,,,,
70490,1974-12-19,,,,,,,
70498,1966-06-29,,,,,,,
70500,1983-08-15,,,,,,,
70503,2009-04-02,,,,,,,
70512,1911-07-01,,,,,,,
70554,2008-10-24,300000.0,,,,,,
70573,1988-12-17,,,,,,,
70577,2011-10-25,1.5E7,,,,,,
70583,2011-01-25,,,,,,,
70584,2011-10-18,350000.0,,,,,,
70585,2011-07-15,,,,,,,
70586,2011-11-04,2.0E7,2128186.0,-1.7871814E7,,,,
70591,1968-07-17,,,,,,,
70609,1973-04-13,,,,,,,
70636,2010-01-01,,,,,,,
70665,2007-01-14,,,,,,,
70666,2011-03-25,,,,,,,
70695,2010-09-12,4000000.0,55125.0,-3944875.0,,,,
70738,1933-06-30,,,,,,,
70747,2009-05-14,,,,,,,
70752,2011-01-18,,,,,,,
70758,2011-05-13,,26488.0,,,,,
70772,1999-10-09,,,,,,,
70779,2000-09-11,,,,,,,
70793,2012-06-06,,,,,,,
70798,2008-10-26,,,,,,,
70803,1919-01-26,,,,,,,
70805,1997-08-27,450.0,288.0,-162.0,,,,
70810,1975-07-11,,,,,,,
70815,2001-11-09,,,,,,,
70842,1988-05-06,,331000.0,,,,,
70862,2010-03-13,,,,3.1666666666666665,3,0.7637626158259733,2016-06-13
70872,1956-01-29,,,,,,,
70874,1989-12-06,,,,,,,
70877,2011-09-27,,,,,,,
70881,1935-08-30,1152000.0,1439000.0,287000.0,,,,
70917,2009-08-31,,,,,,,
70926,1977-03-09,,,,,,,
7093,2000-05-01,3.5E7,,,0.5,1,,2005-10-07
70934,1995-07-26,,,,,,,
70939,1999-08-31,,,,,,,
70955,2005-11-16,,,,,,,
70966,1986-06-06,,,,,,,
70971,1981-12-11,,,,,,,
70981,2012-05-30,1.3E8,4.03170142E8,2.73170142E8,,,,
70988,2011-02-04,,,,,,,
70989,2006-11-22,,,,,,,
71,2000-05-18,5000000.0,1.1E8,1.05E8,2.4285714285714284,7,1.6438920136009396,2015-08-15
710,1995-11-16,,3.52194034E8,,1.5,2,0.7071067811865476,2000-05-08
71010,2002-02-21,,,,,,,
71031,2010-07-26,,,,,,,
71051,1982-06-06,,,,,,,
71063,1995-05-11,,,,,,,
71064,2003-02-21,,,,,,,
71065,1920-11-21,,,,,,,
71068,1924-08-24,,,,,,,
71098,1943-06-05,,,,,,,
71099,2002-08-18,,,,,,,
711,2000-12-21,4.3E7,8.0049764E7,3.7049764E7,3.2222222222222223,9,1.2018504251546631,2000-01-09
71117,2002-09-12,,,,,,,
71118,2000-09-07,,,,,,,
71125,1985-12-06,,,,,,,
71133,1961-03-23,,,,,,,
71134,1995-06-30,,,,,,,
71139,2007-07-03,,,,,,,
71142,1991-05-03,,,,,,,
712,1994-03-09,6000000.0,2.54700832E8,2.48700832E8,,,,
71200,1989-02-22,,,,,,,
71203,2010-09-03,,,,,,,
71204,2001-01-01,,,,,,,
71206,1970-09-30,,,,,,,
71208,2011-04-01,500000.0,,,,,,
71243,1952-10-26,,,,,,,
71271,1918-03-31,,,,,,,
71288,2010-04-24,,,,,,,
7131,2004-05-05,1.6E8,3.00257475E8,1.40257475E8,3.5,1,,2008-01-06
71316,1986-11-26,,,,,,,
71320,1976-06-02,,,,,,,
71322,2008-11-28,2500000.0,,,,,,
71329,1987-01-01,,,,,,,
71336,1967-06-06,,,,,,,
71357,1983-02-18,,,,,,,
71374,2001-04-24,,,,,,,
71378,1987-05-05,,,,,,,
71394,2009-10-23,,,,,,,
714,1997-12-11,1.1E8,3.33011068E8,2.23011068E8,3.5454545454545454,11,1.5403659541574113,2015-07-02
71461,2010-10-01,,,,,,,
71482,2011-02-25,,,,,,,
71506,2005-01-21,,,,,,,
71508,1980-10-23,,,,,,,
71511,2010-08-06,1000000.0,,,,,,
71520,1960-08-05,,,,2.9285714285714284,7,0.6725927091345493,2016-05-08
71524,1982-10-27,,,,,,,
71543,2010-09-23,,,,,,,
71548,2011-07-26,30000.0,,,,,,
71576,2005-02-10,,,,,,,
71620,2011-05-04,,,,,,,
71665,2008-09-26,,,,,,,
71668,2012-05-11,,8493728.0,,2.0,1,,2011-12-30
71672,2011-10-17,,,,,,,
71677,2011-07-28,8000000.0,,,,,,
71679,2012-09-12,6.5E7,2.40159255E8,1.75159255E8,,,,
71688,2011-12-30,,1.14956699E8,,,,,
71700,2010-01-01,,,,1.5,1,,2016-06-22
71701,1963-05-19,,,,,,,
71721,1991-11-15,,,,,,,
71730,1987-01-01,,,,,,,
71732,2006-07-19,,,,2.8333333333333335,3,1.2583057392117918,2011-10-15
71744,2011-07-01,,,,,,,
71754,1995-09-13,,,,,,,
71756,1975-02-14,,,,,,,
71769,2003-05-20,,,,,,,
71771,2011-12-09,,,,,,,
7182,2005-09-16,,,,3.0,1,,2007-10-20
71847,1989-04-28,,,,,,,
71859,2011-09-28,7000000.0,6038942.0,-961058.0,,,,
71880,2011-11-11,7.9E7,1.49673788E8,7.0673788E7,,,,
71881,1987-09-11,,,,,,,
71883,2009-08-14,,,,,,,
71885,2001-02-16,,,,,,,
71910,1972-06-19,,,,,,,
71918,2008-12-25,,,,,,,
71920,2003-12-12,,,,,,,
71945,1971-08-04,,,,,,,
71982,1995-11-12,,,,,,,
71990,1958-03-04,,,,,,,
71996,1977-06-01,,,,,,,
72002,1959-02-18,,,,,,,
72013,2010-01-23,2017928.0,,,,,,
72051,2004-07-09,1300000.0,1.1E7,9700000.0,,,,
72057,2011-03-16,,,,,,,
72074,2009-07-09,,,,,,,
72094,2010-10-01,,,,,,,
72113,2011-09-16,2.5E7,2.7603069E7,2603069.0,,,,
72114,1972-06-12,,,,,,,
72123,2008-10-03,,,,,,,
72153,1972-06-08,,,,,,,
72174,2011-08-13,,,,,,,
72185,1974-09-20,,,,,,,
7219,1979-08-25,,,,4.0,1,,2004-05-11
7220,2004-04-15,3.3E7,5.4700105E7,2.1700105E7,,,,
72207,2012-04-27,3.0E7,5.3909751E7,2.3909751E7,,,,
72213,2011-09-30,1000000.0,3.4522221E7,3.3522221E7,,,,
72214,1957-10-22,,,,,,,
72232,2003-06-15,,,,,,,
72240,2005-04-04,,,,,,,
72251,2009-05-30,,,,,,,
7227,1977-03-11,,3.0E7,,,,,
72279,1985-08-14,,,,,,,
7233,2005-07-01,4.5E7,1.6809014E7,-2.8190986E7,,,,
72331,2012-06-20,6.9E7,1.12265139E8,4.3265139E7,,,,
72354,1960-09-28,,,,,,,
72356,2000-08-23,,,,4.75,2,0.3535533905932738,2016-10-16
72359,2013-05-09,15.0,,,,,,
72363,2003-10-01,,,,,,,
7237,1989-03-01,,,,,,,
72375,1999-02-24,,,,,,,
72386,1967-03-19,,,,3.75,2,0.3535533905932738,2010-05-02
72394,1996-10-20,,,,,,,
72400,1935-09-25,,,,,,,
72431,2012-01-19,5.8E7,5.0365377E7,-7634623.0,,,,
72443,2003-12-13,,,,,,,
72455,1975-09-28,,,,,,,
72472,1952-06-13,,,,,,,
72478,2011-03-04,,,,,,,
72483,1996-03-22,,,,,,,
72485,2002-09-07,,,,,,,
7249,2007-11-27,,,,,,,
72494,1975-08-31,,,,,,,
72495,1932-03-24,,,,,,,
72508,1985-01-18,,,,,,,
72544,1947-11-21,,,,,,,
72551,2011-05-25,,,,,,,
72553,2004-09-08,,,,,,,
72558,2006-09-09,,,,,,,
72560,2011-07-22,,,,,,,
72589,2010-10-21,,,,,,,
72596,1994-06-30,,,,,,,
72602,1930-10-12,,,,,,,
72608,1933-09-22,,,,,,,
72640,1937-11-05,50663.0,,,,,,
72642,2009-03-29,,,,,,,
72660,2010-07-18,,,,,,,
7267,2008-01-31,,,,,,,
72678,2010-03-31,,,,,,,
7269,1983-07-01,,,,,,,
72710,2013-03-22,4.4E7,6.3327201E7,1.9327201E7,,,,
72711,2011-07-29,,282448.0,,,,,
72715,2002-06-28,,,,,,,
72720,2005-01-08,,,,3.5,3,1.3228756555322954,2016-06-27
72721,2010-10-27,,,,,,,
72766,2011-12-26,9000.0,,,,,,
72784,2014-10-14,1.4E7,1.007679E7,-3923210.0,,,,
72785,1982-08-26,,,,,,,
72811,1985-10-21,,,,,,,
72821,1926-07-24,,,,,,,
72823,1954-05-03,,,,,,,
72841,2011-09-09,,,,,,,
72842,2011-10-14,,,,,,,
72845,2011-09-23,,,,,,,
72856,1929-08-20,,,,,,,
72867,2004-01-01,,,,,,,
72875,2010-10-14,,,,,,,
72881,1970-11-18,4000000.0,,,,,,
72886,1995-08-28,,,,,,,
72888,1977-08-27,,,,,,,
72890,2012-09-07,,,,,,,
72898,1962-03-07,,,,,,,
72901,1963-10-01,,,,,,,
7291,2004-11-24,,,,,,,
72912,2011-11-22,,,,,,,
72914,2010-04-16,,,,,,,
72949,1979-01-01,,,,,,,
7295,2005-11-22,,,,,,,
72951,2011-10-17,4.0,,,,,,
72953,2008-12-14,,,,,,,
72962,2009-11-10,,,,,,,
72977,2004-08-03,,,,,,,
72985,2009-09-23,,,,,,,
72987,1998-09-18,,1782005.0,,,,,
72993,2011-06-29,,,,,,,
73,1998-10-30,2.0E7,2.3875127E7,3875127.0,4.115384615384615,13,0.9607689228305228,2015-12-31
7300,1996-12-20,,9.752955E7,,4.0,2,0.7071067811865476,2012-11-12
7301,2005-11-16,,,,,,,
73043,2007-08-04,5000000.0,,,,,,
7305,1993-01-15,3.2E7,3.6733909E7,4733909.0,2.5,1,,2004-02-18
73059,1962-05-15,,,,,,,
73066,2010-01-01,,,,,,,
73085,2010-01-01,,,,,,,
73098,1999-01-01,,,,,,,
73128,2010-12-22,,,,,,,
73132,2011-03-10,,,,,,,
73134,1980-11-19,,,,,,,
73191,1993-11-24,1.9E7,2119994.0,-1.6880006E7,,,,
73194,1939-11-03,,,,,,,
73203,1967-06-25,,,,,,,
73208,1967-08-01,,,,,,,
73222,2011-08-24,,,,,,,
73247,1981-12-18,1.0E7,2154696.0,-7845304.0,,,,
7326,2007-12-05,,2.31411584E8,,,,,
73265,1987-04-10,,989000.0,,,,,
73281,1988-04-12,,,,,,,
73283,2010-09-23,,,,,,,
73311,2010-07-26,,,,,,,
73329,1998-01-01,,,,,,,
73339,1997-02-28,,,,,,,
73340,2004-01-01,,,,,,,
73348,1964-11-02,,,,,,,
73351,1998-09-22,,,,,,,
73358,2011-08-28,,,,,,,
7343,2007-08-31,,307076.0,,1.5,1,,2005-03-30
7345,2007-12-28,2.5E7,7.7208711E7,5.2208711E7,,,,
73456,2011-08-11,,,,,,,
73462,1985-03-01,,1304192.0,,,,,
73474,2010-09-15,,,,,,,
73478,1962-03-11,,,,,,,
7348,1964-06-01,1200000.0,,,3.357142857142857,7,0.8521681032463467,2014-06-08
73492,1950-09-27,,,,,,,
7350,2007-12-25,4.5E7,1.75372502E8,1.30372502E8,,,,
73501,2007-01-01,,,,,,,
7351,2008-02-09,6000000.0,1300000.0,-4700000.0,,,,
73527,1999-08-29,,,,,,,
7353,2008-02-10,,,,,,,
73530,2011-09-03,,,,,,,
73532,2011-05-17,3850000.0,,,,,,
73554,2006-11-01,,,,,,,
73562,2011-05-10,,,,,,,
73575,1926-05-14,463455.0,966878.0,503423.0,,,,
73588,2011-08-26,,,,,,,
73612,1969-01-01,,,,,,,
73614,2008-05-08,1000000.0,,,,,,
73621,1984-11-16,,,,,,,
7364,2005-04-06,,1.19269486E8,,,,,
73642,2000-12-27,,,,,,,
73661,2011-09-30,,,,,,,
73682,2006-08-07,,,,,,,
73686,2011-09-02,,5576725.0,,,,,
73690,1945-07-07,,,,,,,
73700,2010-09-17,,,,,,,
73740,1968-03-22,,,,,,,
73755,1983-12-29,,,,,,,
73791,2007-06-22,,,,,,,
73823,1989-09-15,,,,,,,
73846,2011-09-26,,,,,,,
73861,2010-06-16,,,,,,,
73881,2009-02-02,,,,3.875,4,0.8539125638299665,2016-07-23
73884,2001-12-15,,,,,,,
73889,2010-09-03,,,,,,,
73933,2011-01-01,,,,,,,
73937,2011-10-13,4.1E7,7448385.0,-3.3551615E7,,,,
73941,2011-09-23,,,,,,,
73943,2011-09-11,,,,,,,
73953,2008-11-14,,,,,,,
73954,1990-02-01,,,,,,,
73963,2011-09-09,,,,,,,
73983,1948-09-11,,,,,,,
73984,1973-09-14,,,,,,,
74012,1943-04-22,,,,,,,
74018,2011-09-05,,,,,,,
74035,2008-10-31,,,,,,,
74076,2006-09-03,,,,,,,
74087,1973-01-05,,,,,,,
74097,1997-01-01,,,,,,,
74121,2000-08-16,,,,,,,
74122,1953-12-03,,,,,,,
74124,1995-07-01,,,,,,,
74130,1937-03-23,,,,,,,
74135,2011-04-23,,,,,,,
74154,2005-01-14,,,,3.5,3,0.5,2016-05-08
74171,1976-09-01,,,,,,,
74183,2003-12-19,,,,,,,
74197,1969-01-01,,,,,,,
742,2000-08-25,,,,2.75,6,1.3322912594474228,2016-08-09
74215,1963-08-15,,,,,,,
74225,1986-05-09,,,,,,,
74241,1966-07-01,,,,,,,
74257,1983-06-10,,,,,,,
74286,1949-12-02,,,,,,,
74294,2007-11-25,,,,,,,
74295,1983-12-02,,,,,,,
74302,1974-01-01,,,,,,,
74308,2011-04-24,,72689.0,,,,,
74310,2011-10-04,,,,,,,
74336,1998-04-25,,,,,,,
74379,1975-08-27,,,,,,,
74394,2011-09-09,3000000.0,,,,,,
74405,1994-01-01,,,,,,,
74415,2011-03-11,8292000.0,,,,,,
74417,1973-11-16,,,,,,,
74430,1972-10-01,,,,,,,
74436,1952-10-09,,,,,,,
74437,1950-02-21,,,,,,,
74447,2010-10-26,,,,,,,
74460,2011-03-22,,,,,,,
74461,2013-01-21,,,,,,,
74464,1998-04-30,,,,,,,
74469,1936-02-22,,,,,,,
74471,2010-08-30,,,,,,,
74481,2003-06-25,,,,,,,
745,1999-08-06,4.0E7,6.72806292E8,6.32806292E8,4.193548387096774,62,1.061065188235803,2015-09-13
7450,2000-06-16,7.5E7,3.6754634E7,-3.8245366E7,2.0,1,,2006-07-02
7451,2002-08-09,,2.77448382E8,,3.517857142857143,28,0.927782530165568,2016-07-31
74518,2010-10-19,,,,,,,
74525,1948-02-18,,,,,,,
74527,1956-10-03,,,,,,,
74549,2011-04-16,,,,,,,
74555,2009-06-17,20000.0,,,,,,
74578,2000-04-26,,,,,,,
74579,2010-01-01,,,,,,,
74580,1954-10-15,,,,3.25,2,0.3535533905932738,2016-05-07
74585,1953-04-02,,,,,,,
74604,1937-12-14,,,,,,,
74643,2011-05-15,1.5E7,1.33432856E8,1.18432856E8,,,,
74656,1951-01-01,,,,,,,
74661,1991-05-26,,,,,,,
74666,2009-06-10,,,,,,,
74681,2006-09-13,,,,,,,
747,2004-04-09,,3.0039392E7,,2.75,2,1.0606601717798212,2015-11-30
74711,1989-01-01,,,,,,,
74719,1976-05-17,,,,,,,
74726,2011-10-14,,,,,,,
74753,1954-06-21,,,,,,,
74767,1965-10-22,,,,,,,
74790,2006-03-12,,,,,,,
74852,1966-06-19,,,,,,,
74860,2011-06-09,,,,,,,
74899,1981-05-15,,,,,,,
74922,2003-10-10,,,,,,,
74935,2005-01-01,,,,,,,
74942,1996-04-20,,,,,,,
74944,2011-09-12,,,,3.0,2,0.7071067811865476,2011-11-06
74948,1974-01-01,,,,3.6666666666666665,3,0.5773502691896257,2015-07-21
74950,2007-01-18,,,,,,,
74998,2011-09-02,1.7E7,1.2355798E7,-4644202.0,,,,
75,1996-12-12,,1.01371017E8,,,,,
75000,2011-09-09,,,,,,,
75006,2011-06-09,,,,,,,
75007,2008-08-24,,,,,,,
75015,1970-04-06,,,,,,,
75020,2006-01-11,,,,,,,
75025,2005-09-09,,,,,,,
75027,2003-11-23,,,,,,,
75033,2011-09-16,1.5E7,,,,,,
75046,1957-02-14,,,,,,,
7506,1965-11-24,,,,,,,
7508,2007-12-21,2600000.0,2.843E7,2.583E7,,,,
75101,2008-03-01,5000.0,,,,,,
75132,1988-08-05,,,,,,,
75134,1994-06-08,,,,,,,
75137,1995-04-19,,,,,,,
75140,1996-05-01,,,,,,,
75141,1974-05-24,,,,,,,
75229,2011-10-07,,,,,,,
75232,2010-06-06,,,,,,,
75233,2011-08-31,,,,,,,
75250,1997-10-03,,10082.0,,,,,
75262,1972-06-06,,,,,,,
75294,1984-01-12,,,,,,,
753,1968-11-24,275000.0,,,3.5,5,0.5,2003-07-18
75300,2012-06-22,,,,,,,
75301,2011-10-21,,286201.0,,,,,
75350,1991-03-22,,,,,,,
75363,1939-10-07,4668069.0,,,,,,
75364,2010-01-20,,,,,,,
75386,2001-09-07,,251058.0,,,,,
75393,2006-06-06,,,,,,,
75404,2004-03-31,,,,,,,
75442,2011-11-18,,,,,,,
75452,2011-03-04,,,,,,,
7547,2006-01-10,6000000.0,,,,,,
75490,1994-10-14,,,,,,,
75506,1956-03-25,,,,,,,
75507,2011-09-27,,,,,,,
75510,1932-07-23,,,,,,,
7553,2005-10-07,3000000.0,1.863769E7,1.563769E7,,,,
75537,2008-09-06,,,,,,,
75547,2009-04-03,,,,,,,
75555,1995-01-20,,,,,,,
75562,2011-09-23,,,,,,,
75576,2011-12-02,,,,,,,
756,1940-11-13,,8.332E7,,3.0,1,,1996-11-17
75604,2011-09-20,,,,,,,
75608,1963-10-01,,,,,,,
75612,2013-04-10,1.2E8,2.86168572E8,1.66168572E8,,,,
75623,2011-10-18,,,,,,,
75638,2012-03-02,1.4E7,1.3551174E7,-448826.0,,,,
75657,2011-06-03,3.0,,,,,,
75674,2012-02-24,,8.1272766E7,,,,,
75680,2011-08-12,,,,,,,
75713,2011-09-30,,,,,,,
75720,2011-07-19,,,,,,,
75725,2005-12-25,,,,,,,
75733,1978-02-07,,,,,,,
75752,1961-11-07,,,,,,,
75759,1979-12-31,,,,,,,
75761,2012-01-23,,,,,,,
75770,1935-04-13,,,,,,,
75778,2000-12-31,,,,,,,
75793,1930-02-01,,,,,,,
75803,2011-09-27,,,,1.5,1,,2012-02-13
75826,1994-05-02,,,,,,,
75834,1994-11-07,,,,,,,
75861,2015-03-13,,,,,,,
75865,2002-11-15,,,,,,,
75878,2001-01-17,,,,,,,
75886,2008-09-07,,,,,,,
75889,1988-03-04,,,,,,,
75897,2003-12-10,,,,,,,
75900,2011-10-17,6400000.0,3.5057696E7,2.8657696E7,,,,
75938,1977-02-09,,,,,,,
75945,2011-03-25,,,,,,,
75948,2011-09-27,,,,,,,
75950,1943-12-02,,,,,,,
75958,1969-10-31,,,,,,,
75963,1981-04-10,,,,,,,
75981,2007-11-21,,,,,,,
76002,1971-09-17,,,,,,,
76012,2006-05-23,850.0,,,,,,
76013,2011-09-21,,,,,,,
76076,1948-09-03,,,,,,,
76084,1958-08-15,,,,,,,
76094,1936-03-13,,,,,,,
76099,2006-11-15,3900000.0,,,,,,
761,1976-10-27,,,,3.111111111111111,18,1.0369008625190794,2016-08-09
76101,2011-09-14,5000000.0,,,,,,
76102,1993-05-13,,,,,,,
76105,2001-01-13,10000.0,,,,,,
76115,2011-09-27,,,,,,,
76117,1955-07-01,,,,,,,
76121,1955-03-19,,,,,,,
76122,2011-09-12,500000.0,,,,,,
76162,,,,,,,,
76172,1984-01-01,,,,,,,
76180,2004-09-12,,,,,,,
76199,2011-09-06,,,,,,,
76202,1989-11-01,,,,,,,
76207,1975-01-15,,,,,,,
76211,1948-01-01,,,,,,,
76229,1952-02-01,,,,,,,
76264,1993-09-16,1.2E7,212483.0,-1.1787517E7,,,,
76285,2013-08-07,9.0E7,1.74578751E8,8.4578751E7,,,,
76287,1998-09-12,,,,,,,
76289,1987-01-28,,,,,,,
76312,1978-03-19,,,,,,,
76323,1997-03-21,,,,,,,
76338,2013-10-29,1.7E8,6.44571402E8,4.74571402E8,,,,
76346,2011-04-13,,,,,,,
76349,2011-07-03,3.0E7,108348.0,-2.9891652E7,,,,
76350,1986-05-13,,,,,,,
76372,1954-03-11,,,,,,,
76380,1935-04-08,,,,,,,
76382,1939-10-07,,,,,,,
76397,1981-10-02,,,,,,,
76403,1997-03-07,,,,,,,
76421,2010-06-03,,,,,,,
76424,2010-03-17,,,,,,,
76452,1973-08-14,,,,,,,
76468,1983-10-10,,,,,,,
76474,2001-01-01,,,,,,,
76475,2003-04-30,,,,,,,
76487,2012-01-06,,1.0175849E8,,,,,
76489,2012-04-13,3.0E7,5.4819301E7,2.4819301E7,,,,
76493,2012-05-15,6.5E7,1.79379533E8,1.14379533E8,,,,
76532,2011-11-23,,,,,,,
76533,1982-04-12,,,,,,,
76600,2020-12-16,,,,,,,
76609,2011-11-16,,,,,,,
76617,2013-01-03,,4.7241945E7,,,,,
76636,1975-10-01,,,,,,,
76640,2013-01-12,,,,,,,
76642,1955-04-12,,,,,,,
76649,2014-02-18,,1.17831631E8,,,,,
76681,1982-11-12,,,,,,,
76686,2012-08-10,,,,,,,
76706,2010-12-01,,,,,,,
76758,2011-12-15,,9.5311434E7,,,,,
76760,1997-02-15,,,,,,,
76764,1974-04-18,,,,,,,
76772,1956-04-13,,,,,,,
76775,1957-10-18,,,,,,,
76788,2011-08-31,6100000.0,2.8E7,2.19E7,,,,
76794,1991-10-04,,,,,,,
76809,1975-01-01,,,,,,,
76815,2011-01-01,1000000.0,,,,,,
76817,2004-04-16,,,,,,,
76821,1981-12-02,,,,,,,
76825,1987-10-08,,,,,,,
76829,1975-11-26,,,,,,,
76848,1938-10-31,,,,,,,
76850,2008-07-04,,,,,,,
76853,2006-02-10,,,,,,,
76857,1999-01-22,,,,,,,
76875,1967-09-17,,,,,,,
76891,1998-12-04,,,,,,,
76940,2009-07-11,,,,,,,
76964,1932-08-09,,,,,,,
76996,1996-08-01,,,,,,,
77,2000-10-11,9000000.0,3.9723096E7,3.0723096E7,4.0,2,0.0,2000-11-20
770,1939-12-15,4000000.0,4.00176459E8,3.96176459E8,,,,
77010,1982-10-23,,,,,,,
77016,2012-09-20,,4.8126384E7,,,,,
77041,1993-11-03,,,,,,,
77056,1995-03-22,,,,,,,
77064,1993-01-01,,,,,,,
77068,2011-10-22,,,,,,,
77073,1982-12-24,,,,,,,
77076,1966-11-09,,,,,,,
77078,1977-12-01,,,,,,,
77079,1987-10-22,,,,,,,
77123,1945-03-26,,,,,,,
77133,1910-09-12,,,,,,,
77137,1996-01-01,,,,,,,
77147,1993-01-01,,,,,,,
77171,2011-10-18,,,,,,,
77173,1968-02-01,,,,,,,
77174,2012-08-03,6.0E7,1.07139399E8,4.7139399E7,,,,
77175,2011-07-21,,,,,,,
77194,2000-07-22,,,,,,,
772,1992-11-19,1.8E7,3.58991681E8,3.40991681E8,,,,
77210,1933-12-29,,,,,,,
77221,2011-12-21,,5446000.0,,,,,
77223,1997-04-11,1.6E7,,,,,,
77241,2011-03-11,,,,,,,
77246,1998-11-01,,,,,,,
77248,2008-10-11,,,,,,,
77261,2011-10-10,,,,,,,
77269,2011-09-09,,,,,,,
77283,2002-06-28,,,,,,,
77285,1955-01-15,,,,,,,
77291,1999-04-21,,,,5.0,1,,2012-08-05
77294,1978-06-06,,,,,,,
773,2006-07-26,8000000.0,1.00523181E8,9.2523181E7,,,,
77304,1968-01-01,,,,,,,
77314,1991-12-04,,,,,,,
77322,2011-02-21,,,,,,,
77333,1970-09-04,,,,,,,
77334,1980-02-08,,,,,,,
77352,1989-01-01,,,,,,,
7737,2007-09-20,4.5E7,1.48412065E8,1.03412065E8,,,,
77412,1930-08-26,,,,,,,
77439,2011-06-29,,,,,,,
77444,2012-03-30,,,,,,,
77448,1994-07-01,,,,,,,
77451,1989-01-01,,,,,,,
77458,2011-09-21,,,,,,,
77459,2011-10-12,2.5E7,,,,,,
77460,2011-10-11,,,,,,,
77461,2011-05-16,,,,,,,
77468,2004-10-29,,,,,,,
77469,1998-02-04,,4710749.0,,,,,
77473,2007-01-27,,,,,,,
77504,2005-09-29,,,,,,,
77512,2008-02-07,,,,,,,
77528,2011-04-19,,,,,,,
77553,1967-01-19,,,,,,,
77561,2011-10-28,,,,3.4655172413793105,29,0.962984891614522,2016-10-15
77571,1969-08-20,,,,,,,
77593,1979-12-21,,,,,,,
77625,1988-02-08,,,,,,,
77632,1977-01-01,,,,,,,
77633,2001-12-21,,,,,,,
77635,2011-09-11,,,,,,,
77641,1970-02-02,,,,,,,
77642,1974-12-16,,,,,,,
77650,1951-04-26,,,,,,,
77664,1991-11-15,,402539.0,,,,,
77670,1988-09-23,,,,,,,
77680,1991-12-20,,3370574.0,,,,,
77716,2011-11-13,,,,,,,
77728,1994-10-05,1.5E7,,,,,,
77744,1940-12-27,,,,,,,
77759,1980-06-06,,,,,,,
77771,1973-07-01,,,,,,,
77775,1940-08-30,,,,,,,
77780,1989-06-01,,,,,,,
77786,2003-10-01,,,,,,,
77794,1958-10-21,,,,,,,
77822,1948-09-24,,,,,,,
77850,1985-10-30,,,,,,,
77860,1964-09-03,,,,,,,
77875,2012-11-29,3.5E7,,,,,,
77876,2011-11-25,,,,,,,
77878,2011-11-30,,3759582.0,,,,,
77880,2011-09-09,,,,,,,
77881,2011-07-01,,58840.0,,,,,
77882,1970-11-12,,,,,,,
77883,2012-08-30,1.4E7,8.5446075E7,7.1446075E7,,,,
77910,2011-07-12,,,,,,,
77930,2012-06-28,7000000.0,1.67221571E8,1.60221571E8,,,,
77931,2013-07-30,1.05E8,3.47434178E8,2.42434178E8,,,,
77949,2011-08-17,4798235.0,209696.0,-4588539.0,,,,
77950,2013-07-11,1.35E8,2.82570682E8,1.47570682E8,,,,
77964,1937-09-18,,,,,,,
77966,1932-06-25,,,,,,,
77985,1984-01-27,,,,,,,
77986,2003-04-18,,,,,,,
77987,2013-05-30,4800000.0,1.0337387E7,5537387.0,,,,
78,1982-06-25,2.8E7,3.3139618E7,5139618.0,3.2,10,0.9189365834726815,2000-11-22
78022,2011-09-08,,,,,,,
78049,2012-01-17,5000000.0,,,,,,
78056,2011-10-29,,,,,,,
78071,1974-03-07,,,,,,,
78076,1973-12-01,,,,,,,
78088,2011-03-14,,,,3.5,4,0.408248290463863,2015-11-11
78098,2010-07-26,,,,,,,
78117,1969-10-15,,,,,,,
78124,2008-05-01,,,,,,,
78132,1980-01-18,,,,,,,
78174,2009-03-25,,,,3.0,1,,2016-02-15
78177,1983-01-18,300.0,,,,,,
78182,2011-05-21,,,,,,,
782,1997-09-07,3.6E7,1.2532777E7,-2.3467223E7,3.3333333333333335,6,0.5163977794943222,2003-04-07
78202,2002-08-21,,,,,,,
78206,2011-10-25,1.2E7,1428291.0,-1.0571709E7,,,,
78228,2005-11-04,,,,,,,
78231,1998-09-11,,,,,,,
78258,2004-06-23,,,,,,,
78281,1998-08-26,,,,,,,
78293,2004-12-08,,,,,,,
78313,2011-12-19,,,,,,,
78323,2011-10-13,,2252547.0,,,,,
78329,1975-12-31,,,,,,,
78340,1993-12-01,,,,,,,
78354,1937-12-03,,,,,,,
78362,2011-10-04,,,,,,,
78363,2011-06-29,,,,,,,
78364,1985-03-29,,1878561.0,,,,,
78373,1998-05-01,,565592.0,,,,,
78375,1994-08-22,,,,,,,
78377,1967-03-22,,,,,,,
78399,1971-09-01,,,,,,,
78464,2011-04-07,,,,,,,
78476,2011-09-12,,,,,,,
78479,2006-02-17,,,,,,,
78492,1964-03-14,,,,,,,
78522,1988-01-01,,,,,,,
78527,2007-10-26,,108282.0,,,,,
78531,2005-09-16,,15504.0,,,,,
78547,2000-01-26,,,,,,,
78550,1960-09-25,,,,,,,
78552,1983-03-18,,,,,,,
78566,1977-01-01,,,,,,,
78568,1998-09-14,,,,,,,
78570,2011-09-16,,,,,,,
78573,2004-01-01,100.0,,,,,,
786,2000-09-15,,4.7383689E7,,3.108695652173913,69,1.0213513439433741,2016-08-17
7861,2006-09-12,,,,,,,
7863,1996-01-21,,,,,,,
78657,2000-09-06,,,,,,,
787,2005-06-07,1.1E8,4.7820752E8,3.6820752E8,4.5,2,0.7071067811865476,2000-05-20
78705,2004-09-21,,,,,,,
78715,2011-05-16,,,,,,,
7872,2006-03-09,,,,2.5,1,,2004-05-13
78734,1937-04-14,,,,,,,
78789,2004-03-03,,,,,,,
788,1993-11-24,2.5E7,4.41286195E8,4.16286195E8,3.0808823529411766,68,0.9167198750088122,2016-08-17
78802,1996-09-18,,,,,,,
78827,2002-10-25,,,,,,,
78854,2011-11-18,,,,,,,
789,1966-11-18,,,,,,,
78992,2006-03-22,,,,,,,
790,1980-02-08,,2.1378361E7,,,,,
79000,2011-07-20,,,,,,,
79009,1990-02-01,,,,,,,
79016,2011-08-18,,,,,,,
79031,2002-11-13,,,,,,,
79034,2006-10-26,,,,,,,
79040,2011-11-23,,,,,,,
79043,2003-09-10,,,,,,,
79051,2005-08-12,,,,,,,
79070,2011-11-14,2500000.0,3358.0,-2496642.0,,,,
79090,1943-10-10,,,,,,,
79094,1967-05-26,,,,,,,
79120,2011-09-22,8000.0,484592.0,476592.0,,,,
79137,2011-11-14,,,,,,,
79145,2011-08-11,,,,,,,
79151,2011-10-13,,,,,,,
79156,2007-07-22,,,,,,,
7916,2008-01-01,3.0E7,,,3.5,2,0.0,2005-08-16
79163,2006-04-07,,2203.0,,4.0,1,,2015-09-13
79180,1959-10-23,,,,,,,
79192,1971-10-01,,,,,,,
79210,2005-09-30,,,,,,,
79224,2011-08-10,8000000.0,4.9E7,4.1E7,2.25,4,0.8660254037844386,2016-07-04
79234,1993-06-06,,,,,,,
79236,2001-08-30,,,,,,,
79280,2008-12-17,,,,,,,
79306,1996-10-17,,2035470.0,,,,,
79327,2011-11-07,,,,,,,
79331,1959-05-01,,,,,,,
79354,2011-09-16,,,,,,,
79362,2011-12-22,,,,,,,
79365,1980-10-29,,,,,,,
79372,1942-05-21,,,,,,,
79374,2011-08-10,,,,,,,
79378,2011-04-06,,,,,,,
79382,2011-06-11,,,,,,,
79404,2010-10-06,,,,,,,
79426,1972-08-08,,,,,,,
79435,1999-03-03,,,,,,,
79464,2011-11-11,1.092E7,1.966E7,8740000.0,,,,
79465,2012-02-01,,,,,,,
79466,1966-08-05,,,,,,,
79474,1996-11-15,,,,,,,
79500,1993-06-30,,,,,,,
79506,1962-05-04,,,,,,,
79521,1956-03-31,,,,,,,
79526,2007-10-04,,,,,,,
79548,2012-02-23,,1.8100189E7,,,,,
79550,2012-01-16,2000000.0,,,,,,
79570,2003-10-10,2000000.0,,,,,,
79572,1972-02-25,,,,,,,
79593,1995-09-08,1.4E7,5780000.0,-8220000.0,,,,
79594,1981-12-18,,,,,,,
796,1999-03-05,1.05E7,7.5902208E7,6.5402208E7,,,,
79615,1987-03-01,,225358.0,,,,,
79645,1971-05-28,,,,,,,
79678,1981-01-01,,,,,,,
79683,1971-12-03,,,,,,,
79698,2015-02-13,2.7E7,,,,,,
797,1966-10-18,,,,,,,
79720,1972-01-01,,,,3.25,2,0.3535533905932738,2016-10-10
79723,2011-12-07,,,,,,,
79728,2011-06-29,,,,,,,
79730,1957-10-16,,,,,,,
79735,1971-08-16,,,,,,,
79737,2009-03-15,,,,,,,
7975,1990-09-13,,,,,,,
79757,1928-05-27,,,,,,,
79767,2004-09-06,,,,,,,
79775,1990-03-25,,,,,,,
79777,2011-12-23,1.0E7,303877.0,-9696123.0,,,,
79778,2012-03-02,,,,,,,
7978,2010-02-11,1.5E8,,,,,,
79781,2012-03-09,,,,,,,
79782,2010-05-25,,,,,,,
79785,1980-03-28,,,,,,,
798,1953-08-26,,,,3.4166666666666665,12,0.6685579234215214,2006-07-25
7980,2009-12-26,6.5E7,9.3525586E7,2.8525586E7,3.357142857142857,7,0.4755948656056709,2015-07-02
79818,1997-12-21,,,,,,,
79823,1980-09-01,,,,,,,
7983,1954-02-11,8500000.0,,,3.375,4,1.0307764064044151,2016-05-25
7984,1993-12-12,1.3E7,6.5796862E7,5.2796862E7,3.5,1,,2015-12-01
7985,2006-03-01,1.5E7,,,,,,
79850,2011-06-29,,,,,,,
79853,1976-07-13,,,,,,,
79854,2010-06-12,,,,,,,
79860,2006-11-05,,,,,,,
79890,2011-11-17,,,,,,,
79892,1955-03-18,,,,,,,
79893,2011-06-03,2000000.0,,,,,,
799,1999-03-11,,,,3.2291666666666665,24,0.38951381810245655,2016-05-08
79906,2011-10-14,,,,,,,
79908,2004-01-01,,,,,,,
79911,1979-01-01,400.0,,,,,,
79919,2011-02-16,,,,,,,
79924,2007-01-01,,,,,,,
79983,2007-10-05,54166.0,,,,,,
79995,2011-07-13,,,,,,,
800,1950-11-09,,,,4.071428571428571,35,0.7778444682625973,2007-07-04
80019,2007-01-01,,,,,,,
80031,1950-10-01,,,,,,,
80032,1953-03-20,,,,,,,
80034,2011-05-31,1800000.0,,,,,,
80041,2010-07-10,,,,,,,
80047,1988-01-01,,,,,,,
80054,1940-03-22,,,,,,,
8007,2001-11-17,4.0E7,9.1753202E7,5.1753202E7,,,,
8008,2005-06-02,,,,3.3333333333333335,3,0.5773502691896258,2005-04-02
80082,1956-11-27,,,,,,,
80086,1940-12-05,,,,,,,
801,1987-12-23,1.3E7,1.2392237E8,1.1092237E8,3.2083333333333335,12,0.7821396449755148,2008-07-14
80105,2011-12-02,,,,,,,
8011,1994-11-29,,3.68E7,,3.3,5,0.8366600265340757,2011-01-28
80115,2009-05-08,,,,,,,
8012,1995-10-20,3.025E7,1.15101622E8,8.4851622E7,4.375,4,0.47871355387816905,2010-12-06
80125,2011-12-15,,,,,,,
80136,2006-05-19,,,,,,,
80151,1960-03-04,,,,,,,
80153,2011-10-26,,,,,,,
80155,1977-01-01,,,,,,,
8016,1948-12-01,,,,2.25,2,0.3535533905932738,2013-09-26
80193,1932-10-08,,,,,,,
80196,1939-12-30,,,,,,,
802,1962-06-13,2000000.0,9250000.0,7250000.0,3.326388888888889,72,1.0882202883291332,2016-05-08
80210,2011-07-15,1000000.0,,,,,,
80218,2003-01-20,,,,,,,
80219,2003-04-07,,,,4.0,6,0.31622776601683794,2015-11-05
80220,1977-12-14,,,,,,,
80243,2002-06-06,,,,,,,
80274,2013-10-23,1.1E8,1.25537191E8,1.5537191E7,,,,
80277,2011-12-16,,,,,,,
80280,2012-03-30,,1.0158E7,,,,,
80296,1975-06-06,,,,,,,
80301,2011-11-19,,,,,,,
80303,1996-08-10,,,,,,,
80318,2012-11-16,,,,,,,
80320,1959-07-24,,,,,,,
80324,1960-12-17,,,,,,,
80343,1992-03-13,,,,,,,
80350,1995-02-14,,,,0.5,2,0.0,2010-12-16
80362,2011-03-11,900000.0,,,,,,
80368,1985-10-04,,,,,,,
80379,2011-12-10,,1000000.0,,,,,
80387,2012-01-20,,,,,,,
80389,2012-03-15,3.5E7,,,,,,
80394,2004-04-06,,,,,,,
804,1953-09-02,1500000.0,1.2E7,1.05E7,2.892857142857143,14,0.8809647558778393,2006-04-23
80410,2011-11-03,4500000.0,,,,,,
80435,2010-02-11,,,,,,,
80437,2011-05-26,,,,,,,
80443,1964-04-22,,,,,,,
80471,1999-01-29,,,,,,,
8052,1996-02-28,3000000.0,222559.0,-2777441.0,,,,
80523,2007-01-01,,,,,,,
8053,2005-11-17,1.5E7,1.2036149E7,-2963851.0,,,,
80545,2007-03-29,,,,,,,
8055,2008-12-10,3.2E7,1.1301929E8,8.101929E7,,,,
80555,1958-09-11,,,,,,,
80556,1977-10-02,,,,,,,
8056,1998-09-16,154790.0,,,2.5,1,,2007-05-18
80585,2012-06-13,7.5E7,5.9418613E7,-1.5581387E7,,,,
80597,2010-01-24,,,,,,,
80609,2001-04-22,,,,,,,
80613,1989-09-11,,,,,,,
80616,1943-03-26,,,,,,,
80618,2011-12-06,,,,,,,
80647,2008-06-06,,,,,,,
80648,2001-09-26,,,,,,,
80653,1984-01-11,,,,,,,
80660,2004-02-12,,,,,,,
80670,2011-03-08,,,,,,,
80680,1974-11-01,,,,,,,
8069,1968-10-10,9000000.0,2500000.0,-6500000.0,,,,
80699,2011-07-07,,,,,,,
807,1995-09-22,3.3E7,3.27311859E8,2.94311859E8,,,,
8070,1978-04-05,,,,3.5,1,,2006-02-20
80705,1930-05-23,,,,,,,
80709,2011-12-25,,,,,,,
8071,1972-04-28,,,,,,,
80713,1999-03-05,,,,,,,
80717,2011-08-11,,,,5.0,1,,2016-10-06
8074,1967-03-17,,,,,,,
80746,1954-01-09,,,,,,,
80754,1980-08-12,,,,,,,
80767,2011-06-11,,2550508.0,,,,,
80775,1956-08-16,,,,,,,
80787,2011-11-21,,,,,,,
808,2001-05-16,6.0E7,4.84409218E8,4.24409218E8,3.25,2,0.3535533905932738,2006-03-31
80844,1977-06-08,,,,1.0,1,,2015-06-10
80849,1990-10-05,,,,,,,
80853,1942-12-01,,,,,,,
80881,1924-07-25,,,,,,,
80890,1949-07-13,,,,,,,
8090,2008-01-22,3.5E7,3.248341E7,-2516590.0,,,,
80911,1973-09-22,760000.0,,,,,,
8092,1993-04-09,,4104962.0,,,,,
80928,1932-11-19,16855.0,,,,,,
80941,1944-06-14,,,,,,,
8095,1963-06-12,3.1115E7,7.1E7,3.9885E7,,,,
80961,1977-08-09,,,,,,,
80965,1984-06-01,,,,,,,
80988,1963-06-06,,,,,,,
80992,1981-10-01,,,,,,,
81001,1982-12-22,,,,,,,
81005,2013-02-27,1.95E8,1.97687603E8,2687603.0,,,,
81009,1984-05-24,,,,,,,
81086,2005-03-24,,,,,,,
81113,1934-05-18,,,,,,,
81116,1936-04-03,,,,,,,
81178,1937-02-12,,,,,,,
81202,2011-11-24,,,,,,,
81213,2006-01-01,,,,,,,
81217,1996-05-10,,,,,,,
81225,2011-03-31,,,,,,,
81229,2002-01-01,,,,4.027777777777778,18,0.7370893118169407,2016-10-07
81232,2011-02-10,,,,,,,
81246,1997-07-29,,,,,,,
81250,2011-11-11,,,,,,,
81274,1990-10-14,,,,,,,
81294,1948-01-01,,,,,,,
81296,1996-06-15,,,,,,,
81297,1985-10-21,,,,,,,
813,1980-07-02,3500000.0,8.3453539E7,7.9953539E7,2.6666666666666665,3,1.5275252316519468,2000-06-28
81310,1968-12-20,,,,,,,
81312,2006-01-20,,,,,,,
81313,2003-10-24,,,,,,,
81315,1968-11-07,,,,,,,
81342,2011-12-20,,9696204.0,,,,,
81346,1982-03-01,,,,,,,
81347,2011-09-23,900000.0,,,,,,
81367,1998-01-23,,,,,,,
81382,2002-10-27,,,,,,,
81391,2008-12-06,,,,,,,
81393,2011-12-11,,,,,,,
81409,1962-09-23,,,,,,,
81434,2009-02-07,,,,,,,
81436,1976-01-01,,,,,,,
81438,2011-12-20,,,,,,,
8144,1971-04-02,,,,,,,
81440,2011-12-02,,,,,,,
81446,2012-08-27,,,,,,,
81463,1981-01-01,,161362.0,,,,,
81464,1970-01-05,,,,,,,
81472,1982-06-01,,,,,,,
81475,1983-03-01,2000000.0,,,,,,
81477,1969-09-18,,,,,,,
815,1999-10-03,2.3E7,,,,,,
81509,1972-01-01,,,,,,,
81515,2010-04-23,,,,,,,
81527,2011-03-11,,,,,,,
81534,2011-10-31,1500000.0,,,,,,
81537,2007-01-25,,,,2.8,5,1.036822067666386,2015-11-12
81538,2004-12-10,,,,,,,
81540,2002-01-01,,,,,,,
81541,1973-07-05,,,,,,,
81549,1998-11-27,,,,,,,
81551,1993-02-05,,,,,,,
81556,2011-11-03,,,,,,,
81560,2011-04-01,,,,,,,
81583,2010-06-18,,,,,,,
81586,2008-11-14,,,,,,,
81600,2004-09-16,,,,,,,
81633,2010-10-24,,,,,,,
81644,2011-11-11,,,,,,,
81646,2010-01-01,,,,,,,
81670,2011-07-29,,,,,,,
81694,2011-08-26,97.0,,,,,,
81720,1959-12-01,75000.0,,,,,,
81782,2000-11-09,,,,3.0,6,0.5477225575051661,2016-05-07
81796,2012-04-12,2.0E7,3.220403E7,1.220403E7,,,,
81824,1986-03-21,,,,,,,
81830,2011-12-27,,,,,,,
81857,2011-09-01,,,,,,,
81871,1965-01-27,,,,,,,
81878,1949-02-28,,,,,,,
81887,1982-12-01,,,,,,,
81894,1983-08-01,,,,,,,
81899,2011-11-30,,,,,,,
8194,2006-09-29,,516139.0,,2.75,2,0.3535533905932738,2015-06-11
81949,1994-05-15,,65352.0,,3.0,1,,2011-08-29
8198,2002-11-22,3.0E7,2.7674124E7,-2325876.0,,,,
81996,1994-04-10,,,,,,,
8202,2005-11-30,,5.2304001E7,,,,,
82020,1988-08-27,,,,,,,
82028,2012-01-25,,,,,,,
82029,2011-08-03,,,,,,,
8209,2008-02-08,200000.0,,,,,,
82096,1934-11-23,947000.0,1120000.0,173000.0,,,,
82099,2011-11-28,,,,,,,
82100,2009-11-13,,,,,,,
82120,1895-12-27,,,,,,,
82124,1986-08-15,,,,,,,
8213,2009-02-08,,,,,,,
82134,2004-01-18,,,,,,,
82136,2011-01-28,,,,,,,
82153,1990-02-12,,,,,,,
82157,2004-10-26,,,,,,,
8216,1989-08-12,750000.0,,,,,,
82178,1933-09-08,,,,,,,
82191,1971-04-02,,,,,,,
8220,1983-03-10,,,,,,,
8223,1993-10-28,,,,,,,
8224,1999-02-26,4.0E7,9.6618699E7,5.6618699E7,,,,
82260,1932-01-23,,,,,,,
82265,1984-01-20,,,,,,,
82283,1927-02-15,,,,,,,
823,1999-11-17,,,,,,,
82311,1960-05-01,,,,,,,
82313,2008-12-04,,,,,,,
82326,2011-10-24,,,,,,,
82341,1983-02-02,,,,,,,
82342,2005-03-05,,,,,,,
82362,1975-02-01,,,,,,,
82377,2003-12-14,,,,,,,
82386,1994-08-20,,,,,,,
82394,1938-05-20,700000.0,,,,,,
82397,1931-12-12,,,,,,,
824,2001-03-09,5.25E7,1.79213434E8,1.26713434E8,3.0,3,1.0,2004-02-17
82401,1999-04-10,,,,,,,
82404,2006-05-26,,,,,,,
82409,2007-11-15,,,,,,,
82450,2012-03-02,6629445.0,,,,,,
82466,2011-05-07,,,,,,,
82470,1954-12-28,,,,,,,
82473,2001-12-01,,,,,,,
82474,1927-01-01,,,,,,,
82477,2011-09-29,6000000.0,,,,,,
82485,2012-01-02,5000000.0,,,,,,
82495,2001-03-21,,,,,,,
825,1998-12-30,2.0E7,3970078.0,-1.6029922E7,,,,
82501,2011-11-16,,,,,,,
82519,1998-04-18,,,,,,,
82520,2011-05-14,,,,,,,
82523,1981-10-09,,,,,,,
82532,2011-09-13,1.0E7,4417580.0,-5582420.0,,,,
82575,2001-10-26,,,,,,,
82576,1920-11-08,,,,,,,
82594,2007-11-08,,,,,,,
82598,1976-11-07,,,,,,,
826,1957-10-02,3000000.0,2.72E7,2.42E7,,,,
82618,2012-05-11,5000000.0,,,,,,
82622,2010-04-24,,,,,,,
82624,2011-02-18,,,,,,,
82626,2012-01-20,,,,,,,
82627,2010-03-14,,,,,,,
82639,2012-09-21,,,,,,,
82650,2012-08-02,2.2E7,7.7112176E7,5.5112176E7,,,,
82657,2014-05-16,,,,,,,
8266,2008-02-08,,,,2.5,1,,2004-05-25
8267,2007-05-21,,,,3.5,1,,2011-01-28
82675,2012-09-27,4.5E7,3.76141306E8,3.31141306E8,,,,
82682,2013-01-10,6.0E7,1.05200903E8,4.5200903E7,,,,
82684,2012-10-25,,,,,,,
82685,2011-10-14,,,,,,,
82686,2011-09-06,,,,,,,
82687,2012-12-19,4.0E7,4.1863726E7,1863726.0,,,,
82688,2011-09-15,,,,,,,
82690,2012-11-01,1.65E8,4.71222889E8,3.06222889E8,,,,
82695,2012-12-18,6.1E7,4.4180977E8,3.8080977E8,,,,
82698,2011-12-09,,,,,,,
8271,2007-04-12,2.0E7,1.17760134E8,9.7760134E7,,,,
8273,2003-08-01,5.5E7,2.31449203E8,1.76449203E8,4.0,1,,2009-11-15
82731,1921-08-28,1500000.0,,,,,,
82737,2002-03-14,,,,,,,
8274,2005-10-30,1.0E7,,,,,,
8276,2008-03-19,,,,,,,
82762,2001-02-09,,,,,,,
82767,1947-12-23,,,,,,,
8279,2008-01-19,,2.355E7,,,,,
82792,1960-12-21,,,,,,,
82819,1946-04-29,,,,,,,
8282,2008-03-05,,,,,,,
82838,1956-11-02,,,,,,,
8284,2009-05-01,,,,,,,
82858,1960-10-15,,,,,,,
8286,1969-01-01,,,,,,,
82866,2007-10-24,,,,,,,
8288,1982-07-16,,,,,,,
82881,2012-01-13,,,,,,,
8289,1983-12-15,,1.6175602E7,,,,,
829,1974-06-20,6000000.0,3.0E7,2.4E7,1.0,7,0.0,2010-04-20
8290,1966-12-07,,,,0.5,1,,2004-06-18
8291,1993-07-23,1.4E7,2.7515786E7,1.3515786E7,,,,
82916,2010-12-18,,,,,,,
8292,2005-08-11,4.5E7,9.2374674E7,4.7374674E7,,,,
82935,2011-11-04,,,,,,,
82939,2010-03-12,,,,,,,
82962,1976-01-14,,,,,,,
82968,2011-09-27,,,,,,,
82970,1932-08-27,,,,,,,
82990,2012-10-17,5000000.0,1.42817992E8,1.37817992E8,,,,
82999,2012-02-02,,,,,,,
83059,2008-07-29,,,,,,,
83088,1989-03-18,,,,,,,
83091,1988-03-12,,,,,,,
83099,1953-12-04,,,,,,,
83105,1986-01-17,,,,,,,
83114,2011-09-15,800.0,,,,,,
83122,1968-08-14,,,,,,,
83124,1970-12-24,,,,,,,
83125,2011-04-01,19000.0,,,,,,
83140,1970-08-07,,,,,,,
83185,2003-05-20,,,,,,,
83186,2012-09-05,,,,,,,
8319,2007-01-25,,,,,,,
83191,2012-01-01,,,,,,,
83209,2010-06-24,,,,,,,
83229,1986-10-02,,,,,,,
83232,1967-09-29,,,,,,,
83234,1961-01-01,,,,,,,
8324,2006-05-16,,,,,,,
8325,2003-09-08,,,,,,,
83266,2004-10-28,,,,,,,
8328,2008-02-14,,1.508167E8,,,,,
83284,2007-08-23,,,,,,,
83297,1980-05-24,,,,,,,
83310,1971-01-01,,,,,,,
8332,2005-04-24,1900000.0,,,3.5,1,,2005-12-05
8333,1974-10-02,,,,,,,
83330,2011-10-19,,,,,,,
8336,1998-08-02,,,,3.5,1,,2011-01-28
83360,1940-10-22,,,,,,,
83363,1989-01-01,,,,,,,
8338,2008-05-14,,1.9844979E7,,3.8333333333333335,3,0.5773502691896258,2011-06-04
83382,2012-01-06,,,,,,,
83406,2012-01-12,,,,,,,
83415,1987-05-21,,,,,,,
8342,2001-09-08,1012153.0,,,,,,
83429,1961-12-30,,,,,,,
83435,1939-06-06,,,,,,,
83444,1968-06-01,,,,,,,
83446,1980-09-08,,,,,,,
83461,1972-01-01,,,,,,,
83473,2011-11-08,,,,,,,
83475,1970-10-12,,,,,,,
8349,2008-03-29,,40239.0,,,,,
83491,1984-12-26,,,,,,,
83492,1984-06-06,,,,,,,
83495,1987-12-13,,,,,,,
83505,2002-09-19,,,,,,,
83519,1964-03-01,,,,,,,
8353,1931-05-17,,,,,,,
8355,2009-06-29,9.0E7,8.86686817E8,7.96686817E8,,,,
8356,1957-07-11,,,,,,,
83573,2011-09-23,,,,,,,
8358,2000-12-22,9.0E7,4.29632142E8,3.39632142E8,,,,
83581,2000-08-25,,,,,,,
83583,2011-08-09,1750000.0,,,,,,
83599,1993-06-03,,,,,,,
836,1963-08-22,,,,2.576923076923077,13,0.8125616347431192,2011-01-20
83613,1989-02-03,,,,2.3125,8,1.1630471062809844,2016-05-07
83617,2008-10-23,,,,,,,
83660,2011-10-10,,,,,,,
83665,1954-09-07,,,,,,,
83667,1951-02-03,,,,,,,
8367,1991-06-14,4.8E7,3.90493908E8,3.42493908E8,3.0,2,1.4142135623730951,2011-06-04
83678,1998-02-27,,,,,,,
8368,2008-01-01,,,,3.761904761904762,84,0.8194774652921393,2016-10-15
83683,1951-04-05,,,,,,,
83686,2012-09-07,,1.3231461E7,,,,,
83706,2012-01-19,,,,,,,
8372,1968-12-20,,,,1.5,4,1.0,2015-11-12
83723,1975-10-18,,,,,,,
83732,2011-10-14,,,,,,,
83746,1956-02-25,,,,,,,
83754,2011-11-10,,,,,,,
83770,2012-05-22,2.5E7,8784318.0,-1.6215682E7,,,,
83782,1960-12-01,,,,,,,
8383,1970-08-31,,,,,,,
83849,1975-10-31,,,,,,,
8386,2001-12-21,1.2E7,3.1155435E7,1.9155435E7,,,,
83865,2011-12-29,,,,,,,
83868,1933-11-11,,,,,,,
83889,2012-01-13,,,,,,,
83897,2008-04-30,,,,,,,
839,1972-10-01,,,,3.272727272727273,11,1.169693044427391,2012-08-05
8390,2008-02-08,,5.5447968E7,,,,,
83902,2002-05-09,350000.0,6100000.0,5750000.0,,,,
83903,2005-12-23,,,,,,,
8391,1995-05-05,,,,,,,
83912,2002-01-01,,,,,,,
84023,1998-08-11,,,,,,,
84028,1989-01-01,,,,,,,
84050,1961-06-28,,,,,,,
84062,1975-10-07,,,,,,,
84066,1982-01-01,,,,,,,
84079,1958-07-09,,,,,,,
8408,1985-07-19,3500000.0,3.4E7,3.05E7,,,,
84089,2007-03-29,,,,,,,
8409,2003-04-04,3.6E7,4.4350926E7,8350926.0,,,,
841,1984-12-14,4.0E7,3.092569E7,-9074310.0,3.7142857142857144,7,0.5669467095138409,2015-06-10
84100,1934-12-01,,,,,,,
84106,2011-10-07,4500000.0,,,,,,
84108,1973-02-02,,,,,,,
84109,1956-02-17,,,,,,,
84111,2011-08-19,,,,,,,
84114,1966-08-01,,,,,,,
8413,1997-08-15,6.0E7,2.6673242E7,-3.3326758E7,,,,
84152,1993-10-13,,,,3.8157894736842106,19,0.6710382982072027,2016-07-28
84165,2012-03-28,8000000.0,1653792.0,-6346208.0,,,,
84166,2012-01-21,,,,,,,
84167,2012-01-25,,,,,,,
8417,1940-09-24,,,,,,,
84174,2012-08-06,3000000.0,1.1947954E7,8947954.0,,,,
84176,2012-10-19,,,,,,,
8418,1945-01-30,,,,,,,
84188,2012-08-23,,319285.0,,,,,
84190,2012-09-07,,,,,,,
84194,2012-09-12,,,,,,,
84196,2013-03-01,,,,,,,
84198,2012-03-22,,,,,,,
84199,2012-10-19,,,,,,,
842,2004-05-17,,3537961.0,,2.3333333333333335,3,0.5773502691896257,2016-08-17
8420,1956-11-28,,,,4.0,1,,2010-03-14
84200,2012-08-31,850000.0,1243961.0,393961.0,,,,
84201,2012-02-12,,,,,,,
84203,2012-08-10,3000000.0,,,,,,
84204,2012-08-10,,,,,,,
84207,1978-02-10,,,,,,,
8421,2006-05-23,,,,,,,
84211,1998-03-29,,,,,,,
84233,1975-01-01,,,,,,,
84237,1937-08-25,,,,,,,
8424,2003-09-17,,,,,,,
84240,2012-01-13,,,,,,,
84242,2004-11-12,,,,,,,
84248,1933-02-18,,,,,,,
84249,1961-07-13,,,,,,,
8425,1974-01-16,,,,,,,
8427,2002-10-31,7.0E7,3.3561137E7,-3.6438863E7,,,,
84278,1966-03-04,,,,,,,
8428,1990-08-22,,1.1541758E7,,,,,
84281,2012-09-07,,,,,,,
84284,2012-10-05,,,,,,,
84285,1971-06-30,,,,,,,
84286,2012-09-20,,,,,,,
84288,2012-01-20,,,,,,,
8429,1946-12-10,,,,,,,
84295,1931-04-25,,,,,,,
843,2000-05-22,,1.2854953E7,,,,,
8430,1975-10-24,,,,,,,
84305,2012-06-22,2.635E7,1576687.0,-2.4773313E7,,,,
84308,2011-09-22,,,,,,,
84309,2012-01-01,,,,,,,
84316,2012-01-22,,,,,,,
84327,2012-07-06,,714544.0,,,,,
84328,2012-08-10,,,,,,,
84329,2012-08-16,2500000.0,3325038.0,825038.0,,,,
84332,2012-06-08,,4007792.0,,,,,
84336,2012-02-12,6300000.0,419953.0,-5880047.0,,,,
84338,2012-04-12,,,,,,,
84342,2012-06-15,,288312.0,,,,,
84344,2012-01-22,,,,,,,
84346,2011-09-12,,,,,,,
84347,2012-05-11,,,,,,,
84348,2012-07-28,,100345.0,,,,,
84352,1967-05-01,,,,,,,
84355,2011-09-11,125000.0,3200000.0,3075000.0,,,,
8436,2006-08-09,,,,,,,
84362,1980-12-05,,,,,,,
84364,1949-03-05,,,,,,,
84368,1993-12-25,,,,,,,
8438,1995-01-20,,1.7381942E7,,,,,
8439,2002-10-22,,217201.0,,,,,
84391,2011-03-15,,,,,,,
84397,1951-12-25,,,,,,,
84401,2012-02-24,,845188.0,,,,,
84418,1972-01-01,,,,,,,
84425,1976-03-09,,,,,,,
84427,2011-09-20,,,,,,,
8444,2001-01-25,,,,,,,
8446,1976-06-26,,,,,,,
84465,1971-12-12,,,,,,,
84493,1978-05-03,,,,,,,
84496,1970-05-01,,,,,,,
84499,1987-06-12,,,,,,,
845,1951-06-18,1200000.0,7000000.0,5800000.0,5.0,1,,2000-04-06
84511,1967-12-13,,,,,,,
8453,2006-05-26,5300000.0,2.2175908E7,1.6875908E7,4.0,1,,2015-09-13
84569,2010-09-10,,,,,,,
84572,2007-05-09,,,,,,,
84575,2012-03-06,5000000.0,,,,,,
84577,2012-04-16,,,,,,,
8461,2007-10-20,1.5E7,7938872.0,-7061128.0,,,,
8462,1925-03-01,,,,2.5,1,,2006-01-29
84628,1981-07-09,,,,,,,
84633,1993-10-01,,,,,,,
8464,1999-09-11,,,,3.533333333333333,45,0.9070431482169261,2016-08-17
84642,1972-10-20,,,,,,,
84656,1943-04-12,,,,,,,
84660,1958-04-19,,,,,,,
84672,1986-04-30,,,,,,,
8469,1978-07-27,2700000.0,1.41E8,1.383E8,,,,
84690,2011-10-02,3500000.0,,,,,,
84705,2004-11-11,,,,,,,
84708,1943-06-04,,,,,,,
8471,2007-08-30,,,,,,,
84711,1945-06-25,,,,,,,
84718,1935-02-04,,,,,,,
84719,1941-03-28,,,,,,,
84729,1989-12-22,,,,,,,
84735,1981-09-25,,,,,,,
84739,2003-01-01,,,,,,,
84742,2012-11-15,300000.0,,,,,,
84760,1986-04-14,,,,,,,
84771,1984-11-02,,,,,,,
84772,1916-03-05,,,,2.8125,8,0.8838834764831844,2016-05-08
84774,1981-01-31,,,,,,,
84782,1957-05-23,,,,,,,
84796,1972-10-19,,,,,,,
84801,1978-05-01,,,,,,,
84820,1955-08-24,,,,,,,
84823,1966-04-25,,,,,,,
84834,1973-10-13,,,,,,,
84875,1940-12-20,,,,,,,
84880,1924-05-10,,,,,,,
84892,2012-09-20,1.3E7,3.34E7,2.04E7,,,,
8490,1980-10-31,8500000.0,,,,,,
84903,1952-02-01,,,,,,,
84908,1935-11-04,,,,,,,
84917,2012-01-20,,,,,,,
84922,1974-04-04,,,,,,,
84942,2011-12-25,,,,,,,
84951,1990-05-20,,,,,,,
84956,1923-10-16,,,,,,,
84972,1961-10-20,,,,,,,
84984,1983-09-09,,,,,,,
85,1981-06-12,1.8E7,3.89925971E8,3.71925971E8,4.0625,16,0.6800735254367721,2006-08-14
850,1983-11-18,,1.9294144E7,,4.5,4,0.9999999999999999,2000-05-20
85023,1973-01-01,,,,,,,
85032,2011-11-26,,,,,,,
85038,2012-01-18,6000000.0,3.5E7,2.9E7,,,,
85039,2010-01-22,,,,,,,
85043,2012-02-24,,,,,,,
85052,2012-04-05,,,,,,,
85087,2008-01-30,,,,,,,
85097,2008-11-20,,,,,,,
851,1945-11-24,,,,3.0,8,0.9258200997725514,2004-10-12
85107,2010-01-01,,,,,,,
85110,1962-01-01,,,,,,,
85125,2005-11-29,,,,,,,
85160,1987-08-28,,,,,,,
85162,1988-10-26,,,,,,,
85184,1980-10-30,,,,,,,
85196,1982-01-01,,,,,,,
85200,1982-01-08,,,,,,,
85220,1908-02-01,,,,,,,
85232,1940-01-26,,,,,,,
85255,1970-01-09,,,,,,,
85262,1931-04-18,,,,,,,
85290,1970-06-17,,,,,,,
853,2001-03-13,6.8E7,9.697627E7,2.897627E7,,,,
85304,2008-04-29,,,,,,,
85312,2011-03-11,,,,,,,
85317,2011-12-15,,,,,,,
85339,1980-10-07,,,,,,,
85340,2011-09-30,,,,,,,
85341,1979-05-09,,,,,,,
85350,2014-06-05,4000000.0,4.4349E7,4.0349E7,,,,
85365,1973-08-23,,,,,,,
85377,2011-04-23,,,,,,,
854,1994-07-29,2.3E7,3.51583407E8,3.28583407E8,4.0,1,,1998-06-18
85420,1978-11-01,,,,,,,
85424,1992-01-01,,,,,,,
85428,1962-01-01,,,,,,,
85429,2000-02-09,,,,,,,
85430,2004-07-11,1000000.0,,,,,,
85498,1953-07-26,,,,,,,
85505,1930-11-29,,,,,,,
85507,1929-04-06,,,,,,,
85509,1984-08-03,,,,,,,
85512,1981-07-24,,,,,,,
85518,1952-06-20,,,,,,,
85535,1967-01-01,,,,,,,
85544,2011-08-08,,,,,,,
85545,2011-09-09,,911466.0,,,,,
85546,2012-01-03,,,,,,,
85547,2011-09-09,,,,,,,
85550,2005-05-27,,,,,,,
85556,1989-09-29,,,,,,,
85566,2010-05-01,,,,,,,
8557,2006-09-11,,,,,,,
85580,2003-04-30,,,,,,,
85588,1995-09-02,,,,,,,
85589,1995-09-29,2535000.0,,,,,,
85598,1985-09-20,,,,,,,
856,1988-06-21,7.0E7,3.29803958E8,2.59803958E8,,,,
85610,1930-10-04,,,,,,,
85611,1959-12-04,,,,,,,
85616,2011-11-25,,,,,,,
85620,1960-09-14,,,,,,,
85621,2011-08-25,,,,,,,
85628,1982-12-01,,,,,,,
85644,1969-01-15,,,,,,,
85648,1973-06-20,,,,,,,
85651,1978-05-24,,,,,,,
85652,2012-04-27,,,,,,,
85657,2011-10-21,,,,,,,
85670,1933-10-06,,,,,,,
85674,1972-06-01,,,,,,,
85685,1929-03-31,,,,,,,
85690,2002-10-31,,,,,,,
85699,2012-02-01,,,,,,,
85711,2012-03-16,,,,,,,
85758,1991-05-14,,,,,,,
85765,1968-05-26,,,,,,,
85766,2006-12-25,,,,,,,
85783,1952-12-11,,,,,,,
85784,1971-01-01,,,,,,,
85788,2008-01-01,500.0,,,3.5,4,0.7071067811865476,2016-06-22
85793,1987-12-18,,,,,,,
85819,2011-06-03,,,,,,,
85821,2010-04-23,,,,,,,
85827,1964-09-10,,,,,,,
8583,1998-02-20,,,,2.5,1,,2004-06-29
85836,2011-10-15,,,,,,,
8584,2000-05-26,5.5E7,5.6932305E7,1932305.0,3.75,2,1.0606601717798212,2005-03-05
85860,2011-03-13,,,,,,,
85870,2012-03-14,2.7563396E7,2.919333E7,1629934.0,,,,
85876,1928-01-30,,,,,,,
85878,2011-11-03,,,,,,,
85887,2012-01-14,,,,,,,
85889,2013-09-23,5000000.0,9114264.0,4114264.0,,,,
85904,1972-02-02,,,,,,,
85910,1982-10-29,,,,,,,
8592,1990-06-15,4.7E7,1.03738726E8,5.6738726E7,,,,
85927,1975-06-04,,,,,,,
85941,2003-06-08,,,,,,,
85949,2011-03-24,,,,,,,
85956,2010-07-30,,,,,,,
85966,1972-06-01,75000.0,,,,,,
85988,2011-09-02,,,,,,,
86004,2012-11-30,8510000.0,,,,,,
86023,1999-11-19,,,,,,,
86040,1996-04-07,,,,,,,
86068,1982-05-14,,,,,,,
86096,1985-02-01,,,,,,,
86118,2008-04-24,,,,,,,
86120,1944-12-21,,,,,,,
86126,2001-08-02,,,,,,,
86131,1992-09-24,,,,,,,
86186,1997-09-08,,,,,,,
86190,1976-04-30,,,,3.0,8,1.1019463300386796,2016-05-08
862,1995-10-30,3.0E7,3.73554033E8,3.43554033E8,,,,
86201,1975-11-11,,,,,,,
86209,1976-02-21,600000.0,,,,,,
86215,2012-10-28,,,,,,,
86221,1998-03-31,,,,,,,
86233,1975-11-14,,,,,,,
86235,2009-01-01,,,,,,,
86239,1977-11-20,,,,,,,
86244,1959-03-25,,,,,,,
86251,1987-08-26,,,,,,,
86254,2006-07-11,,,,,,,
86267,1996-05-04,,,,,,,
86295,1981-11-28,,,,,,,
86297,1960-04-06,,,,,,,
863,1999-10-30,9.0E7,4.97366869E8,4.07366869E8,,,,
86321,2007-01-01,,,,,,,
86337,1987-05-08,,,,,,,
86360,1929-12-25,,,,,,,
86363,1956-11-15,,,,,,,
86369,1994-03-02,,,,,,,
86410,2011-08-01,,,,,,,
86412,2011-01-30,,,,,,,
86416,1943-10-26,,,,,,,
86440,2008-09-26,,,,,,,
86455,2009-05-22,,,,,,,
86457,1932-11-27,,,,,,,
86462,1975-05-01,,,,,,,
86472,1968-04-05,,,,,,,
8649,1999-10-22,3.2E7,,,,,,
86493,1972-12-31,,,,,,,
86495,2011-02-04,,,,,,,
86508,1977-10-13,,,,,,,
8653,2000-04-22,50000.0,21075.0,-28925.0,,,,
86541,2012-02-03,,,,,,,
86543,1997-04-20,,,,,,,
86555,2011-11-25,,,,,,,
86576,2003-12-20,,,,,,,
86593,2011-10-21,,,,2.5,1,,2012-10-02
86594,1973-01-05,,,,,,,
86597,2012-03-19,1.82E7,,,,,,
86598,1975-10-20,,,,,,,
866,2004-10-17,2.5E7,1.16766556E8,9.1766556E7,3.8703703703703702,27,0.946578784893997,2011-02-28
86600,1974-07-24,,,,,,,
86603,1977-09-08,,,,,,,
86604,1941-06-13,,,,,,,
86616,1961-05-24,,,,,,,
86637,1973-08-27,,,,,,,
86655,1969-01-01,,,,,,,
86664,1956-07-12,,,,,,,
8669,2008-02-22,,,,,,,
86700,2006-01-26,,,,,,,
86707,2011-12-09,2100000.0,,,,,,
86718,2011-10-26,1.6E7,9.89E7,8.29E7,,,,
86727,1977-11-09,,,,,,,
86732,1972-03-09,,,,,,,
86750,1967-01-01,,,,,,,
86764,1963-02-01,,,,,,,
8677,1988-05-08,,,,,,,
86772,1943-05-31,,,,,,,
86777,1957-05-22,,,,,,,
86778,1964-12-28,,,,,,,
86782,1956-03-27,,,,,,,
868,2005-08-18,3000000.0,9879971.0,6879971.0,,,,
8681,2008-02-18,2.5E7,2.26830568E8,2.01830568E8,,,,
86812,2011-01-22,,,,,,,
86828,2015-06-26,,7200039.0,,,,,
86834,2014-03-20,,3.62637473E8,,,,,
86835,2015-02-08,,566006.0,,2.0,4,0.7071067811865475,2016-09-05
86843,2010-07-24,,,,,,,
86850,2012-03-28,,76398.0,,,,,
8688,1998-08-07,7.3E7,1.03891409E8,3.0891409E7,,,,
8691,1981-04-24,,,,,,,
86913,1996-12-09,,,,,,,
8692,1980-08-04,,,,,,,
86920,1958-11-18,,,,,,,
86955,1925-11-09,,,,,,,
86956,1935-05-10,,,,,,,
8697,1998-01-17,,,,,,,
86979,1971-05-12,,,,,,,
86980,2011-12-31,,,,,,,
86987,2011-12-02,,,,,,,
8699,2004-07-09,2.6E7,9.0574188E7,6.4574188E7,5.0,1,,2015-08-15
86997,1976-03-09,,,,,,,
87,1984-05-23,,3.33E8,,1.6666666666666667,3,1.1547005383792517,2001-01-22
870,2002-09-05,,,,1.6666666666666667,3,1.1547005383792517,2002-10-15
87017,2010-01-20,,,,,,,
87018,2011-11-06,,,,,,,
8703,1973-11-01,,,,,,,
87035,2011-10-12,,,,,,,
87078,1993-09-14,,102780.0,,,,,
87098,2011-03-18,,,,,,,
87101,2015-06-23,1.55E8,4.40603537E8,2.85603537E8,,,,
87115,1937-07-23,,,,,,,
87190,1995-01-01,50.0,,,,,,
87194,1949-04-09,,,,,,,
87199,2009-06-24,,,,,,,
87235,1984-02-17,,,,,,,
87245,1947-09-19,,,,,,,
87293,2012-03-29,,,,,,,
873,1985-12-18,1.5E7,1.46292009E8,1.31292009E8,,,,
87300,1915-01-15,,,,,,,
87302,1989-08-01,,,,,,,
87308,2008-01-20,,,,,,,
87349,1951-11-15,,,,,,,
87358,1970-09-08,,,,,,,
87362,1973-08-12,,,,,,,
87387,2008-12-31,,,,,,,
87392,1973-04-25,,,,,,,
874,1966-12-12,,2.835E7,,,,,
8741,1998-12-25,5.2E7,9.8126565E7,4.6126565E7,,,,
8743,2003-12-13,,,,2.5,1,,2004-08-05
8744,1996-09-09,6000000.0,,,,,,
8745,1963-04-03,,,,3.5,1,,2004-12-08
87462,1989-08-30,,,,,,,
8747,2008-03-08,,,,,,,
87481,2001-09-07,,,,,,,
8749,1987-08-21,,,,,,,
87492,2014-05-19,2.4E7,1.20963E7,-1.19037E7,,,,
87502,2012-11-02,3.1E7,1.61772375E8,1.30772375E8,,,,
87504,2012-12-07,,8887603.0,,,,,
87506,1995-03-24,,,,,,,
87541,2006-09-21,,,,,,,
87587,2011-12-16,,,,,,,
87588,1950-12-06,,,,,,,
876,2000-12-03,,,,5.0,1,,2003-02-08
87621,1950-02-18,,,,,,,
87636,2001-03-30,,,,,,,
8764,1984-06-08,9000000.0,2.045834E7,1.145834E7,,,,
8765,1997-01-24,,,,4.0,1,,2008-10-06
87654,1949-08-29,,,,,,,
8767,1977-10-05,,,,,,,
87677,1998-05-14,,,,,,,
87706,1979-04-27,,,,,,,
87719,1973-01-01,,,,,,,
87734,1971-12-01,,,,,,,
87788,1972-03-16,,,,,,,
87790,1976-09-14,,,,,,,
878,1944-01-28,,,,,,,
8780,2008-04-23,3.0E7,6.3833449E7,3.3833449E7,,,,
87827,2012-11-20,1.2E8,6.09016565E8,4.89016565E8,,,,
87835,2011-10-28,,,,,,,
87874,1995-01-01,350000.0,,,,,,
87894,1927-03-26,,,,,,,
87908,2011-12-22,,,,,,,
87909,1984-04-13,,,,,,,
87914,1941-09-26,,,,,,,
87939,1946-06-04,,,,,,,
87983,1953-01-16,,,,,,,
87995,2005-12-09,,,,,,,
880,1995-09-12,900000.0,,,2.38,25,1.120639698267616,2011-06-25
88005,2012-06-22,1.0E7,9636289.0,-363711.0,,,,
88018,1929-08-21,5485.0,,,,,,
88030,1994-01-01,,,,,,,
88051,1957-03-18,,,,,,,
88061,1963-01-01,,,,,,,
8810,1981-12-24,2000000.0,2.4600832E7,2.2600832E7,2.638888888888889,18,1.040440454744663,2016-05-07
88138,2004-01-18,,,,,,,
8816,1985-12-12,,,,,,,
88237,2010-10-03,,,,,,,
88253,1987-03-01,,,,,,,
88266,1961-12-07,,,,,,,
88271,1932-10-13,,,,,,,
88285,1978-07-29,,,,,,,
88286,2001-04-21,,,,,,,
88288,1949-06-10,,,,,,,
88309,1977-05-20,,,,,,,
88318,2012-02-04,,,,,,,
8832,2008-05-23,7275000.0,1.1260366E7,3985366.0,1.5,1,,2005-03-24
8834,1997-08-07,7.5E7,1.36982834E8,6.1982834E7,,,,
88348,1974-07-01,,,,,,,
8835,2001-07-13,1.8E7,1.41774679E8,1.23774679E8,1.5,1,,2005-03-22
88359,1973-08-17,,,,,,,
8836,2008-07-24,3.0E7,6.8369434E7,3.8369434E7,2.3333333333333335,3,1.607275126832159,2014-03-04
88377,1988-01-01,2500000.0,,,,,,
8840,1996-05-31,5.7E7,1.15267375E8,5.8267375E7,2.5,1,,2011-01-28
8841,2008-09-24,,2.881458E7,,,,,
88418,2003-02-13,3510000.0,,,,,,
8842,2004-02-20,3.9E7,6614280.0,-3.238572E7,,,,
88421,1967-01-01,,,,,,,
88435,1965-11-13,,,,,,,
8846,2004-10-28,,,,,,,
8847,2008-02-12,,,,,,,
88478,2012-02-09,114.0,,,,,,
8849,2004-10-22,6.0E7,1.3395939E7,-4.6604061E7,,,,
88491,2011-12-12,,393816.0,,,,,
88534,2012-03-09,,,,,,,
8854,1997-08-15,1.6E7,1686429.0,-1.4313571E7,3.5,1,,2015-09-06
8856,1986-06-18,113.0,1.15103979E8,1.15103866E8,,,,
88562,1964-10-30,,,,,,,
88564,1959-08-01,,,,,,,
886,1965-10-15,,1.526E7,,1.5,1,,2016-08-17
8860,1997-01-16,5.5E7,3.1987563E7,-2.3012437E7,2.5454545454545454,11,1.3500841724600998,2016-05-07
88641,1994-09-02,1.05E7,123509.0,-1.0376491E7,,,,
88658,1989-05-19,,,,,,,
8868,1985-03-06,,,,,,,
8872,1992-02-14,2.0E7,1.21697323E8,1.01697323E8,3.5,1,,2012-08-06
88722,2004-11-29,,,,,,,
88737,1967-01-01,,,,,,,
8874,1997-06-19,3.8E7,2.99288605E8,2.61288605E8,3.8714285714285714,70,0.8061615721003222,2016-08-02
88744,2010-01-09,,,,3.7916666666666665,24,0.6064269314504476,2016-08-01
88751,2008-07-10,4.5E7,1.0170206E8,5.670206E7,,,,
88762,1946-07-20,,,,,,,
888,1994-05-26,4.6E7,3.41631208E8,2.95631208E8,3.6666666666666665,3,0.5773502691896258,2000-11-21
88811,1996-01-01,,,,,,,
88812,1947-08-27,,,,3.0833333333333335,6,0.8612007121842542,2016-06-27
8882,2008-05-16,,,,3.25,2,0.3535533905932738,2011-01-28
8885,2008-06-25,2000000.0,1.1125849E7,9125849.0,,,,
8888,2008-11-10,,,,,,,
889,2000-04-28,8.3E7,5.9468275E7,-2.3531725E7,4.0,1,,2000-01-23
88905,2004-03-07,,,,,,,
88922,1976-09-18,,,,,,,
8893,2009-09-17,,,,4.5,1,,2012-08-06
88947,1967-01-10,,,,,,,
88949,1969-08-19,,,,,,,
88950,1974-06-01,,,,0.5,1,,2011-09-19
8896,2008-09-11,1500000.0,,,,,,
8897,2008-05-22,,,,,,,
8898,2008-08-21,2700000.0,,,,,,
8899,2008-08-27,,,,4.0,1,,2004-09-30
89,1989-05-24,,4.74171806E8,,3.4411764705882355,17,0.7045023274707932,2016-05-08
890,1995-09-08,,,,,,,
89049,2004-06-01,,,,,,,
8906,2008-05-17,98.0,,,3.5,4,0.7071067811865475,2016-06-01
89065,2005-02-20,,,,,,,
8908,2008-05-20,,,,3.25,4,1.707825127659933,2010-05-01
89126,2009-04-23,,,,,,,
8914,1999-07-28,6.0E7,7.3648228E7,1.3648228E7,3.75,12,0.7229988054812211,2016-10-01
89145,1948-03-07,,,,,,,
89183,1986-10-28,,,,,,,
892,1991-04-17,,1794187.0,,3.7857142857142856,7,0.6986381310057718,2011-05-23
8922,2001-07-01,1.0E7,5.9217789E7,4.9217789E7,,,,
89247,2012-01-10,,,,,,,
8926,2008-05-18,,,,,,,
89269,2010-10-09,,,,,,,
8927,2008-11-28,,,,3.0,2,0.0,2006-02-08
89280,2001-11-16,,,,,,,
89287,2011-05-11,,,,,,,
8929,2008-05-20,,,,4.0,1,,2004-12-08
89309,2005-06-03,1100000.0,,,,,,
8931,2008-05-20,,,,3.5,1,,2006-08-14
89315,1980-01-10,,,,,,,
89337,1991-05-27,,,,3.0,1,,2013-07-24
8935,2008-05-23,,,,1.0,2,0.7071067811865476,2009-12-02
8937,2008-09-27,,,,4.375,4,0.47871355387816905,2015-07-02
8939,2009-03-04,,,,,,,
8942,2008-05-22,200000.0,,,,,,
89440,2011-08-04,,,,,,,
89462,1935-11-21,,,,,,,
89492,2012-12-20,3.5E7,8.8058786E7,5.3058786E7,3.78125,16,1.125,2016-08-17
895,1966-12-16,,,,,,,
89501,2012-02-02,,,,,,,
8951,2007-09-01,,,,4.0,2,0.0,2007-02-23
8952,2009-01-18,1.3E7,1.0652035E7,-2347965.0,,,,
8954,2007-09-13,,,,3.5,1,,2006-10-09
89547,1953-04-17,,,,,,,
89560,2000-06-27,,,,,,,
89587,2004-11-26,,,,,,,
89591,2002-12-01,,,,,,,
89602,1975-06-01,,,,,,,
89604,2012-02-10,2742651.0,,,,,,
8961,2003-07-18,1.3E8,2.73339556E8,1.43339556E8,3.861111111111111,126,0.8593925503258423,2016-10-07
89647,1925-11-17,,,,,,,
8965,2003-02-25,,,,2.7857142857142856,7,0.9511897312113419,2016-07-22
89651,1975-02-01,,,,,,,
89652,1976-07-24,,,,,,,
89656,1972-03-29,,,,,,,
89659,1975-01-01,30000.0,,,,,,
89662,1958-08-14,,,,,,,
89670,2011-10-07,1800000.0,,,,,,
89681,1968-09-08,,,,,,,
89688,1959-08-31,,,,,,,
89691,2012-02-17,3000000.0,3010.0,-2996990.0,,,,
897,1956-10-11,,170215.0,,3.625,4,1.1086778913041726,2004-10-14
8970,1999-04-02,7.5E7,2.9E7,-4.6E7,3.8513513513513513,37,0.7440958800307111,2016-10-16
89702,1950-04-07,,,,,,,
89720,1976-05-01,,,,,,,
89723,1939-05-26,,,,,,,
89738,1991-11-04,,,,,,,
8974,1953-08-13,2000000.0,2000000.0,0.0,2.5,2,0.0,2013-07-24
8975,2006-10-13,2.0E7,2.2165608E7,2165608.0,,,,
89750,2011-09-11,900000.0,25000.0,-875000.0,,,,
89756,1998-01-01,,,,,,,
89763,1960-06-16,,,,,,,
89816,1967-12-31,,,,,,,
89817,1976-06-17,,,,,,,
89857,2012-03-06,,,,,,,
89861,1998-06-12,,,,,,,
8987,1994-09-30,4.5E7,,,3.5,2,0.7071067811865476,2006-07-02
89870,2012-02-27,,,,4.5,1,,2015-09-13
89872,2012-03-23,,,,,,,
89874,2011-09-11,,,,,,,
89877,2011-10-13,,,,,,,
8988,2008-03-28,2.5E7,1.120713E7,-1.379287E7,4.0,1,,2005-08-14
89883,2011-11-04,,,,,,,
8989,1987-06-05,,4.9998613E7,,3.5,2,0.7071067811865476,2005-04-17
89904,1995-03-09,,,,3.8333333333333335,6,1.2909944487358056,2016-07-22
8991,2003-09-04,,,,,,,
8992,1985-03-01,,,,,,,
89921,1984-07-05,,,,,,,
89924,1962-12-01,,,,,,,
8998,2006-09-07,6500000.0,1.3368437E7,6868437.0,3.5,4,0.40824829046386296,2008-12-09
89992,1987-01-01,,,,,,,
89993,1951-03-05,,,,,,,
89995,1966-10-15,,,,,,,
90,1984-11-29,,3.16360478E8,,,,,
90029,1971-02-18,,,,,,,
9003,1987-09-11,1000000.0,1.4564027E7,1.3564027E7,,,,
90034,1937-04-09,,,,,,,
90041,1971-01-01,,,,,,,
90061,2001-01-01,,,,5.0,1,,2015-07-15
9007,2005-09-16,,1.02854431E8,,,,,
9008,1999-10-28,9.0E7,6.0289912E7,-2.9710088E7,,,,
90086,1967-04-14,,,,,,,
9009,2005-06-27,3.0E7,2.5473093E7,-4526907.0,,,,
90094,1973-11-23,,,,,,,
9011,2000-03-14,,,,,,,
90118,2012-02-03,,,,,,,
9012,2002-10-21,5000000.0,6.4282312E7,5.9282312E7,4.0,1,,2008-01-06
90122,2011-10-01,,,,,,,
9013,1988-07-20,,3.8413606E7,,,,,
90148,1994-05-10,,,,,,,
9016,2002-11-26,1.4E8,1.09578115E8,-3.0421885E7,,,,
902,1995-05-16,1.8E7,1738611.0,-1.6261389E7,3.590909090909091,44,0.9780897808740857,2016-03-31
9021,2002-10-31,6.5E7,1.72855065E8,1.07855065E8,,,,
9023,2002-05-24,8.0E7,1.22563539E8,4.2563539E7,,,,
9024,1993-10-01,3.0E7,1.114627E7,-1.885373E7,,,,
9026,2002-05-17,,,,,,,
9027,2002-08-21,,,,,,,
9028,1968-02-21,,,,,,,
903,1967-06-22,3000000.0,1.6217773E7,1.3217773E7,4.22463768115942,69,0.7837327345131663,2016-08-17
9030,2008-02-01,1.2E7,5.6309766E7,4.4309766E7,,,,
9031,1979-11-30,,,,,,,
90319,1984-01-01,,,,,,,
9032,1999-06-25,3.42E7,2.34801895E8,2.00601895E8,,,,
90324,2009-07-24,350000.0,,,,,,
9033,1998-01-20,,,,,,,
9034,2002-09-20,,,,,,,
9035,2006-03-31,1.55E7,,,,,,
90351,1971-01-01,,,,,,,
90374,2006-10-12,,,,3.2,5,0.7582875444051552,2016-06-27
90387,2000-08-28,,,,,,,
9043,2005-12-14,,,,,,,
90460,1941-08-08,,,,,,,
90461,1942-12-01,,,,,,,
905,1929-01-30,,,,4.38,25,0.6171169527191207,2012-06-23
9050,1990-07-13,,,,,,,
90503,1971-03-04,,,,,,,
90511,1975-09-23,,,,,,,
90517,1970-01-01,,,,,,,
90523,1937-07-02,,,,,,,
9054,1997-05-30,,,,,,,
9056,1985-12-14,,,,,,,
90563,1969-05-23,,,,,,,
9057,1994-09-23,5.0E7,1.64789E7,-3.35211E7,,,,
90590,1974-02-09,,,,,,,
9060,2004-08-19,,,,,,,
90616,1997-01-28,,,,,,,
9063,1984-05-18,,,,,,,
90634,2002-05-24,,,,,,,
90645,2012-02-24,,,,,,,
90652,1984-02-19,,,,,,,
9066,1995-02-16,,,,,,,
9067,1995-03-31,2.5E7,4064495.0,-2.0935505E7,,,,
9070,1995-06-30,1.5E7,6.6E7,5.1E7,,,,
9071,1995-01-20,500000.0,1148752.0,648752.0,,,,
9072,2006-08-31,6.4E7,1.01595121E8,3.7595121E7,,,,
90720,1967-02-02,,,,,,,
90728,1972-07-04,,,,,,,
9076,1995-08-31,,,,,,,
90762,1998-11-17,,,,,,,
90770,1953-09-04,,,,,,,
90781,1981-01-01,,,,,,,
9079,1991-06-20,,,,,,,
90799,1943-08-02,,,,,,,
9080,1985-12-06,,,,,,,
90800,1947-05-09,,,,,,,
90802,1976-12-30,,,,,,,
90807,1949-05-12,,,,,,,
9081,2001-01-23,,3176880.0,,,,,
90816,1983-01-21,,,,,,,
9086,1990-08-01,,,,,,,
9087,1995-11-17,6.2E7,1.07879496E8,4.5879496E7,,,,
90879,1979-10-01,,,,,,,
9089,1995-11-02,,1.7519169E7,,,,,
9090,1995-09-07,,4.7774193E7,,,,,
90908,1966-01-01,,,,,,,
90909,1974-10-01,,,,,,,
90932,1938-10-21,,,,,,,
90949,1974-02-01,,,,,,,
90956,1948-12-19,,,,,,,
90957,1933-07-07,260000.0,,,,,,
9096,1992-02-07,4.0E7,,,,,,
90978,1942-04-04,,,,,,,
910,1946-08-23,,,,3.946969696969697,66,1.0456090896211492,2015-12-13
91001,2012-02-14,,,,,,,
9104,2001-09-08,1.5E7,,,,,,
91045,1998-08-21,,,,,,,
91052,2011-07-20,,,,,,,
91070,2011-06-18,930000.0,30905.0,-899095.0,,,,
91076,1998-05-21,,,,,,,
91088,2011-11-03,130000.0,,,,,,
91094,1938-07-07,,,,3.6666666666666665,3,0.7637626158259733,2015-11-11
91099,2006-07-14,,,,,,,
91138,1990-01-01,,,,,,,
91150,1933-04-01,,,,,,,
91186,2011-09-04,,2802459.0,,,,,
912,1968-06-19,4300000.0,,,4.235042735042735,117,0.9134357497096484,2016-08-17
91208,1923-04-22,,,,,,,
91226,1980-01-04,,,,,,,
91237,2008-09-18,,,,,,,
91250,2005-11-22,,,,,,,
91265,1967-01-01,,,,,,,
91292,2011-11-11,,,,,,,
91311,2011-10-21,,,,,,,
91316,2012-02-15,,,,,,,
91333,2011-01-01,,,,,,,
91342,2012-02-23,,1.5489307E7,,,,,
91343,1950-06-24,,,,,,,
91367,2012-01-13,,29110.0,,,,,
91417,2011-11-15,,,,,,,
91419,1953-11-13,,,,,,,
91422,1966-11-02,,,,,,,
91426,1955-05-03,,,,,,,
91445,1988-01-22,,,,,,,
91472,1956-10-30,,,,,,,
91550,2011-09-15,,,,,,,
91551,2011-05-04,3.0,,,,,,
91552,2011-07-31,,,,,,,
91556,1984-09-28,,,,,,,
91580,1990-02-27,,,,,,,
91583,1970-11-10,,,,,,,
91584,2011-11-10,,,,,,,
91598,1998-05-16,,,,,,,
91628,2011-10-13,,,,1.75,2,0.3535533905932738,2014-03-09
91673,1984-01-01,,,,5.0,1,,2012-08-29
91679,2012-11-09,,,,,,,
917,1957-02-13,,,,3.6875,8,0.7039429765866795,2005-06-28
91715,1929-10-26,,,,,,,
91722,1976-09-29,,,,,,,
91727,1937-04-30,,,,,,,
91745,2013-09-12,,1162635.0,,,,,
91767,1984-03-02,,,,,,,
91795,2005-01-01,,,,,,,
91817,1981-01-19,840000.0,,,,,,
919,2000-11-18,,,,3.9572649572649574,117,0.8871026297696223,2016-07-22
91926,2011-10-15,,,,,,,
91929,2012-03-09,,,,,,,
91958,2000-07-21,,,,,,,
91973,2011-02-14,,,,,,,
91979,2011-11-04,,,,,,,
92038,2011-11-10,,,,,,,
92096,1979-01-08,,,,,,,
921,2005-06-02,,1.08539911E8,,3.9,20,0.8522416262267903,2012-06-23
92132,1983-06-06,,,,,,,
92180,1966-06-22,,,,,,,
92182,2011-01-21,,1.3101672E7,,,,,
92189,1957-12-01,,,,,,,
92193,2006-09-15,,,,,,,
92208,2000-10-13,,,,,,,
92233,1970-11-19,,,,,,,
92251,1969-11-07,,,,,,,
92272,1971-10-20,,,,,,,
92283,1970-10-18,,,,,,,
92298,1976-04-11,,,,,,,
92299,1973-03-01,,,,,,,
92307,1972-05-31,,,,,,,
92311,1973-10-21,,,,,,,
92312,1969-11-08,,,,,,,
92316,1977-12-23,,,,,,,
92323,1980-08-15,,,,,,,
92326,2004-02-01,,,,,,,
92332,1920-02-02,,,,,,,
92349,1914-12-28,,,,,,,
92352,1937-08-19,,,,,,,
92384,2004-12-28,,,,,,,
92391,2011-10-28,,,,,,,
92395,2011-02-28,,,,,,,
924,2004-03-19,,1.02356381E8,,3.886178861788618,123,1.1213520237592018,2016-08-17
92452,2007-07-10,,,,,,,
9256,2003-02-06,,8.0,,,,,
92562,1990-11-05,,,,,,,
9257,2003-08-08,,1.16643346E8,,,,,
926,1999-12-23,4.5E7,9.0683916E7,4.5683916E7,4.434210526315789,38,0.7549033644221833,2016-08-05
9261,1993-08-04,1000000.0,6933459.0,5933459.0,,,,
92635,2012-03-16,,,,,,,
9264,1992-05-08,,,,,,,
92647,2012-08-16,,,,,,,
9266,2002-08-08,2.5E7,5.1842679E7,2.6842679E7,,,,
92691,1996-12-28,,,,,,,
9272,1993-09-24,,4.4456478E7,,,,,
92728,1955-11-01,,,,,,,
92737,1995-12-26,,,,,,,
9274,2002-02-21,,,,,,,
9275,2002-03-28,5.5E7,,,,,,
92751,1976-03-18,,,,4.0,1,,2014-01-27
92771,2004-09-09,,,,,,,
92787,1989-10-01,,,,,,,
9279,1996-11-15,6.0E7,1.29832389E8,6.9832389E7,,,,
928,1990-06-15,,4.1482207E7,,4.173913043478261,23,0.8203199992599053,2015-06-10
9281,1985-02-08,1.2E7,6.8706993E7,5.6706993E7,,,,
92819,1949-10-14,,,,,,,
92834,2004-01-21,3000000.0,1.3954476E7,1.0954476E7,,,,
92848,1944-05-04,,,,,,,
92850,2011-10-27,,,,,,,
92853,1977-10-06,,,,,,,
9288,2005-01-01,,,,,,,
9290,2001-04-12,2.115E7,3.9438674E7,1.8288674E7,,,,
9293,2006-07-27,,4.1009669E7,,,,,
92940,1993-12-17,,,,,,,
9295,2003-03-26,,,,,,,
9296,2002-08-23,,1.9576023E7,,,,,
9299,1996-04-11,,2647055.0,,,,,
9300,1992-09-01,4000000.0,,,,,,
9302,1996-03-01,6.0E7,,,,,,
9305,1996-05-20,,,,,,,
93057,1935-11-02,,,,,,,
9308,1996-10-25,,2.1302121E7,,,,,
93103,2012-04-22,,,,,,,
9311,1997-02-13,,,,,,,
93114,1996-01-01,,,,,,,
9312,1995-08-18,1.8E7,1.2219592E8,1.0419592E8,,,,
93122,2002-07-22,,,,,,,
9314,1984-10-10,,,,,,,
93164,1973-04-26,,,,,,,
93188,2011-08-17,,,,,,,
9319,1991-12-11,2.9E7,5.9509925E7,3.0509925E7,,,,
932,1946-10-14,,,,3.59375,16,1.172159687642146,2012-06-23
93212,1981-05-13,,,,,,,
93230,2012-03-02,,,,,,,
9325,1967-10-17,4000000.0,2.05843612E8,2.01843612E8,,,,
93260,2007-09-11,,,,,,,
93313,1936-11-06,,,,,,,
9335,2005-08-02,,8.5167639E7,,,,,
93350,1998-03-27,,,,,,,
9339,2006-06-22,8.25E7,2.37681299E8,1.55181299E8,,,,
93407,2005-01-11,,,,,,,
9341,2003-03-28,6.0E7,7.4208267E7,1.4208267E7,,,,
9344,1995-07-28,1500000.0,7412216.0,5912216.0,,,,
93457,1988-06-11,,,,,,,
93462,1997-04-10,,,,,,,
93492,1962-10-11,,,,,,,
935,1964-01-29,1800000.0,9440272.0,7640272.0,4.083333333333333,6,0.8010409893798609,2003-06-11
93521,1924-11-04,,,,,,,
93528,1957-12-11,,,,,,,
9354,1989-06-22,3.2E7,2.22724172E8,1.90724172E8,,,,
9356,1990-12-14,,,,,,,
9357,2002-08-21,1.2E7,5.2223306E7,4.0223306E7,,,,
9358,2003-01-31,2.6E7,9.0426405E7,6.4426405E7,,,,
9359,1994-05-20,,,,,,,
9361,1992-09-25,4.0E7,7.5505856E7,3.5505856E7,,,,
9364,2011-09-05,,100915.0,,,,,
93669,1978-10-08,,,,,,,
9367,1992-09-04,220000.0,2040920.0,1820920.0,,,,
9369,1994-09-27,,,,,,,
93708,1975-08-25,,3.9598448E7,,,,,
9378,2001-10-26,,,,,,,
938,1965-12-18,600000.0,1.5E7,1.44E7,3.8181818181818183,11,0.9558432735738447,2006-05-19
9381,2008-08-20,7.0E7,7.2108608E7,2108608.0,,,,
93828,2013-03-15,8500000.0,9747.0,-8490253.0,,,,
9385,1976-09-08,,,,,,,
93855,2012-03-02,,,,4.5,2,0.7071067811865476,2013-04-14
93863,1953-02-27,,,,,,,
9388,2005-09-05,,2.4793509E7,,,,,
93892,1961-03-26,,,,,,,
9390,1996-12-06,5.0E7,2.73552592E8,2.23552592E8,,,,
93904,2011-09-26,,,,,,,
93907,1959-01-01,,,,,,,
9391,2004-11-26,,,,,,,
93922,1989-12-31,,,,,,,
93935,1985-01-01,,,,,,,
93937,1989-07-07,,,,,,,
93939,1967-06-27,,,,,,,
9397,2001-06-08,8.0E7,9.8376292E7,1.8376292E7,,,,
940,1938-07-26,,,,3.9722222222222223,18,1.2183912032606796,2010-10-02
9403,1997-03-07,2.8E7,4.1230799E7,1.3230799E7,,,,
94047,2011-12-21,2.55E7,,,,,,
94052,2002-03-10,,,,,,,
9406,1997-12-25,2.2E7,2.6570463E7,4570463.0,,,,
94069,1974-02-16,,,,,,,
9407,1997-10-30,4.8E7,,,,,,
9408,2007-06-08,8.5E7,1.49044513E8,6.4044513E7,,,,
94104,2012-10-12,,,,,,,
9415,1997-04-18,,2.5804707E7,,,,,
9417,1998-08-21,,,,,,,
94176,1954-12-01,,,,,,,
94192,1956-05-16,,,,,,,
94205,2011-12-22,,,,,,,
9421,1998-04-15,,7.8599508E7,,,,,
9422,1998-03-05,,5.6702901E7,,,,,
94228,1950-12-01,,,,,,,
94236,1993-03-12,,841.0,,,,,
94241,1941-10-31,,,,,,,
9425,1998-10-23,7.5E7,1.4567883E7,-6.0432117E7,,,,
9428,2001-10-05,,7.144125E7,,,,,
943,1992-05-15,,3.21731527E8,,4.0,12,0.7687061147858073,2005-03-05
9430,1999-04-09,6500000.0,2.8451622E7,2.1951622E7,,,,
94326,2012-03-23,,,,,,,
94336,2011-04-13,,,,,,,
94380,2012-04-12,,,,,,,
944,1998-07-10,,2.85444603E8,,3.0,3,1.0,2000-12-25
9440,1998-03-20,6.5E7,,,,,,
94405,1955-05-20,,,,,,,
9441,1998-12-25,,,,,,,
9443,1981-05-15,5500000.0,5.8972904E7,5.3472904E7,,,,
9444,1997-11-20,5.3E7,1.39804348E8,8.6804348E7,,,,
9446,1997-03-07,,,,,,,
94466,1971-05-18,,,,3.7142857142857144,7,1.629344010564345,2016-07-23
9447,1998-11-25,9.0E7,6.913186E7,-2.086814E7,,,,
94509,2007-12-21,,,,,,,
9451,1999-04-23,,,,,,,
94513,1975-01-01,,,,,,,
94529,1952-12-25,,,,,,,
94532,2011-11-13,,,,,,,
94544,1939-01-01,,,,,,,
94548,1979-11-01,,,,,,,
9455,1999-03-12,,1.51562E7,,,,,
94555,2012-01-05,,,,,,,
9456,2000-10-31,1.0E7,,,,,,
94568,1964-12-18,,,,,,,
94583,2007-07-13,,,,,,,
94585,1998-12-04,,,,,,,
9459,1970-03-26,600000.0,3.450511E7,3.390511E7,,,,
94592,2012-01-01,33000.0,,,,,,
94618,1952-07-26,,,,,,,
94623,1971-10-06,,,,,,,
94630,1977-02-23,,,,,,,
94638,1933-03-24,,,,,,,
94639,2010-10-18,,,,,,,
94653,1997-09-09,,,,,,,
94658,1926-11-01,,,,,,,
9466,1998-09-07,,,,,,,
94664,1965-01-14,,,,,,,
94666,1992-01-22,,,,,,,
9469,1998-05-01,2.5E7,2.1567853E7,-3432147.0,,,,
94696,1962-06-01,,,,,,,
9470,2004-02-10,2.0E7,1.00914445E8,8.0914445E7,,,,
94706,1992-10-01,,,,,,,
94709,1967-01-01,,,,,,,
94716,1929-10-01,,,,,,,
9472,2004-06-18,,1.6772231E8,,,,,
94720,2011-11-10,,,,,,,
94725,1990-09-11,,,,,,,
94727,1926-01-07,,,,,,,
94739,1938-01-02,,,,,,,
9474,1973-12-13,,,,,,,
94741,1973-11-14,,,,,,,
9475,1992-12-23,,1.34095253E8,,,,,
94752,1973-09-19,,,,,,,
9477,2004-07-07,,2.03567857E8,,,,,
94770,1948-09-09,,,,,,,
9478,2000-03-29,,,,,,,
94792,2010-12-28,2000000.0,,,,,,
94794,1993-08-19,,1718328.0,,,,,
94798,1962-09-27,,,,,,,
948,1978-10-25,300000.0,7.0E7,6.97E7,3.590909090909091,11,0.7687061147858074,2006-05-27
9480,2003-02-14,7.8E7,1.79179718E8,1.01179718E8,,,,
94807,2008-02-29,,,,,,,
94820,2011-02-12,,,,,,,
9483,2003-09-02,,,,,,,
94841,2012-05-20,,,,,,,
94857,1975-08-06,,,,,,,
9486,2003-04-06,4.0E7,1.60583018E8,1.20583018E8,,,,
9489,1998-12-17,6.5E7,2.50821495E8,1.85821495E8,,,,
9493,1988-12-09,1.5E7,2.16614388E8,2.01614388E8,,,,
94959,1949-06-02,,,,3.7115384615384617,26,0.750640751932333,2016-09-14
9496,1999-09-16,,,,,,,
9497,1997-03-06,,,,,,,
9499,2003-08-08,,1.2991996E7,,,,,
95010,1968-12-31,,,,,,,
95015,1936-08-01,,,,,,,
95029,1961-02-03,,,,,,,
95037,1941-06-05,,,,,,,
9504,1992-09-15,1.25E7,1.0725228E7,-1774772.0,,,,
95043,1972-01-01,,,,,,,
95046,1940-10-19,,,,,,,
95056,2011-05-06,,,,,,,
9509,2004-04-23,7.0E7,1.30293714E8,6.0293714E7,,,,
951,1990-12-21,1.5E7,2.01957688E8,1.86957688E8,4.211538461538462,26,0.8505654227991744,2016-06-27
9511,2009-11-24,,4.872E7,,,,,
95134,1922-08-05,,,,,,,
95136,2000-04-16,1.0E7,,,,,,
9517,2001-06-15,,480811.0,,,,,
95177,2012-03-10,,,,,,,
9519,2000-06-21,,236185.0,,,,,
95197,1956-02-29,,,,,,,
9524,1997-12-25,,,,,,,
95240,2005-05-18,,,,,,,
95242,1917-01-17,,,,,,,
9526,2006-06-09,1.0E7,,,,,,
9527,1997-10-16,,,,,,,
953,2005-05-25,7.5E7,5.32680671E8,4.57680671E8,4.152777777777778,72,0.762865654135629,2016-06-27
9530,2006-04-28,5.0E7,8.7528173E7,3.7528173E7,,,,
9531,1983-06-17,3.9E7,7.5850624E7,3.6850624E7,,,,
95322,1973-01-01,,,,,,,
9533,2002-09-29,7.8E7,2.09196298E8,1.31196298E8,,,,
9534,2004-09-10,6000000.0,,,,,,
95359,1957-05-14,,,,,,,
95375,1976-01-01,,,,3.0,1,,2014-11-01
95383,2013-01-11,,,,,,,
9540,1988-09-23,1.3E7,8038508.0,-4961492.0,,,,
95400,1992-05-05,,,,,,,
95402,1958-01-01,,,,,,,
95410,1966-11-01,,,,,,,
9542,1986-02-21,6000000.0,5844868.0,-155132.0,,,,
9543,2010-05-19,1.5E8,3.35154643E8,1.85154643E8,,,,
9544,2002-08-09,4.0E7,1.8902015E7,-2.1097985E7,,,,
9545,1993-01-29,,1.8994653E7,,,,,
9546,1991-10-04,,,,,,,
9548,1990-07-11,4.9E7,2.0423389E7,-2.8576611E7,,,,
95482,1997-02-07,,,,,,,
9549,1983-10-20,2.7E7,2.15E7,-5500000.0,,,,
9550,2004-05-19,,9.2863945E7,,,,,
95508,1960-09-03,,,,3.5,1,,2013-03-24
9551,2006-03-04,,,,,,,
95511,2012-02-11,,,,,,,
9552,1973-12-26,,4.41306145E8,,,,,
95548,1965-01-12,,,,,,,
95551,1973-08-10,,,,,,,
95556,1970-03-18,,,,,,,
9556,1990-08-24,1.6E7,4.8878502E7,3.2878502E7,,,,
95565,1976-11-01,,,,,,,
95578,2004-07-30,,,,,,,
95597,1966-01-01,,,,,,,
9560,1995-08-11,2.0E7,5.0012507E7,3.0012507E7,,,,
9561,2006-01-01,,,,,,,
95610,2016-09-14,3.5E7,2.1195242E8,1.7695242E8,,,,
9562,2003-11-26,8.0E7,4.3935763E7,-3.6064237E7,,,,
95627,1998-08-14,,,,,,,
9568,1996-06-07,2500000.0,,,,,,
95682,2000-01-29,,,,,,,
9569,1990-02-09,1.0E7,4.741E7,3.741E7,,,,
95700,1994-07-20,,,,,,,
9571,1993-09-24,6900000.0,7993039.0,1093039.0,,,,
9573,2002-08-04,5.0E7,2.6199517E7,-2.3800483E7,,,,
95744,2012-03-15,,,,2.5,1,,2013-07-27
95755,2012-03-10,2000000.0,,,,,,
95756,2011-08-13,,,,,,,
9576,1982-12-16,2.1E7,1.772E8,1.562E8,,,,
9577,2007-02-09,,,,,,,
9581,2001-08-03,,,,,,,
9583,2002-06-07,2.7E7,,,,,,
9585,1991-01-11,,,,,,,
9586,1990-12-21,4.7E7,1.5691192E7,-3.1308808E7,,,,
95862,1931-09-12,,,,,,,
95864,1967-03-03,,,,,,,
9587,1994-12-21,1.8E7,,,,,,
95874,1941-11-30,,,,,,,
9591,1996-10-04,,3.4585416E7,,,,,
9595,1991-07-31,2.6E7,1.81096164E8,1.55096164E8,,,,
95956,1926-10-03,,,,,,,
95963,1995-02-24,,,,3.5,1,,2014-04-27
95977,1953-01-31,,,,,,,
9598,1995-07-18,3.0E7,2.5413491E8,2.2413491E8,,,,
95997,2002-03-31,,,,,,,
96,1987-05-18,2.0E7,2.99965036E8,2.79965036E8,1.0,1,,1998-04-03
96001,2011-05-12,,,,,,,
96005,2011-11-18,,,,,,,
96010,2006-09-15,,,,,,,
9602,1988-06-28,,2.88752301E8,,,,,
96035,1901-10-15,,,,,,,
9604,1988-06-17,,3.4994648E7,,,,,
9605,1992-08-14,,4.8017402E7,,,,,
9606,2001-05-26,1.45E7,9.5789342E7,8.1289342E7,,,,
9609,1992-09-16,,5471088.0,,,,,
96090,2012-03-12,,,,,,,
961,1926-12-31,750000.0,,,5.0,1,,2000-04-07
9610,1984-06-29,,1.0E8,,,,,
96108,2010-03-19,,,,,,,
96118,1964-01-01,,,,,,,
96128,1913-11-24,,,,,,,
96132,1974-05-29,,,,,,,
96133,1968-04-19,,,,,,,
96159,1986-02-21,,,,,,,
96172,1941-12-01,,,,,,,
9618,1989-12-22,5.5E7,6.3408614E7,8408614.0,,,,
96186,1898-01-01,,,,,,,
96196,1998-07-31,,,,,,,
96217,1972-04-03,,,,,,,
9622,1997-01-17,,,,,,,
9623,1996-02-02,4.4E7,,,,,,
96231,2012-02-22,,,,,,,
9624,1994-02-18,5.0E7,4.9E7,-1000000.0,,,,
96243,1970-10-27,,,,,,,
96252,1948-07-29,,,,,,,
96255,1950-02-20,,,,,,,
9626,1985-04-09,1.79E7,6948633.0,-1.0951367E7,,,,
96279,2001-08-17,,,,,,,
96287,2007-05-21,,,,,,,
96288,1996-02-19,,,,,,,
96300,1981-03-11,,,,,,,
96333,1987-10-16,,,,,,,
9636,2004-12-07,,,,,,,
9638,1979-03-28,300000.0,1.1988469E7,1.1688469E7,,,,
9639,2006-08-27,,,,,,,
96393,2003-01-25,,,,,,,
96399,2012-06-01,1.2E7,9622846.0,-2377154.0,,,,
964,1925-09-06,,,,2.5,2,0.7071067811865476,2002-02-02
96411,1982-07-29,,,,,,,
9645,2002-10-25,3.5E7,6.8349884E7,3.3349884E7,,,,
96451,2010-08-23,,,,,,,
96458,2011-02-18,,,,,,,
9646,1966-12-26,,,,,,,
96468,2011-08-16,,,,,,,
9647,1988-11-22,,6.0328E7,,,,,
9653,1931-11-27,,,,,,,
96534,2011-06-11,1000000.0,,,,,,
9654,2003-05-30,6.0E7,1.76070171E8,1.16070171E8,,,,
9656,2006-12-25,,2.1510851E7,,,,,
96574,2012-03-14,,,,,,,
96599,2012-03-11,,,,,,,
966,1960-10-22,2000000.0,4905000.0,2905000.0,4.0,1,,1997-02-06
9663,1984-12-13,,2.8744356E7,,,,,
96631,2012-05-03,900000.0,,,,,,
9665,1989-12-15,1.8E7,2.6828365E7,8828365.0,,,,
9667,2005-03-04,2.9E7,2.1126225E7,-7873775.0,,,,
967,1960-10-06,1.2E7,6.0E7,4.8E7,,,,
96700,1941-11-07,,,,,,,
96713,1924-02-10,212000.0,,,,,,
96769,2012-03-11,,,,,,,
9677,2001-08-08,,,,,,,
9679,2000-06-09,9.0E7,2.37202299E8,1.47202299E8,,,,
96793,1972-09-01,,,,,,,
9680,1997-07-04,,,,,,,
9682,2006-08-11,,2.9907685E7,,,,,
96823,2012-03-22,,,,,,,
9683,2001-08-24,,,,,,,
9686,1989-03-10,1.5E7,,,,,,
9687,2005-12-02,169000.0,1.8564702E7,1.8395702E7,,,,
96888,2011-07-09,,,,,,,
9689,2002-05-03,1.6E7,,,,,,
96912,1961-05-27,,,,,,,
9692,2004-12-24,,4678405.0,,,,,
96920,1984-06-30,,215496.0,,,,,
96924,2012-03-20,,,,,,,
96935,1958-12-20,,,,,,,
96936,2013-06-12,,1.9145732E7,,,,,
96944,2011-11-25,,,,,,,
96958,1987-01-01,,,,,,,
96985,1974-07-01,,,,,,,
96995,1998-07-19,,,,,,,
9700,2005-09-03,9600000.0,4386236.0,-5213764.0,,,,
97008,2011-07-08,,,,,,,
9701,2005-02-12,3.5E7,2.5224242E7,-9775758.0,,,,
9702,1993-02-05,3.5E7,,,,,,
97024,1931-07-04,,,,,,,
97029,1977-06-01,,,,,,,
97046,1995-02-07,,,,,,,
97051,2012-10-14,,,,,,,
9706,1998-01-31,2900000.0,,,,,,
97073,1993-02-19,,,,,,,
9708,2006-09-01,4.0E7,3.8755073E7,-1244927.0,,,,
97088,1944-12-08,,,,,,,
9710,1986-12-17,,,,,,,
97108,1980-09-27,,,,,,,
97110,1941-09-19,,,,,,,
97128,2011-12-22,,,,,,,
9713,1998-10-08,6.0E7,,,,,,
9714,1997-12-12,3.2E7,7.9082515E7,4.7082515E7,,,,
9716,1996-12-06,2.0E7,,,,,,
9718,2006-08-04,7.25E7,1.62966177E8,9.0466177E7,,,,
97206,2002-01-14,,,,,,,
9722,2005-06-21,,1.31426169E8,,,,,
9724,2005-09-11,,,,,,,
97241,2003-01-24,,,,,,,
97252,2001-03-10,,,,,,,
97253,2007-02-01,,,,,,,
9727,2006-03-22,5000000.0,,,,,,
97284,1998-01-01,,,,,,,
9729,2005-10-07,2.5E7,,,,,,
9730,1984-04-13,2600000.0,3.298088E7,3.038088E7,,,,
9731,1985-03-22,2200000.0,2.1930418E7,1.9730418E7,,,,
97310,2009-10-09,100.0,,,,,,
97313,1974-07-31,,,,,,,
97327,1931-05-31,,,,,,,
97341,2005-11-25,,355962.0,,,,,
97342,2010-06-04,,,,,,,
97353,1957-12-22,,,,,,,
9736,2008-04-30,,,,,,,
97361,2005-06-03,,,,,,,
97365,2012-05-17,1.54E7,2.5762027E7,1.0362027E7,,,,
97370,2014-03-14,1.33E7,5380251.0,-7919749.0,,,,
9739,1993-10-08,,1.59055768E8,,,,,
97394,2008-07-15,,,,,,,
97397,1999-01-01,,,,,,,
97399,2008-02-08,,,,,,,
97403,2006-02-01,,,,,,,
97406,1995-05-19,,,,,,,
97414,2005-01-11,,,,,,,
9742,1990-11-29,,,,,,,
97434,2012-11-07,,,,,,,
97437,2002-05-31,,,,,,,
97447,2002-05-16,,,,,,,
9745,1998-12-10,,,,,,,
97481,2011-07-01,,,,,,,
975,1957-09-18,,,,,,,
97514,1963-01-01,,,,,,,
97519,1973-03-17,12.0,,,,,,
97537,1998-09-01,,,,,,,
9754,2006-02-10,4.5E7,8.28E7,3.78E7,,,,
97547,1981-09-17,,,,,,,
97559,1976-07-01,,,,,,,
9756,2006-01-17,,,,,,,
97562,2010-01-01,,,,,,,
97593,1976-05-20,,,,3.5,1,,2015-06-10
97607,2012-09-23,,,,,,,
97609,2013-01-22,,,,,,,
97610,2012-11-28,,,,,,,
9762,2006-08-11,1.2E7,1.14194847E8,1.02194847E8,,,,
9763,2005-06-06,3.0E7,2.7610873E7,-2389127.0,,,,
97630,2012-12-19,4.0E7,1.32820716E8,9.2820716E7,,,,
97632,2012-05-15,,1000000.0,,,,,
9766,2006-09-15,3.0E7,4.1480851E7,1.1480851E7,,,,
97666,1995-06-06,,,,,,,
9767,2006-06-01,5.2E7,2.04999686E8,1.52999686E8,,,,
97672,2012-03-01,,,,,,,
97707,1995-06-06,,,,,,,
9771,1998-04-17,,3572443.0,,,,,
9772,1997-07-25,8.5E7,3.15156409E8,2.30156409E8,,,,
97724,2010-06-19,100.0,,,,,,
97762,2011-09-10,,,,,,,
97795,2011-10-11,,,,,,,
978,1997-09-12,7.0E7,1.31457682E8,6.1457682E7,,,,
97805,2000-01-21,,,,,,,
9781,1999-08-13,6500000.0,4217115.0,-2282885.0,,,,
9782,2006-02-12,,,,,,,
9783,2007-06-15,,,,,,,
9784,2006-06-08,,,,,,,
97844,1987-09-30,,,,,,,
9788,2006-08-18,2.3E7,3.8505009E7,1.5505009E7,,,,
9789,2007-04-20,,6463286.0,,,,,
979,2002-05-22,,792.0,,,,,
9791,2000-08-01,,,,,,,
97910,1942-05-30,,,,,,,
97915,1964-01-14,,,,,,,
97936,1968-02-08,,,,3.0,2,0.0,2013-12-22
9795,2004-12-13,,,,,,,
9796,2006-12-01,1.0E7,,,,,,
9797,1945-04-23,,,,,,,
97971,1987-01-01,250000.0,,,,,,
9799,2001-06-22,,2.07283925E8,,,,,
98,2000-05-01,1.03E8,4.57640427E8,3.54640427E8,3.0,1,,2014-07-24
980,1943-03-11,,,,1.0,1,,2000-11-22
9800,1993-12-22,2.6E7,2.0667844E8,1.8067844E8,,,,
98010,1961-07-12,,,,,,,
98048,1972-10-30,,,,,,,
98065,2011-12-08,,,,,,,
98066,2012-08-03,,,,,,,
98068,2012-03-10,,,,,,,
98078,1914-03-08,,,,,,,
98085,1967-04-20,,,,,,,
98094,1980-06-27,,,,,,,
98096,2009-11-20,,,,,,,
981,1940-12-05,,,,1.0,1,,1996-12-16
98103,1989-03-03,,,,,,,
98106,1983-01-01,,,,,,,
9815,2007-02-09,230400.0,,,,,,
9817,2006-10-10,,,,,,,
98203,2012-09-05,11180.0,24591.0,13411.0,,,,
98205,2012-02-17,,,,,,,
9822,1998-12-25,,,,,,,
98246,2005-02-17,,76.0,,,,,
9825,1999-07-15,2.7E7,5.6870414E7,2.9870414E7,,,,
98277,2012-04-04,,,,,,,
9828,2006-11-03,3700000.0,3338228.0,-361772.0,,,,
98289,1957-04-17,,,,,,,
9829,2006-04-28,,7.6286096E7,,,,,
98297,2000-01-01,,,,,,,
9830,2004-09-11,,,,,,,
98328,1951-04-16,,,,,,,
9833,2004-12-08,7.0E7,1.54648887E8,8.4648887E7,,,,
98339,2012-03-02,1.2E7,2521.0,-1.1997479E7,,,,
9834,2006-02-15,,,,,,,
9835,1998-07-24,1.0E7,1.9E7,9000000.0,,,,
98364,1953-09-25,,,,,,,
98369,2012-04-13,1250000.0,,,3.0,1,,2013-05-29
9838,1985-03-20,1.25E7,238227.0,-1.2261773E7,,,,
9839,2003-10-23,3.5E7,,,,,,
98404,1943-08-19,,,,,,,
98412,2006-10-19,,,,,,,
9842,2006-09-29,2.0E7,1.7807569E7,-2192431.0,,,,
9843,2006-12-01,,,,,,,
98439,2007-11-07,,,,,,,
9844,1998-05-22,5000000.0,5879254.0,879254.0,,,,
98440,2008-11-04,,,,,,,
9847,2006-04-20,,,,,,,
98482,1942-12-30,,,,,,,
9849,1999-02-11,,3.6850101E7,,,,,
98491,1970-06-09,,,,4.75,8,0.37796447300922714,2016-10-15
98498,1993-03-25,,,,,,,
98499,1996-07-09,,,,,,,
98525,2012-03-29,,,,,,,
98545,2011-09-13,,539896.0,,,,,
98549,2011-03-03,,,,,,,
98551,2011-01-21,,,,,,,
98554,2011-07-28,,,,,,,
98557,2012-02-03,1800000.0,,,,,,
98560,2012-03-05,,,,,,,
98566,2014-08-07,1.25E8,4.772E8,3.522E8,,,,
98586,2012-04-26,,,,,,,
98596,1983-09-04,,1334173.0,,,,,
986,1965-12-22,,,,3.5357142857142856,14,0.9295219142177279,2016-05-08
98635,1937-03-03,,,,,,,
98642,2003-02-09,,,,,,,
987,1974-12-01,4000000.0,,,3.0,1,,1999-10-16
9871,2000-08-01,5000000.0,,,,,,
9878,1976-11-12,,,,,,,
9880,2001-08-03,3.7E7,1.65335153E8,1.28335153E8,,,,
9882,1998-11-06,7.0E7,1.16672912E8,4.6672912E7,,,,
98851,1979-08-01,,,,,,,
98870,2011-10-15,,,,,,,
989,1940-06-14,,,,,,,
9893,2004-07-09,,,,,,,
9895,2006-10-09,2.0E7,4.1237648E7,2.1237648E7,,,,
98984,1989-07-21,,,,,,,
99,1999-04-19,8272296.0,6.7872296E7,5.96E7,2.75,4,2.06155281280883,2001-01-23
99004,1953-10-08,,,,,,,
9902,2003-05-30,1.26E7,2.8650575E7,1.6050575E7,,,,
9906,2006-07-27,,5.5181129E7,,,,,
99095,1965-12-28,,,,,,,
99099,1968-09-28,,,,,,,
991,1976-03-18,1500000.0,,,3.5,12,0.7977240352174656,2008-12-09
99106,1993-01-01,,,,2.5,1,,2014-02-09
9911,2007-03-09,,,,,,,
99119,2011-09-28,,,,,,,
9913,2005-07-29,4.3E7,9.1974818E7,4.8974818E7,,,,
99189,1980-12-01,,,,,,,
9919,2003-02-07,,1.77371441E8,,,,,
99242,2009-09-11,,,,,,,
99247,2012-03-01,,,,,,,
99261,1978-06-02,,,,,,,
9927,2005-12-23,,4.0442437E7,,,,,
9928,2005-03-10,7.5E7,2.60696994E8,1.85696994E8,,,,
9930,1986-06-18,,,,,,,
99312,2005-01-01,,,,,,,
99313,1983-01-01,,,,,,,
99318,1938-07-15,,,,,,,
99319,1933-04-01,,,,,,,
9932,2002-12-06,6.0E7,5.5003135E7,-4996865.0,,,,
99330,2008-12-18,,,,,,,
99343,2008-10-03,,,,,,,
99345,1960-06-13,,,,,,,
99361,1980-09-19,,,,,,,
99367,2014-02-14,,,,,,,
99377,1967-07-12,,,,,,,
9943,1998-08-27,,,,,,,
9944,1993-12-16,4.5E7,1.95268056E8,1.50268056E8,,,,
99449,1971-08-24,,,,,,,
99453,2008-02-19,,,,,,,
9946,1999-11-24,,2.11989043E8,,,,,
9947,2005-01-13,,5.6681566E7,,,,,
99479,1996-09-27,,,,,,,
9948,2006-11-09,2.4E7,,,,,,
9949,2006-12-02,,,,,,,
99495,2011-07-08,,,,,,,
995,1939-03-02,531374.0,1103757.0,572383.0,,,,
9950,2006-03-16,,2636637.0,,,,,
9951,2006-03-31,,,,,,,
9953,2004-09-02,,1841260.0,,,,,
9954,2006-09-08,2.0E7,3.7597471E7,1.7597471E7,,,,
99545,1942-10-20,,,,,,,
9956,1997-07-30,,,,,,,
99592,1960-08-19,,,,,,,
9962,2002-01-12,8000000.0,1.6856124E7,8856124.0,,,,
9963,2007-02-08,2.0E7,8.4146832E7,6.4146832E7,,,,
99642,2002-11-27,,,,,,,
99648,2002-04-26,,,,,,,
99650,2011-09-15,,,,,,,
99657,2000-02-01,,,,,,,
9967,1983-12-16,,2.79E7,,,,,
99708,2005-12-04,,,,,,,
9972,1989-08-04,2.4E7,2.2099847E7,-1900153.0,,,,
99738,2005-12-10,,,,,,,
9975,2006-02-10,5.0E7,6.9834815E7,1.9834815E7,,,,
99760,1984-11-09,,930349.0,,,,,
9977,1996-06-14,,,,,,,
99770,2012-10-17,6.1E7,,,,,,
9980,1986-07-25,1.0E7,7433663.0,-2566337.0,,,,
99819,2006-04-21,,,,,,,
99826,2002-01-16,,,,,,,
99846,1977-06-01,,,,3.0,1,,2013-02-16
99859,1996-08-01,,,,,,,
99863,1940-05-18,,,,,,,
9988,2006-08-25,1.75E7,1.9179969E7,1679969.0,,,,
99883,1960-11-03,,,,,,,
9989,2001-01-12,3.0E7,1.819561E7,-1.180439E7,,,,
99896,2007-04-04,,,,,,,
9991,2001-12-26,,,,,,,
99920,1939-05-06,,,,,,,
99922,1931-04-04,,,,,,,
9993,2005-07-19,,,,,,,
99934,1929-01-19,,,,,,,
9995,2000-09-06,,,,,,,
