id,language,language_iso
100,English,en
10000,Español,es
10001,English,en
100010,English,en
100017,Deutsch,de
10002,English,en
100024,English,en
10003,English,en
10003,Pусский,ru
100032,English,en
100033,日本語,ja
10004,English,en
100042,English,en
100046,English,en
10005,English,en
10005,Pусский,ru
100057,English,en
10006,English,en
100061,پښتو,ps
100063,English,en
10007,English,en
10008,English,en
100086,ਪੰਜਾਬੀ,pa
100086,اردو,ur
100088,English,en
100089,English,en
10009,Hrvatski,hr
10009,English,en
10009,"",iu
10010,English,en
10011,English,en
100110,English,en
10012,English,en
100122,Español,es
10013,English,en
10014,English,en
10015,Español,es
10015,English,en
10016,English,en
100167,English,en
10017,English,en
100179,English,en
10018,Deutsch,de
100183,English,en
10019,English,en
100196,English,en
10020,Français,fr
10020,English,en
100205,English,en
10021,English,en
100215,Magyar,hu
10022,English,en
10022,한국어/조선말,ko
100224,English,en
100224,Deutsch,de
10023,English,en
10024,Hrvatski,hr
10024,English,en
100241,English,en
100243,Deutsch,de
100246,English,en
100247,English,en
10025,English,en
100257,English,en
10027,English,en
10027,Deutsch,de
10027,Español,es
100270,Español,es
100271,日本語,ja
100272,English,en
100274,English,en
100275,English,en
10028,English,en
100287,Dansk,da
100288,Italiano,it
10029,English,en
10030,English,en
10032,English,en
10033,English,en
10034,English,en
100341,Český,cs
10035,English,en
100351,English,en
10036,Deutsch,de
10037,English,en
10037,"",tl
10040,English,en
100402,English,en
10041,English,en
100416,English,en
100420,English,en
10044,广州话 / 廣州話,cn
10045,Français,fr
100450,English,en
10046,English,en
10046,Français,fr
10046,Deutsch,de
10046,Español,es
100461,日本語,ja
100468,Italiano,it
10047,English,en
10047,Latin,la
10048,English,en
10048,Deutsch,de
10048,한국어/조선말,ko
10048,Pусский,ru
10048,Español,es
10049,Český,cs
10049,English,en
100490,English,en
100493,English,en
10050,English,en
10051,日本語,ja
10051,English,en
10051,Français,fr
10052,English,en
10052,Español,es
100526,English,en
100528,English,en
100529,English,en
10053,English,en
10054,Español,es
10054,English,en
100540,English,en
100544,English,en
10055,English,en
10055,Deutsch,de
10055,Pусский,ru
10056,English,en
100568,English,en
10057,English,en
100592,Český,cs
100594,suomi,fi
10060,English,en
10061,English,en
10063,English,en
100632,English,en
10064,English,en
10065,English,en
100656,English,en
10066,English,en
10066,Pусский,ru
100661,English,en
100669,English,en
10067,English,en
100671,English,en
10068,English,en
100681,हिन्दी,hi
100683,English,en
10069,English,en
10070,English,en
10071,English,en
10072,English,en
10073,English,en
10074,English,en
100747,English,en
10075,English,en
10075,Polski,pl
10075,Português,pt
10077,English,en
10077,普通话,zh
100770,English,en
100776,English,en
10078,English,en
100784,Pусский,ru
100791,Pусский,ru
100794,Italiano,it
10081,English,en
100812,Italiano,it
100814,English,en
100825,English,en
10083,Pусский,ru
10083,English,en
100830,Français,fr
10085,English,en
10085,Deutsch,de
10086,Français,fr
10086,Italiano,it
10087,English,en
10089,English,en
100894,English,en
100894,Italiano,it
100894,"",yi
100898,Nederlands,nl
10090,English,en
10090,Español,es
100910,English,en
10092,English,en
10092,Deutsch,de
10092,Português,pt
100923,日本語,ja
10093,English,en
10094,English,en
10096,English,en
10096,Français,fr
10096,Português,pt
10097,English,en
100973,svenska,sv
100975,English,en
10098,No Language,xx
101,English,en
101006,Español,es
10102,Italiano,it
10102,Français,fr
101024,广州话 / 廣州話,cn
101029,English,en
10103,한국어/조선말,ko
101030,Deutsch,de
101030,Español,es
101030,English,en
10105,English,en
10105,Deutsch,de
101056,English,en
10107,English,en
10109,普通话,zh
10110,English,en
10110,日本語,ja
10110,普通话,zh
10111,English,en
10112,English,en
101124,普通话,zh
101125,Deutsch,de
101125,English,en
101135,English,en
10115,English,en
10116,English,en
10116,日本語,ja
10116,ภาษาไทย,th
10117,English,en
10117,Français,fr
101173,English,en
101176,English,en
101179,English,en
10118,English,en
101183,Français,fr
101185,English,en
10119,Norsk,no
101190,Polski,pl
10120,English,en
101206,English,en
101217,Türkçe,tr
10122,English,en
101226,English,en
101230,Nederlands,nl
101230,English,en
101231,Italiano,it
10124,English,en
101242,English,en
10125,Hrvatski,hr
10126,English,en
10126,Español,es
101267,English,en
10127,English,en
10128,English,en
101281,English,en
101288,English,en
101289,English,en
10129,Deutsch,de
101293,English,en
101297,English,en
101297,Deutsch,de
101299,English,en
10130,English,en
101307,English,en
101308,English,en
101308,Français,fr
10131,English,en
10132,English,en
101320,English,en
101325,English,en
10133,English,en
101330,English,en
101330,Français,fr
101338,Español,es
10134,English,en
101342,Français,fr
101342,Português,pt
10135,English,en
10135,Português,pt
101352,Français,fr
10136,Český,cs
10136,English,en
10136,Italiano,it
101362,Polski,pl
10137,English,en
101376,English,en
101376,فارسی,fa
101376,svenska,sv
10138,English,en
10138,Pусский,ru
10138,Français,fr
101382,日本語,ja
10139,English,en
10140,English,en
10141,English,en
10142,English,en
101420,English,en
101422,English,en
10144,English,en
10144,Français,fr
101444,English,en
101444,Italiano,it
101449,English,en
10145,English,en
10146,Deutsch,de
10147,English,en
101482,English,en
10149,English,en
10150,English,en
10150,Deutsch,de
101501,English,en
101503,English,en
101503,Français,fr
10151,Français,fr
10151,Deutsch,de
101514,English,en
101519,English,en
10152,English,en
10153,English,en
101538,English,en
10154,English,en
10155,English,en
101553,Italiano,it
101557,English,en
101557,Français,fr
101557,日本語,ja
101557,Italiano,it
10156,Français,fr
10156,Latin,la
10156,English,en
10157,English,en
10158,English,en
10159,Português,pt
10159,English,en
101598,English,en
10160,English,en
101609,English,en
10161,English,en
10162,English,en
10162,Gaeilge,ga
10162,Latin,la
10163,English,en
10164,English,en
10164,Magyar,hu
10165,English,en
101652,English,en
101652,Italiano,it
101653,English,en
10166,English,en
101660,English,en
101665,日本語,ja
101669,English,en
10167,English,en
10168,English,en
10169,English,en
10170,English,en
10170,Pусский,ru
10170,Español,es
10171,English,en
10171,Deutsch,de
101715,English,en
10172,English,en
101724,English,en
10173,English,en
101731,English,en
101733,日本語,ja
10174,English,en
10174,Français,fr
101740,日本語,ja
101752,日本語,ja
10176,English,en
101766,한국어/조선말,ko
10177,English,en
101772,English,en
101772,Deutsch,de
101772,Italiano,it
10178,English,en
101783,हिन्दी,hi
10179,English,en
1018,Español,es
1018,English,en
10180,Dansk,da
101801,Český,cs
101806,English,en
10183,English,en
10183,Français,fr
10183,اردو,ur
10183,普通话,zh
101838,suomi,fi
10184,English,en
10185,English,en
10185,Français,fr
101852,English,en
10186,English,en
10186,Français,fr
10187,English,en
10188,English,en
101887,English,en
101887,Pусский,ru
10189,English,en
10190,العربية,ar
10190,English,en
10190,Español,es
10190,Français,fr
101904,Français,fr
101908,普通话,zh
10191,English,en
101915,English,en
101916,English,en
101917,Nederlands,nl
101917,English,en
101917,Français,fr
10192,English,en
101929,日本語,ja
10193,English,en
10193,Español,es
10195,English,en
101956,English,en
10196,English,en
101965,日本語,ja
101968,English,en
10197,English,en
10197,Français,fr
10197,Italiano,it
10198,Français,fr
10198,English,en
10199,English,en
101995,Türkçe,tr
101998,English,en
102,Dansk,da
10200,普通话,zh
10200,English,en
102000,English,en
102000,Français,fr
102001,日本語,ja
10201,Eesti,et
10201,English,en
10201,한국어/조선말,ko
10202,English,en
102032,English,en
102032,Deutsch,de
102038,English,en
10204,Deutsch,de
10204,English,en
10204,Français,fr
10204,हिन्दी,hi
10204,Türkçe,tr
10204,广州话 / 廣州話,cn
102041,English,en
10205,English,en
102051,English,en
102057,English,en
102059,English,en
102059,Deutsch,de
102059,日本語,ja
10206,English,en
10207,English,en
102078,English,en
10208,English,en
102081,English,en
10209,العربية,ar
10209,English,en
10209,Français,fr
102091,English,en
10210,English,en
10212,English,en
10212,Italiano,it
10212,Español,es
10213,English,en
10214,English,en
102144,English,en
102144,Español,es
10215,English,en
102155,English,en
10216,English,en
102161,English,en
102165,English,en
10217,English,en
10217,Español,es
10218,English,en
10219,Deutsch,de
10219,日本語,ja
10219,English,en
102195,English,en
102197,Pусский,ru
10220,Pусский,ru
10220,English,en
10220,עִבְרִית,he
102207,Français,fr
10222,English,en
102222,English,en
102227,日本語,ja
10223,English,en
102234,suomi,fi
102242,English,en
10225,English,en
102256,svenska,sv
10226,Italiano,it
10226,English,en
10226,Français,fr
10227,English,en
10227,Français,fr
10227,Deutsch,de
102272,Deutsch,de
10228,日本語,ja
102286,English,en
102288,English,en
102289,English,en
10229,English,en
102292,עִבְרִית,he
102292,Français,fr
102292,العربية,ar
102295,English,en
1023,Dansk,da
102304,English,en
102305,Español,es
10232,Deutsch,de
102331,Pусский,ru
102331,עִבְרִית,he
102331,"",am
102331,Kiswahili,sw
102337,Bosanski,bs
10234,Deutsch,de
10235,Pусский,ru
10236,English,en
10236,Français,fr
102362,English,en
102362,Français,fr
102362,shqip,sq
102362,Español,es
102363,Pусский,ru
102368,Español,es
10237,English,en
10238,svenska,sv
102382,English,en
10239,Français,fr
1024,English,en
10241,Français,fr
102410,English,en
102419,English,en
10242,English,en
102420,English,en
102428,Español,es
10243,English,en
102431,English,en
10244,Deutsch,de
102444,English,en
10246,English,en
102461,Français,fr
10247,English,en
10248,Deutsch,de
102488,English,en
102489,English,en
102489,Français,fr
102489,Deutsch,de
102489,Español,es
10249,English,en
10251,English,en
10251,Français,fr
102517,English,en
102524,Italiano,it
102526,English,en
102527,suomi,fi
10253,English,en
10253,한국어/조선말,ko
102533,Français,fr
102533,English,en
10254,ภาษาไทย,th
10257,普通话,zh
10258,English,en
102597,English,en
10260,Français,fr
10261,English,en
102622,English,en
102629,English,en
102629,Español,es
10263,English,en
102630,English,en
102632,हिन्दी,hi
102639,English,en
10264,English,en
102640,English,en
10265,English,en
10265,日本語,ja
10265,한국어/조선말,ko
102651,English,en
102668,English,en
10268,Français,fr
10269,English,en
102691,Deutsch,de
102691,Pусский,ru
102699,English,en
10270,Deutsch,de
102707,Español,es
10271,Français,fr
10272,English,en
10274,English,en
10274,Italiano,it
10275,广州话 / 廣州話,cn
10275,普通话,zh
10276,English,en
10278,English,en
102780,English,en
102784,Português,pt
10279,English,en
10279,Italiano,it
10280,English,en
10281,English,en
102812,English,en
102814,English,en
10283,English,en
102831,Français,fr
102831,English,en
102841,English,en
10285,English,en
102851,فارسی,fa
102855,English,en
102858,English,en
102858,Polski,pl
102858,Pусский,ru
102860,Português,pt
102870,ελληνικά,el
102871,Italiano,it
102873,English,en
102873,Pусский,ru
102873,Español,es
102873,"",tn
102878,English,en
10288,English,en
102899,English,en
102901,Español,es
102909,Español,es
102913,Norsk,no
10292,English,en
10293,Français,fr
102931,English,en
102931,Deutsch,de
102933,English,en
102935,English,en
102938,English,en
10294,English,en
102947,English,en
102949,Italiano,it
102959,Italiano,it
10296,English,en
102961,English,en
10297,English,en
10299,English,en
103,English,en
103,Español,es
103012,English,en
103012,हिन्दी,hi
103012,isiZulu,zu
103014,English,en
10303,العربية,ar
10303,English,en
10304,English,en
103048,हिन्दी,hi
10305,Français,fr
10306,English,en
103066,日本語,ja
103067,Italiano,it
10307,English,en
10307,Italiano,it
10307,Português,pt
103073,"",mr
103073,हिन्दी,hi
10308,Deutsch,de
103081,English,en
10309,العربية,ar
10309,Deutsch,de
10310,Deutsch,de
10311,Deutsch,de
103119,Español,es
103119,English,en
10312,English,en
103122,Italiano,it
10313,English,en
10314,English,en
10315,English,en
10316,English,en
103161,English,en
103162,English,en
103164,English,en
103168,English,en
10317,English,en
103173,English,en
10319,Deutsch,de
103194,English,en
103194,Deutsch,de
103195,Český,cs
103195,English,en
103195,Deutsch,de
103198,English,en
103199,Español,es
10320,English,en
103201,English,en
103203,Français,fr
103203,Wolof,wo
103205,English,en
103210,English,en
103212,हिन्दी,hi
103215,English,en
103215,Nederlands,nl
103216,Italiano,it
103218,Italiano,it
10322,English,en
10323,English,en
103236,हिन्दी,hi
10324,English,en
103243,हिन्दी,hi
10326,English,en
103260,English,en
103269,English,en
10327,English,en
10328,English,en
10329,English,en
10329,Français,fr
103299,English,en
10330,普通话,zh
10330,English,en
103301,Pусский,ru
103307,Pусский,ru
10331,English,en
103328,Français,fr
10333,English,en
103332,English,en
103332,Français,fr
103344,Français,fr
10336,English,en
10337,English,en
103370,English,en
10338,English,en
10338,Français,fr
10338,Deutsch,de
10338,Italiano,it
10338,日本語,ja
10339,English,en
103396,Deutsch,de
10340,English,en
10341,English,en
10341,Français,fr
10341,Deutsch,de
10341,Italiano,it
10341,日本語,ja
103413,English,en
10342,English,en
10342,Polski,pl
103425,English,en
103432,English,en
103433,English,en
10344,English,en
10344,Polski,pl
10345,English,en
10347,English,en
10347,Français,fr
10347,Deutsch,de
10347,Pусский,ru
103475,English,en
10348,日本語,ja
10348,广州话 / 廣州話,cn
10348,English,en
103488,English,en
10349,English,en
10350,English,en
103502,Français,fr
10351,English,en
103516,English,en
103528,English,en
10353,Français,fr
103539,қазақ,kk
10354,English,en
10355,한국어/조선말,ko
10356,English,en
10356,Polski,pl
10356,Pусский,ru
10357,Deutsch,de
10357,Español,es
10357,English,en
103578,English,en
10358,English,en
103590,ქართული,ka
103597,English,en
103597,Français,fr
103597,Español,es
10360,English,en
103601,English,en
10361,Italiano,it
10361,English,en
103612,English,en
103613,Italiano,it
103613,Français,fr
103613,Deutsch,de
10362,English,en
103620,English,en
10363,English,en
10363,Français,fr
10363,Italiano,it
103635,English,en
10364,English,en
10364,Français,fr
10364,Italiano,it
103640,हिन्दी,hi
103648,English,en
10366,English,en
103663,Dansk,da
103663,Polski,pl
103663,English,en
103667,English,en
103668,English,en
103675,English,en
103678,Italiano,it
10368,English,en
10368,Italiano,it
10368,Pусский,ru
103686,Deutsch,de
103688,English,en
103689,Español,es
10370,Français,fr
10370,Deutsch,de
103701,Português,pt
103707,English,en
10371,English,en
103711,English,en
103713,English,en
103717,Français,fr
10372,English,en
10373,English,en
103731,English,en
103732,English,en
103740,Română,ro
103742,Pусский,ru
103745,suomi,fi
103747,English,en
10375,English,en
103750,한국어/조선말,ko
103753,English,en
103753,Français,fr
103753,한국어/조선말,ko
103758,Italiano,it
10376,English,en
10376,Français,fr
10377,English,en
10378,English,en
103785,Türkçe,tr
10379,English,en
103793,Nederlands,nl
10380,English,en
10381,English,en
10383,English,en
10383,Français,fr
10384,English,en
10385,Pусский,ru
103850,English,en
10386,English,en
10387,普通话,zh
103875,普通话,zh
10388,English,en
10388,Français,fr
10389,English,en
10389,普通话,zh
10389,Pусский,ru
10389,ภาษาไทย,th
1039,Deutsch,de
10390,English,en
103902,English,en
10391,English,en
10393,English,en
103934,English,en
103938,English,en
103938,Español,es
10394,English,en
103941,Español,es
103947,Português,pt
10395,English,en
103953,日本語,ja
10396,English,en
10396,Español,es
103960,English,en
10397,English,en
103970,English,en
103972,Dansk,da
10398,English,en
10399,English,en
104,Deutsch,de
104,English,en
104,日本語,ja
1040,Italiano,it
1040,Latin,la
1040,Français,fr
10400,English,en
10401,Français,fr
10401,ελληνικά,el
10401,Italiano,it
10402,English,en
10403,English,en
10404,普通话,zh
104041,English,en
104043,English,en
10406,English,en
10406,Français,fr
10407,English,en
10408,Nederlands,nl
10408,Pусский,ru
10408,English,en
104081,Español,es
104083,English,en
104086,Français,fr
10409,Español,es
10409,English,en
10410,English,en
10410,Italiano,it
10410,Latin,la
104103,Français,fr
104106,Español,es
104106,English,en
10411,English,en
10412,Português,pt
10412,Deutsch,de
10412,English,en
10412,日本語,ja
10412,Tiếng Việt,vi
10413,English,en
10414,English,en
104150,English,en
104155,English,en
10416,English,en
104171,普通话,zh
104176,한국어/조선말,ko
104185,English,en
10419,English,en
104193,日本語,ja
104194,普通话,zh
10420,Hrvatski,hr
10420,Deutsch,de
104211,English,en
104221,English,en
10423,广州话 / 廣州話,cn
10423,English,en
104237,普通话,zh
104239,Français,fr
10424,English,en
104241,日本語,ja
104242,Français,fr
104244,Italiano,it
10425,English,en
104250,English,en
104251,日本語,ja
104259,广州话 / 廣州話,cn
104259,Bahasa melayu,ms
10426,English,en
10426,Français,fr
10426,Português,pt
10427,English,en
104274,English,en
104274,Français,fr
104274,Italiano,it
104275,Český,cs
104277,日本語,ja
10428,English,en
10428,Italiano,it
10428,日本語,ja
10428,Pусский,ru
104285,Español,es
10429,English,en
10429,Deutsch,de
104297,English,en
104301,English,en
104306,Český,cs
104308,Italiano,it
10431,广州话 / 廣州話,cn
10431,English,en
10431,日本語,ja
10431,普通话,zh
104310,한국어/조선말,ko
10432,English,en
104320,Italiano,it
104329,English,en
10433,English,en
104334,Italiano,it
104338,Français,fr
10434,English,en
10434,Français,fr
10434,Deutsch,de
104343,日本語,ja
10435,English,en
104354,Français,fr
10436,English,en
10436,Italiano,it
104360,Italiano,it
104364,English,en
10437,English,en
104374,日本語,ja
104376,Pусский,ru
10438,English,en
10439,English,en
104391,English,en
104394,English,en
104396,No Language,xx
104398,No Language,xx
10440,English,en
104413,English,en
10442,Pусский,ru
10442,English,en
104427,English,en
10443,English,en
104430,English,en
104431,Español,es
104435,Español,es
104439,English,en
10445,English,en
104460,No Language,xx
104462,No Language,xx
104465,日本語,ja
104466,No Language,xx
104469,No Language,xx
10447,English,en
104471,No Language,xx
104473,No Language,xx
104476,No Language,xx
104477,No Language,xx
10448,English,en
104480,No Language,xx
104485,English,en
10449,English,en
10449,Français,fr
10449,Tiếng Việt,vi
10450,Italiano,it
10450,English,en
104505,Français,fr
10451,普通话,zh
104515,Magyar,hu
10452,Français,fr
10452,Italiano,it
104522,Pусский,ru
104524,日本語,ja
104528,English,en
104528,Deutsch,de
104548,日本語,ja
104549,日本語,ja
104556,English,en
10458,Deutsch,de
104602,English,en
104606,广州话 / 廣州話,cn
104606,普通话,zh
104607,Español,es
10461,English,en
10462,English,en
104634,Català,ca
104634,Deutsch,de
104634,Español,es
104638,Español,es
10464,English,en
10464,Français,fr
104644,English,en
104659,English,en
10466,English,en
10467,English,en
104674,English,en
10468,English,en
10469,Deutsch,de
104694,No Language,xx
104696,No Language,xx
104697,No Language,xx
10470,Deutsch,de
104700,No Language,xx
104704,No Language,xx
104709,English,en
10471,English,en
104710,ελληνικά,el
104710,English,en
104710,Español,es
104711,Français,fr
104711,Deutsch,de
104711,Español,es
104718,Français,fr
104718,Español,es
104718,English,en
10472,English,en
10472,Français,fr
104720,English,en
10473,English,en
104732,English,en
104739,Français,fr
10474,English,en
104744,日本語,ja
10475,English,en
104755,English,en
10476,English,en
10477,English,en
10477,Deutsch,de
10477,Español,es
104776,English,en
104776,日本語,ja
10478,English,en
10479,العربية,ar
10479,English,en
10480,Español,es
10480,English,en
10481,English,en
104810,Pусский,ru
10482,English,en
10483,English,en
10484,Français,fr
10485,English,en
104852,No Language,xx
104858,한국어/조선말,ko
104859,English,en
104859,Français,fr
10486,English,en
104866,Italiano,it
104871,Italiano,it
10488,English,en
10489,English,en
10489,Magyar,hu
104896,English,en
1049,English,en
10490,English,en
10491,Deutsch,de
10491,English,en
10492,Français,fr
10492,Deutsch,de
104927,Italiano,it
10493,English,en
10493,Italiano,it
104931,Pусский,ru
104931,Français,fr
104931,Deutsch,de
104931,English,en
104931,Italiano,it
104935,Italiano,it
10494,日本語,ja
10495,English,en
104954,Italiano,it
10496,English,en
104965,English,en
104965,ozbek,uz
10497,Français,fr
10497,English,en
104973,English,en
104973,Italiano,it
104974,English,en
10498,English,en
10498,Français,fr
104989,English,en
10499,Deutsch,de
104997,suomi,fi
105,English,en
1050,English,en
1050,普通话,zh
1050,Español,es
10500,Deutsch,de
105001,广州话 / 廣州話,cn
10501,English,en
10502,English,en
10503,English,en
105033,Français,fr
105045,Deutsch,de
105056,Deutsch,de
105056,English,en
105059,English,en
105067,English,en
105067,Français,fr
105073,English,en
105077,English,en
105078,Italiano,it
105079,Italiano,it
105083,Italiano,it
105085,Italiano,it
105087,Italiano,it
10509,Nederlands,nl
105093,Español,es
105098,English,en
1051,English,en
1051,Français,fr
10510,English,en
10511,Gaeilge,ga
10511,English,en
10511,Español,es
105114,English,en
105114,Italiano,it
105121,English,en
10513,English,en
105130,日本語,ja
105133,日本語,ja
105136,日本語,ja
10514,English,en
105145,Italiano,it
105149,Italiano,it
10515,日本語,ja
105153,No Language,xx
105156,English,en
105156,Italiano,it
105157,No Language,xx
105158,No Language,xx
10516,English,en
10516,Français,fr
105168,No Language,xx
10518,English,en
10518,Français,fr
10518,Deutsch,de
10518,Español,es
10518,"",yi
105184,Deutsch,de
1052,English,en
10520,English,en
10521,English,en
105210,日本語,ja
105210,Latin,la
10523,Español,es
10523,English,en
105231,日本語,ja
10524,Français,fr
105246,English,en
10525,English,en
105254,English,en
105254,svenska,sv
10527,English,en
10527,Italiano,it
10527,ภาษาไทย,th
10528,English,en
10528,Français,fr
10529,English,en
105299,English,en
10530,English,en
105304,Français,fr
10531,English,en
105325,English,en
10533,English,en
10534,Dansk,da
10534,English,en
10534,Français,fr
10534,Deutsch,de
105347,Français,fr
105347,Português,pt
105348,Český,cs
10535,English,en
105352,No Language,xx
10536,English,en
10536,Italiano,it
10537,English,en
105371,English,en
10538,English,en
105384,Italiano,it
10539,English,en
105398,Italiano,it
10540,English,en
105404,English,en
105406,English,en
105406,Español,es
10541,Français,fr
105419,Español,es
10542,Deutsch,de
10543,English,en
10544,English,en
105448,Français,fr
105448,Português,pt
10545,Latin,la
10545,English,en
105454,Português,pt
10546,English,en
10546,Deutsch,de
105465,English,en
10547,English,en
105470,日本語,ja
10548,English,en
10549,English,en
10550,English,en
10550,Español,es
105503,English,en
105506,"",ml
105509,Italiano,it
10551,English,en
10552,English,en
105526,English,en
105528,English,en
105529,Italiano,it
10553,English,en
105531,English,en
105536,English,en
105538,English,en
105539,English,en
105548,English,en
105549,Français,fr
10555,English,en
105551,English,en
105561,English,en
105567,English,en
10557,English,en
10557,Pусский,ru
10557,اردو,ur
105572,Français,fr
105576,Français,fr
105583,English,en
105584,Español,es
10559,English,en
10560,English,en
10562,English,en
10562,Italiano,it
10562,Español,es
105627,Český,cs
105627,Slovenčina,sk
10563,English,en
10564,English,en
10565,Deutsch,de
10565,Türkçe,tr
10567,English,en
105672,Italiano,it
105676,English,en
105678,Français,fr
105678,English,en
10568,English,en
105680,普通话,zh
105680,广州话 / 廣州話,cn
105687,Italiano,it
10569,English,en
105693,Italiano,it
10570,Nederlands,nl
105703,普通话,zh
10571,English,en
105711,No Language,xx
10572,English,en
10572,Français,fr
10573,"",tg
105734,svenska,sv
105737,svenska,sv
10574,Deutsch,de
10575,English,en
10575,Italiano,it
105757,English,en
105757,Deutsch,de
105759,English,en
10576,English,en
105760,Polski,pl
105763,Pусский,ru
105763,Français,fr
105763,ქართული,ka
105768,English,en
10577,English,en
105770,Nederlands,nl
105778,English,en
10578,Italiano,it
10578,English,en
105789,English,en
10579,English,en
10579,Français,fr
10579,Română,ro
1058,English,en
10580,עִבְרִית,he
105829,Pусский,ru
105833,Português,pt
105833,English,en
105833,日本語,ja
105833,Español,es
105833,Italiano,it
105833,Français,fr
105843,Français,fr
105848,Italiano,it
10585,English,en
105853,Italiano,it
105859,Italiano,it
10586,English,en
105860,Italiano,it
105864,English,en
105869,English,en
10587,English,en
105875,Afrikaans,af
10588,English,en
105884,Italiano,it
105885,English,en
10589,English,en
105891,"",mi
105891,English,en
1059,日本語,ja
10590,English,en
10590,Tiếng Việt,vi
10590,Français,fr
105902,Deutsch,de
105902,English,en
10591,English,en
105915,Français,fr
10592,English,en
10592,Deutsch,de
10594,English,en
105945,English,en
10596,English,en
105965,Nederlands,nl
105965,English,en
105965,Deutsch,de
105965,svenska,sv
10597,English,en
105972,English,en
105978,English,en
10598,English,en
10598,Pусский,ru
10598,Español,es
105980,English,en
105981,English,en
105983,suomi,fi
105989,English,en
10599,Italiano,it
105991,普通话,zh
106,English,en
106,Español,es
106006,English,en
10601,English,en
106016,English,en
106016,Español,es
106017,English,en
106020,English,en
106021,English,en
10603,English,en
10603,Español,es
10604,English,en
10604,ελληνικά,el
106042,English,en
106049,English,en
10606,English,en
10607,English,en
10607,Español,es
106070,English,en
10608,English,en
10609,English,en
10610,English,en
10611,English,en
106112,English,en
106113,English,en
10612,English,en
106124,Český,cs
106129,English,en
10613,English,en
10613,Français,fr
106131,English,en
106134,English,en
106135,English,en
106136,English,en
106139,Français,fr
106139,Italiano,it
10614,English,en
106143,English,en
10615,English,en
106155,Italiano,it
10616,English,en
10616,Français,fr
10616,日本語,ja
10616,Polski,pl
10617,普通话,zh
10617,Español,es
106176,Español,es
10618,广州话 / 廣州話,cn
10618,English,en
10619,广州话 / 廣州話,cn
10619,English,en
10619,Pусский,ru
106194,svenska,sv
106196,Español,es
106199,Español,es
10620,广州话 / 廣州話,cn
10620,English,en
106219,Deutsch,de
10622,普通话,zh
10622,广州话 / 廣州話,cn
10622,English,en
106222,English,en
106224,Český,cs
106224,Italiano,it
10623,English,en
10623,한국어/조선말,ko
10623,Pусский,ru
106230,English,en
106230,ภาษาไทย,th
10625,Kiswahili,sw
10625,English,en
10625,Deutsch,de
10625,Tiếng Việt,vi
106254,No Language,xx
106259,Pусский,ru
10626,Deutsch,de
106263,English,en
10627,English,en
10628,English,en
106280,English,en
10629,English,en
10630,Deutsch,de
10631,English,en
10632,English,en
106326,English,en
10633,English,en
106337,English,en
10634,English,en
106344,English,en
10635,English,en
106355,English,en
106358,English,en
10636,Deutsch,de
10637,English,en
106373,普通话,zh
10639,Deutsch,de
10640,English,en
106406,Español,es
106406,English,en
10641,English,en
106417,日本語,ja
10642,English,en
10643,日本語,ja
10644,English,en
106446,Polski,pl
106446,Español,es
10645,Deutsch,de
10646,English,en
10647,English,en
10648,English,en
10648,Español,es
106482,English,en
10649,English,en
106495,English,en
10650,English,en
10651,English,en
106513,English,en
106515,English,en
10652,English,en
10653,English,en
106538,Français,fr
10654,English,en
106541,Français,fr
106546,Polski,pl
106546,Pусский,ru
10655,English,en
10656,Français,fr
10657,English,en
106573,English,en
106573,Français,fr
10658,English,en
10658,Português,pt
10659,Deutsch,de
106599,English,en
10660,English,en
106605,English,en
10661,English,en
10661,עִבְרִית,he
106622,Italiano,it
106623,Italiano,it
106629,Nederlands,nl
10663,English,en
106635,English,en
10664,Español,es
106646,Français,fr
106646,English,en
10665,English,en
106669,svenska,sv
106679,English,en
10668,English,en
106682,English,en
106685,Français,fr
106685,Polski,pl
10669,English,en
10670,English,en
10671,Italiano,it
10671,English,en
106717,English,en
106729,English,en
10673,English,en
10674,English,en
10674,普通话,zh
106742,suomi,fi
106747,English,en
106747,Español,es
10675,English,en
10675,Français,fr
10676,English,en
10677,English,en
10677,Español,es
10678,English,en
10678,Français,fr
10679,English,en
10679,Deutsch,de
10680,English,en
106807,No Language,xx
10681,English,en
106824,English,en
106825,English,en
106826,English,en
10683,English,en
10683,Pусский,ru
106833,English,en
106837,English,en
10684,English,en
106845,English,en
106849,English,en
10685,Tiếng Việt,vi
10685,English,en
106851,English,en
10686,日本語,ja
10687,English,en
106876,English,en
10688,English,en
106882,English,en
106887,Español,es
10690,English,en
10691,Español,es
10691,English,en
10692,English,en
106922,Français,fr
106922,Italiano,it
10693,English,en
106938,English,en
106938,Français,fr
10694,English,en
106944,Italiano,it
10696,English,en
106968,Deutsch,de
10697,Français,fr
106970,Italiano,it
10699,English,en
107,English,en
107,Pусский,ru
107019,English,en
107028,Español,es
107028,English,en
10703,广州话 / 廣州話,cn
10703,한국어/조선말,ko
10703,普通话,zh
107034,Italiano,it
107035,Italiano,it
107039,العربية,ar
107039,Français,fr
10704,English,en
10705,English,en
10705,Français,fr
107052,Italiano,it
107056,Polski,pl
10706,English,en
10706,Español,es
107068,Italiano,it
10707,English,en
10707,Français,fr
107073,Español,es
10708,English,en
107081,Italiano,it
107096,English,en
107096,Deutsch,de
10710,English,en
107100,English,en
10711,English,en
10711,Français,fr
10712,English,en
10714,English,en
10714,Slovenčina,sk
107146,English,en
10715,English,en
107170,English,en
10718,English,en
107184,Italiano,it
10719,English,en
107193,Italiano,it
10720,English,en
107203,Português,pt
10722,Italiano,it
10722,Español,es
10723,English,en
107231,English,en
107235,한국어/조선말,ko
10724,Pусский,ru
10724,English,en
107246,English,en
107246,Français,fr
107248,普通话,zh
10725,English,en
107250,English,en
107257,English,en
10726,English,en
10727,English,en
10728,Deutsch,de
107282,English,en
107282,Deutsch,de
107287,Español,es
10729,English,en
1073,English,en
10730,English,en
107308,日本語,ja
10731,English,en
107311,English,en
107315,English,en
107319,English,en
107321,English,en
107327,English,en
10733,English,en
10733,Español,es
10734,English,en
10735,English,en
107352,English,en
107355,English,en
107357,English,en
10739,English,en
107393,Español,es
10740,English,en
107406,Italiano,it
10741,English,en
10741,Deutsch,de
10741,Español,es
107412,English,en
107413,日本語,ja
10742,English,en
107420,English,en
107426,Español,es
107427,English,en
10743,English,en
107430,English,en
10744,English,en
10744,Pусский,ru
107443,English,en
107445,Deutsch,de
107445,English,en
107445,Pусский,ru
10747,English,en
10747,"",nv
10747,Español,es
10748,English,en
10749,Deutsch,de
1075,Srpski,sr
10750,English,en
10751,Dansk,da
10751,Srpski,sr
10751,svenska,sv
10753,广州话 / 廣州話,cn
10754,Deutsch,de
10754,Polski,pl
107548,Deutsch,de
107548,हिन्दी,hi
10756,English,en
107569,English,en
10757,English,en
10757,हिन्दी,hi
10758,English,en
10759,English,en
10759,Português,pt
107592,English,en
107593,English,en
10760,English,en
10761,English,en
10761,Français,fr
10761,Pусский,ru
107612,Italiano,it
107612,Español,es
10762,English,en
107625,Español,es
107625,English,en
10763,English,en
10764,English,en
10764,Español,es
10764,Italiano,it
10764,Français,fr
10764,Deutsch,de
107641,日本語,ja
107643,日本語,ja
10765,English,en
10766,English,en
107667,Español,es
10768,English,en
107682,广州话 / 廣州話,cn
107693,Português,pt
10770,English,en
10770,Italiano,it
107705,Pусский,ru
10771,广州话 / 廣州話,cn
10771,English,en
10772,Italiano,it
10773,English,en
10774,English,en
10774,Deutsch,de
107743,English,en
107745,हिन्दी,hi
10775,广州话 / 廣州話,cn
107753,English,en
10776,English,en
107767,Français,fr
107774,English,en
107775,Norsk,no
10778,English,en
10779,English,en
10780,English,en
10780,Français,fr
107808,English,en
10781,English,en
107811,English,en
107812,English,en
10782,English,en
107828,普通话,zh
10783,English,en
10784,English,en
10784,Français,fr
10784,Deutsch,de
10784,עִבְרִית,he
107846,English,en
107846,Deutsch,de
107846,العربية,ar
107846,اردو,ur
10785,English,en
107852,Français,fr
10786,English,en
10787,English,en
107874,English,en
107876,English,en
10788,English,en
10788,हिन्दी,hi
107891,普通话,zh
10790,Pусский,ru
10790,English,en
107916,Español,es
10792,Français,fr
10792,Magyar,hu
107928,Italiano,it
107937,हिन्दी,hi
10794,English,en
10794,Français,fr
10794,Italiano,it
10794,普通话,zh
10794,Pусский,ru
107946,English,en
10795,Français,fr
10796,English,en
107966,English,en
10797,Dansk,da
107973,English,en
107976,한국어/조선말,ko
107978,svenska,sv
10798,العربية,ar
10798,English,en
10798,Français,fr
107983,Polski,pl
107985,English,en
10799,Français,fr
107999,English,en
108,Français,fr
108,Polski,pl
10800,Français,fr
108003,English,en
10801,Deutsch,de
108010,English,en
108017,No Language,xx
10802,English,en
108021,English,en
10803,English,en
10804,English,en
10804,Français,fr
108048,Français,fr
10805,English,en
10805,Español,es
108055,English,en
10806,English,en
108063,Hrvatski,hr
10808,English,en
10809,Español,es
10810,Español,es
108147,English,en
108155,English,en
10817,Español,es
108177,English,en
10818,Français,fr
108181,English,en
108181,Español,es
10819,Polski,pl
108200,English,en
108204,English,en
108209,English,en
10821,Türkçe,tr
108213,English,en
10822,English,en
108220,English,en
108222,English,en
108224,English,en
108227,English,en
108228,English,en
10823,English,en
10823,Português,pt
10823,Español,es
108232,English,en
108235,English,en
10824,English,en
108241,English,en
108251,English,en
108256,English,en
108266,English,en
108267,English,en
108282,English,en
10829,English,en
10830,English,en
108309,Español,es
10831,Nederlands,nl
10831,English,en
10831,Deutsch,de
108312,English,en
108316,English,en
10832,Français,fr
10832,Română,ro
108322,English,en
10833,English,en
10833,Pусский,ru
108331,Español,es
10834,English,en
10834,Deutsch,de
108345,English,en
108346,English,en
108348,English,en
10835,广州话 / 廣州話,cn
10835,日本語,ja
10835,普通话,zh
108353,English,en
10836,English,en
10836,Español,es
108365,English,en
108365,Français,fr
10837,English,en
10839,Deutsch,de
10839,English,en
10839,Français,fr
10839,Pусский,ru
108391,English,en
10840,No Language,xx
108401,English,en
108401,Español,es
10841,English,en
10841,Deutsch,de
108419,English,en
10842,日本語,ja
10843,English,en
108432,English,en
108437,Italiano,it
10844,English,en
10845,English,en
10846,العربية,ar
10846,English,en
10846,Italiano,it
10847,English,en
108476,English,en
10849,English,en
10851,English,en
108512,日本語,ja
10852,广州话 / 廣州話,cn
108523,日本語,ja
108523,ภาษาไทย,th
108523,English,en
108535,Italiano,it
10854,English,en
108548,Français,fr
108548,Português,pt
10855,广州话 / 廣州話,cn
10855,English,en
108553,English,en
10856,English,en
10856,Español,es
108564,English,en
10857,English,en
108573,Norsk,no
108574,Deutsch,de
108574,Français,fr
108574,English,en
10858,English,en
108582,English,en
10859,English,en
10860,English,en
10861,English,en
10862,English,en
10863,English,en
10863,Deutsch,de
108634,日本語,ja
108636,한국어/조선말,ko
108639,English,en
108639,Français,fr
108639,Pусский,ru
108639,Español,es
108646,普通话,zh
108648,日本語,ja
10865,English,en
10865,Français,fr
10865,Español,es
10866,English,en
108664,Italiano,it
108665,普通话,zh
108665,广州话 / 廣州話,cn
108668,shqip,sq
108668,English,en
10867,Italiano,it
10868,English,en
108688,English,en
10869,English,en
10870,Nederlands,nl
10870,Français,fr
10870,Polski,pl
108705,Italiano,it
10871,English,en
108712,Português,pt
108716,English,en
108716,Deutsch,de
10872,English,en
108723,English,en
108726,English,en
10873,English,en
10873,Deutsch,de
10874,English,en
10875,English,en
10876,English,en
108762,suomi,fi
10877,Italiano,it
10878,English,en
10878,Polski,pl
10878,Português,pt
10878,Español,es
108789,Italiano,it
10879,English,en
10879,Français,fr
108794,English,en
108794,Magyar,hu
108794,Pусский,ru
108798,日本語,ja
1088,English,en
1088,"",mi
10880,Deutsch,de
10881,Polski,pl
108812,English,en
108812,Español,es
10882,English,en
108822,Français,fr
108827,shqip,sq
108827,"",mk
108835,English,en
108835,Srpski,sr
10884,English,en
108843,English,en
108844,English,en
10885,English,en
10885,日本語,ja
108852,English,en
10886,Italiano,it
10886,Український,uk
108869,English,en
108879,English,en
10889,English,en
10889,Español,es
1089,English,en
10890,English,en
10890,Pусский,ru
10890,Polski,pl
108901,English,en
10891,English,en
108917,English,en
108930,English,en
10894,English,en
108949,"",tl
10895,English,en
10896,English,en
108969,English,en
10897,English,en
108972,한국어/조선말,ko
10898,English,en
108994,English,en
109,Français,fr
109,Magyar,hu
109,Polski,pl
1090,English,en
10900,English,en
109001,हिन्दी,hi
109008,English,en
109016,English,en
109018,English,en
109020,English,en
109028,हिन्दी,hi
109048,ภาษาไทย,th
10905,English,en
10906,English,en
10907,English,en
109074,English,en
10908,English,en
109080,日本語,ja
109088,普通话,zh
10909,English,en
109091,English,en
109097,English,en
109099,English,en
109099,Deutsch,de
1091,English,en
1091,Norsk,no
10910,English,en
109102,English,en
109109,English,en
10911,English,en
10911,Deutsch,de
10911,ελληνικά,el
10912,English,en
109122,English,en
10913,English,en
109133,English,en
10915,Italiano,it
10916,English,en
109161,English,en
10917,English,en
109174,English,en
109176,English,en
10918,English,en
1092,English,en
1092,Pусский,ru
1092,Deutsch,de
10921,English,en
109213,English,en
10922,English,en
10923,English,en
109235,English,en
10925,English,en
109251,English,en
109258,English,en
109259,English,en
109260,Français,fr
109260,Português,pt
109260,Pусский,ru
109261,Français,fr
109262,English,en
109264,English,en
109279,English,en
10929,English,en
109298,English,en
1093,Deutsch,de
1093,Français,fr
10930,Français,fr
109301,English,en
109323,English,en
109326,English,en
109329,English,en
10934,English,en
10934,Français,fr
10934,Deutsch,de
10934,Italiano,it
10934,Polski,pl
10934,Español,es
10935,English,en
10935,Français,fr
10935,Deutsch,de
10935,Polski,pl
10935,Pусский,ru
109354,Pусский,ru
109364,Français,fr
10937,English,en
109379,Français,fr
109379,български език,bg
10938,English,en
109380,Český,cs
10939,Français,fr
10939,Italiano,it
109391,English,en
109398,Deutsch,de
10940,English,en
10941,English,en
109414,English,en
109416,English,en
109417,English,en
109418,English,en
10942,English,en
109421,English,en
109421,Français,fr
109424,English,en
109424,Somali,so
109425,English,en
109428,English,en
10943,English,en
109431,English,en
109435,English,en
109439,English,en
10944,English,en
109441,Español,es
109443,English,en
109445,English,en
10945,English,en
109451,English,en
109453,English,en
109455,Italiano,it
109456,Italiano,it
109459,English,en
10946,English,en
10946,Português,pt
109463,English,en
109463,Deutsch,de
109466,English,en
10947,English,en
109475,English,en
109477,Español,es
109478,English,en
109479,English,en
10948,English,en
109481,English,en
10949,English,en
109491,English,en
10950,English,en
109500,English,en
10951,广州话 / 廣州話,cn
10951,普通话,zh
109513,English,en
109513,Français,fr
109513,Polski,pl
109515,"",mr
109516,English,en
10952,English,en
109520,English,en
109539,English,en
109539,Deutsch,de
10954,Français,fr
10955,English,en
10956,English,en
109560,English,en
109560,广州话 / 廣州話,cn
109565,English,en
10957,English,en
109572,日本語,ja
10958,العربية,ar
10958,English,en
109581,English,en
109584,English,en
109587,Srpski,sr
10960,English,en
109600,हिन्दी,hi
109600,English,en
10961,English,en
109610,English,en
109614,English,en
109632,English,en
109636,English,en
109667,English,en
109669,English,en
109669,Deutsch,de
109671,Türkçe,tr
109689,Español,es
109690,Español,es
10970,Français,fr
10971,Deutsch,de
10971,English,en
10971,Italiano,it
10971,Polski,pl
10971,Pусский,ru
109711,Español,es
109711,English,en
109716,English,en
10972,English,en
109729,English,en
10973,English,en
10974,广州话 / 廣州話,cn
10975,广州话 / 廣州話,cn
109774,Pусский,ru
10978,العربية,ar
10978,svenska,sv
109797,English,en
109809,English,en
109809,Polski,pl
10981,English,en
10982,English,en
109835,தமிழ்,ta
109835,తెలుగు,te
10984,English,en
109841,English,en
109843,English,en
10985,English,en
10985,Italiano,it
10985,Português,pt
10986,Magyar,hu
10986,Italiano,it
10987,English,en
10988,English,en
109881,English,en
109886,English,en
10989,English,en
10989,Íslenska,is
109894,English,en
10990,English,en
109907,English,en
109907,हिन्दी,hi
10991,English,en
109912,English,en
109913,English,en
10992,English,en
10992,Français,fr
10992,Deutsch,de
10992,ภาษาไทย,th
109933,English,en
10994,English,en
10995,English,en
10996,English,en
109962,English,en
10997,普通话,zh
109970,English,en
109970,Español,es
109979,Italiano,it
10998,English,en
10999,English,en
109991,Pусский,ru
11,English,en
110,Français,fr
11000,English,en
11000,Français,fr
110001,euskera,eu
110001,Español,es
11001,English,en
11002,English,en
110029,Türkçe,tr
11003,English,en
11004,English,en
110040,Türkçe,tr
11005,English,en
11006,English,en
11007,English,en
11008,English,en
11009,English,en
11009,Italiano,it
11010,Italiano,it
11010,Español,es
11011,English,en
11011,Latin,la
110112,English,en
110115,English,en
11012,English,en
11012,Français,fr
11012,Deutsch,de
11012,Italiano,it
110122,English,en
11013,English,en
110130,English,en
110131,Magyar,hu
110139,English,en
110146,English,en
110147,English,en
110147,Français,fr
110147,Deutsch,de
110148,English,en
110148,Français,fr
11015,English,en
11016,English,en
110160,Français,fr
110160,English,en
11017,Français,fr
11017,Español,es
11017,English,en
11018,English,en
11019,English,en
11020,English,en
11020,Français,fr
110204,English,en
11022,English,en
11022,Deutsch,de
11022,Polski,pl
110227,English,en
11023,English,en
11023,Português,pt
11023,Español,es
11024,English,en
11025,English,en
11026,English,en
110260,Italiano,it
11027,English,en
110272,English,en
11028,English,en
11028,Español,es
110282,English,en
110283,日本語,ja
110299,English,en
1103,English,en
11030,English,en
11030,Deutsch,de
11031,English,en
110323,Français,fr
11033,English,en
110336,English,en
11034,English,en
11035,English,en
11035,Français,fr
11035,Italiano,it
110351,English,en
110354,English,en
11036,English,en
11037,Nederlands,nl
11037,English,en
110372,English,en
11038,English,en
110381,Français,fr
110381,Wolof,wo
11039,English,en
11039,Italiano,it
110390,English,en
110390,svenska,sv
110391,English,en
110391,فارسی,fa
110391,Türkçe,tr
110392,English,en
110393,Español,es
110395,English,en
110395,Español,es
110398,Español,es
11040,English,en
110402,Pусский,ru
11041,English,en
110410,普通话,zh
110412,English,en
110415,English,en
110415,Français,fr
110415,日本語,ja
110415,한국어/조선말,ko
110416,English,en
110419,English,en
11042,English,en
11042,Français,fr
110420,日本語,ja
110428,Français,fr
11044,English,en
110447,Français,fr
110447,Italiano,it
11045,English,en
11045,Português,pt
11045,Español,es
110457,English,en
11046,Deutsch,de
11046,English,en
110465,English,en
110468,English,en
11047,Français,fr
110479,English,en
11048,Italiano,it
11049,English,en
110490,English,en
110491,English,en
11050,English,en
110501,Srpski,sr
110502,English,en
11051,English,en
110513,English,en
11052,English,en
110525,English,en
11053,Italiano,it
11054,English,en
11054,Français,fr
11054,Pусский,ru
110540,English,en
110548,English,en
110549,English,en
11055,Italiano,it
110552,ภาษาไทย,th
110553,English,en
11056,English,en
110568,English,en
11057,Deutsch,de
110573,Français,fr
11058,English,en
110588,English,en
11059,English,en
110598,English,en
11060,English,en
11060,Español,es
110603,English,en
110608,Srpski,sr
11062,English,en
110624,English,en
110628,English,en
110628,Español,es
11064,English,en
110643,English,en
11065,English,en
11065,Français,fr
11066,Français,fr
11066,English,en
110669,English,en
11067,English,en
110671,English,en
110674,English,en
11068,English,en
11069,English,en
11069,Español,es
110692,English,en
11070,Deutsch,de
11071,English,en
11072,English,en
11072,Deutsch,de
11072,"",yi
110733,Pусский,ru
11074,English,en
110748,日本語,ja
11075,日本語,ja
11076,English,en
110760,No Language,xx
11077,English,en
11077,Italiano,it
110777,English,en
110779,English,en
11078,English,en
110790,English,en
11081,English,en
11082,English,en
110823,English,en
110823,Italiano,it
11083,Norsk,no
11083,svenska,sv
110830,English,en
110838,English,en
11084,Nederlands,nl
11085,English,en
11085,Magyar,hu
11086,English,en
11087,Magyar,hu
11087,Pусский,ru
11088,English,en
11089,Español,es
11089,Deutsch,de
110899,日本語,ja
11090,English,en
110901,日本語,ja
110903,日本語,ja
110909,English,en
11091,English,en
110919,Deutsch,de
110919,Srpski,sr
11092,English,en
110924,Español,es
11093,English,en
11093,فارسی,fa
110958,English,en
11096,English,en
110972,English,en
110980,English,en
11099,English,en
11099,Deutsch,de
111,English,en
111,Español,es
11101,Deutsch,de
11101,Pусский,ru
111014,English,en
111017,English,en
111022,English,en
111024,English,en
111024,Pусский,ru
11103,English,en
111031,English,en
111037,English,en
11104,广州话 / 廣州話,cn
11104,English,en
11104,日本語,ja
11104,普通话,zh
111042,English,en
111043,English,en
11107,English,en
11107,Italiano,it
111083,Español,es
11109,English,en
111098,Srpski,sr
11110,עִבְרִית,he
111100,English,en
111109,"",tl
11111,Español,es
11111,English,en
111114,English,en
11112,English,en
11113,English,en
11114,English,en
111149,English,en
11115,English,en
111170,English,en
111172,English,en
111173,English,en
111174,English,en
111188,Deutsch,de
111188,English,en
111188,Español,es
11119,English,en
111190,English,en
11120,English,en
11121,English,en
11122,Deutsch,de
11123,English,en
111237,Pусский,ru
111239,English,en
111248,Pусский,ru
111250,English,en
11127,English,en
11128,English,en
11129,English,en
11130,English,en
111304,日本語,ja
111307,English,en
11131,English,en
111310,English,en
111312,English,en
111315,English,en
111317,English,en
11132,English,en
111326,English,en
11133,English,en
111332,English,en
11134,广州话 / 廣州話,cn
11134,English,en
11134,Bahasa melayu,ms
11134,ภาษาไทย,th
111344,English,en
11135,Dansk,da
11135,English,en
11135,한국어/조선말,ko
11135,Norsk,no
11135,svenska,sv
111359,English,en
111367,Français,fr
11137,Dansk,da
11137,Deutsch,de
11137,English,en
11139,Français,fr
111390,English,en
111396,Tiếng Việt,vi
111397,日本語,ja
111398,日本語,ja
1114,"",mn
11141,English,en
11142,Deutsch,de
11142,Pусский,ru
111421,English,en
11143,广州话 / 廣州話,cn
11143,English,en
11144,Italiano,it
111440,English,en
111443,Español,es
11145,English,en
111457,English,en
111459,English,en
111460,English,en
111469,English,en
111470,English,en
111473,English,en
111477,Español,es
111477,English,en
111479,English,en
111479,Deutsch,de
11148,Español,es
111480,Français,fr
111480,Deutsch,de
111481,Français,fr
1115,Français,fr
1115,Deutsch,de
11152,English,en
11152,Polski,pl
11152,Pусский,ru
11153,English,en
11155,English,en
11156,Français,fr
11156,English,en
111561,English,en
11157,English,en
111570,English,en
11158,English,en
111582,English,en
11159,English,en
1116,English,en
1116,Gaeilge,ga
1116,Latin,la
11160,Italiano,it
111605,Italiano,it
111605,English,en
11161,English,en
11162,English,en
111623,English,en
111625,English,en
11163,Italiano,it
11163,Latin,la
11164,English,en
11164,Íslenska,is
111642,English,en
11165,English,en
11165,日本語,ja
111650,Magyar,hu
111662,English,en
111667,Français,fr
111667,Español,es
11167,English,en
111678,English,en
11169,English,en
11169,Pусский,ru
11169,svenska,sv
111697,Italiano,it
11170,English,en
111708,Español,es
11171,English,en
111718,日本語,ja
11172,English,en
111732,English,en
11174,Dansk,da
11174,svenska,sv
111744,English,en
111744,Deutsch,de
111744,Italiano,it
11175,English,en
111750,English,en
111752,English,en
11176,English,en
11177,English,en
11178,English,en
11178,한국어/조선말,ko
11179,Deutsch,de
111794,English,en
11181,Deutsch,de
11181,Italiano,it
111815,English,en
11183,Français,fr
111836,తెలుగు,te
111839,English,en
11184,English,en
11185,English,en
111854,English,en
11186,English,en
11186,Türkçe,tr
11187,Český,cs
11187,English,en
11188,English,en
111883,English,en
11190,Pусский,ru
11191,English,en
11191,Français,fr
111910,English,en
111913,日本語,ja
11193,English,en
11194,English,en
11196,Dansk,da
111960,English,en
111969,English,en
11197,suomi,fi
11197,svenska,sv
111974,日本語,ja
111975,Español,es
111975,English,en
11198,广州话 / 廣州話,cn
11198,普通话,zh
11198,Português,pt
111981,English,en
111988,ελληνικά,el
11199,English,en
112,Dansk,da
11202,English,en
11204,English,en
11204,Deutsch,de
112044,Nederlands,nl
112049,English,en
11205,广州话 / 廣州話,cn
11205,English,en
112054,English,en
112058,English,en
11206,English,en
11207,Deutsch,de
11207,Türkçe,tr
112072,suomi,fi
11208,English,en
112083,English,en
112087,English,en
11209,Český,cs
11209,English,en
11209,Español,es
112090,English,en
112090,Français,fr
112090,Pусский,ru
112092,Srpski,sr
11210,Italiano,it
11210,English,en
11211,English,en
112119,English,en
11212,English,en
11212,Français,fr
11212,Deutsch,de
112130,English,en
112130,Español,es
112136,English,en
11214,English,en
11214,Français,fr
11214,Deutsch,de
11214,Português,pt
11215,English,en
11216,Italiano,it
112160,Français,fr
112161,English,en
112162,English,en
11217,English,en
11218,English,en
11218,Deutsch,de
11219,English,en
112198,Français,fr
112198,Deutsch,de
11220,普通话,zh
11220,广州话 / 廣州話,cn
112200,English,en
112205,English,en
11221,English,en
11222,English,en
11222,Français,fr
11222,Deutsch,de
11223,English,en
11224,English,en
112244,日本語,ja
11225,English,en
11225,Français,fr
11225,Latin,la
11225,Polski,pl
11226,Italiano,it
11227,Français,fr
11227,Español,es
11228,English,en
112283,한국어/조선말,ko
112284,English,en
112287,English,en
112287,Français,fr
11229,English,en
112293,Dansk,da
1123,Afrikaans,af
1123,English,en
1123,isiZulu,zu
11230,广州话 / 廣州話,cn
112304,English,en
11231,English,en
11232,English,en
11232,Français,fr
112336,English,en
11234,English,en
112346,Nederlands,nl
11235,English,en
112355,English,en
112355,Italiano,it
11236,English,en
11237,English,en
11237,Pусский,ru
11238,English,en
11239,日本語,ja
1124,English,en
11240,English,en
112422,English,en
11243,English,en
11243,Français,fr
11244,English,en
112454,English,en
112456,English,en
11246,English,en
112460,English,en
112460,Español,es
11247,Český,cs
11247,English,en
11247,Deutsch,de
11248,English,en
11248,Deutsch,de
112481,English,en
11249,English,en
1125,English,en
112501,日本語,ja
112503,Italiano,it
11252,English,en
112525,English,en
11253,English,en
112531,العربية,ar
112531,Polski,pl
112558,English,en
11257,English,en
11257,Italiano,it
112570,Italiano,it
112575,Português,pt
112575,Español,es
11258,English,en
112582,English,en
11259,English,en
1126,English,en
11260,English,en
112601,Italiano,it
112618,English,en
112631,English,en
112631,Español,es
112633,Français,fr
112649,广州话 / 廣州話,cn
112655,English,en
112672,English,en
112674,English,en
112675,Deutsch,de
112675,Română,ro
112678,English,en
112687,English,en
112698,普通话,zh
112699,普通话,zh
1127,Español,es
112705,English,en
112708,English,en
112722,English,en
112731,English,en
112739,English,en
112739,Français,fr
112767,English,en
11281,English,en
11282,English,en
11282,हिन्दी,hi
112823,Français,fr
11283,English,en
11284,English,en
11285,English,en
11286,日本語,ja
11286,普通话,zh
11286,العربية,ar
11286,English,en
11287,English,en
112878,English,en
112882,日本語,ja
112885,English,en
11291,Íslenska,is
11291,svenska,sv
112912,English,en
11293,English,en
112931,Français,fr
112942,Español,es
112947,English,en
112949,English,en
112949,Português,pt
11296,English,en
112961,English,en
112963,English,en
112969,English,en
11297,한국어/조선말,ko
112973,English,en
11298,English,en
11299,日本語,ja
112991,English,en
112999,বাংলা,bn
113,한국어/조선말,ko
11300,English,en
113012,বাংলা,bn
11302,"",yi
11302,English,en
11303,Français,fr
113038,English,en
113038,اردو,ur
11304,English,en
113040,English,en
11305,English,en
11305,Italiano,it
11305,日本語,ja
11306,English,en
11307,English,en
11308,English,en
113082,日本語,ja
11309,English,en
113091,English,en
113096,English,en
11310,English,en
11310,Italiano,it
11310,Pусский,ru
113105,Italiano,it
113119,English,en
11313,English,en
113137,English,en
11314,English,en
113148,English,en
11315,日本語,ja
113154,English,en
113158,English,en
11316,English,en
11317,Český,cs
11317,English,en
113175,English,en
113178,English,en
11318,English,en
11319,English,en
113190,English,en
113209,English,en
11321,English,en
11321,Español,es
113210,English,en
113213,English,en
113214,English,en
113215,English,en
113217,English,en
113219,English,en
11322,English,en
11323,English,en
113237,English,en
11324,English,en
11324,Deutsch,de
113255,English,en
113255,Deutsch,de
113258,Français,fr
11326,English,en
113262,English,en
11327,English,en
11327,Malti,mt
11327,Français,fr
113271,English,en
11328,Dansk,da
11329,English,en
11329,Français,fr
11329,Italiano,it
113290,English,en
113294,English,en
11330,Dansk,da
113300,English,en
11331,English,en
11332,English,en
11332,Deutsch,de
11332,Italiano,it
11332,日本語,ja
11332,Latin,la
11332,Pусский,ru
113321,Polski,pl
113329,Português,pt
11333,English,en
113332,Italiano,it
11335,English,en
11336,English,en
11336,Pусский,ru
113362,English,en
113362,Deutsch,de
113362,עִבְרִית,he
113369,Español,es
113369,English,en
11337,English,en
11338,English,en
113388,한국어/조선말,ko
113391,English,en
11340,Italiano,it
11342,English,en
11343,English,en
113432,Íslenska,is
11344,한국어/조선말,ko
11344,Pусский,ru
113456,Český,cs
113456,Deutsch,de
113458,Polski,pl
11346,Deutsch,de
11347,English,en
113479,Français,fr
11348,English,en
11349,English,en
11351,English,en
11352,English,en
113520,English,en
113523,English,en
113525,English,en
11353,English,en
11354,English,en
11355,English,en
11356,English,en
11357,English,en
11358,English,en
11359,English,en
113594,English,en
11360,English,en
11361,English,en
11362,English,en
113629,Français,fr
11363,English,en
11363,Français,fr
113638,English,en
11364,English,en
113649,한국어/조선말,ko
11365,English,en
113653,svenska,sv
113655,English,en
11366,日本語,ja
11367,Italiano,it
113670,svenska,sv
11368,English,en
113693,English,en
11370,English,en
11370,Magyar,hu
113700,English,en
11371,English,en
11371,Français,fr
11372,Český,cs
11372,English,en
11372,Deutsch,de
11372,Polski,pl
11372,Español,es
11373,Srpski,sr
113737,English,en
113739,English,en
11374,English,en
113743,English,en
11375,English,en
113752,English,en
113757,English,en
11376,English,en
11377,English,en
113777,English,en
11378,Français,fr
11378,Nederlands,nl
11378,English,en
113782,Italiano,it
113788,No Language,xx
11379,English,en
11380,English,en
11380,Français,fr
11381,English,en
11382,English,en
113823,English,en
11383,English,en
11383,Deutsch,de
113833,English,en
11384,English,en
113841,English,en
113843,English,en
11385,English,en
11385,Español,es
11385,Kiswahili,sw
11386,English,en
11387,English,en
11388,English,en
113882,English,en
11389,Dansk,da
11390,Dansk,da
11391,Dansk,da
113916,English,en
11392,Dansk,da
113921,English,en
11393,English,en
113936,Italiano,it
113947,English,en
11395,English,en
113958,English,en
11396,Français,fr
11397,English,en
11398,English,en
11399,Français,fr
114,English,en
114,Italiano,it
114,日本語,ja
11400,English,en
114003,English,en
114006,Pусский,ru
114006,日本語,ja
11401,English,en
11402,English,en
11403,English,en
114030,日本語,ja
114033,English,en
11404,English,en
114046,English,en
114047,Español,es
114051,Español,es
11406,Deutsch,de
114060,Deutsch,de
114060,English,en
114081,English,en
114083,English,en
114096,English,en
114104,English,en
114108,No Language,xx
11411,English,en
11411,Français,fr
11411,Italiano,it
11411,Pусский,ru
11411,ภาษาไทย,th
114116,English,en
11412,English,en
11413,English,en
11414,English,en
114145,No Language,xx
114146,No Language,xx
11415,English,en
114150,English,en
114155,English,en
11416,English,en
11416,"",gn
11416,Latin,la
11416,Español,es
114162,English,en
11417,Nederlands,nl
114172,suomi,fi
11418,English,en
114184,Français,fr
114189,English,en
114189,Deutsch,de
114189,Polski,pl
114189,Pусский,ru
11419,English,en
11420,English,en
11421,Français,fr
11422,English,en
114221,English,en
11423,한국어/조선말,ko
11424,English,en
114242,Deutsch,de
114246,Español,es
11425,English,en
114251,English,en
114255,English,en
11426,English,en
11427,English,en
11428,English,en
114285,Français,fr
114285,Pусский,ru
114285,Español,es
114286,Español,es
11429,English,en
114299,English,en
11430,English,en
114302,English,en
114302,Français,fr
11431,English,en
11431,Polski,pl
11431,Português,pt
114324,English,en
114333,Español,es
114348,English,en
114354,Español,es
114370,日本語,ja
114371,日本語,ja
114372,日本語,ja
114377,English,en
11439,English,en
114390,English,en
114394,English,en
114395,English,en
11440,Deutsch,de
11441,Italiano,it
11442,English,en
11443,English,en
11444,Français,fr
11444,Polski,pl
11444,Español,es
114444,English,en
11445,English,en
11446,English,en
114464,普通话,zh
11447,Italiano,it
11447,Latin,la
114471,English,en
114478,English,en
11448,English,en
11449,English,en
114490,English,en
114499,English,en
11450,English,en
114503,English,en
11451,English,en
114514,English,en
114516,English,en
11452,English,en
114521,English,en
114524,English,en
11453,Nederlands,nl
11453,English,en
11453,Polski,pl
11453,Português,pt
11454,English,en
11455,English,en
11456,English,en
114562,English,en
114562,Español,es
114564,"",mr
11457,English,en
114570,ελληνικά,el
114574,English,en
114575,English,en
114577,English,en
11458,English,en
11459,English,en
114594,English,en
11460,English,en
11460,Pусский,ru
114606,Český,cs
114606,English,en
114606,Polski,pl
114609,English,en
114609,Italiano,it
114618,English,en
11462,English,en
114626,Español,es
11463,Deutsch,de
11463,Français,fr
11463,Polski,pl
11463,English,en
114638,English,en
114645,ελληνικά,el
11465,English,en
11466,English,en
11466,svenska,sv
114661,한국어/조선말,ko
11467,English,en
11468,English,en
11469,English,en
11470,English,en
11471,广州话 / 廣州話,cn
11471,English,en
11471,普通话,zh
114718,Nederlands,nl
114719,English,en
11472,English,en
11472,Pусский,ru
114726,English,en
11474,English,en
11475,English,en
11475,suomi,fi
114750,English,en
11476,Deutsch,de
11476,Pусский,ru
11477,Español,es
114776,English,en
114779,English,en
11478,English,en
11479,Français,fr
114790,Deutsch,de
114796,English,en
11481,English,en
11482,English,en
11482,Français,fr
11483,English,en
11483,Français,fr
11483,Español,es
114838,English,en
11484,English,en
11485,"",yi
11485,English,en
114872,English,en
114875,English,en
114887,English,en
114888,English,en
11489,Français,fr
11489,Deutsch,de
11490,Français,fr
114903,Español,es
11492,普通话,zh
114922,Español,es
114931,Deutsch,de
11494,English,en
11494,Pусский,ru
11495,English,en
11495,Italiano,it
114953,English,en
114955,English,en
114958,English,en
11496,English,en
11496,Italiano,it
114962,فارسی,fa
11497,English,en
114975,English,en
11498,English,en
114982,English,en
114982,Français,fr
11499,English,en
11499,Español,es
114994,한국어/조선말,ko
115,English,en
115,עִבְרִית,he
115,Español,es
115,Deutsch,de
11502,Polski,pl
115023,Deutsch,de
11503,English,en
11504,English,en
115042,Español,es
115046,English,en
115054,English,en
11506,English,en
11506,Français,fr
11506,Deutsch,de
11506,svenska,sv
115064,हिन्दी,hi
115064,اردو,ur
11507,English,en
11508,English,en
11508,Français,fr
115084,English,en
11509,English,en
11510,Český,cs
11510,English,en
11510,Magyar,hu
115108,Français,fr
115109,English,en
11511,English,en
115111,English,en
11512,Français,fr
11513,English,en
11513,Deutsch,de
11513,Português,pt
11515,English,en
115150,Deutsch,de
115153,हिन्दी,hi
11516,English,en
11516,Français,fr
115161,English,en
115162,Français,fr
11517,English,en
115173,Español,es
11518,हिन्दी,hi
115187,Italiano,it
115189,English,en
11519,English,en
11519,Deutsch,de
11519,日本語,ja
115199,English,en
11520,English,en
11521,English,en
11521,Français,fr
11521,Magyar,hu
115210,English,en
115214,English,en
11522,English,en
115223,English,en
115223,Français,fr
115223,Deutsch,de
115223,日本語,ja
11523,English,en
115232,Pусский,ru
115239,Polski,pl
11524,English,en
115241,English,en
11525,English,en
11525,Magyar,hu
11526,Deutsch,de
11527,English,en
115276,English,en
11528,English,en
11528,Français,fr
115283,English,en
11529,English,en
115290,English,en
11530,Français,fr
115301,Español,es
115306,suomi,fi
11531,English,en
11532,English,en
11532,Português,pt
11533,English,en
115332,English,en
11534,ภาษาไทย,th
115348,English,en
11535,Deutsch,de
11535,Français,fr
11535,日本語,ja
11535,한국어/조선말,ko
11535,Pусский,ru
11535,العربية,ar
11535,English,en
115353,Italiano,it
11536,English,en
11537,普通话,zh
115373,Deutsch,de
115383,Český,cs
115383,Norsk,no
115384,English,en
11540,Français,fr
115400,English,en
11541,English,en
11542,English,en
11542,Español,es
115425,English,en
115425,Français,fr
115425,Español,es
115427,Magyar,hu
11543,English,en
11544,English,en
115442,English,en
115442,Deutsch,de
11545,Français,fr
11545,English,en
11545,Latin,la
11545,Español,es
115451,English,en
11546,English,en
11547,English,en
11548,English,en
11549,English,en
11551,English,en
11551,Français,fr
11551,Magyar,hu
11551,Español,es
115520,Español,es
11553,普通话,zh
115531,English,en
11554,普通话,zh
115547,English,en
115549,English,en
11556,Deutsch,de
11556,Español,es
115565,English,en
11557,English,en
115572,日本語,ja
11558,English,en
11559,English,en
115596,日本語,ja
11560,English,en
11560,Español,es
11561,English,en
11561,"",yi
115616,English,en
11562,English,en
115626,English,en
11563,广州话 / 廣州話,cn
11564,English,en
11565,English,en
11566,English,en
115665,Español,es
11567,Deutsch,de
11568,Pусский,ru
11568,English,en
11569,English,en
11570,English,en
115706,English,en
11571,Pусский,ru
11571,English,en
11571,Français,fr
11571,Íslenska,is
11571,Italiano,it
115711,Español,es
115712,Íslenska,is
11572,Deutsch,de
11572,English,en
11572,Français,fr
11572,Pусский,ru
11573,English,en
11573,Italiano,it
115738,普通话,zh
11574,English,en
11575,English,en
11575,Italiano,it
11576,English,en
11577,English,en
11578,Français,fr
11578,Italiano,it
115782,English,en
115788,日本語,ja
115810,Español,es
115810,Français,fr
115810,English,en
115821,Français,fr
11583,English,en
115834,English,en
11584,English,en
11586,English,en
11586,Français,fr
11586,Español,es
11587,English,en
11587,Italiano,it
115871,Pусский,ru
115872,Magyar,hu
115872,English,en
115872,Français,fr
115873,اردو,ur
115873,हिन्दी,hi
115877,Español,es
11588,English,en
11589,English,en
11589,Français,fr
11589,Deutsch,de
115893,No Language,xx
115894,Español,es
11590,English,en
115903,Español,es
115905,हिन्दी,hi
115909,Español,es
11591,English,en
11592,English,en
115929,Nederlands,nl
115929,Deutsch,de
11593,Český,cs
11593,English,en
11593,Magyar,hu
11594,Français,fr
11595,广州话 / 廣州話,cn
11595,English,en
11596,English,en
11597,English,en
115972,English,en
11598,English,en
11599,普通话,zh
116,English,en
11600,English,en
11600,Español,es
116008,English,en
11601,English,en
116014,English,en
116019,suomi,fi
116019,svenska,sv
11602,Latin,la
11602,svenska,sv
11603,English,en
11604,English,en
11604,Français,fr
11604,Polski,pl
11604,Pусский,ru
11605,English,en
11605,Español,es
11606,English,en
11606,日本語,ja
11606,ภาษาไทย,th
11607,English,en
11609,English,en
11609,Français,fr
11609,Italiano,it
11610,English,en
11612,Italiano,it
11613,English,en
11613,Italiano,it
11614,English,en
11614,Italiano,it
116146,Português,pt
116149,English,en
11615,English,en
11615,Español,es
116155,English,en
11616,English,en
11616,Italiano,it
116160,English,en
116167,English,en
11617,Italiano,it
11618,English,en
116185,தமிழ்,ta
116185,తెలుగు,te
11619,English,en
116190,English,en
116194,English,en
1162,English,en
11620,English,en
11621,日本語,ja
11622,Latin,la
11622,English,en
11622,Français,fr
11622,Deutsch,de
116227,한국어/조선말,ko
116231,Français,fr
116232,English,en
116236,Italiano,it
11624,English,en
11624,Italiano,it
116248,English,en
11625,Français,fr
11626,svenska,sv
11627,Français,fr
11627,Deutsch,de
11628,Deutsch,de
11628,Italiano,it
11629,English,en
1163,English,en
11630,English,en
11630,Français,fr
116303,日本語,ja
11631,English,en
11631,ελληνικά,el
116312,Català,ca
116312,Español,es
116318,English,en
116318,日本語,ja
11632,English,en
11632,Français,fr
11632,Deutsch,de
116323,한국어/조선말,ko
116327,English,en
11633,日本語,ja
116333,English,en
116333,Español,es
116336,English,en
11634,Magyar,hu
11634,svenska,sv
116340,English,en
116345,English,en
11635,English,en
116350,Français,fr
116351,No Language,xx
116352,Français,fr
116356,Français,fr
11636,普通话,zh
11636,广州话 / 廣州話,cn
11636,English,en
11637,English,en
116377,Français,fr
116379,English,en
11638,Français,fr
11638,English,en
11638,Polski,pl
11638,Português,pt
116385,English,en
11639,English,en
11639,Italiano,it
1164,العربية,ar
1164,English,en
1164,Español,es
1164,Français,fr
1164,日本語,ja
1164,Pусский,ru
11643,English,en
116432,Latviešu,lv
116437,Latviešu,lv
116439,English,en
11644,English,en
116440,English,en
116445,"",tl
116445,English,en
11645,日本語,ja
11646,English,en
116463,English,en
116466,English,en
116466,Deutsch,de
116466,עִבְרִית,he
11647,广州话 / 廣州話,cn
11647,English,en
11647,ภาษาไทย,th
11647,普通话,zh
11648,English,en
11648,"",hy
116488,한국어/조선말,ko
11649,English,en
116494,English,en
116495,English,en
116495,Français,fr
116495,日本語,ja
1165,Deutsch,de
1165,English,en
1165,Français,fr
11650,English,en
116500,English,en
11651,Deutsch,de
116514,English,en
11652,English,en
11652,Français,fr
116521,English,en
11653,English,en
11653,हिन्दी,hi
11653,한국어/조선말,ko
11653,普通话,zh
116537,suomi,fi
11654,English,en
116544,日本語,ja
11655,English,en
11655,Español,es
116554,English,en
11656,Italiano,it
116569,English,en
11657,Français,fr
11658,한국어/조선말,ko
11659,Italiano,it
11660,English,en
116609,English,en
11661,English,en
11661,Français,fr
11661,Deutsch,de
11661,Latin,la
116613,Srpski,sr
116613,English,en
116614,Italiano,it
11662,Deutsch,de
11662,日本語,ja
11663,English,en
11663,"",gd
11663,Gaeilge,ga
116639,English,en
11664,Deutsch,de
11665,English,en
11665,Pусский,ru
11667,English,en
11667,日本語,ja
116690,日本語,ja
116698,English,en
11671,English,en
11671,Español,es
116711,English,en
116712,English,en
116714,Español,es
116723,English,en
11673,Français,fr
116733,Pусский,ru
11674,English,en
116741,English,en
116745,English,en
116746,English,en
11675,English,en
116751,Français,fr
116753,"",mr
11676,English,en
116760,English,en
116762,עִבְרִית,he
116764,English,en
11677,Deutsch,de
116776,日本語,ja
11678,English,en
11678,اردو,ur
116780,English,en
116789,English,en
11679,English,en
11680,Français,fr
116800,English,en
11681,Italiano,it
11681,English,en
116811,English,en
116811,Italiano,it
11683,English,en
11683,Français,fr
11683,Italiano,it
11683,Polski,pl
11683,Español,es
11684,Français,fr
11684,Deutsch,de
116844,English,en
116853,Français,fr
11686,English,en
11687,Français,fr
11688,English,en
11689,Italiano,it
116894,English,en
11690,English,en
116904,English,en
11692,English,en
11693,日本語,ja
11694,English,en
11697,English,en
116973,English,en
116977,English,en
116979,English,en
11698,English,en
11698,Deutsch,de
116988,Español,es
11699,Español,es
11699,English,en
116997,Italiano,it
117,English,en
11700,svenska,sv
117001,English,en
117004,English,en
117007,English,en
11702,广州话 / 廣州話,cn
11702,Český,cs
11702,English,en
117023,English,en
117024,English,en
117026,English,en
117026,Deutsch,de
11703,Português,pt
117034,English,en
117036,English,en
117038,English,en
11704,English,en
117042,Český,cs
117044,English,en
117046,Český,cs
11705,English,en
117058,తెలుగు,te
11706,English,en
11706,Italiano,it
11706,Pусский,ru
11707,English,en
11708,English,en
11708,Pусский,ru
117098,English,en
11710,Deutsch,de
117102,English,en
11712,日本語,ja
117120,English,en
117129,日本語,ja
11713,广州话 / 廣州話,cn
11713,English,en
11713,普通话,zh
117179,English,en
11718,English,en
11719,English,en
11719,Italiano,it
117211,English,en
117212,日本語,ja
117232,普通话,zh
117232,English,en
117251,English,en
117258,English,en
117262,English,en
117263,English,en
117263,한국어/조선말,ko
117266,English,en
117269,Français,fr
117269,Deutsch,de
117316,עִבְרִית,he
117316,العربية,ar
117316,Deutsch,de
117316,English,en
117316,Français,fr
117319,हिन्दी,hi
117319,தமிழ்,ta
117319,తెలుగు,te
117340,English,en
117343,English,en
117345,हिन्दी,hi
117377,svenska,sv
117401,English,en
117407,English,en
117408,Italiano,it
117412,日本語,ja
117422,English,en
117428,English,en
117435,English,en
117452,Nederlands,nl
117457,Español,es
117464,Deutsch,de
117464,Italiano,it
117467,Deutsch,de
117472,日本語,ja
117478,Italiano,it
117479,Deutsch,de
117483,Polski,pl
117493,Français,fr
117499,suomi,fi
117500,Français,fr
117506,广州话 / 廣州話,cn
117510,English,en
117512,English,en
117514,English,en
11752,Deutsch,de
11752,Polski,pl
117520,Français,fr
117530,日本語,ja
117530,广州话 / 廣州話,cn
117530,English,en
117531,English,en
117534,Português,pt
117550,Français,fr
117553,English,en
117565,English,en
117567,Italiano,it
117592,Français,fr
11761,English,en
11761,Pусский,ru
117618,English,en
117629,עִבְרִית,he
11763,हिन्दी,hi
11765,English,en
11767,English,en
117678,Français,fr
117691,हिन्दी,hi
11770,广州话 / 廣州話,cn
11770,普通话,zh
11770,Português,pt
11770,ภาษาไทย,th
117700,English,en
11772,English,en
11773,English,en
117730,עִבְרִית,he
11774,English,en
11775,Français,fr
11775,English,en
117751,தமிழ்,ta
117751,"",ml
117751,हिन्दी,hi
117751,English,en
117767,Polski,pl
11777,English,en
11777,Deutsch,de
117773,English,en
11778,English,en
11778,Français,fr
11778,Pусский,ru
11778,Tiếng Việt,vi
117781,Français,fr
11779,English,en
11779,Español,es
117790,Nederlands,nl
11780,English,en
117800,日本語,ja
11782,广州话 / 廣州話,cn
11782,English,en
11782,普通话,zh
117856,Deutsch,de
117869,Español,es
11787,English,en
117878,English,en
11788,English,en
117890,Italiano,it
11790,English,en
11790,Magyar,hu
117904,English,en
11791,English,en
117913,Italiano,it
117923,български език,bg
117923,English,en
117923,Polski,pl
117923,Español,es
117924,English,en
117942,English,en
11795,English,en
11796,Français,fr
117963,English,en
117969,English,en
11797,English,en
117974,English,en
117978,English,en
11798,English,en
11799,English,en
11799,Français,fr
11799,Deutsch,de
11799,Español,es
117992,English,en
117992,Français,fr
117999,English,en
118,English,en
11800,English,en
118009,Français,fr
118009,Español,es
11801,English,en
118011,Español,es
118013,English,en
118014,No Language,xx
118015,English,en
118017,English,en
11802,English,en
118026,日本語,ja
11804,English,en
118051,हिन्दी,hi
118052,English,en
118059,English,en
11806,English,en
11807,हिन्दी,hi
11807,Italiano,it
118075,English,en
11808,English,en
118083,English,en
118098,English,en
11811,English,en
11811,Italiano,it
118116,Español,es
11812,English,en
118121,English,en
11813,Français,fr
11813,Italiano,it
118131,English,en
118134,English,en
118139,English,en
11814,English,en
118144,한국어/조선말,ko
118145,Deutsch,de
11815,English,en
11815,Français,fr
118150,Français,fr
118150,Deutsch,de
118150,Italiano,it
118153,Pусский,ru
118154,Pусский,ru
118155,日本語,ja
11816,English,en
11817,English,en
11817,"",bo
11817,ਪੰਜਾਬੀ,pa
11817,Deutsch,de
118180,한국어/조선말,ko
118195,Español,es
11820,English,en
118204,Español,es
11821,English,en
11822,Deutsch,de
11823,English,en
118236,English,en
118236,Español,es
11824,English,en
118245,English,en
11825,English,en
118257,English,en
118257,Français,fr
118257,Deutsch,de
118257,Italiano,it
118257,Português,pt
118257,Türkçe,tr
11826,English,en
11827,English,en
11827,Magyar,hu
11828,English,en
118283,English,en
118289,English,en
118293,Français,fr
11830,日本語,ja
11831,English,en
11831,Español,es
11832,Dansk,da
11832,Français,fr
11832,svenska,sv
118337,English,en
11834,English,en
118340,English,en
11835,English,en
11836,English,en
11837,English,en
118379,广州话 / 廣州話,cn
11838,日本語,ja
118381,广州话 / 廣州話,cn
11839,English,en
118390,Deutsch,de
118390,Italiano,it
118397,English,en
118406,日本語,ja
118408,日本語,ja
11841,普通话,zh
118412,日本語,ja
11842,English,en
11842,日本語,ja
11842,Español,es
118424,English,en
118427,English,en
11843,English,en
118430,English,en
11844,English,en
118444,English,en
118446,English,en
11845,English,en
118451,한국어/조선말,ko
118452,English,en
11846,English,en
11846,Italiano,it
11846,Português,pt
11847,한국어/조선말,ko
11847,English,en
11847,Français,fr
11847,Türkçe,tr
11847,普通话,zh
11847,广州话 / 廣州話,cn
11848,English,en
11849,English,en
11849,Polski,pl
118490,English,en
118497,Český,cs
118497,Deutsch,de
11850,Český,cs
11850,English,en
11851,English,en
11851,Pусский,ru
118513,svenska,sv
118517,English,en
11852,English,en
11853,English,en
11853,Pусский,ru
118533,English,en
118534,English,en
118536,English,en
11854,हिन्दी,hi
118549,English,en
11855,English,en
118553,Français,fr
118557,Pусский,ru
11856,English,en
11856,"",lo
11857,English,en
118575,日本語,ja
11858,English,en
11858,Español,es
11859,English,en
11859,Español,es
11860,Français,fr
11860,English,en
11861,English,en
118612,English,en
118617,English,en
118617,فارسی,fa
11862,English,en
118624,한국어/조선말,ko
118628,English,en
118628,Deutsch,de
118628,हिन्दी,hi
118628,தமிழ்,ta
118628,తెలుగు,te
11863,English,en
118632,हिन्दी,hi
118635,Nederlands,nl
118635,Pусский,ru
118636,English,en
11864,English,en
118640,English,en
118640,suomi,fi
118658,Italiano,it
118658,Bosanski,bs
118658,English,en
11866,English,en
11867,English,en
118677,English,en
11868,English,en
118683,English,en
11869,Deutsch,de
118690,English,en
11870,English,en
11870,Français,fr
11870,Italiano,it
118716,English,en
11873,English,en
11873,Español,es
118737,English,en
11874,English,en
11874,Français,fr
11874,Italiano,it
118751,日本語,ja
118758,Español,es
11876,Français,fr
11876,Italiano,it
118760,English,en
118762,日本語,ja
118769,English,en
118778,Français,fr
11878,日本語,ja
11879,English,en
118792,Pусский,ru
118794,Pусский,ru
11880,English,en
118802,Italiano,it
11881,English,en
11884,English,en
11886,English,en
11887,English,en
118872,English,en
118876,Italiano,it
11888,English,en
118887,English,en
118887,Deutsch,de
118889,English,en
11889,English,en
11890,English,en
11890,Italiano,it
118900,English,en
11891,English,en
118910,English,en
118911,English,en
118915,English,en
11892,English,en
11893,English,en
118931,日本語,ja
118936,English,en
11894,English,en
118946,Dansk,da
118946,Français,fr
118948,English,en
11895,English,en
118953,English,en
118955,English,en
118957,English,en
11896,English,en
11897,English,en
11897,Español,es
11898,English,en
118984,English,en
11899,English,en
118991,English,en
118998,Español,es
118998,English,en
11900,Deutsch,de
119001,English,en
11901,English,en
119010,English,en
11902,English,en
11902,Français,fr
11902,Deutsch,de
11902,Pусский,ru
11902,Srpski,sr
11904,English,en
11905,English,en
11906,English,en
11906,Italiano,it
11906,Latin,la
11906,Pусский,ru
11907,Deutsch,de
11908,English,en
11909,广州话 / 廣州話,cn
11909,Tiếng Việt,vi
119094,English,en
11910,English,en
11911,English,en
11911,Deutsch,de
11911,Magyar,hu
11912,Français,fr
11913,Français,fr
11914,Français,fr
11915,Français,fr
11916,English,en
11916,Français,fr
11916,Español,es
11917,English,en
119172,日本語,ja
11918,English,en
119183,English,en
119193,Français,fr
119197,English,en
119213,English,en
11925,svenska,sv
119255,English,en
119256,Deutsch,de
119256,Český,cs
11927,Deutsch,de
11927,Norsk,no
11927,Polski,pl
11927,Español,es
119273,普通话,zh
119278,English,en
11928,English,en
11928,Français,fr
11928,Español,es
119283,English,en
11929,English,en
11930,English,en
11930,Deutsch,de
11930,Pусский,ru
11931,English,en
11932,English,en
119321,English,en
119324,English,en
11933,English,en
11934,English,en
11935,English,en
119353,English,en
11936,Italiano,it
119360,Français,fr
119360,Italiano,it
119360,Español,es
119364,English,en
11937,Afrikaans,af
11937,English,en
119372,English,en
119374,Português,pt
11938,English,en
11939,English,en
11940,English,en
119409,Español,es
11942,English,en
11942,Español,es
119425,English,en
11943,English,en
119431,English,en
119433,English,en
11944,English,en
11945,svenska,sv
119450,English,en
119457,English,en
11946,svenska,sv
119478,English,en
11948,English,en
11948,日本語,ja
119482,English,en
11949,English,en
11950,English,en
11951,English,en
11953,日本語,ja
11954,English,en
11954,Español,es
11955,English,en
119552,English,en
11956,Français,fr
119564,English,en
119569,English,en
119575,English,en
11958,Français,fr
11958,English,en
119586,English,en
11959,English,en
119592,English,en
119592,Deutsch,de
119593,English,en
11960,广州话 / 廣州話,cn
11960,普通话,zh
119616,Español,es
119617,English,en
11962,English,en
119623,Český,cs
119623,English,en
119623,Français,fr
119623,Deutsch,de
11963,English,en
11963,Français,fr
119637,Français,fr
119639,English,en
11966,English,en
11967,English,en
119675,English,en
11968,English,en
119685,English,en
119685,日本語,ja
119687,English,en
11969,English,en
11969,Latin,la
11969,Español,es
119694,English,en
119698,English,en
119698,Polski,pl
11970,English,en
11970,Español,es
11970,ελληνικά,el
119700,Nederlands,nl
11971,English,en
11972,Français,fr
11972,Italiano,it
11973,English,en
11973,Pусский,ru
119738,English,en
119738,Magyar,hu
11974,English,en
11975,English,en
11976,English,en
11976,Italiano,it
119764,English,en
119769,svenska,sv
11977,English,en
11978,English,en
11979,English,en
11980,English,en
119801,English,en
119816,Deutsch,de
119819,English,en
119819,Español,es
11982,English,en
119820,Deutsch,de
119826,English,en
11983,English,en
11985,普通话,zh
11986,Français,fr
119884,English,en
119892,普通话,zh
119892,English,en
119893,English,en
119905,Català,ca
119905,עִבְרִית,he
119907,English,en
119914,English,en
119926,English,en
119944,普通话,zh
119984,No Language,xx
12,English,en
120,English,en
120055,English,en
120077,English,en
120109,English,en
120115,Français,fr
120115,English,en
120121,Español,es
120122,Italiano,it
120143,Tiếng Việt,vi
120149,"",ml
120172,English,en
120194,Deutsch,de
120194,Español,es
120259,English,en
120268,Français,fr
120268,Deutsch,de
120268,Pусский,ru
120280,suomi,fi
120292,English,en
120303,Español,es
120328,English,en
120357,English,en
120360,English,en
120370,English,en
120386,English,en
120386,Deutsch,de
120393,Pусский,ru
120393,"",tg
120399,English,en
120457,Italiano,it
120467,English,en
120467,Français,fr
120475,日本語,ja
120478,English,en
120481,Français,fr
120481,English,en
120497,English,en
120509,English,en
120515,English,en
120518,English,en
120520,English,en
120522,English,en
120528,English,en
120529,English,en
120539,English,en
120555,English,en
120555,Español,es
120581,English,en
120588,English,en
120589,English,en
120605,English,en
120615,English,en
120653,English,en
120657,English,en
120673,English,en
120713,Français,fr
120713,普通话,zh
120747,English,en
12076,Norsk,no
120771,English,en
12078,Český,cs
120785,English,en
12079,English,en
120802,English,en
120835,English,en
120837,English,en
120843,English,en
12085,English,en
120850,English,en
120852,日本語,ja
120854,English,en
12086,Español,es
120862,English,en
120872,English,en
12088,English,en
120885,English,en
12089,Français,fr
12089,Italiano,it
120892,English,en
12090,English,en
12090,Italiano,it
12090,Deutsch,de
12090,Français,fr
12092,English,en
12093,Pусский,ru
12093,svenska,sv
12093,English,en
120932,English,en
12094,English,en
120942,हिन्दी,hi
12095,English,en
12096,English,en
12097,svenska,sv
12097,Deutsch,de
120972,Italiano,it
120977,English,en
120990,English,en
120995,"",yi
121,English,en
12100,English,en
12100,日本語,ja
12100,"",nv
121001,Deutsch,de
121001,English,en
121003,English,en
121006,English,en
12101,English,en
121015,English,en
12102,English,en
121020,English,en
12103,English,en
12103,Français,fr
12103,Italiano,it
12103,Español,es
121036,普通话,zh
12104,English,en
12105,English,en
121052,English,en
12106,English,en
12107,English,en
121074,English,en
121088,Español,es
12109,English,en
12110,English,en
12110,Deutsch,de
121111,English,en
121113,English,en
12112,Français,fr
12113,العربية,ar
12113,English,en
121147,English,en
12115,Deutsch,de
12116,Français,fr
12117,English,en
121173,"",tl
12118,English,en
121197,English,en
12120,English,en
12121,English,en
121210,العربية,ar
121210,Français,fr
12122,English,en
12123,English,en
121230,English,en
121234,English,en
121238,English,en
12124,Español,es
121245,English,en
121250,English,en
12127,svenska,sv
12128,Deutsch,de
12129,Español,es
12129,English,en
1213,English,en
1213,Italiano,it
12130,বাংলা,bn
12130,Bahasa melayu,ms
12130,普通话,zh
121317,svenska,sv
121329,Italiano,it
12133,English,en
12133,Español,es
121342,Italiano,it
12135,Nederlands,nl
121354,English,en
121357,English,en
121357,Deutsch,de
121369,English,en
121379,English,en
12138,English,en
12139,English,en
12140,日本語,ja
121401,English,en
12142,English,en
12142,Português,pt
12143,English,en
12143,Español,es
12144,English,en
121446,English,en
12145,English,en
121455,Polski,pl
12146,English,en
12146,Español,es
121462,한국어/조선말,ko
121464,Italiano,it
12147,Deutsch,de
12149,English,en
121491,한국어/조선말,ko
121493,العربية,ar
121493,Français,fr
121493,Italiano,it
12150,English,en
12151,English,en
121513,Italiano,it
12153,English,en
121530,Dansk,da
121539,Français,fr
12154,English,en
12154,Français,fr
12154,Pусский,ru
12155,English,en
121550,Deutsch,de
121550,Italiano,it
12156,Français,fr
121565,English,en
12157,Français,fr
12157,Español,es
12157,English,en
121572,English,en
121573,English,en
12158,English,en
12159,English,en
121598,English,en
121598,हिन्दी,hi
121598,اردو,ur
12160,English,en
121602,普通话,zh
121606,English,en
12161,Deutsch,de
12161,Türkçe,tr
121611,English,en
121611,Italiano,it
12162,English,en
12162,العربية,ar
12162,Türkçe,tr
12163,English,en
121636,English,en
121640,العربية,ar
121640,English,en
121640,עִבְרִית,he
121642,Italiano,it
121642,English,en
121642,Bosanski,bs
12165,Español,es
12165,English,en
121652,ελληνικά,el
12166,日本語,ja
121662,English,en
121667,English,en
12167,Norsk,no
121674,English,en
121676,العربية,ar
121676,English,en
121677,English,en
121677,اردو,ur
121688,Pусский,ru
12169,Français,fr
121691,English,en
121695,English,en
121703,English,en
121707,English,en
12171,English,en
12172,English,en
121725,日本語,ja
121727,English,en
121734,Español,es
121734,English,en
121740,svenska,sv
121749,Latviešu,lv
121754,svenska,sv
12177,English,en
12178,English,en
121789,English,en
12179,English,en
121791,العربية,ar
121791,עִבְרִית,he
121793,English,en
121793,Français,fr
12180,English,en
12182,English,en
121822,English,en
121823,English,en
121823,普通话,zh
121824,English,en
121826,English,en
121826,Français,fr
121828,日本語,ja
12183,English,en
121830,English,en
121831,English,en
121835,English,en
121835,Deutsch,de
12184,English,en
121842,English,en
121842,Français,fr
121842,Deutsch,de
121848,English,en
12185,English,en
12185,Español,es
121856,English,en
121856,Português,pt
121856,Español,es
12186,English,en
12186,日本語,ja
121869,Español,es
121869,English,en
12187,English,en
121872,English,en
121873,Deutsch,de
121873,English,en
121873,Français,fr
121873,עִבְרִית,he
121873,Latin,la
121875,Français,fr
121879,English,en
121888,Italiano,it
121890,English,en
121895,Français,fr
121895,English,en
121903,English,en
12192,English,en
121923,English,en
121927,Italiano,it
121929,Español,es
12193,English,en
121936,English,en
121936,Français,fr
121940,English,en
121942,Polski,pl
121959,English,en
12197,Norsk,no
121975,English,en
12198,Français,fr
12198,普通话,zh
121983,English,en
121986,English,en
121992,English,en
121998,Italiano,it
122,English,en
12201,English,en
122019,Español,es
122044,English,en
122047,English,en
12205,日本語,ja
12206,Deutsch,de
12207,广州话 / 廣州話,cn
12208,日本語,ja
12208,English,en
12208,Français,fr
12208,"",gd
12208,Deutsch,de
122080,"",tl
122081,English,en
122083,Français,fr
122088,עִבְרִית,he
122089,English,en
122089,Français,fr
122089,Italiano,it
12211,English,en
12211,Français,fr
12211,"",gd
12212,English,en
122126,한국어/조선말,ko
122134,No Language,xx
122160,English,en
122163,English,en
122188,日本語,ja
12219,English,en
12219,Magyar,hu
12219,Pусский,ru
122192,Français,fr
122198,English,en
122198,Français,fr
122198,Deutsch,de
122198,Português,pt
12220,Italiano,it
12220,English,en
12221,Português,pt
12222,English,en
122221,English,en
122229,Français,fr
12223,English,en
12224,English,en
12225,English,en
12225,Español,es
122252,English,en
122268,English,en
12227,English,en
122270,Deutsch,de
122271,English,en
12228,English,en
122289,English,en
12229,English,en
122291,English,en
122293,English,en
12230,English,en
12232,English,en
122320,English,en
122325,English,en
122325,Français,fr
122326,English,en
12233,English,en
122336,日本語,ja
12235,English,en
12236,English,en
12236,Deutsch,de
122368,Dansk,da
122369,English,en
12237,English,en
12237,Deutsch,de
122372,English,en
12238,English,en
12239,English,en
12241,English,en
12241,Español,es
12242,English,en
122435,Deutsch,de
12244,English,en
12245,English,en
12246,普通话,zh
12246,"",mn
122466,English,en
12247,English,en
122479,No Language,xx
122487,Deutsch,de
12249,English,en
12249,suomi,fi
12249,Français,fr
12249,Deutsch,de
122492,suomi,fi
12251,English,en
122515,English,en
122525,Español,es
12253,English,en
12254,English,en
122544,English,en
12255,English,en
12257,English,en
12259,हिन्दी,hi
122597,English,en
12261,English,en
12262,English,en
12266,Français,fr
122671,svenska,sv
122677,English,en
12268,English,en
12268,Français,fr
122698,English,en
12270,English,en
122709,English,en
12271,English,en
12271,Français,fr
12271,Slovenčina,sk
12273,हिन्दी,hi
12273,ਪੰਜਾਬੀ,pa
12276,普通话,zh
122767,English,en
12277,English,en
12278,English,en
122787,Italiano,it
12279,English,en
122794,Český,cs
122794,English,en
122794,Polski,pl
122796,English,en
122796,Français,fr
12280,English,en
122800,English,en
122800,Français,fr
122804,English,en
12281,English,en
122843,English,en
122857,English,en
122884,English,en
12289,普通话,zh
12289,ภาษาไทย,th
122895,हिन्दी,hi
122906,English,en
122917,English,en
122924,English,en
122928,English,en
122930,English,en
122982,English,en
123,English,en
123005,Nederlands,nl
123005,Français,fr
123025,English,en
123025,Français,fr
123047,English,en
123049,English,en
123056,English,en
123075,English,en
12308,Italiano,it
12309,English,en
12309,日本語,ja
123092,English,en
12310,English,en
123103,English,en
123103,Español,es
123105,English,en
123107,English,en
123109,English,en
12311,English,en
12311,Magyar,hu
12311,"",ty
12312,English,en
12314,Deutsch,de
123224,English,en
123229,Français,fr
123235,English,en
123235,Français,fr
123235,Italiano,it
123261,Bokmål,nb
123279,English,en
123283,English,en
123295,English,en
123320,suomi,fi
123334,English,en
123337,English,en
12335,English,en
123354,English,en
123359,Español,es
123360,English,en
123362,English,en
123362,Català,ca
123362,Español,es
123362,Deutsch,de
123366,Français,fr
123375,Italiano,it
123377,한국어/조선말,ko
123389,English,en
123406,Latviešu,lv
123406,Pусский,ru
123431,English,en
123432,English,en
123452,English,en
123505,English,en
123553,English,en
123561,日本語,ja
123581,English,en
123592,Türkçe,tr
123623,English,en
123634,English,en
123648,العربية,ar
123665,English,en
123678,English,en
123678,Bahasa indonesia,id
123680,English,en
123690,Română,ro
123707,Română,ro
123712,Română,ro
123723,Français,fr
123742,English,en
123757,English,en
123763,Español,es
123770,English,en
123772,English,en
123778,English,en
123787,English,en
123833,Português,pt
123858,English,en
123867,日本語,ja
123868,English,en
123879,English,en
123897,English,en
123949,Pусский,ru
12395,English,en
123961,English,en
123964,suomi,fi
123969,English,en
124,English,en
124,Polski,pl
12400,English,en
124013,Français,fr
124026,English,en
124029,English,en
12403,English,en
12404,English,en
124042,English,en
12405,Français,fr
12405,हिन्दी,hi
12405,English,en
124054,English,en
124057,English,en
124058,English,en
124058,Español,es
124067,English,en
124069,English,en
12407,English,en
12407,Italiano,it
124071,English,en
124073,English,en
124074,English,en
124075,English,en
124075,Français,fr
124075,Deutsch,de
124075,普通话,zh
12408,English,en
124083,Français,fr
124083,Wolof,wo
124085,Français,fr
124085,日本語,ja
124085,Wolof,wo
124088,English,en
124091,English,en
124091,Italiano,it
124091,Français,fr
124097,English,en
12410,English,en
124108,English,en
12411,Afrikaans,af
12411,English,en
12411,"",xh
12411,isiZulu,zu
124111,English,en
124115,English,en
12412,Deutsch,de
12412,Italiano,it
12412,English,en
124122,English,en
124124,English,en
124134,English,en
124157,한국어/조선말,ko
124157,广州话 / 廣州話,cn
124157,English,en
124157,普通话,zh
124157,日本語,ja
12416,Dansk,da
124167,English,en
124198,Español,es
124202,Italiano,it
124207,Italiano,it
124210,English,en
12422,Français,fr
124227,English,en
124227,Español,es
12424,Italiano,it
124250,English,en
12427,Deutsch,de
12427,"",am
12427,English,en
124277,English,en
12428,Pусский,ru
12429,日本語,ja
124294,한국어/조선말,ko
124295,Pусский,ru
124315,한국어/조선말,ko
12432,Italiano,it
12435,English,en
12437,English,en
124393,Italiano,it
1244,Deutsch,de
124409,English,en
124414,Slovenčina,sk
124423,日本語,ja
124429,English,en
12443,Italiano,it
12444,English,en
12445,English,en
124459,English,en
12446,Français,fr
124460,English,en
124461,English,en
124461,Deutsch,de
12447,English,en
124470,English,en
124471,普通话,zh
124471,ภาษาไทย,th
12448,Français,fr
12448,English,en
124480,Español,es
124480,Português,pt
124484,日本語,ja
12449,Français,fr
12449,Deutsch,de
1245,English,en
12450,English,en
124501,English,en
124505,日本語,ja
124517,English,en
124517,Français,fr
124517,日本語,ja
124521,English,en
124523,English,en
124524,English,en
124527,English,en
12453,Français,fr
12454,العربية,ar
12454,English,en
12454,Français,fr
12455,Français,fr
12456,Dansk,da
12456,English,en
12456,Français,fr
12456,Español,es
124581,English,en
124582,日本語,ja
124597,日本語,ja
1246,English,en
1246,Español,es
124606,English,en
124611,Türkçe,tr
124613,English,en
124614,English,en
124623,English,en
124625,English,en
124625,Deutsch,de
124626,Deutsch,de
124626,English,en
124633,English,en
124633,Srpski,sr
124636,English,en
124642,Français,fr
124645,English,en
124680,English,en
124680,日本語,ja
124680,"",mi
124680,"",sh
1247,English,en
1247,Pусский,ru
1247,Español,es
1247,Deutsch,de
1247,"",ln
12470,日本語,ja
12470,普通话,zh
12471,Türkçe,tr
12472,English,en
12473,العربية,ar
12473,English,en
12473,Français,fr
12473,Română,ro
12475,English,en
12476,English,en
124762,日本語,ja
12477,日本語,ja
12478,English,en
12479,Český,cs
12479,English,en
12479,Français,fr
1248,English,en
1248,Deutsch,de
1248,Pусский,ru
12480,Français,fr
12480,Deutsch,de
12481,普通话,zh
12482,Deutsch,de
124821,English,en
12483,English,en
124834,Français,fr
124839,Slovenčina,sk
124839,English,en
12484,English,en
124843,English,en
124847,English,en
12485,English,en
12486,English,en
12487,日本語,ja
12488,English,en
12489,English,en
1249,English,en
12490,English,en
124902,English,en
124905,"",jv
124905,English,en
12491,Italiano,it
12493,日本語,ja
12495,Deutsch,de
12496,日本語,ja
124963,English,en
12497,Türkçe,tr
12497,ελληνικά,el
12497,English,en
124972,English,en
124979,suomi,fi
12498,English,en
124980,svenska,sv
12499,English,en
124994,日本語,ja
124998,English,en
1250,English,en
12500,English,en
12501,English,en
12501,Français,fr
12501,Español,es
12502,English,en
12503,English,en
125034,English,en
125039,Français,fr
12504,Français,fr
12505,English,en
125052,English,en
12506,English,en
125063,English,en
125077,English,en
12508,English,en
12509,English,en
1251,English,en
1251,日本語,ja
125103,Español,es
125103,English,en
125103,Italiano,it
125109,English,en
125114,English,en
125123,English,en
125124,Italiano,it
12513,Français,fr
125136,日本語,ja
125140,Deutsch,de
125141,Italiano,it
125148,普通话,zh
125148,广州话 / 廣州話,cn
125150,Español,es
125154,Español,es
12516,日本語,ja
125161,Magyar,hu
125164,Português,pt
12517,Français,fr
12518,English,en
12519,English,en
1252,English,en
12520,English,en
12521,English,en
125217,日本語,ja
125229,日本語,ja
125232,日本語,ja
125233,English,en
12524,English,en
12524,Latin,la
125249,English,en
12525,English,en
125257,日本語,ja
12526,English,en
125264,日本語,ja
12527,Español,es
125271,日本語,ja
125276,日本語,ja
12528,Français,fr
12528,English,en
12529,Italiano,it
1253,English,en
1253,Deutsch,de
12530,English,en
12530,Italiano,it
125300,English,en
125300,Magyar,hu
125305,English,en
12531,English,en
12531,Français,fr
12531,日本語,ja
125313,Pусский,ru
125316,English,en
125336,English,en
125344,"",tl
12535,English,en
12535,Magyar,hu
12536,English,en
125360,English,en
12537,English,en
125374,日本語,ja
12538,English,en
12538,Português,pt
125395,Français,fr
1254,Français,fr
12540,English,en
125409,English,en
125413,English,en
125414,English,en
12542,English,en
12543,English,en
12543,普通话,zh
12544,Italiano,it
12545,English,en
12547,English,en
12547,Français,fr
12547,Italiano,it
12547,Español,es
125472,English,en
12548,Italiano,it
12548,Español,es
125490,English,en
125495,Français,fr
125498,English,en
1255,한국어/조선말,ko
125504,English,en
125509,English,en
125510,日本語,ja
125513,日本語,ja
125520,English,en
125521,日本語,ja
125531,Pусский,ru
125537,English,en
12554,English,en
125541,қазақ,kk
125548,English,en
12555,Polski,pl
12555,Český,cs
125550,فارسی,fa
125553,English,en
125558,English,en
12556,English,en
125578,English,en
125582,English,en
12559,English,en
12559,Français,fr
12559,Español,es
12560,English,en
12561,日本語,ja
125619,Español,es
125623,Français,fr
125666,English,en
12568,العربية,ar
12568,English,en
12568,Français,fr
12568,Italiano,it
12568,Latin,la
125680,Norsk,no
12569,English,en
125696,Hrvatski,hr
1257,English,en
125700,Wolof,wo
125700,Français,fr
125705,English,en
125709,English,en
125717,עִבְרִית,he
12572,广州话 / 廣州話,cn
12572,English,en
12572,Français,fr
12572,"",gu
12572,"",yi
125727,हिन्दी,hi
12573,English,en
12573,עִבְרִית,he
12573,"",yi
125736,English,en
12574,English,en
125742,Français,fr
125749,English,en
12575,Deutsch,de
125759,English,en
12576,Deutsch,de
12576,Français,fr
12576,Polski,pl
12576,English,en
125764,English,en
125769,English,en
12577,English,en
12578,Deutsch,de
12579,Français,fr
125795,Slovenščina,sl
12580,English,en
12580,日本語,ja
12582,English,en
12583,English,en
12583,Italiano,it
12583,Español,es
125835,తెలుగు,te
12584,English,en
125858,日本語,ja
12586,English,en
12586,Español,es
125873,English,en
125874,English,en
12588,Português,pt
12588,Deutsch,de
125882,svenska,sv
125889,Dansk,da
12589,English,en
125891,Deutsch,de
125891,svenska,sv
1259,English,en
1259,Français,fr
12590,English,en
12591,English,en
12591,Polski,pl
125926,svenska,sv
12593,English,en
12594,English,en
125945,עִבְרִית,he
125946,Français,fr
125948,Español,es
125949,English,en
125952,Français,fr
125958,English,en
12596,English,en
12597,English,en
12598,Français,fr
12599,日本語,ja
12599,English,en
125990,English,en
1260,Eesti,et
1260,Nederlands,nl
12600,日本語,ja
12601,English,en
12601,Deutsch,de
126016,English,en
12602,Deutsch,de
126031,English,en
126043,Português,pt
12605,Deutsch,de
12606,English,en
12607,Deutsch,de
12608,svenska,sv
126083,English,en
12609,Dansk,da
12609,English,en
12609,Italiano,it
12609,Norsk,no
126090,Deutsch,de
126090,Bosanski,bs
126090,Srpski,sr
126090,Hrvatski,hr
126090,English,en
12610,English,en
126104,Español,es
126108,Français,fr
12611,English,en
12612,English,en
126122,English,en
126127,English,en
12613,English,en
12613,日本語,ja
126132,No Language,xx
126136,English,en
12614,English,en
12614,Français,fr
126141,Français,fr
126143,English,en
12615,English,en
12616,English,en
12617,English,en
126172,English,en
12618,English,en
126186,English,en
12619,English,en
1262,English,en
12620,English,en
126204,No Language,xx
126208,No Language,xx
12621,English,en
126219,日本語,ja
12622,日本語,ja
126227,English,en
12623,English,en
126234,普通话,zh
12625,English,en
12625,Español,es
126250,Dansk,da
126250,Italiano,it
126250,English,en
12626,English,en
126265,English,en
12627,English,en
12627,Français,fr
126277,English,en
126278,English,en
12628,English,en
12628,Français,fr
12628,Pусский,ru
12629,English,en
126300,"",ku
126300,العربية,ar
126300,Français,fr
126306,English,en
12631,Deutsch,de
126314,广州话 / 廣州話,cn
126314,English,en
126314,Français,fr
126314,Magyar,hu
126314,Italiano,it
126315,Español,es
126318,हिन्दी,hi
126319,Français,fr
12632,Deutsch,de
126321,Français,fr
126323,English,en
12633,English,en
126331,Français,fr
126337,English,en
12634,English,en
12635,English,en
12635,Français,fr
12635,Deutsch,de
12635,Pусский,ru
12636,日本語,ja
12637,English,en
126376,Português,pt
12638,Deutsch,de
12638,English,en
12639,English,en
12639,Español,es
126413,No Language,xx
126415,Italiano,it
126418,English,en
126420,Español,es
126420,Nederlands,nl
126420,Français,fr
126420,English,en
126420,Deutsch,de
126421,Italiano,it
126423,English,en
126432,日本語,ja
126442,English,en
12645,English,en
12646,Dansk,da
126464,English,en
12647,English,en
12647,Italiano,it
12649,English,en
1265,English,en
12650,한국어/조선말,ko
126509,English,en
12651,English,en
126516,日本語,ja
126517,日本語,ja
12652,Français,fr
126523,Pусский,ru
12653,English,en
12655,English,en
126550,English,en
126555,Český,cs
12656,English,en
126560,Türkçe,tr
12657,Español,es
12657,English,en
12658,English,en
12659,普通话,zh
126596,English,en
126597,Český,cs
1266,English,en
1266,Türkçe,tr
12660,English,en
12661,English,en
126610,English,en
12662,English,en
12663,English,en
12664,English,en
126644,Pусский,ru
12665,English,en
126676,Français,fr
126692,No Language,xx
1267,English,en
126706,English,en
126712,English,en
126732,Bosanski,bs
126748,English,en
126749,English,en
126757,English,en
126759,English,en
126760,English,en
12677,English,en
12677,Español,es
126777,English,en
126781,English,en
126783,English,en
126797,English,en
1268,English,en
1268,Français,fr
1268,Pусский,ru
126816,English,en
126820,English,en
12683,Český,cs
12683,English,en
12683,Português,pt
12684,English,en
126846,Pусский,ru
12685,English,en
126862,English,en
126862,Français,fr
126862,ελληνικά,el
126862,Magyar,hu
126879,Français,fr
126881,Deutsch,de
126883,Español,es
126889,English,en
12689,English,en
12689,Español,es
1269,Deutsch,de
12690,English,en
12690,Español,es
126919,English,en
126922,English,en
126927,English,en
126929,English,en
126934,English,en
126947,English,en
12695,English,en
12696,Deutsch,de
126963,English,en
126963,日本語,ja
126969,"",ml
12697,Deutsch,de
12698,English,en
12699,English,en
126996,Italiano,it
127,Polski,pl
12700,English,en
12701,English,en
127016,English,en
12702,English,en
127021,Español,es
12703,English,en
12703,Deutsch,de
12704,English,en
127040,English,en
12705,English,en
12705,Español,es
12706,English,en
12707,English,en
12708,English,en
12708,Italiano,it
127083,Srpski,sr
12709,Français,fr
127091,Italiano,it
127092,Italiano,it
1271,English,en
12710,English,en
127105,No Language,xx
12713,Français,fr
12714,English,en
127142,Deutsch,de
127144,English,en
127148,No Language,xx
12715,Magyar,hu
12715,English,en
12716,Français,fr
12716,"",oc
12717,Français,fr
12717,"",oc
12718,English,en
127186,English,en
12719,English,en
1272,English,en
12720,日本語,ja
12721,English,en
12722,English,en
12722,Deutsch,de
127224,No Language,xx
12723,English,en
127236,Pусский,ru
12724,English,en
127257,Español,es
127259,普通话,zh
1273,English,en
127304,Español,es
127320,No Language,xx
127323,No Language,xx
127326,Italiano,it
127326,Español,es
127329,广州话 / 廣州話,cn
127329,Français,fr
127329,普通话,zh
127363,English,en
127367,Srpski,sr
127369,English,en
127370,English,en
127372,English,en
127372,日本語,ja
127373,English,en
127374,English,en
127380,English,en
127391,No Language,xx
127413,English,en
127424,"",qu
127424,Español,es
127445,Español,es
127451,普通话,zh
127468,Español,es
127471,Español,es
127475,English,en
127475,Français,fr
127493,svenska,sv
127493,English,en
127495,"",tl
127497,English,en
127501,हिन्दी,hi
127505,English,en
127509,English,en
127517,English,en
127521,English,en
127521,Français,fr
127521,Español,es
127531,Deutsch,de
127531,हिन्दी,hi
127533,日本語,ja
127540,English,en
127544,日本語,ja
127546,English,en
127560,English,en
127564,English,en
127564,Deutsch,de
12758,Italiano,it
127585,English,en
12759,English,en
127594,English,en
127594,Polski,pl
127602,English,en
127608,Pусский,ru
12761,English,en
12761,svenska,sv
127614,suomi,fi
127614,svenska,sv
12762,English,en
12763,English,en
12764,English,en
12764,Tiếng Việt,vi
127642,"",tl
127642,English,en
127651,English,en
127651,Français,fr
12766,English,en
12766,Français,fr
12766,Español,es
127668,ქართული,ka
127668,Pусский,ru
12767,English,en
127687,English,en
127688,English,en
1277,English,en
1277,Deutsch,de
1277,Magyar,hu
12770,English,en
127700,English,en
127702,Español,es
12771,Español,es
12771,English,en
12772,English,en
127728,English,en
12774,English,en
12775,English,en
12775,Latin,la
127756,English,en
12776,Italiano,it
127760,Italiano,it
127762,No Language,xx
12777,English,en
127770,English,en
127776,English,en
12778,English,en
12779,Italiano,it
12779,ελληνικά,el
12779,English,en
127798,English,en
1278,English,en
1278,Français,fr
12780,广州话 / 廣州話,cn
127803,English,en
12781,Deutsch,de
127812,English,en
127818,English,en
12783,English,en
127846,Dansk,da
127846,English,en
127846,日本語,ja
127846,Somali,so
127846,svenska,sv
127847,"",gn
127847,한국어/조선말,ko
127847,Español,es
127849,广州话 / 廣州話,cn
127853,English,en
127856,Français,fr
127862,English,en
127862,Français,fr
127864,Español,es
127866,ελληνικά,el
127867,English,en
12787,English,en
127872,svenska,sv
127878,English,en
127880,Español,es
127884,English,en
127884,Español,es
127894,Français,fr
127894,Pусский,ru
1279,한국어/조선말,ko
12790,Français,fr
12790,Deutsch,de
127901,svenska,sv
127905,English,en
12791,English,en
127913,Íslenska,is
127916,English,en
127918,English,en
127918,עִבְרִית,he
12793,English,en
12794,English,en
12794,Français,fr
12795,English,en
12795,Pусский,ru
12796,English,en
127962,English,en
12797,English,en
12797,Español,es
127973,English,en
127987,Deutsch,de
127987,普通话,zh
12799,Français,fr
128,日本語,ja
1280,한국어/조선말,ko
12800,Italiano,it
12802,English,en
128043,Magyar,hu
128044,Magyar,hu
128048,English,en
12806,Català,ca
12806,Español,es
128061,Nederlands,nl
128062,Español,es
12807,Français,fr
128070,Español,es
128073,English,en
12808,English,en
128081,English,en
128089,English,en
128089,Français,fr
128089,Deutsch,de
128089,Português,pt
1281,English,en
128104,العربية,ar
128104,English,en
128104,Français,fr
128104,עִבְרִית,he
12811,Italiano,it
128110,English,en
128111,한국어/조선말,ko
128113,日本語,ja
12812,English,en
12812,Français,fr
12812,Pусский,ru
128120,Português,pt
128124,English,en
128129,English,en
128133,English,en
128133,Deutsch,de
128135,Eesti,et
128136,English,en
128140,English,en
128140,Deutsch,de
128140,"",yi
128142,Nederlands,nl
128142,English,en
128142,Français,fr
128149,Português,pt
128151,Deutsch,de
128152,English,en
128154,العربية,ar
128154,עִבְרִית,he
128158,فارسی,fa
12816,Český,cs
12816,English,en
12816,Français,fr
12816,Deutsch,de
12816,Italiano,it
12816,Polski,pl
12816,svenska,sv
128169,English,en
128169,日本語,ja
128174,English,en
128177,Español,es
12818,Magyar,hu
12818,Italiano,it
12819,English,en
128190,English,en
1282,English,en
128201,English,en
128203,suomi,fi
128206,हिन्दी,hi
128207,العربية,ar
128207,English,en
128207,हिन्दी,hi
128207,svenska,sv
128209,Español,es
128215,English,en
128216,English,en
12823,Italiano,it
128230,普通话,zh
128237,Español,es
128241,English,en
128246,한국어/조선말,ko
128248,Gaeilge,ga
128248,English,en
128250,English,en
128250,العربية,ar
12826,English,en
12826,Deutsch,de
128268,Deutsch,de
128268,Français,fr
128270,English,en
128276,English,en
12828,English,en
128280,English,en
128284,No Language,xx
1283,Español,es
12831,English,en
128311,English,en
12832,ქართული,ka
12832,Deutsch,de
12832,Pусский,ru
12834,English,en
128353,Italiano,it
128364,English,en
128368,Português,pt
12837,English,en
12838,Français,fr
12839,English,en
128395,Français,fr
128395,Wolof,wo
128396,日本語,ja
1284,Español,es
12840,Français,fr
128410,Deutsch,de
128412,ქართული,ka
128412,Pусский,ru
128414,Pусский,ru
128437,English,en
128437,Français,fr
128442,فارسی,fa
1285,Español,es
128508,Italiano,it
12855,English,en
128555,Deutsch,de
128555,Italiano,it
128557,Italiano,it
128557,English,en
128563,Italiano,it
128564,English,en
128571,English,en
128588,English,en
128588,Italiano,it
128598,English,en
128606,English,en
128612,English,en
128614,English,en
128625,English,en
128634,English,en
128637,English,en
128639,English,en
128644,English,en
128657,Italiano,it
128669,English,en
128679,English,en
128682,No Language,xx
128714,English,en
128722,日本語,ja
128728,Deutsch,de
128748,English,en
128766,English,en
128766,Italiano,it
128766,Español,es
128767,Pусский,ru
128767,ελληνικά,el
128767,English,en
12877,English,en
128779,English,en
128779,Français,fr
128780,English,en
128780,Italiano,it
128795,English,en
128841,English,en
128842,普通话,zh
128846,Deutsch,de
128847,English,en
128848,English,en
128854,English,en
128856,Deutsch,de
128862,Český,cs
128866,English,en
128873,Italiano,it
128876,English,en
12888,English,en
12889,English,en
128891,English,en
128899,English,en
12890,English,en
128900,svenska,sv
128900,Dansk,da
128917,English,en
128939,Français,fr
128946,svenska,sv
128960,No Language,xx
128979,English,en
128979,Français,fr
128990,Español,es
129,日本語,ja
12900,English,en
129006,English,en
129009,English,en
129009,Français,fr
129009,Italiano,it
12901,English,en
12902,English,en
12903,English,en
129062,Italiano,it
129067,No Language,xx
129089,English,en
12911,English,en
12911,Français,fr
129112,العربية,ar
129115,Español,es
129119,Türkçe,tr
12912,English,en
129139,English,en
12914,English,en
129175,English,en
12919,English,en
12920,English,en
12921,English,en
129229,Pусский,ru
129237,日本語,ja
12924,日本語,ja
129251,English,en
129269,English,en
129277,فارسی,fa
129277,ozbek,uz
129311,English,en
129332,English,en
129359,svenska,sv
129383,日本語,ja
1294,Deutsch,de
129400,Português,pt
129405,English,en
129417,Pусский,ru
129418,English,en
129418,Français,fr
129427,Deutsch,de
129432,Français,fr
129432,English,en
129432,Íslenska,is
129455,English,en
129455,Français,fr
129455,Deutsch,de
129467,svenska,sv
129507,हिन्दी,hi
129517,Polski,pl
129518,Nederlands,nl
129530,English,en
129533,English,en
129535,English,en
129542,Deutsch,de
129542,English,en
129553,English,en
129564,Italiano,it
129577,Italiano,it
129579,Italiano,it
129609,日本語,ja
129627,Italiano,it
129628,English,en
129670,English,en
129670,Español,es
129689,日本語,ja
129728,svenska,sv
129734,العربية,ar
129734,Deutsch,de
129745,日本語,ja
129798,English,en
129806,Pусский,ru
129820,Magyar,hu
129830,Pусский,ru
129847,Italiano,it
129850,广州话 / 廣州話,cn
129850,Italiano,it
129850,普通话,zh
129851,Italiano,it
129865,No Language,xx
129933,"",gn
12994,English,en
129942,فارسی,fa
129943,فارسی,fa
129966,Français,fr
129974,English,en
13,English,en
13001,English,en
130015,No Language,xx
13002,English,en
13003,English,en
13004,English,en
13005,English,en
130055,Français,fr
13006,English,en
130062,No Language,xx
13007,العربية,ar
13007,English,en
13007,עִבְרִית,he
13007,فارسی,fa
13007,Español,es
13008,English,en
13009,English,en
13009,Polski,pl
130090,English,en
130098,English,en
130100,English,en
13012,English,en
13013,English,en
130134,Français,fr
130134,English,en
13014,English,en
13014,Português,pt
13015,English,en
130150,English,en
13016,English,en
13017,English,en
13017,Français,fr
13017,Polski,pl
13018,English,en
13019,English,en
13019,Deutsch,de
13020,English,en
13022,English,en
13023,English,en
130233,Deutsch,de
130241,日本語,ja
130243,English,en
13025,English,en
130267,English,en
13027,English,en
130272,Bahasa indonesia,id
130272,Nederlands,nl
130278,English,en
130296,English,en
130300,English,en
130358,English,en
130374,English,en
130398,English,en
130401,English,en
130402,English,en
13041,Español,es
13042,English,en
13042,No Language,xx
130424,English,en
130436,English,en
130452,English,en
130452,Français,fr
130457,Español,es
130458,Español,es
130474,English,en
130492,Italiano,it
130507,English,en
13051,English,en
13051,Pусский,ru
13051,Español,es
130515,English,en
13053,English,en
13054,English,en
130544,Deutsch,de
130544,Italiano,it
13055,English,en
13056,Pусский,ru
13056,English,en
13058,English,en
13059,English,en
130593,English,en
13060,English,en
13061,English,en
130612,English,en
13062,English,en
130623,Español,es
130623,English,en
130623,"",mn
130623,हिन्दी,hi
130624,Deutsch,de
130627,Français,fr
13063,English,en
13063,日本語,ja
130633,Français,fr
130639,日本語,ja
13064,English,en
13065,English,en
130650,Français,fr
13067,English,en
130677,English,en
13068,English,en
130694,Deutsch,de
13070,English,en
130719,Italiano,it
13072,English,en
13073,English,en
13073,עִבְרִית,he
130736,Deutsch,de
130739,English,en
130739,Deutsch,de
13074,English,en
130745,English,en
130747,Deutsch,de
13075,English,en
130750,English,en
130750,हिन्दी,hi
130754,English,en
130754,日本語,ja
13076,English,en
13078,English,en
13079,English,en
130798,Deutsch,de
130804,български език,bg
130816,English,en
130824,English,en
130881,English,en
130882,English,en
130885,English,en
13090,English,en
13090,Español,es
130900,English,en
130917,English,en
13092,English,en
130925,English,en
13094,English,en
130948,Italiano,it
130957,Deutsch,de
130973,ελληνικά,el
13098,English,en
13098,Deutsch,de
13099,English,en
13099,日本語,ja
13099,普通话,zh
13099,Pусский,ru
130993,English,en
131027,Magyar,hu
131039,English,en
131039,Deutsch,de
131045,Pусский,ru
13105,English,en
13105,Deutsch,de
13105,Español,es
13107,English,en
131074,English,en
131098,English,en
131116,Polski,pl
131172,English,en
131194,English,en
131194,Español,es
13120,English,en
13121,English,en
13122,English,en
131220,English,en
13123,हिन्दी,hi
131232,Italiano,it
13127,普通话,zh
13128,日本語,ja
13132,English,en
131343,Íslenska,is
131351,English,en
131366,Deutsch,de
13137,English,en
131398,Deutsch,de
13140,English,en
13141,English,en
131433,日本語,ja
131434,Español,es
131455,English,en
131457,English,en
131475,Polski,pl
131476,ελληνικά,el
131478,Português,pt
13150,English,en
131504,English,en
13151,English,en
13153,English,en
13154,日本語,ja
13154,English,en
13155,English,en
13156,English,en
13158,English,en
131585,Italiano,it
13159,English,en
13159,Français,fr
13159,Deutsch,de
13160,English,en
13161,English,en
13162,English,en
13163,English,en
131631,English,en
131634,English,en
131653,ελληνικά,el
13166,English,en
13167,English,en
131671,English,en
131673,English,en
13168,English,en
131689,English,en
13169,English,en
13170,English,en
13171,English,en
13171,Español,es
13172,English,en
13172,Español,es
131729,English,en
13173,Español,es
13173,English,en
131737,English,en
131739,Deutsch,de
131739,日本語,ja
131764,English,en
13177,English,en
131770,Deutsch,de
131770,Français,fr
131770,Español,es
131770,English,en
131781,English,en
13179,English,en
131792,No Language,xx
131799,English,en
13180,English,en
131805,Português,pt
131822,suomi,fi
131822,English,en
13183,English,en
131836,Français,fr
131837,English,en
13184,ภาษาไทย,th
13184,English,en
13185,English,en
13186,English,en
131861,English,en
13187,English,en
13187,Español,es
13188,English,en
131880,English,en
13189,English,en
131898,English,en
13190,English,en
131903,English,en
131907,Español,es
13191,English,en
131914,English,en
131916,English,en
13192,English,en
13193,English,en
131932,Español,es
13194,English,en
131940,Deutsch,de
131940,हिन्दी,hi
131944,English,en
13195,English,en
131957,English,en
131958,Pусский,ru
13196,English,en
13196,עִבְרִית,he
131966,English,en
131966,Italiano,it
13197,English,en
13198,English,en
13199,English,en
131997,ελληνικά,el
132,English,en
13200,English,en
13201,English,en
13203,English,en
132030,Pусский,ru
13204,English,en
13205,English,en
13206,English,en
132064,English,en
13207,English,en
13209,فارسی,fa
13210,English,en
132122,Italiano,it
132128,Español,es
132133,Polski,pl
132137,English,en
132141,Polski,pl
132144,Español,es
132148,Español,es
132150,Español,es
132166,Français,fr
13220,English,en
13221,Dansk,da
13221,Norsk,no
13221,"",se
13221,svenska,sv
13222,English,en
132227,Español,es
13223,English,en
132232,English,en
132236,English,en
13225,English,en
132263,English,en
132298,Español,es
132316,हिन्दी,hi
132320,Español,es
132328,English,en
132332,Français,fr
132342,English,en
132342,Français,fr
132342,Español,es
132344,English,en
132344,ελληνικά,el
132344,Français,fr
132363,English,en
132379,No Language,xx
132392,English,en
13241,English,en
132426,English,en
13243,English,en
13245,"",iu
13246,English,en
13247,English,en
13249,English,en
13250,English,en
132506,English,en
13251,English,en
132518,ภาษาไทย,th
13252,English,en
13253,English,en
13254,English,en
13255,العربية,ar
13255,English,en
13255,Français,fr
13255,Pусский,ru
13255,Español,es
132551,Hrvatski,hr
13256,English,en
132561,Nederlands,nl
132561,Türkçe,tr
13257,English,en
13258,English,en
13258,Français,fr
13259,English,en
132597,English,en
13260,English,en
132601,English,en
132608,Português,pt
132641,日本語,ja
132705,Español,es
132709,English,en
132712,English,en
132712,Português,pt
132714,English,en
13274,日本語,ja
132744,हिन्दी,hi
13275,English,en
132759,Pусский,ru
132765,English,en
13277,English,en
13279,English,en
13280,English,en
13282,English,en
13283,English,en
13284,English,en
13285,English,en
132859,English,en
132873,Deutsch,de
132873,English,en
132883,English,en
132887,English,en
132894,English,en
13291,العربية,ar
13291,English,en
132912,English,en
132912,Türkçe,tr
132912,Română,ro
132923,English,en
132928,English,en
13293,English,en
132936,English,en
132939,Español,es
132939,English,en
132957,한국어/조선말,ko
13296,Türkçe,tr
13299,日本語,ja
133,English,en
13300,English,en
133008,Pусский,ru
13305,Deutsch,de
133063,No Language,xx
133082,Español,es
133088,Pусский,ru
13310,svenska,sv
133108,English,en
13311,한국어/조선말,ko
133115,English,en
133119,English,en
13312,Français,fr
133121,日本語,ja
133121,English,en
13313,English,en
133148,English,en
13315,日本語,ja
133160,日本語,ja
13317,Español,es
13318,Norsk,no
133183,English,en
13319,English,en
13319,suomi,fi
13319,Deutsch,de
13319,svenska,sv
13320,English,en
133200,한국어/조선말,ko
13321,English,en
13321,Français,fr
13321,Deutsch,de
133241,English,en
133241,Español,es
133255,English,en
133328,English,en
13333,广州话 / 廣州話,cn
13333,English,en
13335,English,en
13336,Français,fr
133365,English,en
133369,English,en
13337,English,en
13337,Français,fr
133373,Polski,pl
13338,English,en
13339,English,en
133396,Deutsch,de
13341,Español,es
13341,English,en
133411,English,en
133411,Norsk,no
13342,English,en
13343,English,en
133441,euskera,eu
133441,English,en
133441,Italiano,it
133441,"",ne
133446,English,en
133448,English,en
133458,Français,fr
133458,Italiano,it
133458,svenska,sv
133459,svenska,sv
13346,English,en
133463,English,en
133469,Français,fr
13348,English,en
13348,Deutsch,de
133485,Français,fr
13350,English,en
13351,English,en
13352,English,en
133521,Polski,pl
133523,ελληνικά,el
13353,English,en
13354,English,en
13355,Norsk,no
133557,English,en
133558,English,en
133558,Français,fr
133560,日本語,ja
133563,日本語,ja
133569,Português,pt
133575,English,en
13358,Español,es
13359,English,en
13360,English,en
133601,한국어/조선말,ko
133603,한국어/조선말,ko
13362,English,en
13363,English,en
13364,English,en
133643,svenska,sv
13365,English,en
13368,English,en
13368,Português,pt
133684,Pусский,ru
13369,English,en
13369,Deutsch,de
13369,Español,es
133694,English,en
133698,Français,fr
133698,Italiano,it
133698,Polski,pl
13370,English,en
133701,English,en
133704,English,en
13371,English,en
133715,English,en
133716,English,en
13372,English,en
13373,English,en
133736,English,en
133738,English,en
13374,English,en
133750,Português,pt
133750,Español,es
13376,English,en
13377,English,en
13378,English,en
133781,English,en
133783,Dansk,da
133786,English,en
133790,English,en
133792,English,en
13380,English,en
13380,Italiano,it
133805,English,en
13382,English,en
133823,English,en
133827,Français,fr
13383,Español,es
133831,English,en
13384,English,en
13385,English,en
13386,Italiano,it
13387,English,en
13387,Український,uk
13387,Français,fr
13387,Pусский,ru
13387,Magyar,hu
133879,svenska,sv
13389,English,en
13389,Pусский,ru
13389,Español,es
13390,English,en
13391,日本語,ja
133919,svenska,sv
13393,Türkçe,tr
133931,English,en
13394,English,en
133941,Deutsch,de
133941,Italiano,it
13396,English,en
133964,한국어/조선말,ko
13397,English,en
133977,日本語,ja
13398,日本語,ja
134,English,en
13400,English,en
13401,English,en
13401,हिन्दी,hi
13401,Deutsch,de
134012,ελληνικά,el
134018,Deutsch,de
13402,广州话 / 廣州話,cn
13402,普通话,zh
13403,English,en
13403,Deutsch,de
13405,日本語,ja
13405,普通话,zh
13405,English,en
134053,日本語,ja
13406,English,en
13408,English,en
13409,English,en
134096,Español,es
13411,English,en
13412,English,en
134126,한국어/조선말,ko
13413,English,en
134132,English,en
13414,English,en
13415,English,en
134158,English,en
13416,English,en
13416,Deutsch,de
134168,English,en
13417,English,en
134201,English,en
134209,Azərbaycan,az
134209,فارسی,fa
134215,हिन्दी,hi
134223,English,en
134223,Français,fr
134238,English,en
13428,English,en
13429,English,en
13430,日本語,ja
134308,English,en
13432,Deutsch,de
13433,English,en
13433,日本語,ja
13434,English,en
13435,English,en
13435,日本語,ja
13435,Pусский,ru
13435,Español,es
134350,日本語,ja
134355,English,en
13436,English,en
13436,ภาษาไทย,th
134360,English,en
134362,Español,es
134366,English,en
134368,English,en
13437,English,en
134371,English,en
134374,English,en
134375,English,en
134375,Português,pt
13438,"",ku
13438,فارسی,fa
13439,English,en
13439,"",mi
134390,English,en
134394,English,en
134397,English,en
13440,العربية,ar
13440,English,en
13440,Français,fr
13440,Deutsch,de
134409,English,en
13441,Deutsch,de
13441,English,en
134411,English,en
134411,Español,es
134415,English,en
13442,English,en
134427,English,en
134435,English,en
134446,हिन्दी,hi
134458,English,en
13446,English,en
134463,Français,fr
134472,English,en
134474,"",ml
134477,"",ml
13448,English,en
13448,Italiano,it
13448,Latin,la
13448,Français,fr
13448,Deutsch,de
13448,普通话,zh
134480,English,en
134481,English,en
13455,English,en
134569,한국어/조선말,ko
13457,English,en
13457,Deutsch,de
13459,English,en
134597,English,en
13460,English,en
134602,English,en
134608,English,en
134608,Español,es
13461,Italiano,it
134632,English,en
13465,English,en
134656,English,en
13466,English,en
134662,English,en
134673,Français,fr
134679,Deutsch,de
134679,Italiano,it
13468,English,en
134680,English,en
134688,English,en
134693,English,en
13470,English,en
134705,suomi,fi
134705,English,en
134705,Português,pt
13471,Français,fr
134732,English,en
134733,Pусский,ru
134738,English,en
13474,English,en
134743,English,en
134746,English,en
134746,Italiano,it
13475,English,en
134750,English,en
134750,No Language,xx
13476,English,en
13477,English,en
13477,Italiano,it
134777,English,en
134782,English,en
13480,English,en
134806,English,en
13481,普通话,zh
134812,svenska,sv
13482,English,en
13482,Español,es
13483,日本語,ja
13483,English,en
13484,English,en
134841,हिन्दी,hi
13485,English,en
13486,English,en
13489,English,en
13489,Polski,pl
13490,English,en
134908,العربية,ar
134908,Français,fr
13491,العربية,ar
13491,English,en
13491,svenska,sv
13492,Français,fr
13492,Deutsch,de
13493,English,en
13495,Español,es
13496,English,en
13497,English,en
13498,English,en
13499,English,en
134990,普通话,zh
135,English,en
13501,English,en
13501,Italiano,it
13503,English,en
135047,English,en
13505,English,en
13506,Français,fr
13506,Pусский,ru
13507,Français,fr
13508,English,en
13508,Français,fr
13508,Magyar,hu
13509,English,en
13509,Deutsch,de
13509,Português,pt
135097,English,en
13510,English,en
13511,English,en
13514,广州话 / 廣州話,cn
13515,English,en
13516,English,en
135161,Polski,pl
13517,English,en
13519,English,en
13519,Français,fr
13519,Italiano,it
135195,ภาษาไทย,th
135198,广州话 / 廣州話,cn
135198,English,en
135198,Bahasa melayu,ms
135198,普通话,zh
135198,"",tl
13520,עִבְרִית,he
135200,English,en
135204,Eesti,et
13521,עִבְרִית,he
135210,Pусский,ru
135214,svenska,sv
13522,العربية,ar
13522,Dansk,da
13522,English,en
13522,Norsk,no
13522,svenska,sv
135225,suomi,fi
13523,English,en
13524,English,en
13524,Deutsch,de
13526,English,en
135260,Italiano,it
135275,English,en
13528,English,en
135281,Français,fr
135286,Français,fr
135307,Français,fr
135309,English,en
13531,English,en
135312,English,en
135313,English,en
135317,Deutsch,de
135317,English,en
13532,English,en
13533,English,en
135335,日本語,ja
135337,svenska,sv
13534,English,en
13535,English,en
13536,English,en
135362,Nederlands,nl
135362,English,en
135368,English,en
135368,Français,fr
13537,English,en
13537,Français,fr
13537,Magyar,hu
13538,English,en
135385,Italiano,it
13539,English,en
135390,svenska,sv
135397,English,en
13541,English,en
135418,English,en
13542,Afrikaans,af
13542,English,en
13542,"",xh
13544,ภาษาไทย,th
135473,English,en
13548,English,en
13548,Español,es
135482,English,en
13549,English,en
13550,English,en
13551,English,en
135510,Italiano,it
13552,English,en
13553,English,en
135536,Italiano,it
13554,English,en
135545,English,en
135547,English,en
135547,Kiswahili,sw
13555,English,en
135561,Português,pt
13557,English,en
135579,Magyar,hu
13558,English,en
13559,English,en
135598,日本語,ja
13560,English,en
13561,English,en
13562,English,en
13562,Magyar,hu
13563,English,en
13564,English,en
135647,English,en
135652,English,en
135659,Deutsch,de
135659,svenska,sv
13567,English,en
135670,English,en
135678,English,en
135679,English,en
135686,English,en
13569,English,en
13569,Deutsch,de
135695,Italiano,it
135696,Español,es
135697,Español,es
13570,English,en
135708,English,en
13571,English,en
135713,English,en
135714,English,en
135718,हिन्दी,hi
13572,Italiano,it
13572,Español,es
13572,English,en
13573,English,en
13574,English,en
13576,English,en
13577,English,en
135787,English,en
13579,English,en
135799,日本語,ja
1358,English,en
13580,English,en
13580,Magyar,hu
13581,English,en
13581,Français,fr
135812,English,en
135832,Deutsch,de
13584,English,en
13585,English,en
135855,English,en
135858,English,en
13586,English,en
13587,English,en
13589,English,en
13589,Français,fr
135890,English,en
1359,English,en
1359,Español,es
1359,广州话 / 廣州話,cn
13590,English,en
13591,English,en
13592,English,en
135921,English,en
135938,Polski,pl
13595,English,en
13596,English,en
13597,English,en
135990,English,en
136,English,en
136,Français,fr
136,Deutsch,de
1360,English,en
1360,Français,fr
1360,Pусский,ru
13600,English,en
136058,English,en
136070,日本語,ja
136071,svenska,sv
136074,English,en
136080,Italiano,it
136080,Norsk,no
136080,Polski,pl
136087,ภาษาไทย,th
1361,English,en
13610,English,en
136106,English,en
136109,English,en
13611,English,en
13612,English,en
13613,English,en
136134,English,en
13614,Український,uk
13614,Deutsch,de
13614,Polski,pl
13614,Pусский,ru
136141,No Language,xx
136146,English,en
13616,English,en
13616,Magyar,hu
13616,Pусский,ru
13617,Norsk,no
13618,English,en
136190,Český,cs
136190,Deutsch,de
136190,Polski,pl
1362,English,en
13621,Bokmål,nb
136215,Português,pt
136215,English,en
136254,English,en
13626,Dansk,da
136278,English,en
136278,Magyar,hu
136294,Français,fr
1363,English,en
13630,Norsk,no
136311,English,en
13632,English,en
13632,Français,fr
13633,English,en
136336,English,en
136339,ελληνικά,el
13634,English,en
13635,Français,fr
13635,Español,es
13635,العربية,ar
13635,English,en
13636,English,en
136366,日本語,ja
136368,Deutsch,de
136368,Italiano,it
136368,ภาษาไทย,th
13637,日本語,ja
136386,English,en
13639,Nederlands,nl
1364,English,en
1364,Français,fr
1364,Deutsch,de
1364,Español,es
13640,English,en
136400,Español,es
136400,English,en
136403,English,en
136403,Français,fr
136403,Deutsch,de
136403,Italiano,it
13641,English,en
13641,Français,fr
136418,English,en
13643,English,en
13643,Pусский,ru
136437,Français,fr
13644,English,en
13644,Magyar,hu
13644,Pусский,ru
136459,Deutsch,de
13646,Nederlands,nl
136466,English,en
13647,Dansk,da
13647,English,en
13647,Español,es
136476,English,en
13648,English,en
13648,日本語,ja
13649,English,en
1365,English,en
13650,English,en
13651,Español,es
13652,Français,fr
13652,English,en
136525,English,en
13653,Español,es
13654,English,en
13655,English,en
136553,English,en
136572,Italiano,it
136576,Italiano,it
136582,Français,fr
136585,English,en
1366,English,en
136616,English,en
136616,Deutsch,de
136619,Italiano,it
136627,हिन्दी,hi
13665,English,en
13666,English,en
136663,العربية,ar
136663,עִבְרִית,he
13667,English,en
13667,Magyar,hu
13668,English,en
13669,English,en
13669,Deutsch,de
136698,Český,cs
136698,English,en
136698,Magyar,hu
136698,Polski,pl
1367,English,en
13671,English,en
136716,English,en
13672,English,en
13672,Français,fr
136727,Français,fr
136727,Română,ro
136727,Español,es
13673,Español,es
13673,English,en
136735,English,en
136735,Español,es
136741,қазақ,kk
136741,"",mn
136742,Pусский,ru
136743,български език,bg
136743,English,en
136743,Deutsch,de
136743,"",mk
136743,Srpski,sr
13675,English,en
136752,Español,es
13676,English,en
136762,No Language,xx
13678,English,en
13678,Français,fr
136786,English,en
13679,Français,fr
136793,English,en
136795,English,en
136795,Español,es
136795,български език,bg
136797,English,en
136799,English,en
1368,English,en
13680,English,en
136801,English,en
13681,English,en
13682,English,en
13683,English,en
136835,English,en
13685,Español,es
13685,English,en
136850,English,en
136867,English,en
13687,English,en
13688,广州话 / 廣州話,cn
136884,English,en
13689,English,en
1369,English,en
1369,Tiếng Việt,vi
13690,English,en
136902,Srpski,sr
13691,English,en
136911,English,en
13692,English,en
13692,Français,fr
136921,English,en
136928,English,en
13696,English,en
136966,English,en
13697,English,en
13698,English,en
13699,English,en
137,English,en
137,Français,fr
137,Italiano,it
1370,English,en
1370,Pусский,ru
13700,普通话,zh
13700,English,en
137002,Français,fr
137002,English,en
137002,ελληνικά,el
137002,Deutsch,de
137002,Türkçe,tr
137008,No Language,xx
13701,English,en
137014,No Language,xx
13702,English,en
13703,English,en
13703,Deutsch,de
13703,Español,es
137037,Deutsch,de
13704,English,en
13707,English,en
137072,English,en
137079,العربية,ar
137093,English,en
137094,English,en
1371,English,en
13710,Français,fr
137106,English,en
137113,English,en
137116,العربية,ar
137116,English,en
13713,Français,fr
137144,English,en
137145,English,en
13715,English,en
137174,English,en
137180,தமிழ்,ta
137180,हिन्दी,hi
137182,Nederlands,nl
137182,English,en
137193,Français,fr
1372,Afrikaans,af
1372,English,en
137200,Deutsch,de
13721,English,en
137217,English,en
137217,Español,es
13722,Český,cs
13722,English,en
137221,Português,pt
137222,English,en
13723,English,en
137236,English,en
13726,Français,fr
13728,Français,fr
137285,English,en
137285,Français,fr
1373,English,en
13730,Français,fr
137308,"",ml
137310,English,en
137315,Français,fr
137315,Italiano,it
13732,Français,fr
137321,English,en
13733,Français,fr
137333,English,en
13734,Français,fr
137347,English,en
137347,Română,ro
137357,English,en
137366,English,en
137370,Français,fr
137381,English,en
13739,Français,fr
1374,English,en
137400,普通话,zh
137409,广州话 / 廣州話,cn
137409,English,en
13741,Český,cs
13741,Français,fr
13742,Italiano,it
13742,Français,fr
137429,English,en
13746,English,en
13746,Français,fr
137475,English,en
13748,Český,cs
13748,Français,fr
137484,English,en
137491,English,en
1375,English,en
137504,日本語,ja
13751,English,en
13752,English,en
13752,suomi,fi
13752,Deutsch,de
13752,Norsk,no
13752,Pусский,ru
137528,English,en
137533,English,en
13754,Español,es
13754,日本語,ja
13754,English,en
13755,English,en
137563,English,en
137566,English,en
13757,English,en
13759,English,en
137599,Italiano,it
1376,English,en
13761,English,en
137614,Català,ca
137614,English,en
137614,Español,es
137619,English,en
137619,Español,es
13762,English,en
137625,Español,es
13763,English,en
13764,English,en
137646,English,en
13765,English,en
137651,English,en
13766,English,en
13767,English,en
13768,English,en
13768,Français,fr
137683,English,en
137698,Español,es
1377,English,en
1377,Italiano,it
13770,English,en
137700,Polski,pl
13771,English,en
137726,Français,fr
13774,Norsk,no
137748,Eesti,et
137748,svenska,sv
13775,English,en
137757,No Language,xx
13776,English,en
137769,suomi,fi
137769,Português,pt
13777,English,en
13777,Italiano,it
137776,English,en
13778,English,en
1378,English,en
137801,Pусский,ru
137826,English,en
13783,Afrikaans,af
13783,English,en
13784,English,en
13785,English,en
137853,English,en
137859,Français,fr
13787,English,en
137876,English,en
13788,English,en
13788,עִבְרִית,he
1379,suomi,fi
1379,Pусский,ru
13791,English,en
13792,English,en
13793,English,en
13794,English,en
13795,English,en
137960,English,en
137968,English,en
13797,English,en
13797,Español,es
13798,Dansk,da
137984,English,en
138,English,en
138,Deutsch,de
138,Magyar,hu
1380,English,en
13802,English,en
13803,English,en
138030,বাংলা,bn
138038,English,en
13804,English,en
13805,English,en
138061,English,en
13807,广州话 / 廣州話,cn
13808,English,en
13809,English,en
13809,Pусский,ru
1381,English,en
138103,English,en
13811,English,en
138115,svenska,sv
138118,svenska,sv
13812,English,en
138122,हिन्दी,hi
13813,Deutsch,de
13813,Pусский,ru
13813,English,en
13815,English,en
13816,English,en
138167,Español,es
13817,English,en
13817,ελληνικά,el
13818,English,en
13819,English,en
138191,ภาษาไทย,th
1382,English,en
13820,English,en
138202,English,en
13821,English,en
138222,English,en
13823,English,en
13823,Deutsch,de
13824,English,en
13825,English,en
13827,English,en
13827,Polski,pl
13830,English,en
13830,Português,pt
138308,English,en
138308,Français,fr
13834,English,en
13834,Tiếng Việt,vi
138341,English,en
13835,English,en
138357,English,en
13836,English,en
138372,English,en
138376,English,en
138394,English,en
13841,English,en
13842,English,en
13848,English,en
13848,Español,es
138486,English,en
13849,English,en
13849,Français,fr
13849,Polski,pl
138496,English,en
13850,English,en
138502,Nederlands,nl
138502,Français,fr
13851,English,en
13851,日本語,ja
13851,Português,pt
13851,Español,es
13851,ภาษาไทย,th
138513,English,en
13852,English,en
138522,No Language,xx
13853,English,en
138535,No Language,xx
138544,English,en
13855,한국어/조선말,ko
138550,Español,es
13856,English,en
138574,Türkçe,tr
13861,English,en
13861,Esperanto,eo
138611,Français,fr
138665,한국어/조선말,ko
138667,తెలుగు,te
138686,Magyar,hu
138686,Nederlands,nl
138697,English,en
138699,English,en
1387,English,en
138705,suomi,fi
138724,Pусский,ru
138730,No Language,xx
138735,Deutsch,de
138752,No Language,xx
138754,svenska,sv
138767,עִבְרִית,he
138827,日本語,ja
138832,English,en
138843,English,en
13885,English,en
138853,日本語,ja
13888,English,en
13889,English,en
13889,日本語,ja
1389,English,en
138906,Français,fr
138907,English,en
13891,English,en
13892,English,en
13894,English,en
138941,English,en
138943,English,en
138977,English,en
13898,فارسی,fa
13899,日本語,ja
138990,English,en
139,Dansk,da
13903,English,en
139038,English,en
13905,English,en
139058,English,en
13907,English,en
13908,English,en
13909,English,en
1391,Español,es
13910,English,en
13910,Français,fr
13910,Italiano,it
13911,English,en
13912,English,en
13913,English,en
13914,Deutsch,de
13915,English,en
139156,Français,fr
139159,Français,fr
13916,English,en
139169,Pусский,ru
139170,English,en
139176,English,en
13919,English,en
139195,svenska,sv
1392,বাংলা,bn
1392,English,en
13920,English,en
139212,English,en
139212,suomi,fi
139215,English,en
13922,English,en
13922,日本語,ja
13923,English,en
13923,Tiếng Việt,vi
139238,No Language,xx
13924,No Language,xx
139244,English,en
13925,English,en
13925,No Language,xx
139251,English,en
13926,English,en
13926,No Language,xx
13927,English,en
139270,Nederlands,nl
139272,Türkçe,tr
13928,No Language,xx
13929,English,en
13929,No Language,xx
1393,"",mn
13930,English,en
139300,English,en
139300,Pусский,ru
139302,English,en
13931,English,en
13932,English,en
139325,Español,es
139329,English,en
139329,日本語,ja
139329,普通话,zh
13933,English,en
13933,No Language,xx
139334,Italiano,it
13934,English,en
139349,English,en
13935,English,en
139357,தமிழ்,ta
139357,తెలుగు,te
13936,English,en
139367,English,en
13937,English,en
139374,Français,fr
13938,English,en
139380,English,en
139383,Deutsch,de
13939,Français,fr
13939,English,en
13939,Italiano,it
13939,Deutsch,de
1394,Italiano,it
1394,Pусский,ru
139405,Pусский,ru
139405,English,en
139406,English,en
139408,Magyar,hu
139408,English,en
13942,English,en
13943,English,en
139433,English,en
13944,English,en
139445,Français,fr
139445,日本語,ja
139445,English,en
13945,English,en
139455,English,en
139459,English,en
13946,English,en
139463,English,en
139467,Italiano,it
139467,Polski,pl
139467,English,en
139467,Deutsch,de
13948,English,en
13949,English,en
13950,English,en
13950,Français,fr
139504,Italiano,it
139519,Español,es
139519,English,en
139521,हिन्दी,hi
13954,English,en
13955,English,en
13955,Français,fr
139559,Pусский,ru
13956,Český,cs
13956,English,en
139563,Italiano,it
139567,English,en
13957,English,en
139571,English,en
139575,svenska,sv
139579,Pусский,ru
13958,English,en
139582,हिन्दी,hi
139589,No Language,xx
1396,Pусский,ru
13960,English,en
139609,Français,fr
139609,Español,es
13962,English,en
13963,English,en
139637,English,en
13964,日本語,ja
139646,Català,ca
139646,English,en
13965,English,en
139651,Français,fr
139651,Italiano,it
139659,English,en
13966,English,en
139662,தமிழ்,ta
139662,తెలుగు,te
13967,English,en
13968,English,en
13969,Français,fr
13969,English,en
139692,日本語,ja
13971,English,en
139712,Deutsch,de
139715,English,en
139718,English,en
13972,English,en
139725,Français,fr
13973,English,en
13975,English,en
13976,English,en
139777,Français,fr
13979,English,en
139799,English,en
1398,Pусский,ru
13980,日本語,ja
139808,Español,es
13981,日本語,ja
13982,Español,es
13982,English,en
139820,Nederlands,nl
139820,English,en
139820,Français,fr
139826,English,en
13984,English,en
139851,Français,fr
13986,हिन्दी,hi
139862,Deutsch,de
139863,euskera,eu
13988,English,en
13989,English,en
13990,English,en
13991,English,en
139922,English,en
13993,English,en
139933,English,en
139933,Deutsch,de
13994,English,en
13994,Pусский,ru
139945,Italiano,it
139945,Deutsch,de
139945,English,en
139945,فارسی,fa
139948,English,en
13995,English,en
13996,Français,fr
13996,English,en
13996,Deutsch,de
13997,English,en
13998,English,en
139997,Italiano,it
139997,English,en
139998,English,en
14,English,en
140,Español,es
14000,English,en
140003,Deutsch,de
140003,Español,es
140003,English,en
140007,Français,fr
140008,English,en
14001,English,en
14002,English,en
14003,Deutsch,de
14003,日本語,ja
140032,English,en
140036,suomi,fi
14005,English,en
140054,日本語,ja
140071,English,en
140071,Deutsch,de
14008,English,en
140101,Français,fr
140101,Português,pt
140101,Español,es
14011,English,en
14012,English,en
14013,English,en
14014,English,en
14016,普通话,zh
140161,English,en
140174,English,en
1402,English,en
1402,广州话 / 廣州話,cn
140207,English,en
140208,Français,fr
140208,English,en
14021,Deutsch,de
14021,日本語,ja
140212,한국어/조선말,ko
14022,English,en
140222,English,en
140229,Deutsch,de
140229,Pусский,ru
140229,Français,fr
140231,हिन्दी,hi
14024,English,en
14024,Français,fr
14025,English,en
140276,English,en
14028,English,en
14028,Español,es
140281,English,en
14029,English,en
14029,Deutsch,de
14029,Italiano,it
1403,English,en
14030,English,en
140300,English,en
14033,English,en
14034,English,en
14035,English,en
140380,한국어/조선말,ko
140383,Français,fr
1404,Español,es
1404,English,en
1404,ਪੰਜਾਬੀ,pa
14040,English,en
14041,English,en
140413,English,en
140418,English,en
140420,English,en
140423,עִבְרִית,he
14043,Český,cs
14043,English,en
14044,English,en
14044,普通话,zh
14044,Pусский,ru
140441,日本語,ja
140443,English,en
140443,Español,es
140447,Español,es
140456,English,en
140465,English,en
14047,English,en
140470,English,en
140472,English,en
14048,English,en
14048,Français,fr
140485,Türkçe,tr
140491,English,en
1405,English,en
14050,English,en
140509,日本語,ja
140513,日本語,ja
140519,English,en
14052,English,en
140527,English,en
14053,English,en
140530,日本語,ja
14054,English,en
14055,English,en
14055,Türkçe,tr
140554,English,en
140554,Deutsch,de
140554,Español,es
14057,English,en
14059,English,en
14059,Italiano,it
14059,Norsk,no
140595,English,en
1406,English,en
1406,Deutsch,de
140605,English,en
140607,English,en
14061,English,en
14061,Pусский,ru
14062,English,en
14063,English,en
140632,English,en
14064,English,en
140648,English,en
140652,English,en
14066,English,en
14066,Deutsch,de
140668,Română,ro
14067,English,en
14069,日本語,ja
140697,Română,ro
1407,Français,fr
14070,हिन्दी,hi
140708,suomi,fi
14071,English,en
14071,हिन्दी,hi
14072,हिन्दी,hi
14073,हिन्दी,hi
14073,தமிழ்,ta
14074,svenska,sv
14075,English,en
140750,English,en
14076,English,en
14076,हिन्दी,hi
14078,svenska,sv
1408,English,en
1408,Latin,la
140814,English,en
140818,Norsk,no
140823,English,en
140825,English,en
140846,English,en
140849,English,en
14086,Italiano,it
14087,日本語,ja
140870,No Language,xx
140873,English,en
14088,日本語,ja
140883,हिन्दी,hi
140887,English,en
140887,Deutsch,de
14089,English,en
140894,Nederlands,nl
140894,English,en
140897,English,en
14091,English,en
14092,日本語,ja
140934,English,en
140966,Pусский,ru
14097,Pусский,ru
140979,English,en
14098,English,en
140995,English,en
141,English,en
1410,English,en
141003,English,en
141010,Italiano,it
141015,Español,es
14103,isiZulu,zu
14103,English,en
141043,English,en
14105,English,en
141052,English,en
141058,English,en
14108,English,en
1411,English,en
141102,English,en
14111,العربية,ar
14111,English,en
14112,English,en
14113,English,en
141131,广州话 / 廣州話,cn
141138,普通话,zh
14114,English,en
141145,Nederlands,nl
141152,Español,es
14117,English,en
14118,English,en
1412,English,en
14120,English,en
14120,Español,es
14123,English,en
14123,Español,es
141241,Română,ro
14125,English,en
14126,English,en
14126,Français,fr
141262,Italiano,it
141267,svenska,sv
14127,English,en
14128,English,en
1413,English,en
141319,English,en
14134,हिन्दी,hi
14135,English,en
14136,Español,es
14136,English,en
14136,广州话 / 廣州話,cn
14137,English,en
14138,English,en
14139,Español,es
1414,Magyar,hu
1414,Español,es
14140,Français,fr
14140,English,en
14141,English,en
141419,No Language,xx
14142,English,en
141423,English,en
14143,English,en
14144,English,en
14145,English,en
141461,普通话,zh
14147,English,en
141476,Deutsch,de
141476,Pусский,ru
14148,English,en
1415,English,en
141520,Pусский,ru
14154,English,en
14154,Deutsch,de
14157,English,en
14158,English,en
14158,Pусский,ru
141581,Français,fr
14159,English,en
14159,हिन्दी,hi
1416,한국어/조선말,ko
1416,Español,es
14160,English,en
141603,हिन्दी,hi
14161,English,en
14161,Français,fr
14161,हिन्दी,hi
14161,Italiano,it
14161,Latin,la
14161,普通话,zh
14161,Português,pt
14161,Pусский,ru
14161,"",bo
141613,हिन्दी,hi
141614,suomi,fi
14163,हिन्दी,hi
141635,English,en
14164,English,en
14164,日本語,ja
14164,हिन्दी,hi
141640,Español,es
141643,English,en
14166,English,en
14166,Español,es
14167,English,en
141679,English,en
14168,English,en
14169,Italiano,it
14169,Español,es
1417,Español,es
14170,English,en
14171,العربية,ar
14171,English,en
14171,Español,es
141714,English,en
14172,English,en
14172,Français,fr
14173,Dansk,da
141733,English,en
14174,English,en
14174,Español,es
14175,English,en
141754,日本語,ja
141757,Polski,pl
141760,עִבְרִית,he
14177,English,en
1418,Español,es
14180,English,en
141803,English,en
14181,English,en
14181,Pусский,ru
141810,Italiano,it
141819,日本語,ja
1419,Deutsch,de
14190,English,en
14190,Norsk,no
141901,Türkçe,tr
14191,English,en
14193,हिन्दी,hi
14194,Deutsch,de
14194,हिन्दी,hi
14195,English,en
141950,Français,fr
141950,Deutsch,de
141955,English,en
14196,English,en
14197,English,en
141971,suomi,fi
141976,English,en
141978,English,en
14198,Español,es
14198,English,en
14199,English,en
142,English,en
1420,English,en
14201,English,en
142012,English,en
14202,Français,fr
14202,普通话,zh
14202,English,en
142023,Français,fr
142026,No Language,xx
14204,English,en
14204,普通话,zh
14205,English,en
142052,English,en
142061,English,en
142064,English,en
14207,Français,fr
14207,Latin,la
14207,"",mn
14207,Português,pt
14207,English,en
14208,Français,fr
14208,العربية,ar
14208,English,en
142085,Magyar,hu
142085,Nederlands,nl
142085,English,en
142093,한국어/조선말,ko
1421,Français,fr
14210,English,en
142106,English,en
142115,English,en
142118,suomi,fi
142119,English,en
14212,English,en
142132,English,en
142145,English,en
14215,English,en
142150,English,en
14217,日本語,ja
14219,Český,cs
14219,English,en
14219,Polski,pl
1422,English,en
1422,广州话 / 廣州話,cn
14220,English,en
142208,ภาษาไทย,th
142216,English,en
14223,English,en
14223,Deutsch,de
14223,Polski,pl
14223,Español,es
14224,Polski,pl
14226,日本語,ja
14226,普通话,zh
14228,English,en
14229,Italiano,it
142293,English,en
142308,English,en
142308,Français,fr
142308,svenska,sv
14232,English,en
142320,Italiano,it
14233,English,en
14234,ภาษาไทย,th
14234,English,en
14235,English,en
14235,Français,fr
14235,Deutsch,de
142358,Italiano,it
142358,English,en
14236,English,en
14237,English,en
14237,Français,fr
142373,Français,fr
142374,Français,fr
14239,English,en
14239,Português,pt
142391,English,en
14240,English,en
142408,Français,fr
14241,English,en
142412,हिन्दी,hi
14242,English,en
14243,English,en
14244,English,en
14245,English,en
14247,English,en
142478,English,en
14248,English,en
142487,Español,es
14249,English,en
14249,Español,es
142499,한국어/조선말,ko
142507,English,en
14251,English,en
14252,English,en
142528,Français,fr
142533,한국어/조선말,ko
14254,English,en
14256,English,en
14257,Français,fr
142573,English,en
14258,한국어/조선말,ko
142585,English,en
142611,Hrvatski,hr
142611,English,en
142611,Srpski,sr
142611,Slovenščina,sl
14262,English,en
14263,English,en
142635,English,en
142650,English,en
142656,日本語,ja
14267,English,en
14268,English,en
14269,English,en
1427,English,en
14271,English,en
142712,English,en
142712,Deutsch,de
14273,English,en
142746,Pусский,ru
14275,English,en
142757,Pусский,ru
142758,English,en
14277,English,en
142770,Pусский,ru
14278,English,en
142797,Pусский,ru
142798,ქართული,ka
1428,English,en
1428,Español,es
14280,English,en
14280,"",iu
142802,Pусский,ru
142808,Pусский,ru
14282,日本語,ja
14283,English,en
14283,Français,fr
14283,Deutsch,de
14283,Italiano,it
14283,普通话,zh
14283,Español,es
142830,Pусский,ru
14284,Magyar,hu
14285,English,en
14286,Deutsch,de
14286,العربية,ar
14286,English,en
14287,English,en
142876,English,en
142881,Pусский,ru
14289,English,en
1429,English,en
14290,English,en
14291,English,en
142914,English,en
142918,日本語,ja
14292,English,en
14293,English,en
142946,English,en
14295,English,en
142966,English,en
14297,English,en
142971,English,en
142979,Italiano,it
14298,English,en
142984,English,en
142989,English,en
14299,English,en
143,English,en
143,Français,fr
143,Deutsch,de
143,Latin,la
1430,English,en
143005,Pусский,ru
14301,English,en
143049,English,en
14305,English,en
14306,English,en
143068,Pусский,ru
143073,Pусский,ru
14308,English,en
143092,English,en
143098,suomi,fi
14310,普通话,zh
143117,Pусский,ru
14313,English,en
143142,English,en
143146,English,en
143169,English,en
14317,English,en
14317,Italiano,it
14320,English,en
14324,English,en
14324,Pусский,ru
143240,Polski,pl
143247,English,en
14325,English,en
14326,English,en
14326,Español,es
14328,English,en
14328,Español,es
143295,English,en
143299,English,en
1433,Español,es
14330,English,en
14330,Español,es
143322,English,en
143336,Español,es
143336,Français,fr
14334,English,en
14334,Gaeilge,ga
143344,Español,es
143355,Bosanski,bs
143355,Hrvatski,hr
14336,English,en
14337,English,en
143380,Pусский,ru
14342,English,en
143431,English,en
143451,Italiano,it
14346,English,en
14347,English,en
14347,Français,fr
14347,Español,es
14348,English,en
14349,English,en
1435,English,en
14351,English,en
143516,English,en
143525,suomi,fi
14353,English,en
143547,English,en
143563,English,en
143567,Français,fr
14357,svenska,sv
14358,English,en
14358,Español,es
14359,English,en
143602,English,en
14361,English,en
14362,English,en
14362,Italiano,it
14362,Español,es
143634,No Language,xx
14365,English,en
14367,English,en
14369,English,en
14370,English,en
14372,English,en
14373,English,en
143747,Italiano,it
143747,Deutsch,de
14375,Français,fr
14375,Italiano,it
14375,English,en
143750,English,en
143754,English,en
143754,Italiano,it
143754,Español,es
143777,English,en
143796,Français,fr
143800,Polski,pl
143801,No Language,xx
143838,English,en
143839,English,en
14384,English,en
14384,Français,fr
143841,English,en
14387,English,en
143876,Pусский,ru
143881,हिन्दी,hi
143883,Pусский,ru
143887,Pусский,ru
14389,English,en
14389,Polski,pl
1439,English,en
1439,ภาษาไทย,th
14390,English,en
14392,普通话,zh
143928,English,en
143936,Italiano,it
14394,हिन्दी,hi
143946,日本語,ja
14395,English,en
14395,हिन्दी,hi
143959,suomi,fi
14396,English,en
143966,English,en
14397,English,en
14398,English,en
143980,हिन्दी,hi
143983,Deutsch,de
144,English,en
144,Français,fr
144,Deutsch,de
1440,English,en
14400,Français,fr
14400,English,en
14400,Srpski,sr
14400,Português,pt
144008,English,en
14405,English,en
14406,Français,fr
14407,English,en
14407,Deutsch,de
14407,Polski,pl
14408,Français,fr
144089,English,en
144089,Română,ro
144092,English,en
144097,English,en
144097,Magyar,hu
1441,English,en
14410,English,en
14410,Italiano,it
14411,广州话 / 廣州話,cn
14411,English,en
14411,Italiano,it
144111,English,en
144114,English,en
144114,Español,es
14412,English,en
144121,English,en
144139,No Language,xx
14414,English,en
14415,Français,fr
14415,Deutsch,de
14415,Latin,la
144156,No Language,xx
14419,Français,fr
144204,English,en
144206,English,en
14421,Português,pt
14422,English,en
144229,English,en
14423,English,en
14424,English,en
14425,English,en
14427,English,en
144271,English,en
144271,Français,fr
144271,עִבְרִית,he
144288,日本語,ja
14429,English,en
1443,English,en
14430,Español,es
14432,English,en
144326,广州话 / 廣州話,cn
144326,English,en
14433,English,en
14433,isiZulu,zu
144331,Latviešu,lv
144336,English,en
14434,English,en
144340,English,en
144341,Italiano,it
144344,Italiano,it
14435,English,en
144351,English,en
14438,English,en
14439,English,en
14439,Deutsch,de
144393,No Language,xx
1444,English,en
14440,English,en
14440,Español,es
14441,English,en
144410,No Language,xx
14442,English,en
144421,No Language,xx
14443,English,en
14444,English,en
144444,No Language,xx
144454,No Language,xx
144465,English,en
14447,English,en
144471,English,en
144475,English,en
14448,Français,fr
144481,English,en
14449,普通话,zh
144498,English,en
14451,Norsk,no
14452,English,en
144541,Polski,pl
14455,日本語,ja
14456,English,en
14456,Italiano,it
144560,suomi,fi
14457,English,en
14457,Français,fr
14457,Español,es
14458,English,en
144580,English,en
14459,Français,fr
144595,Nederlands,nl
144595,English,en
14460,English,en
144610,广州话 / 廣州話,cn
144610,English,en
14462,English,en
14463,English,en
14464,English,en
144651,No Language,xx
14467,हिन्दी,hi
144676,English,en
144680,English,en
144686,No Language,xx
14469,English,en
144712,English,en
144724,suomi,fi
144726,Français,fr
144728,suomi,fi
14474,English,en
14475,English,en
14476,English,en
144784,English,en
144785,English,en
144789,Español,es
144792,English,en
1448,English,en
144804,Pусский,ru
14482,Pусский,ru
14484,English,en
144852,English,en
144886,No Language,xx
14489,Pусский,ru
144910,English,en
144942,English,en
144942,Magyar,hu
144953,English,en
144982,English,en
14499,English,en
145,English,en
1450,English,en
1450,日本語,ja
14503,English,en
14503,Deutsch,de
14505,English,en
14506,English,en
145066,English,en
145075,فارسی,fa
145081,English,en
14510,English,en
145132,English,en
145135,English,en
145147,Pусский,ru
145154,English,en
145162,English,en
14517,English,en
14518,English,en
145186,Français,fr
145191,Français,fr
145194,svenska,sv
145197,English,en
1452,English,en
1452,Français,fr
1452,Deutsch,de
145203,English,en
14521,हिन्दी,hi
14521,"",bo
14521,Français,fr
145217,日本語,ja
14522,English,en
145220,Deutsch,de
145220,English,en
145221,English,en
14524,English,en
145244,Italiano,it
145247,svenska,sv
145247,Deutsch,de
145247,English,en
145247,Español,es
145247,Français,fr
145247,Pусский,ru
14525,日本語,ja
145259,svenska,sv
14527,English,en
14530,English,en
14531,English,en
145312,English,en
145316,English,en
14533,English,en
14533,Español,es
145337,Français,fr
14534,English,en
14534,Español,es
14536,English,en
14536,Español,es
14537,日本語,ja
145373,Italiano,it
14538,普通话,zh
14539,普通话,zh
14540,English,en
14540,Deutsch,de
14541,English,en
14542,English,en
14543,English,en
14544,English,en
14544,Español,es
14546,हिन्दी,hi
14547,Español,es
14547,English,en
145481,Español,es
14549,English,en
14549,Français,fr
14549,Polski,pl
14550,English,en
145504,Español,es
145504,"",ay
14551,English,en
14552,English,en
14553,English,en
14554,English,en
14555,Français,fr
14556,Français,fr
14556,Español,es
14557,English,en
14558,Polski,pl
145593,English,en
145594,Español,es
14560,English,en
14561,English,en
14564,English,en
14565,English,en
14565,Português,pt
14566,English,en
14566,Deutsch,de
145668,English,en
145677,Italiano,it
14569,English,en
14569,Polski,pl
145691,English,en
14570,English,en
14571,日本語,ja
145711,English,en
14572,日本語,ja
14573,한국어/조선말,ko
14574,English,en
14575,English,en
14576,English,en
145760,Pусский,ru
145762,English,en
14577,English,en
14578,English,en
14579,English,en
14580,English,en
14582,English,en
14582,Deutsch,de
14583,Español,es
14583,English,en
14584,English,en
14584,Deutsch,de
145840,English,en
14585,English,en
14587,English,en
14587,हिन्दी,hi
145878,English,en
14588,English,en
14589,English,en
145899,suomi,fi
14590,English,en
145909,suomi,fi
14591,English,en
145912,suomi,fi
145925,Italiano,it
14594,English,en
14595,English,en
145963,English,en
14597,English,en
145995,English,en
146,普通话,zh
146015,English,en
14603,English,en
146030,Eesti,et
14604,English,en
146045,Eesti,et
146047,English,en
146047,Français,fr
14605,English,en
14606,English,en
14607,English,en
146075,Português,pt
146079,Italiano,it
14609,English,en
14609,Español,es
14611,English,en
14611,Español,es
14612,English,en
146121,English,en
14613,English,en
146132,Italiano,it
14614,English,en
14614,Polski,pl
14615,English,en
146184,Dansk,da
146184,"",fo
14619,English,en
14619,Polski,pl
146198,English,en
14620,English,en
146203,English,en
14621,English,en
14621,Português,pt
14621,Español,es
146216,English,en
146216,Français,fr
146216,Pусский,ru
146223,English,en
146227,English,en
146229,English,en
14623,English,en
146233,English,en
146238,English,en
146239,English,en
14624,Español,es
14624,English,en
146243,English,en
14626,Français,fr
14626,Italiano,it
14626,Pусский,ru
146269,English,en
146270,हिन्दी,hi
14628,English,en
14629,Português,pt
14629,English,en
14630,English,en
146301,English,en
146304,English,en
14631,English,en
146315,English,en
146322,English,en
14633,فارسی,fa
14634,English,en
146341,български език,bg
146341,English,en
14635,English,en
14636,English,en
146364,Italiano,it
14637,English,en
146371,한국어/조선말,ko
146375,Français,fr
14638,English,en
146380,English,en
146381,English,en
146404,English,en
146405,English,en
146414,Pусский,ru
146416,Pусский,ru
14642,English,en
146428,Pусский,ru
14643,English,en
14644,Français,fr
146449,English,en
14645,Français,fr
14646,Français,fr
146473,Deutsch,de
146490,English,en
14650,العربية,ar
14650,Français,fr
14651,Français,fr
14652,Italiano,it
14652,Français,fr
14652,Deutsch,de
14652,English,en
146521,Pусский,ru
14653,Français,fr
14654,Français,fr
14655,English,en
146563,English,en
146578,English,en
146596,Italiano,it
146599,English,en
14660,English,en
14662,English,en
146631,English,en
146631,Français,fr
14664,English,en
14666,English,en
14667,English,en
146679,English,en
14669,English,en
14670,English,en
14670,Français,fr
14670,Deutsch,de
14671,English,en
146712,English,en
14672,English,en
146724,한국어/조선말,ko
14673,English,en
146730,No Language,xx
14674,Italiano,it
14675,English,en
14676,English,en
14676,Français,fr
14677,English,en
146778,English,en
146783,Italiano,it
14681,English,en
14683,English,en
146837,English,en
14684,English,en
14685,English,en
14686,English,en
14687,English,en
14687,Español,es
14688,Français,fr
14689,English,en
146893,Nederlands,nl
146904,Português,pt
146905,Português,pt
146916,English,en
146919,English,en
146926,English,en
14694,Český,cs
14694,English,en
14694,Français,fr
14694,Italiano,it
146946,English,en
146949,한국어/조선말,ko
146949,English,en
14695,English,en
14695,Español,es
146955,English,en
146955,Español,es
14696,日本語,ja
146970,Italiano,it
14698,English,en
147,English,en
147,Français,fr
14703,English,en
14703,Español,es
14704,Español,es
14705,हिन्दी,hi
147050,English,en
14709,English,en
14710,English,en
147105,English,en
147106,English,en
14711,English,en
147129,English,en
147132,English,en
147164,Pусский,ru
147169,English,en
14720,Français,fr
14726,English,en
14726,Français,fr
147276,English,en
14728,English,en
147287,Deutsch,de
14729,English,en
14729,svenska,sv
14733,English,en
14735,广州话 / 廣州話,cn
14735,English,en
14735,Français,fr
14736,English,en
14736,Español,es
147360,Français,fr
147360,Deutsch,de
147367,English,en
147367,Polski,pl
147371,Pусский,ru
147397,No Language,xx
147405,हिन्दी,hi
14741,English,en
14742,English,en
147441,English,en
14745,English,en
14745,Pусский,ru
14746,English,en
14748,English,en
14749,English,en
14749,Italiano,it
14749,svenska,sv
14750,English,en
14751,हिन्दी,hi
14752,English,en
14752,हिन्दी,hi
14752,اردو,ur
14753,English,en
14753,日本語,ja
14753,Latin,la
147533,한국어/조선말,ko
147538,English,en
14755,English,en
14756,普通话,zh
14756,日本語,ja
14756,广州话 / 廣州話,cn
14757,English,en
14757,Français,fr
14757,Magyar,hu
14757,پښتو,ps
14758,English,en
14759,English,en
147590,广州话 / 廣州話,cn
14761,English,en
147621,No Language,xx
14765,Français,fr
14766,English,en
147683,Română,ro
147683,English,en
147692,Română,ro
147698,Română,ro
14770,English,en
14771,English,en
14771,Pусский,ru
14772,English,en
147722,English,en
147729,English,en
14774,English,en
14774,Deutsch,de
147746,No Language,xx
147747,Deutsch,de
147747,English,en
14776,English,en
14776,Deutsch,de
147764,English,en
147767,हिन्दी,hi
147773,English,en
147778,English,en
14778,English,en
147810,English,en
147815,தமிழ்,ta
147815,తెలుగు,te
14782,English,en
14782,Polski,pl
147829,English,en
14784,English,en
14784,Română,ro
14784,Latin,la
147841,Español,es
147843,English,en
147846,English,en
14785,"",as
14785,हिन्दी,hi
14786,English,en
147868,Italiano,it
14787,English,en
147876,English,en
14788,English,en
147882,English,en
147886,English,en
1479,English,en
147903,English,en
14791,Français,fr
14793,Íslenska,is
14793,English,en
147939,English,en
14794,English,en
14794,Latin,la
14797,日本語,ja
14797,普通话,zh
14797,Español,es
14799,English,en
148,English,en
148,Français,fr
148,Español,es
1480,English,en
1480,Español,es
14801,English,en
14801,Pусский,ru
148021,English,en
148031,English,en
148033,English,en
148034,Srpski,sr
148039,English,en
14804,English,en
14804,Français,fr
14804,Deutsch,de
148044,Deutsch,de
14805,English,en
14806,English,en
14807,Français,fr
14807,English,en
148077,suomi,fi
148077,English,en
14808,广州话 / 廣州話,cn
14808,普通话,zh
14809,English,en
1481,English,en
14811,English,en
14811,עִבְרִית,he
14811,Pусский,ru
14812,Norsk,no
14813,English,en
14814,English,en
14815,العربية,ar
14815,English,en
14817,English,en
148175,English,en
14818,Deutsch,de
14818,ภาษาไทย,th
148184,English,en
148184,Français,fr
148184,"",km
14819,English,en
1482,English,en
14820,English,en
14821,English,en
14822,English,en
14823,English,en
148243,Français,fr
148265,தமிழ்,ta
148265,తెలుగు,te
148284,English,en
148284,தமிழ்,ta
148284,हिन्दी,hi
14829,Español,es
14829,日本語,ja
1483,English,en
14830,English,en
14831,English,en
148318,English,en
148318,Français,fr
148318,"",bo
14832,English,en
148327,Français,fr
14833,English,en
148331,Pусский,ru
14834,English,en
14834,Français,fr
148347,Pусский,ru
148353,Català,ca
148353,Español,es
14836,English,en
14837,English,en
148371,日本語,ja
148380,广州话 / 廣州話,cn
14839,English,en
1484,Deutsch,de
148408,Italiano,it
148410,English,en
14842,English,en
14843,English,en
148430,Pусский,ru
148435,suomi,fi
14844,English,en
14844,Français,fr
14844,עִבְרִית,he
14844,Italiano,it
14844,Español,es
14844,Deutsch,de
14845,English,en
14846,English,en
14847,English,en
148478,suomi,fi
148479,suomi,fi
14848,English,en
148482,suomi,fi
14849,English,en
1485,English,en
14850,English,en
148503,English,en
14851,English,en
148511,No Language,xx
14853,English,en
148536,Pусский,ru
14854,English,en
14854,Español,es
148558,English,en
14857,Français,fr
14857,English,en
14857,Italiano,it
14859,English,en
148597,普通话,zh
148615,English,en
148617,English,en
14862,English,en
148622,Pусский,ru
14863,English,en
148636,English,en
14864,English,en
148652,English,en
14866,English,en
148675,English,en
148675,Español,es
14868,English,en
14868,Magyar,hu
14869,English,en
14869,Français,fr
14869,"",gd
1487,Pусский,ru
1487,English,en
14871,English,en
14872,English,en
14873,English,en
14874,English,en
14874,Deutsch,de
148753,广州话 / 廣州話,cn
148757,Italiano,it
148766,English,en
14877,English,en
148777,English,en
14878,English,en
148782,Pусский,ru
148784,English,en
1488,"",mn
14881,English,en
14881,Español,es
148811,English,en
14882,English,en
148820,Français,fr
14883,English,en
148833,English,en
14885,English,en
148853,Français,fr
148853,ქართული,ka
148857,Deutsch,de
14886,English,en
148864,Français,fr
14887,English,en
14891,English,en
14892,English,en
14893,Dansk,da
14897,Dansk,da
14898,Dansk,da
149,日本語,ja
14900,English,en
14902,English,en
149023,English,en
149023,Deutsch,de
149026,English,en
14903,English,en
14904,English,en
149043,Italiano,it
14905,Bosanski,bs
14905,Srpski,sr
14905,English,en
14906,English,en
14906,Português,pt
14907,English,en
14908,English,en
149085,普通话,zh
149087,Français,fr
149094,Deutsch,de
1491,English,en
149101,Nederlands,nl
14911,English,en
149114,English,en
149117,No Language,xx
14912,English,en
14912,Pусский,ru
14913,English,en
14914,English,en
149145,No Language,xx
149149,Español,es
149150,Pусский,ru
149150,Український,uk
149154,Pусский,ru
149155,"",am
149155,English,en
14916,English,en
149170,Pусский,ru
149180,Italiano,it
14919,Český,cs
14919,English,en
149190,Italiano,it
1492,English,en
14921,English,en
149213,English,en
149218,English,en
14922,English,en
14922,Español,es
14923,English,en
149232,English,en
149235,English,en
149235,Deutsch,de
14924,English,en
14926,English,en
14928,עִבְרִית,he
14929,English,en
1493,English,en
1493,Español,es
1493,Français,fr
1493,Pусский,ru
14930,English,en
14931,English,en
149320,English,en
149326,Nederlands,nl
14933,English,en
149336,English,en
149347,English,en
14938,English,en
1494,普通话,zh
14940,English,en
14940,Français,fr
14940,日本語,ja
14942,English,en
14943,日本語,ja
149445,English,en
149445,Deutsch,de
14945,日本語,ja
149455,Pусский,ru
149455,Український,uk
149459,Español,es
149465,Pусский,ru
149467,Pусский,ru
149468,Pусский,ru
149474,English,en
14949,Français,fr
1495,العربية,ar
1495,English,en
1495,Italiano,it
1495,Latin,la
149507,فارسی,fa
149509,English,en
149511,Polski,pl
149515,English,en
149586,English,en
1496,English,en
14962,English,en
14963,English,en
149657,Slovenščina,sl
14968,English,en
14968,한국어/조선말,ko
149687,English,en
149690,Italiano,it
149691,Italiano,it
149691,Español,es
1497,English,en
149722,English,en
149722,Pусский,ru
149723,日本語,ja
149725,English,en
149727,ქართული,ka
14976,English,en
149763,Deutsch,de
14977,English,en
14977,Polski,pl
14978,English,en
149786,English,en
14979,English,en
14979,Nederlands,nl
14979,Pусский,ru
149793,English,en
1498,Français,fr
1498,English,en
14980,English,en
14980,Magyar,hu
14981,English,en
14983,English,en
149832,Pусский,ru
149851,English,en
149854,suomi,fi
149856,English,en
149868,suomi,fi
149870,Français,fr
149870,Deutsch,de
149870,Italiano,it
149870,日本語,ja
149871,日本語,ja
149883,English,en
149893,Deutsch,de
149893,Norsk,no
149895,English,en
1499,English,en
149910,English,en
149910,Polski,pl
149910,svenska,sv
149946,Pусский,ru
149955,English,en
149957,English,en
149961,普通话,zh
15,English,en
150,English,en
150004,English,en
150010,Pусский,ru
150029,Italiano,it
15003,English,en
15003,日本語,ja
15003,ภาษาไทย,th
15004,English,en
15004,Français,fr
150041,Nederlands,nl
150043,English,en
150049,Français,fr
15005,English,en
150054,العربية,ar
150056,Deutsch,de
15006,English,en
150065,English,en
15007,English,en
15008,English,en
150084,English,en
150093,English,en
150108,हिन्दी,hi
150108,Pусский,ru
15011,English,en
150117,English,en
15012,English,en
15012,Español,es
15013,English,en
15014,Italiano,it
150140,English,en
15015,English,en
15016,English,en
150161,Português,pt
15017,Norsk,no
15017,English,en
15018,svenska,sv
15019,English,en
150191,Italiano,it
15020,Deutsch,de
150201,English,en
150202,English,en
150208,suomi,fi
15021,Español,es
150213,English,en
150213,日本語,ja
150213,svenska,sv
150218,Italiano,it
15022,Český,cs
15022,English,en
15022,Polski,pl
150223,ქართული,ka
150224,Italiano,it
150229,English,en
150229,Polski,pl
150229,Español,es
150230,English,en
15024,English,en
150247,English,en
150249,English,en
15026,English,en
150273,English,en
15028,Český,cs
15028,English,en
15029,English,en
15030,English,en
15031,English,en
150329,Deutsch,de
150338,English,en
15035,English,en
15036,English,en
15036,Français,fr
15036,Deutsch,de
15036,ελληνικά,el
15037,English,en
15039,English,en
150396,No Language,xx
15043,English,en
15044,English,en
15045,English,en
150473,Eesti,et
15048,עִבְרִית,he
15049,English,en
15049,Français,fr
15050,English,en
15052,English,en
150523,English,en
150523,Magyar,hu
15053,English,en
150540,English,en
15056,English,en
15058,English,en
15059,English,en
15060,English,en
150605,Italiano,it
150657,Français,fr
150658,Italiano,it
15066,English,en
15067,한국어/조선말,ko
150677,Italiano,it
15068,English,en
150689,English,en
15069,English,en
15070,English,en
15071,English,en
15073,English,en
15073,Español,es
150736,Français,fr
15074,English,en
150747,Français,fr
15075,English,en
15077,广州话 / 廣州話,cn
15077,普通话,zh
150778,English,en
15080,日本語,ja
15081,English,en
15081,Français,fr
150823,English,en
15083,עִבְרִית,he
15083,"",yi
150839,English,en
15084,Deutsch,de
15086,English,en
15086,Français,fr
15088,Español,es
15089,English,en
150897,Deutsch,de
15090,English,en
15092,English,en
150938,English,en
150958,Italiano,it
15096,English,en
15097,Français,fr
15098,English,en
15102,Afrikaans,af
15102,English,en
15102,"",xh
15104,English,en
15104,Español,es
15105,English,en
151062,English,en
151068,No Language,xx
151123,English,en
151138,English,en
151138,Français,fr
151168,English,en
15119,English,en
15120,Český,cs
15120,English,en
15120,Magyar,hu
15120,Español,es
15121,English,en
15121,Français,fr
15121,Italiano,it
15122,Português,pt
15122,English,en
151227,Français,fr
151232,Français,fr
15124,English,en
15125,Français,fr
151250,日本語,ja
15126,Français,fr
15128,English,en
151310,English,en
15135,English,en
15136,广州话 / 廣州話,cn
151368,Español,es
151368,English,en
15137,日本語,ja
151370,English,en
15138,English,en
15139,Dansk,da
15139,English,en
15139,Français,fr
15139,Deutsch,de
15139,Español,es
15142,English,en
151423,Italiano,it
15143,English,en
151431,English,en
15144,English,en
15148,English,en
151489,Cymraeg,cy
15149,Dansk,da
151506,English,en
151509,English,en
15152,Deutsch,de
15152,Français,fr
15152,العربية,ar
151535,English,en
15155,English,en
15156,English,en
15157,English,en
15158,English,en
15159,English,en
151590,English,en
15162,English,en
15163,English,en
15163,Français,fr
15163,Magyar,hu
15165,English,en
151652,қазақ,kk
151652,Pусский,ru
15166,English,en
15167,English,en
151679,English,en
151693,English,en
15170,English,en
15173,Český,cs
15173,English,en
151731,English,en
151743,普通话,zh
15177,Norsk,no
15179,svenska,sv
15182,English,en
151826,Français,fr
15184,English,en
15184,Italiano,it
151848,English,en
15185,English,en
15186,English,en
151870,English,en
151870,svenska,sv
15189,English,en
151911,English,en
15192,English,en
15192,Español,es
151923,English,en
151933,English,en
151937,English,en
15196,Français,fr
15196,English,en
151960,English,en
15198,English,en
15199,English,en
152,English,en
152023,English,en
152042,日本語,ja
152044,日本語,ja
15206,English,en
15208,English,en
15209,English,en
152100,Italiano,it
152113,Português,pt
152113,English,en
152113,Français,fr
15212,English,en
15213,Český,cs
15213,Dansk,da
15213,English,en
152155,Pусский,ru
15216,English,en
152206,English,en
152218,No Language,xx
152259,English,en
152266,English,en
15227,日本語,ja
152273,English,en
1523,English,en
1523,Français,fr
1523,Deutsch,de
1523,Kiswahili,sw
15237,English,en
15237,Français,fr
15237,Italiano,it
152388,English,en
15239,English,en
152393,English,en
15242,English,en
152426,English,en
152426,Magyar,hu
152426,Español,es
15244,Français,fr
15244,Deutsch,de
15247,shqip,sq
15247,English,en
15250,English,en
15251,English,en
152532,English,en
152532,日本語,ja
152539,Français,fr
15255,English,en
15256,English,en
15257,English,en
152570,English,en
15258,English,en
152584,Français,fr
152584,English,en
15259,English,en
152599,Latin,la
152599,English,en
152599,Polski,pl
15260,English,en
15260,Español,es
152601,English,en
152603,Türkçe,tr
152603,العربية,ar
152603,English,en
152603,Français,fr
15261,English,en
152611,Español,es
152618,English,en
15262,English,en
15262,Italiano,it
15262,Polski,pl
152625,"",ml
15263,English,en
152635,English,en
15264,English,en
15265,Français,fr
15267,English,en
15267,Español,es
15268,English,en
15271,English,en
15272,English,en
15272,普通话,zh
152736,English,en
152737,English,en
152742,English,en
152745,English,en
152747,English,en
152748,English,en
152756,English,en
15276,English,en
152760,English,en
152760,Deutsch,de
152760,Pусский,ru
152760,Français,fr
15278,English,en
152780,Français,fr
152787,Italiano,it
152790,English,en
152792,English,en
152795,English,en
15281,English,en
15282,English,en
15283,日本語,ja
152846,Italiano,it
15286,한국어/조선말,ko
152861,Bosanski,bs
152861,Slovenščina,sl
15289,English,en
152912,Polski,pl
15292,English,en
152948,Pусский,ru
152986,English,en
152989,Français,fr
152992,English,en
153,日本語,ja
153,English,en
15300,English,en
15301,English,en
15301,Français,fr
15301,Deutsch,de
15301,Tiếng Việt,vi
15302,English,en
153021,English,en
15303,Srpski,sr
153035,Italiano,it
153041,日本語,ja
153041,Français,fr
153073,English,en
153073,Deutsch,de
15310,English,en
153102,English,en
153118,No Language,xx
15313,English,en
153133,English,en
153133,Pусский,ru
15314,English,en
153141,English,en
153153,English,en
153158,Español,es
153158,English,en
15316,English,en
153161,English,en
153162,English,en
153163,English,en
153165,English,en
153169,English,en
153170,हिन्दी,hi
15318,日本語,ja
15319,日本語,ja
15320,English,en
15321,English,en
15321,Cymraeg,cy
153228,English,en
15323,English,en
15324,English,en
15325,English,en
153266,Polski,pl
153266,English,en
153272,English,en
15329,Français,fr
15331,Français,fr
15338,English,en
153397,English,en
1534,English,en
1534,Íslenska,is
1534,Pусский,ru
15342,Français,fr
153420,日本語,ja
153423,한국어/조선말,ko
153444,Français,fr
15346,English,en
15347,English,en
1535,广州话 / 廣州話,cn
1535,English,en
1535,Deutsch,de
1535,العربية,ar
1535,Français,fr
153518,English,en
153532,suomi,fi
153556,Português,pt
153556,English,en
15356,English,en
15357,Français,fr
15359,English,en
15360,English,en
15361,English,en
15362,Français,fr
15362,English,en
15363,English,en
15363,Español,es
153641,English,en
15365,English,en
153652,English,en
15366,English,en
153695,English,en
1537,English,en
15370,日本語,ja
15371,日本語,ja
153717,Deutsch,de
15373,English,en
153737,日本語,ja
153738,English,en
15374,English,en
15374,Magyar,hu
15374,Italiano,it
15375,English,en
153750,日本語,ja
15377,Français,fr
153774,English,en
153774,Italiano,it
153774,Español,es
153779,فارسی,fa
153779,Türkçe,tr
15378,English,en
153781,Polski,pl
153781,Español,es
15379,English,en
15379,Tiếng Việt,vi
153795,English,en
1538,Español,es
1538,English,en
15382,Français,fr
153820,Français,fr
15383,English,en
15383,Français,fr
15383,Deutsch,de
15384,普通话,zh
15384,ภาษาไทย,th
153854,English,en
15387,Český,cs
15387,Pусский,ru
15389,English,en
1539,Deutsch,de
15390,English,en
15390,Français,fr
15391,العربية,ar
15391,English,en
15392,English,en
15393,English,en
15394,English,en
15395,English,en
15397,English,en
153997,English,en
154,English,en
1540,Français,fr
1540,English,en
1540,"",ht
15400,English,en
15401,English,en
154019,Português,pt
15402,English,en
154028,English,en
154030,English,en
154030,Français,fr
154030,Deutsch,de
154030,Italiano,it
154030,日本語,ja
154030,한국어/조선말,ko
154073,English,en
154093,English,en
1541,English,en
154105,English,en
15411,हिन्दी,hi
154115,广州话 / 廣州話,cn
15412,हिन्दी,hi
15413,English,en
15414,English,en
154140,English,en
15417,English,en
154188,Português,pt
15419,English,en
15419,हिन्दी,hi
1542,English,en
15420,English,en
154207,English,en
15421,English,en
15421,Latin,la
15421,Cymraeg,cy
15422,English,en
154226,English,en
15423,English,en
15423,Polski,pl
15425,English,en
15426,English,en
154276,English,en
154282,English,en
1543,Deutsch,de
154326,한국어/조선말,ko
15434,English,en
15436,Français,fr
15436,Deutsch,de
154371,English,en
15438,Français,fr
154399,Polski,pl
1544,English,en
15440,Norsk,no
154400,English,en
154413,فارسی,fa
15443,English,en
154441,Português,pt
154442,日本語,ja
15449,Français,fr
15450,English,en
154501,日本語,ja
15451,Deutsch,de
15451,Pусский,ru
154515,English,en
154537,English,en
15457,Français,fr
154575,Polski,pl
154582,Deutsch,de
1546,English,en
15460,Français,fr
15462,Español,es
15462,English,en
154623,Český,cs
15464,हिन्दी,hi
154653,Український,uk
154663,English,en
15467,हिन्दी,hi
154671,svenska,sv
15468,Český,cs
15468,Français,fr
15469,English,en
15469,Français,fr
15469,Italiano,it
1547,English,en
154718,Deutsch,de
15472,svenska,sv
15472,English,en
154727,日本語,ja
154738,日本語,ja
15476,English,en
15476,Deutsch,de
15477,English,en
15478,English,en
154786,English,en
154786,Français,fr
154793,English,en
1548,English,en
15482,English,en
15483,English,en
15483,Italiano,it
15484,English,en
15486,English,en
15486,日本語,ja
15487,English,en
154879,हिन्दी,hi
15489,English,en
1549,Français,fr
154922,Pусский,ru
15493,suomi,fi
15494,English,en
15495,English,en
15497,English,en
154972,Deutsch,de
154972,Nederlands,nl
154980,Français,fr
155,English,en
155,普通话,zh
1550,普通话,zh
1550,English,en
15501,English,en
155011,Italiano,it
155017,日本語,ja
15503,English,en
155052,Pусский,ru
155055,English,en
155055,Deutsch,de
15506,English,en
155084,English,en
155096,한국어/조선말,ko
1551,English,en
1551,Français,fr
1551,Español,es
155107,No Language,xx
15512,English,en
155128,Italiano,it
15513,English,en
155130,English,en
15514,Nederlands,nl
15514,English,en
15514,Français,fr
15515,English,en
15516,English,en
155169,English,en
1552,English,en
155208,English,en
155217,日本語,ja
15525,Nederlands,nl
15527,English,en
15527,Magyar,hu
155288,English,en
155288,Deutsch,de
1553,Français,fr
15531,English,en
15531,Español,es
155325,Dansk,da
155325,English,en
155325,Polski,pl
15534,English,en
155341,English,en
155386,Español,es
155399,suomi,fi
155399,Pусский,ru
1554,English,en
1554,Italiano,it
15542,English,en
15542,Pусский,ru
155426,Polski,pl
15543,English,en
15544,English,en
15544,Deutsch,de
15544,Magyar,hu
155445,Deutsch,de
15548,English,en
1555,Italiano,it
1555,Français,fr
1555,Español,es
1555,English,en
1555,Català,ca
1555,Dansk,da
1555,Deutsch,de
15552,English,en
15554,Français,fr
15555,English,en
155556,English,en
15556,English,en
15558,English,en
15559,English,en
155596,English,en
155596,日本語,ja
155597,Italiano,it
1556,日本語,ja
15560,English,en
155605,日本語,ja
15564,English,en
15566,English,en
155661,日本語,ja
15567,English,en
15568,English,en
155685,English,en
1557,Pусский,ru
1557,Deutsch,de
1557,English,en
15570,Deutsch,de
15570,English,en
15570,Français,fr
15570,日本語,ja
15570,Español,es
155714,Dansk,da
155724,English,en
15573,English,en
155751,English,en
15576,Français,fr
155765,日本語,ja
15577,English,en
155796,English,en
155797,English,en
15580,English,en
15581,English,en
15582,English,en
15584,English,en
15587,Français,fr
15588,Português,pt
15588,Français,fr
15588,English,en
15588,עִבְרִית,he
155887,Français,fr
155887,Pусский,ru
155890,Français,fr
1559,English,en
15590,English,en
15592,English,en
155939,Polski,pl
155941,한국어/조선말,ko
155956,Italiano,it
15596,English,en
15596,Português,pt
15598,English,en
156,English,en
1560,English,en
1560,ελληνικά,el
15600,English,en
15600,Español,es
156007,普通话,zh
15601,English,en
15601,Dansk,da
156015,Français,fr
15602,English,en
156022,English,en
15603,English,en
156045,广州话 / 廣州話,cn
156068,English,en
156084,English,en
1561,Français,fr
15613,English,en
156135,Italiano,it
156140,Italiano,it
156141,Pусский,ru
156145,Italiano,it
15616,English,en
15618,English,en
156180,Português,pt
1562,English,en
156201,广州话 / 廣州話,cn
156220,English,en
156225,Français,fr
156235,English,en
156236,Français,fr
156236,Italiano,it
15624,English,en
156268,English,en
156268,Deutsch,de
156277,English,en
156284,English,en
156284,हिन्दी,hi
156284,"",xh
1563,Français,fr
156306,English,en
156310,English,en
156317,English,en
156320,English,en
156326,Français,fr
156329,English,en
156335,English,en
156339,English,en
156356,English,en
156360,English,en
15638,"",hy
15638,Français,fr
15638,Deutsch,de
156388,English,en
156389,English,en
15639,English,en
15640,Deutsch,de
15641,English,en
156415,English,en
15642,Deutsch,de
15644,English,en
15644,Español,es
15647,English,en
15648,English,en
15648,Deutsch,de
15651,English,en
156529,No Language,xx
15653,English,en
15654,English,en
15655,English,en
156566,English,en
15657,English,en
15658,English,en
15659,English,en
156597,English,en
1566,English,en
1566,Deutsch,de
15660,English,en
156603,English,en
15661,English,en
15661,Pусский,ru
15662,English,en
156627,Italiano,it
156627,Deutsch,de
156627,Français,fr
156627,Polski,pl
156627,Pусский,ru
15664,English,en
15664,Italiano,it
15664,Polski,pl
156643,普通话,zh
15665,English,en
15667,English,en
15668,English,en
1567,Français,fr
15670,English,en
156700,English,en
156708,English,en
15671,English,en
156711,English,en
156713,English,en
156717,English,en
15673,English,en
15674,English,en
15675,English,en
15676,English,en
15677,English,en
1568,Français,fr
1568,Deutsch,de
15681,Italiano,it
15689,English,en
15689,Polski,pl
15691,English,en
156937,English,en
156954,Deutsch,de
15696,English,en
156965,English,en
156967,English,en
15697,English,en
15698,English,en
156981,English,en
156988,Italiano,it
156995,Italiano,it
157,English,en
157,Pусский,ru
157005,English,en
15701,English,en
15701,Français,fr
157016,English,en
15702,Français,fr
15705,English,en
157050,English,en
157058,English,en
15706,English,en
15706,Español,es
157075,English,en
15708,English,en
15709,Français,fr
157099,English,en
1571,English,en
1571,Italiano,it
1571,Français,fr
15711,English,en
157115,English,en
157117,English,en
15712,English,en
15712,Français,fr
15712,"",ku
15712,Türkçe,tr
157123,Italiano,it
15713,Français,fr
15714,English,en
157153,Español,es
15716,English,en
157161,English,en
15717,English,en
157174,Italiano,it
157178,Polski,pl
15718,English,en
15719,English,en
1572,English,en
1572,Deutsch,de
1572,Română,ro
15720,English,en
15723,English,en
157239,日本語,ja
157239,广州话 / 廣州話,cn
157239,English,en
157239,ภาษาไทย,th
15724,普通话,zh
15725,English,en
15728,English,en
157283,English,en
157289,English,en
157293,हिन्दी,hi
1573,English,en
1573,Español,es
15730,English,en
157305,English,en
157320,Polski,pl
157336,English,en
15734,Magyar,hu
15734,English,en
15734,Français,fr
157343,English,en
157350,English,en
157351,English,en
157353,English,en
157354,English,en
15736,Deutsch,de
157360,English,en
157370,English,en
157373,English,en
157375,English,en
157380,English,en
157384,English,en
157386,English,en
15739,English,en
1574,Magyar,hu
1574,English,en
15740,English,en
157409,English,en
157409,Deutsch,de
15741,English,en
157414,English,en
15742,English,en
15742,Magyar,hu
15742,Pусский,ru
157420,English,en
157420,Deutsch,de
157422,English,en
157424,English,en
157447,English,en
157449,English,en
157449,Français,fr
15745,English,en
15749,English,en
15749,Polski,pl
15749,Pусский,ru
157515,Deutsch,de
157544,English,en
157544,Deutsch,de
157547,English,en
15759,Magyar,hu
15759,English,en
1576,English,en
15761,हिन्दी,hi
15762,English,en
15764,Český,cs
15764,English,en
15764,Français,fr
15764,Deutsch,de
15764,Polski,pl
15764,Pусский,ru
157641,Deutsch,de
15765,English,en
157655,English,en
15766,日本語,ja
15767,日本語,ja
15767,English,en
15767,广州话 / 廣州話,cn
157674,English,en
157676,Deutsch,de
15768,English,en
157683,Italiano,it
157690,Français,fr
1577,English,en
15770,English,en
15770,普通话,zh
15771,English,en
15772,हिन्दी,hi
157723,English,en
157724,Italiano,it
15774,English,en
15774,हिन्दी,hi
15774,Italiano,it
15774,தமிழ்,ta
15775,English,en
15776,Dansk,da
157779,Deutsch,de
157787,Français,fr
1578,English,en
157800,हिन्दी,hi
157820,Français,fr
157820,English,en
157823,English,en
157825,English,en
157827,English,en
157827,Français,fr
157829,English,en
157832,English,en
157834,English,en
157837,English,en
157841,English,en
157843,English,en
157845,普通话,zh
157845,English,en
157847,English,en
157849,English,en
15785,English,en
157851,English,en
157862,English,en
157862,Español,es
15787,English,en
15788,English,en
15789,English,en
157898,English,en
1579,English,en
157903,No Language,xx
157909,English,en
15791,普通话,zh
157919,English,en
157924,English,en
15794,English,en
157964,Magyar,hu
15797,English,en
158,Deutsch,de
1580,English,en
15800,English,en
158009,euskera,eu
15801,English,en
158011,English,en
158015,English,en
15802,日本語,ja
15803,English,en
15804,普通话,zh
15805,English,en
15805,Português,pt
158068,日本語,ja
15807,日本語,ja
15807,English,en
158079,Italiano,it
15809,English,en
15809,Deutsch,de
158091,"",tl
1581,English,en
15810,English,en
158113,English,en
158114,English,en
15813,Český,cs
15813,English,en
15813,Deutsch,de
15813,Slovenčina,sk
158150,English,en
158182,Italiano,it
158182,Português,pt
158217,日本語,ja
15822,Dansk,da
158231,English,en
15824,Dansk,da
15826,Dansk,da
158262,English,en
158273,English,en
158273,Afrikaans,af
158273,isiZulu,zu
1583,Deutsch,de
15830,Dansk,da
15830,Deutsch,de
15830,Magyar,hu
15834,Dansk,da
15837,Dansk,da
15837,svenska,sv
15838,Dansk,da
15838,English,en
1584,English,en
15840,Dansk,da
15840,svenska,sv
15842,Dansk,da
15842,svenska,sv
15842,English,en
158426,Français,fr
158426,English,en
158426,العربية,ar
158431,English,en
158439,English,en
158443,English,en
158445,한국어/조선말,ko
158455,فارسی,fa
15846,English,en
158483,日本語,ja
15849,العربية,ar
15849,English,en
15849,Français,fr
1585,English,en
15850,English,en
158503,"",mr
158519,हिन्दी,hi
15854,English,en
15855,English,en
15856,English,en
158589,עִבְרִית,he
15859,한국어/조선말,ko
1586,English,en
15860,广州话 / 廣州話,cn
15864,हिन्दी,hi
15865,Español,es
15866,English,en
15867,English,en
158675,English,en
1587,English,en
158711,English,en
15873,Deutsch,de
15873,English,en
158739,English,en
158743,English,en
15875,English,en
15875,Français,fr
158750,Français,fr
158750,English,en
158752,English,en
15876,English,en
15877,日本語,ja
1588,English,en
158800,English,en
158811,English,en
158811,Italiano,it
158811,Pусский,ru
158811,Français,fr
158828,English,en
158828,עִבְרִית,he
158848,English,en
158852,English,en
158864,English,en
158870,English,en
15888,ελληνικά,el
15888,English,en
158884,English,en
158895,English,en
1589,English,en
158900,svenska,sv
158903,English,en
158907,English,en
158908,English,en
158914,English,en
158916,English,en
158921,Português,pt
158928,English,en
158936,English,en
158939,English,en
158942,Magyar,hu
158947,Český,cs
158947,Slovenčina,sk
15895,English,en
158951,Español,es
158959,Deutsch,de
158967,English,en
158968,No Language,xx
15898,English,en
158990,English,en
158994,English,en
158997,English,en
158999,English,en
158999,Español,es
159,Deutsch,de
1590,Deutsch,de
15900,English,en
15900,Deutsch,de
159000,English,en
159002,English,en
159002,日本語,ja
159004,English,en
159004,پښتو,ps
159004,Somali,so
159004,العربية,ar
159005,English,en
159006,English,en
159006,Kiswahili,sw
159008,English,en
159009,English,en
15901,English,en
15901,Deutsch,de
159011,العربية,ar
159011,English,en
159012,English,en
159012,Español,es
159014,English,en
159015,English,en
15902,English,en
159024,English,en
159032,English,en
159032,Deutsch,de
159032,Pусский,ru
159037,العربية,ar
159039,English,en
159039,Deutsch,de
15904,English,en
15906,English,en
15907,English,en
15909,English,en
159090,हिन्दी,hi
159092,English,en
159095,English,en
1591,English,en
1591,Deutsch,de
1591,Kiswahili,sw
159100,English,en
159109,English,en
159117,English,en
15912,English,en
159121,Français,fr
159128,English,en
159137,English,en
159138,English,en
159140,English,en
159142,English,en
15915,Français,fr
159151,English,en
159152,English,en
159153,English,en
159154,English,en
15916,日本語,ja
159160,English,en
159166,English,en
159167,English,en
15917,हिन्दी,hi
159185,普通话,zh
15919,English,en
1592,English,en
1592,Español,es
15920,Český,cs
159201,English,en
159203,suomi,fi
159207,Pусский,ru
159211,English,en
159215,English,en
159230,한국어/조선말,ko
159245,Pусский,ru
15925,English,en
15925,Français,fr
15925,Italiano,it
15926,English,en
15927,English,en
15927,हिन्दी,hi
159281,Italiano,it
1593,English,en
1593,Italiano,it
1593,עִבְרִית,he
15930,Dansk,da
15930,Türkçe,tr
159304,English,en
15932,Dansk,da
159324,English,en
15934,English,en
15934,Español,es
159344,English,en
159344,Français,fr
159344,Deutsch,de
15935,English,en
15936,English,en
159365,हिन्दी,hi
15938,English,en
15938,Pусский,ru
159389,English,en
1594,English,en
1594,Français,fr
15940,English,en
159403,日本語,ja
159412,日本語,ja
159414,日本語,ja
15942,Français,fr
15943,English,en
15943,Deutsch,de
159432,Dansk,da
159434,हिन्दी,hi
159436,English,en
159436,हिन्दी,hi
15944,English,en
159447,Pусский,ru
15945,English,en
159464,English,en
159469,English,en
15947,English,en
15947,Português,pt
15947,Español,es
159474,Italiano,it
159479,Pусский,ru
159480,svenska,sv
1595,English,en
159514,Deutsch,de
159514,Nederlands,nl
15952,Dansk,da
15953,Español,es
159538,English,en
15956,Dansk,da
15957,Dansk,da
15959,Dansk,da
1596,English,en
1596,Pусский,ru
15961,Deutsch,de
159615,English,en
15962,Dansk,da
159622,English,en
159638,English,en
159652,English,en
159657,हिन्दी,hi
159667,English,en
15969,English,en
1597,English,en
159701,English,en
159704,Italiano,it
159727,English,en
15973,Norsk,no
15973,اردو,ur
15974,हिन्दी,hi
15975,English,en
15975,हिन्दी,hi
159763,English,en
159763,Français,fr
15977,English,en
15977,हिन्दी,hi
159770,English,en
15978,हिन्दी,hi
15979,हिन्दी,hi
1598,English,en
15981,日本語,ja
15982,English,en
159824,English,en
159824,ภาษาไทย,th
15983,English,en
159849,English,en
159862,普通话,zh
159897,No Language,xx
159898,No Language,xx
1599,English,en
159900,No Language,xx
159907,No Language,xx
15991,English,en
159910,No Language,xx
15992,Italiano,it
15992,English,en
15993,English,en
159932,English,en
159937,English,en
159937,Polski,pl
15994,Nederlands,nl
159942,Bosanski,bs
159967,Český,cs
159967,Français,fr
15997,English,en
159988,English,en
15999,日本語,ja
16,English,en
160,No Language,xx
1600,Français,fr
1600,Italiano,it
1600,Polski,pl
160008,English,en
160019,English,en
16003,svenska,sv
16004,English,en
160046,Pусский,ru
16005,English,en
160068,English,en
160068,Español,es
16007,English,en
16007,日本語,ja
16007,Pусский,ru
160070,English,en
160075,한국어/조선말,ko
16008,Dansk,da
160085,Deutsch,de
16010,Dansk,da
160106,Český,cs
160118,Română,ro
160124,Pусский,ru
160128,English,en
16013,Dansk,da
160139,English,en
16014,Dansk,da
16015,Dansk,da
160155,English,en
16016,Dansk,da
160160,Français,fr
160160,Italiano,it
160162,English,en
160165,Polski,pl
16017,Český,cs
16017,Dansk,da
16017,English,en
160171,فارسی,fa
16018,English,en
16019,עִבְרִית,he
160194,English,en
16022,English,en
160220,Deutsch,de
160220,Français,fr
160220,English,en
16023,English,en
160234,English,en
160234,Deutsch,de
160254,English,en
16026,svenska,sv
160261,Deutsch,de
160261,हिन्दी,hi
160265,हिन्दी,hi
160266,ภาษาไทย,th
16028,English,en
16029,Dansk,da
16031,Dansk,da
16032,Dansk,da
160324,English,en
16039,Dansk,da
160399,日本語,ja
16042,English,en
16047,العربية,ar
16047,Dansk,da
16048,English,en
16049,Dansk,da
16052,Español,es
16052,English,en
16056,English,en
160564,Français,fr
16058,English,en
160588,English,en
16059,Dansk,da
16061,日本語,ja
16066,English,en
160660,English,en
160660,Deutsch,de
16068,English,en
1607,English,en
1607,Italiano,it
16070,English,en
160704,Deutsch,de
160704,English,en
160704,한국어/조선말,ko
16071,English,en
160718,English,en
16072,English,en
16074,"",bo
16074,普通话,zh
16075,English,en
160758,English,en
16076,English,en
16076,Eesti,et
16076,svenska,sv
160768,English,en
16077,English,en
160783,English,en
160788,Français,fr
160788,Deutsch,de
160788,Español,es
16079,svenska,sv
160793,English,en
160799,English,en
1608,English,en
16080,English,en
16080,Polski,pl
16081,English,en
16081,Pусский,ru
16082,English,en
16082,Pусский,ru
160821,Français,fr
16083,English,en
160833,Pусский,ru
16084,English,en
160844,Italiano,it
16085,English,en
160859,English,en
160859,Português,pt
160874,English,en
16089,English,en
160897,English,en
160897,Español,es
1609,English,en
16090,English,en
160907,English,en
16091,English,en
16091,Deutsch,de
16092,Español,es
16093,English,en
16094,English,en
16095,Dansk,da
16095,Norsk,no
16096,English,en
160960,English,en
16097,English,en
160989,Français,fr
161,Italiano,it
161,English,en
1610,English,en
161024,Español,es
16103,English,en
16103,Deutsch,de
161056,suomi,fi
161070,English,en
161073,Français,fr
161076,English,en
161080,English,en
161088,English,en
1611,Deutsch,de
16110,English,en
16110,Deutsch,de
16112,English,en
16113,العربية,ar
16113,English,en
16113,ελληνικά,el
16113,עִבְרִית,he
161143,English,en
161158,English,en
16116,Polski,pl
16116,English,en
16117,English,en
161179,हिन्दी,hi
161187,English,en
16119,English,en
16121,English,en
16121,Français,fr
16121,Deutsch,de
16121,Italiano,it
16122,English,en
161226,English,en
161226,हिन्दी,hi
16123,English,en
16124,English,en
161243,Deutsch,de
161244,Português,pt
161246,Deutsch,de
161246,Español,es
16126,English,en
161267,日本語,ja
16127,English,en
16127,Deutsch,de
161273,suomi,fi
16129,English,en
161297,English,en
1613,English,en
16130,English,en
16130,Français,fr
161303,English,en
16131,English,en
161315,English,en
16132,Nederlands,nl
16132,English,en
16132,Français,fr
16132,Deutsch,de
16132,Magyar,hu
161321,English,en
16133,English,en
16133,日本語,ja
161337,English,en
16135,English,en
16135,Français,fr
161359,No Language,xx
16136,English,en
161361,English,en
16137,Français,fr
161374,Deutsch,de
161374,Français,fr
161374,English,en
16138,English,en
16138,한국어/조선말,ko
16138,Polski,pl
16139,English,en
16140,日本語,ja
16140,Polski,pl
161426,English,en
16143,Français,fr
161456,suomi,fi
16146,English,en
161460,English,en
161463,English,en
16147,Français,fr
16148,English,en
16149,English,en
161491,Dansk,da
161495,English,en
1615,Deutsch,de
16150,English,en
16151,English,en
161512,English,en
161512,Pусский,ru
161529,Norsk,no
161529,English,en
161529,suomi,fi
161529,Türkçe,tr
16153,English,en
16154,English,en
161545,Italiano,it
16155,English,en
16156,English,en
161565,English,en
16157,日本語,ja
16158,English,en
16159,English,en
1616,Deutsch,de
161602,English,en
16161,English,en
16162,English,en
16164,English,en
16166,suomi,fi
16166,Pусский,ru
16167,English,en
161683,English,en
16170,Íslenska,is
16171,English,en
16172,Français,fr
16172,English,en
16174,English,en
16175,English,en
16176,Italiano,it
16177,Nederlands,nl
161782,English,en
16179,English,en
161795,English,en
161796,English,en
1618,English,en
1618,Magyar,hu
16180,English,en
161808,Türkçe,tr
161816,हिन्दी,hi
16182,English,en
161825,English,en
161827,Dansk,da
161833,English,en
161836,English,en
16184,日本語,ja
16186,English,en
161880,English,en
161885,English,en
1619,English,en
1619,Français,fr
16190,Slovenščina,sl
16190,English,en
161908,Português,pt
16191,English,en
16194,English,en
161969,English,en
16197,English,en
16198,日本語,ja
162,English,en
1620,English,en
1620,Pусский,ru
1620,Srpski,sr
162006,日本語,ja
16201,English,en
16201,svenska,sv
16203,English,en
16204,English,en
162042,English,en
16205,English,en
162056,Italiano,it
162059,English,en
16209,English,en
1621,English,en
1621,Português,pt
16211,English,en
162117,English,en
162139,English,en
16214,English,en
162145,English,en
16217,English,en
16219,English,en
1622,Français,fr
16220,English,en
16221,日本語,ja
162215,English,en
16222,English,en
162234,Deutsch,de
162234,Türkçe,tr
16224,日本語,ja
16225,English,en
16225,Español,es
16226,English,en
16227,English,en
16227,Español,es
162282,Italiano,it
162284,English,en
16229,English,en
16229,Deutsch,de
1623,English,en
16231,English,en
16231,日本語,ja
16232,English,en
162320,Français,fr
16233,English,en
16234,English,en
16235,English,en
16236,English,en
16237,English,en
16237,Português,pt
162372,Español,es
162374,Français,fr
162382,Italiano,it
162383,Français,fr
16239,English,en
162396,English,en
1624,English,en
16240,English,en
162406,日本語,ja
16241,English,en
16242,Français,fr
16242,עִבְרִית,he
16242,English,en
162437,日本語,ja
162453,қазақ,kk
162458,Français,fr
16246,English,en
16247,English,en
16248,English,en
16249,English,en
162494,English,en
16250,English,en
162505,Español,es
162510,Español,es
162532,Français,fr
16257,日本語,ja
16258,English,en
162592,English,en
1626,Français,fr
16261,English,en
16263,English,en
162643,Français,fr
162643,English,en
162643,Pусский,ru
16266,English,en
16268,English,en
162686,Français,fr
16269,English,en
16269,广州话 / 廣州話,cn
1627,Français,fr
16270,English,en
16270,Português,pt
16271,English,en
16274,English,en
162755,Français,fr
16276,Français,fr
16276,Pусский,ru
16277,Français,fr
16279,English,en
1628,English,en
1628,Français,fr
1628,Deutsch,de
16281,English,en
16281,Italiano,it
162818,svenska,sv
162821,English,en
162821,Français,fr
16283,English,en
16283,हिन्दी,hi
16284,English,en
16284,Deutsch,de
162850,English,en
162862,English,en
162864,English,en
162865,English,en
162874,English,en
162877,Nederlands,nl
162877,English,en
16288,English,en
1629,Français,fr
16290,Română,ro
16290,English,en
162903,English,en
162928,English,en
162934,English,en
16295,English,en
16296,English,en
16296,Français,fr
16297,English,en
162987,Français,fr
16299,English,en
163,Français,fr
163,Italiano,it
163,Nederlands,nl
163,普通话,zh
163,English,en
1630,English,en
16300,English,en
16301,English,en
163018,ελληνικά,el
16303,English,en
16304,English,en
16304,Pусский,ru
16304,Español,es
163042,Pусский,ru
163042,Український,uk
16305,English,en
163053,No Language,xx
16306,Français,fr
163068,English,en
16307,English,en
16308,日本語,ja
16309,English,en
1631,Français,fr
16311,English,en
163111,No Language,xx
16313,ภาษาไทย,th
16314,English,en
16314,Deutsch,de
16314,Italiano,it
16315,English,en
16318,한국어/조선말,ko
1632,English,en
16320,English,en
16320,普通话,zh
163202,日本語,ja
163202,普通话,zh
16322,English,en
16323,English,en
16324,Deutsch,de
16324,Norsk,no
16325,English,en
16325,Pусский,ru
16328,English,en
16328,Deutsch,de
16328,Español,es
1633,English,en
16331,English,en
163312,Polski,pl
163333,Français,fr
163333,English,en
16335,English,en
163366,English,en
16337,English,en
163376,English,en
163392,English,en
1634,English,en
16340,English,en
163406,English,en
16342,English,en
163428,Pусский,ru
163431,svenska,sv
16344,हिन्दी,hi
163447,English,en
16345,हिन्दी,hi
16346,English,en
16347,Italiano,it
1635,English,en
16350,English,en
16350,ภาษาไทย,th
16351,"",hy
16351,English,en
16351,Français,fr
16351,Deutsch,de
16351,Türkçe,tr
163523,English,en
16353,Český,cs
16353,普通话,zh
16353,Pусский,ru
16353,ภาษาไทย,th
163549,English,en
16355,English,en
16355,日本語,ja
16356,English,en
16358,English,en
163583,English,en
16359,Nederlands,nl
163590,svenska,sv
1636,English,en
1636,Pусский,ru
1636,Español,es
16363,English,en
163631,English,en
16365,English,en
163659,Español,es
16366,English,en
16367,English,en
163676,Español,es
1637,English,en
16370,English,en
163706,Italiano,it
16371,Deutsch,de
16371,한국어/조선말,ko
163710,English,en
16372,English,en
16373,English,en
16374,English,en
16374,Kinyarwanda,rw
16375,English,en
16375,Français,fr
16375,Italiano,it
16375,日本語,ja
16378,English,en
16379,English,en
163791,ελληνικά,el
163795,English,en
163795,ελληνικά,el
16380,English,en
16380,Français,fr
16380,Português,pt
16380,Español,es
163814,English,en
16382,Español,es
16383,हिन्दी,hi
163837,Deutsch,de
163839,English,en
16384,English,en
16384,Magyar,hu
163845,English,en
16385,English,en
163869,English,en
16387,English,en
163870,日本語,ja
163875,English,en
16388,English,en
163890,Pусский,ru
1639,English,en
1639,Português,pt
16390,Dansk,da
16390,English,en
163907,English,en
16391,English,en
16391,हिन्दी,hi
16392,English,en
163924,Español,es
163937,English,en
163942,Magyar,hu
16395,Italiano,it
16395,English,en
16398,English,en
16399,English,en
164,English,en
164,Português,pt
1640,English,en
1640,فارسی,fa
1640,Español,es
1640,普通话,zh
1640,한국어/조선말,ko
164013,Pусский,ru
16403,Srpski,sr
164041,Pусский,ru
164045,English,en
16405,Deutsch,de
16405,Türkçe,tr
16405,"",mk
16405,English,en
16406,English,en
16406,Français,fr
16407,广州话 / 廣州話,cn
16407,English,en
164073,English,en
16409,English,en
16409,Français,fr
1641,English,en
16410,English,en
16411,English,en
16411,广州话 / 廣州話,cn
16412,English,en
164120,Português,pt
164123,English,en
164134,English,en
164144,English,en
16417,Afrikaans,af
16417,English,en
16418,English,en
164184,English,en
1642,English,en
1642,Español,es
16420,English,en
16422,English,en
16423,Français,fr
16425,English,en
164251,English,en
16427,English,en
16427,Deutsch,de
16428,English,en
164286,English,en
164286,Español,es
16429,English,en
1643,English,en
1643,Français,fr
16430,English,en
16432,English,en
164328,Deutsch,de
16433,English,en
164331,English,en
16435,English,en
164353,English,en
16436,Deutsch,de
16436,Français,fr
16436,Italiano,it
164366,Nederlands,nl
16437,English,en
164372,Pусский,ru
164377,English,en
16439,Český,cs
1644,English,en
16440,English,en
16441,English,en
164419,suomi,fi
16442,English,en
164421,ελληνικά,el
16444,English,en
164443,English,en
164443,Deutsch,de
164443,Polski,pl
164457,English,en
16447,한국어/조선말,ko
164479,English,en
16448,English,en
1645,English,en
16450,English,en
164502,Pусский,ru
164504,English,en
16452,English,en
16453,English,en
16455,English,en
16455,Français,fr
16455,Magyar,hu
16455,Polski,pl
164558,Português,pt
164558,English,en
16456,English,en
16456,Deutsch,de
164580,English,en
1646,English,en
1646,Español,es
16460,English,en
16464,No Language,xx
16465,No Language,xx
164652,English,en
164687,English,en
1647,English,en
1647,فارسی,fa
1647,Pусский,ru
16471,English,en
164777,Italiano,it
1648,English,en
1648,Français,fr
1648,Deutsch,de
1648,ελληνικά,el
164827,ελληνικά,el
16486,English,en
16487,English,en
1649,English,en
164954,English,en
164990,বাংলা,bn
165,English,en
165016,हिन्दी,hi
165023,日本語,ja
165027,Deutsch,de
16508,English,en
165095,Pусский,ru
1651,Français,fr
165108,English,en
165108,Français,fr
165108,Italiano,it
16513,ελληνικά,el
16514,English,en
16515,English,en
16515,Português,pt
16515,Español,es
165159,Italiano,it
16516,日本語,ja
1652,Deutsch,de
16520,English,en
16520,Italiano,it
16520,ภาษาไทย,th
165213,한국어/조선말,ko
16523,English,en
1653,"",qu
1653,Español,es
16530,English,en
165300,English,en
165321,Português,pt
16535,English,en
16535,Français,fr
16535,Español,es
16535,euskera,eu
16538,English,en
16539,Nederlands,nl
16539,English,en
16539,Français,fr
16539,Português,pt
1654,Latin,la
1654,English,en
1654,Deutsch,de
1654,Français,fr
1654,Español,es
165401,English,en
165402,Deutsch,de
165404,हिन्दी,hi
165432,বাংলা,bn
165463,Hrvatski,hr
165463,Deutsch,de
165477,English,en
16548,English,en
1655,Deutsch,de
16550,English,en
16550,Deutsch,de
16550,Italiano,it
16551,English,en
16553,English,en
16555,English,en
165550,English,en
165550,한국어/조선말,ko
165567,English,en
165569,English,en
16558,English,en
16558,Deutsch,de
16558,Pусский,ru
16558,Español,es
165586,English,en
165586,Français,fr
165586,Español,es
16559,English,en
1656,English,en
1656,Italiano,it
1656,Español,es
16560,English,en
16561,English,en
16562,English,en
16562,Français,fr
16562,Deutsch,de
16563,English,en
16564,Nederlands,nl
16564,English,en
16564,Deutsch,de
16566,हिन्दी,hi
165718,日本語,ja
165739,English,en
16576,Italiano,it
16576,हिन्दी,hi
16577,English,en
165864,English,en
1659,Deutsch,de
165904,हिन्दी,hi
165911,فارسی,fa
166,Français,fr
1660,Français,fr
16605,English,en
16606,한국어/조선말,ko
166076,English,en
166076,Français,fr
166076,Español,es
16608,English,en
166085,Català,ca
166085,English,en
166085,Español,es
166089,Español,es
1661,Deutsch,de
16612,No Language,xx
16614,English,en
166161,Deutsch,de
16617,English,en
166178,ภาษาไทย,th
166178,English,en
16618,English,en
16619,English,en
1662,English,en
16620,English,en
166204,বাংলা,bn
166204,English,en
166207,Español,es
166221,English,en
166225,हिन्दी,hi
166231,हिन्दी,hi
16624,No Language,xx
166253,हिन्दी,hi
166258,हिन्दी,hi
166262,Italiano,it
166271,English,en
16632,한국어/조선말,ko
16633,English,en
16634,English,en
16635,Afrikaans,af
16635,English,en
16636,English,en
16638,English,en
16638,Latin,la
16639,Dansk,da
16640,English,en
16642,English,en
16642,Italiano,it
166424,English,en
166426,English,en
16643,English,en
166452,English,en
16646,Pусский,ru
16651,English,en
16651,"",to
16652,English,en
166560,English,en
16657,English,en
16657,普通话,zh
16657,ภาษาไทย,th
16659,English,en
1666,English,en
166607,English,en
16661,English,en
166610,English,en
166621,English,en
166624,English,en
16664,日本語,ja
166643,English,en
16665,English,en
16665,"",gd
16666,English,en
166660,Français,fr
166666,English,en
166671,English,en
166680,English,en
1667,Français,fr
1667,English,en
16672,日本語,ja
166733,ελληνικά,el
166747,English,en
166773,English,en
166798,বাংলা,bn
166822,English,en
16686,Norsk,no
16687,普通话,zh
166874,हिन्दी,hi
166879,English,en
166883,Français,fr
166886,Latviešu,lv
166888,Deutsch,de
166888,Italiano,it
1669,English,en
1669,Pусский,ru
16690,English,en
166901,English,en
166904,English,en
16692,日本語,ja
16693,日本語,ja
167,English,en
16700,English,en
167012,English,en
16702,עִבְרִית,he
167021,ελληνικά,el
16703,English,en
167032,English,en
167073,English,en
167087,Español,es
16710,English,en
167101,English,en
167153,English,en
16716,English,en
167177,English,en
167179,Polski,pl
1672,Français,fr
167221,Italiano,it
16723,English,en
16725,English,en
167262,English,en
167262,Français,fr
167267,Polski,pl
16727,বাংলা,bn
16727,Český,cs
16727,English,en
16727,Français,fr
16727,हिन्दी,hi
16729,Italiano,it
1673,English,en
167305,English,en
167313,English,en
167330,Deutsch,de
167364,Français,fr
167408,English,en
167424,Deutsch,de
167424,Română,ro
167424,English,en
167449,广州话 / 廣州話,cn
167494,বাংলা,bn
1675,English,en
1675,Français,fr
167502,English,en
167548,"",mk
167548,Srpski,sr
167556,English,en
167575,English,en
167581,Deutsch,de
167583,Italiano,it
16759,English,en
1676,English,en
167618,English,en
167618,Deutsch,de
16763,English,en
16764,English,en
16765,English,en
167658,suomi,fi
16766,日本語,ja
167666,English,en
16767,English,en
16767,日本語,ja
16767,Español,es
16768,English,en
167683,Português,pt
167683,English,en
16769,English,en
1677,English,en
167707,Português,pt
16771,Español,es
16771,English,en
167726,svenska,sv
167733,English,en
167733,Français,fr
167738,English,en
16774,English,en
1678,日本語,ja
16780,English,en
16781,English,en
16781,Español,es
167810,English,en
16783,English,en
16784,English,en
167858,Pусский,ru
167874,English,en
167882,English,en
1679,日本語,ja
16790,English,en
16790,Français,fr
16791,English,en
167919,English,en
167928,suomi,fi
167935,Español,es
167948,English,en
167951,English,en
167956,Español,es
167960,English,en
167963,Español,es
168,English,en
168,suomi,fi
1680,日本語,ja
16800,English,en
16800,Français,fr
16800,Deutsch,de
168022,English,en
168027,English,en
16803,ελληνικά,el
168031,Pусский,ru
168031,English,en
168031,Français,fr
16804,日本語,ja
168051,English,en
168051,Italiano,it
168055,English,en
168055,Français,fr
168056,svenska,sv
168057,svenska,sv
16806,English,en
168079,English,en
16808,English,en
16808,Deutsch,de
168098,English,en
168112,svenska,sv
168114,हिन्दी,hi
168138,Español,es
168138,Català,ca
16814,English,en
168164,Dansk,da
168164,English,en
168171,English,en
168179,ქართული,ka
1682,日本語,ja
16820,Český,cs
16820,English,en
16820,Pусский,ru
168202,Pусский,ru
168210,English,en
168210,Italiano,it
168228,English,en
168235,English,en
168245,हिन्दी,hi
16825,Italiano,it
168259,English,en
168261,English,en
168261,suomi,fi
168261,"",tk
168295,日本語,ja
1683,Español,es
1683,English,en
168300,日本語,ja
168320,English,en
168361,English,en
168375,English,en
168379,Español,es
16839,English,en
168399,English,en
168399,Deutsch,de
168399,Norsk,no
168408,English,en
168421,Español,es
168426,English,en
16843,English,en
16843,Português,pt
168450,English,en
16846,English,en
168478,Pусский,ru
168496,English,en
168496,Français,fr
1685,English,en
16850,English,en
16850,Deutsch,de
16850,Norsk,no
168501,English,en
16851,日本語,ja
168530,English,en
168535,English,en
16854,Dansk,da
16854,Français,fr
16854,svenska,sv
168541,English,en
168541,Srpski,sr
168552,עִבְרִית,he
16857,English,en
16858,English,en
16859,日本語,ja
1686,English,en
168607,English,en
168616,English,en
168616,Íslenska,is
168643,English,en
16866,English,en
16866,Español,es
16867,English,en
168672,English,en
168676,English,en
168676,Deutsch,de
16869,Deutsch,de
16869,English,en
16869,Français,fr
16869,Italiano,it
168693,English,en
1687,English,en
168705,English,en
168705,Português,pt
16871,English,en
16871,Español,es
16871,Magyar,hu
16871,Český,cs
168712,English,en
16873,English,en
16874,English,en
168742,"",lo
16875,English,en
168758,svenska,sv
168758,English,en
16876,English,en
168767,English,en
16877,Deutsch,de
16877,English,en
16878,English,en
16878,Português,pt
1688,English,en
168806,svenska,sv
168814,普通话,zh
168819,Polski,pl
16882,한국어/조선말,ko
16884,Dansk,da
16885,English,en
16888,English,en
168885,English,en
16889,English,en
1689,English,en
16890,English,en
16890,普通话,zh
16890,ਪੰਜਾਬੀ,pa
168903,English,en
168981,日本語,ja
16899,English,en
168994,日本語,ja
169,English,en
1690,English,en
16900,English,en
169009,English,en
16902,English,en
169020,Français,fr
169022,한국어/조선말,ko
16905,English,en
169066,English,en
169068,English,en
16907,日本語,ja
169089,svenska,sv
16909,Dansk,da
169090,svenska,sv
169091,Français,fr
1691,English,en
1691,Polski,pl
16911,Pусский,ru
16912,English,en
16912,Français,fr
16912,Deutsch,de
16912,Polski,pl
16914,English,en
16915,English,en
169158,English,en
16916,Español,es
16919,English,en
169209,English,en
16921,English,en
169219,English,en
16923,English,en
169250,Deutsch,de
169250,Hrvatski,hr
16926,English,en
169298,English,en
169298,Español,es
169298,Français,fr
169298,Deutsch,de
16931,English,en
169310,English,en
16932,Français,fr
16933,English,en
16934,English,en
169343,Català,ca
169343,Pусский,ru
169343,Español,es
169355,English,en
169357,Français,fr
169364,"",ml
169379,English,en
16938,English,en
169382,English,en
16939,English,en
1694,English,en
1694,Deutsch,de
16941,English,en
169448,فارسی,fa
169479,Français,fr
169541,English,en
16958,English,en
1696,Español,es
1696,English,en
169607,English,en
16962,English,en
169634,Український,uk
169642,English,en
169644,English,en
169652,Italiano,it
169656,Deutsch,de
169656,English,en
169656,Pусский,ru
16969,English,en
169692,Italiano,it
1697,Deutsch,de
16972,English,en
16972,"",yi
169721,English,en
16973,English,en
169747,English,en
169758,English,en
16976,日本語,ja
169760,English,en
169782,English,en
169794,English,en
1698,Deutsch,de
1698,Latin,la
16980,English,en
169800,English,en
169813,English,en
169832,English,en
169836,English,en
169836,Deutsch,de
169840,English,en
169842,English,en
169844,English,en
16985,English,en
169853,English,en
169856,Español,es
16986,English,en
16986,Deutsch,de
169860,English,en
169864,Français,fr
169864,English,en
169865,English,en
169869,English,en
169869,Deutsch,de
16987,हिन्दी,hi
169877,Français,fr
16988,English,en
169881,English,en
169883,English,en
169885,English,en
16991,English,en
169917,English,en
16992,English,en
16993,English,en
169934,日本語,ja
16995,广州话 / 廣州話,cn
16995,English,en
16996,English,en
169962,English,en
16997,English,en
16998,English,en
16998,Français,fr
16998,普通话,zh
16999,English,en
17,English,en
17,Cymraeg,cy
170,Español,es
170,English,en
1700,English,en
17003,English,en
17003,Español,es
170033,Français,fr
170039,English,en
17005,English,en
17006,English,en
17007,Français,fr
17008,Deutsch,de
17009,English,en
1701,English,en
17010,svenska,sv
17015,English,en
170178,English,en
170178,Español,es
170194,English,en
1702,English,en
17021,English,en
170234,English,en
17025,English,en
170261,English,en
170263,svenska,sv
17027,English,en
170277,English,en
170279,Français,fr
170279,English,en
170279,日本語,ja
170279,Nederlands,nl
17028,English,en
17028,Español,es
170292,English,en
17030,English,en
170309,Deutsch,de
17031,English,en
170315,English,en
17035,English,en
170368,Português,pt
17037,English,en
17038,English,en
170400,English,en
17041,English,en
17043,English,en
17044,English,en
170455,English,en
17046,English,en
17046,Français,fr
17047,English,en
170477,English,en
17048,English,en
17048,普通话,zh
1705,English,en
170517,English,en
170522,Français,fr
170548,English,en
17057,English,en
17058,English,en
170603,English,en
170632,English,en
170657,普通话,zh
170677,English,en
170687,English,en
170689,English,en
170689,Français,fr
170689,Português,pt
170689,Pусский,ru
17073,English,en
17074,English,en
170740,English,en
170750,English,en
170752,English,en
170759,Deutsch,de
170767,Français,fr
170767,Español,es
17077,suomi,fi
17077,svenska,sv
17078,Azərbaycan,az
17078,فارسی,fa
17082,广州话 / 廣州話,cn
17082,普通话,zh
170845,हिन्दी,hi
170856,Français,fr
17086,English,en
170898,Bosanski,bs
170898,Hrvatski,hr
17091,svenska,sv
170936,English,en
170967,English,en
17097,English,en
170986,हिन्दी,hi
17099,日本語,ja
170998,हिन्दी,hi
171,Français,fr
1710,English,en
1710,Deutsch,de
17100,English,en
17101,日本語,ja
171019,English,en
17102,English,en
171032,Deutsch,de
171032,Français,fr
171032,English,en
171045,English,en
17106,English,en
171075,English,en
17108,普通话,zh
17110,English,en
17111,Português,pt
17111,ภาษาไทย,th
17113,English,en
171130,English,en
171130,Français,fr
171160,Türkçe,tr
1712,English,en
1712,Español,es
171213,Français,fr
171229,Español,es
171232,English,en
17124,Český,cs
17124,English,en
17124,Français,fr
17126,English,en
17127,English,en
171274,English,en
171277,English,en
17128,日本語,ja
17129,日本語,ja
171292,English,en
1713,English,en
17130,English,en
171308,English,en
17131,English,en
17132,English,en
17133,English,en
171337,English,en
17134,Český,cs
17134,English,en
171346,English,en
17135,English,en
171357,English,en
17136,English,en
171363,English,en
17137,English,en
171372,English,en
17139,Nederlands,nl
17139,English,en
17139,Français,fr
17139,Deutsch,de
1714,English,en
171424,English,en
171427,svenska,sv
171429,English,en
17143,English,en
17144,English,en
171446,English,en
171492,हिन्दी,hi
1715,English,en
17153,Pусский,ru
17153,English,en
171540,العربية,ar
171540,עִבְרִית,he
171540,Español,es
17156,English,en
17157,English,en
17158,English,en
171581,English,en
171581,Polski,pl
171581,Español,es
171587,한국어/조선말,ko
17159,English,en
171594,English,en
171597,Português,pt
1716,Français,fr
171648,Norsk,no
17165,日本語,ja
17166,English,en
17168,English,en
171688,English,en
17169,English,en
171698,العربية,ar
171698,English,en
1717,English,en
17170,English,en
17172,svenska,sv
171738,English,en
17174,English,en
17175,English,en
171755,English,en
171759,English,en
171759,Deutsch,de
171769,English,en
171771,Français,fr
171776,English,en
171795,English,en
1718,English,en
17180,日本語,ja
17180,Español,es
17181,English,en
17181,日本語,ja
17182,English,en
17182,Français,fr
17182,한국어/조선말,ko
17182,Español,es
171826,Italiano,it
171840,English,en
171840,Français,fr
171840,Español,es
171846,Bahasa indonesia,id
171846,日本語,ja
171846,English,en
17185,English,en
17186,English,en
171861,English,en
17187,English,en
171873,Deutsch,de
17189,日本語,ja
1719,Français,fr
17190,English,en
171902,Français,fr
171902,Deutsch,de
171910,English,en
171964,English,en
17198,English,en
171982,English,en
17199,Français,fr
171993,English,en
171993,Deutsch,de
171993,Italiano,it
172,English,en
1720,Français,fr
1720,Íslenska,is
17200,English,en
172003,Deutsch,de
172008,English,en
172011,Deutsch,de
172014,Tiếng Việt,vi
172014,English,en
172014,Español,es
17202,English,en
17203,English,en
17203,Français,fr
17204,English,en
17205,English,en
17207,English,en
17207,Pусский,ru
17208,English,en
17209,English,en
17209,Pусский,ru
1721,Italiano,it
17210,Deutsch,de
172104,English,en
17212,English,en
172120,English,en
172149,English,en
17216,English,en
17216,Deutsch,de
17218,English,en
172198,Magyar,hu
1722,English,en
1722,Deutsch,de
1722,ελληνικά,el
1722,Italiano,it
17221,English,en
172214,English,en
172226,English,en
17223,Italiano,it
172259,English,en
17229,English,en
172295,Magyar,hu
172297,Français,fr
1723,English,en
17234,日本語,ja
172340,English,en
17236,English,en
17238,Italiano,it
17238,English,en
172385,English,en
172385,Português,pt
172386,English,en
172390,English,en
172391,English,en
172396,English,en
1724,Português,pt
1724,Español,es
1724,English,en
17240,English,en
17241,English,en
17244,English,en
17245,English,en
172457,Español,es
172469,English,en
17247,Español,es
172475,English,en
172499,ελληνικά,el
1725,English,en
172520,English,en
172533,English,en
172535,English,en
172542,English,en
172545,English,en
172577,English,en
17258,English,en
1726,English,en
1726,فارسی,fa
1726,اردو,ur
1726,العربية,ar
17263,English,en
172631,English,en
17264,العربية,ar
17264,English,en
17264,Italiano,it
17266,Português,pt
17266,English,en
172673,No Language,xx
1727,English,en
172705,Deutsch,de
172705,Bahasa indonesia,id
172721,English,en
172729,English,en
17274,English,en
172747,Italiano,it
17276,English,en
172760,广州话 / 廣州話,cn
172767,English,en
17277,English,en
17278,English,en
172782,广州话 / 廣州話,cn
172785,English,en
172803,English,en
17281,English,en
17281,Français,fr
172817,हिन्दी,hi
17282,English,en
172824,English,en
172828,English,en
172847,English,en
17285,Norsk,no
17287,English,en
172878,Pусский,ru
17288,English,en
17288,Türkçe,tr
172890,Français,fr
172897,English,en
1729,English,en
1729,普通话,zh
172908,English,en
17295,العربية,ar
17295,English,en
17295,Français,fr
17295,Italiano,it
172972,广州话 / 廣州話,cn
173,English,en
1730,English,en
1730,Polski,pl
17302,English,en
17303,English,en
173056,English,en
173056,日本語,ja
17306,English,en
17306,Pусский,ru
173080,English,en
1731,English,en
17314,English,en
173153,English,en
173165,English,en
173168,English,en
17317,English,en
17317,Deutsch,de
17317,Español,es
173171,Polski,pl
173177,Italiano,it
173185,Français,fr
173185,English,en
173189,English,en
173192,English,en
1732,English,en
1732,Deutsch,de
1732,Español,es
17320,English,en
17320,Italiano,it
173205,English,en
173210,English,en
173224,English,en
173288,Deutsch,de
173294,English,en
173299,English,en
173301,English,en
173301,Français,fr
173301,Deutsch,de
17332,English,en
173327,English,en
17334,English,en
17334,हिन्दी,hi
173340,English,en
17335,English,en
17336,English,en
17337,English,en
173385,ελληνικά,el
17339,English,en
17339,Español,es
1734,English,en
1734,العربية,ar
17342,普通话,zh
173421,ελληνικά,el
17343,Deutsch,de
173443,Português,pt
17345,English,en
173455,English,en
173456,English,en
17346,English,en
173467,English,en
17347,Nederlands,nl
17347,English,en
173480,English,en
173484,日本語,ja
173484,English,en
173488,English,en
173491,English,en
173494,ქართული,ka
173495,한국어/조선말,ko
173495,Bahasa melayu,ms
173495,普通话,zh
173495,English,en
173497,English,en
173499,English,en
1735,English,en
1735,普通话,zh
1735,"",sa
17350,Français,fr
17352,English,en
17352,Français,fr
173541,English,en
173557,English,en
173580,English,en
173587,Nederlands,nl
17359,Português,pt
1736,Deutsch,de
17360,English,en
17360,Français,fr
17360,Deutsch,de
17362,English,en
173631,Deutsch,de
173634,English,en
173635,English,en
173638,English,en
17365,English,en
173662,English,en
17367,Français,fr
173672,English,en
173689,English,en
173732,Português,pt
173739,Português,pt
17375,English,en
17376,Français,fr
173761,English,en
173761,Español,es
17379,English,en
17379,Français,fr
173796,English,en
173796,עִבְרִית,he
1738,English,en
1738,Français,fr
1738,Deutsch,de
173805,English,en
17381,English,en
17382,Italiano,it
173845,svenska,sv
173847,Italiano,it
17386,Français,fr
17386,English,en
173865,suomi,fi
173873,Český,cs
173874,English,en
17388,English,en
17388,Italiano,it
17388,Pусский,ru
173891,English,en
173893,English,en
173897,English,en
173908,English,en
173911,English,en
173912,English,en
173912,Français,fr
173914,Latviešu,lv
173917,Español,es
173917,English,en
173928,Português,pt
173938,English,en
173962,Pусский,ru
173980,English,en
174,English,en
174000,English,en
17401,English,en
17402,English,en
174020,English,en
17403,English,en
17409,English,en
174122,English,en
174122,Deutsch,de
17414,English,en
17414,Français,fr
17414,Pусский,ru
174150,English,en
174162,English,en
17417,Français,fr
174188,English,en
174195,English,en
17421,English,en
17422,Deutsch,de
17422,普通话,zh
174271,English,en
174271,Deutsch,de
174278,English,en
174309,Deutsch,de
174309,English,en
17431,Español,es
17431,English,en
174311,English,en
174314,English,en
174316,English,en
174319,English,en
174321,English,en
174322,English,en
174322,Français,fr
174323,English,en
174324,English,en
174325,English,en
174326,English,en
17433,日本語,ja
174334,Português,pt
174334,English,en
174337,English,en
174340,English,en
174341,English,en
174343,English,en
174344,English,en
174346,English,en
17435,English,en
17435,Español,es
174350,English,en
174351,English,en
174352,English,en
174354,English,en
174358,English,en
174358,普通话,zh
17436,English,en
174366,English,en
174371,English,en
174372,Polski,pl
174374,English,en
174378,English,en
174383,English,en
17439,English,en
17443,Český,cs
17443,English,en
174442,English,en
17445,English,en
17445,Español,es
17447,English,en
17447,Français,fr
17450,English,en
17455,English,en
17456,English,en
17457,广州话 / 廣州話,cn
174593,Dansk,da
17460,Français,fr
174611,English,en
17464,English,en
174645,English,en
174645,Bahasa indonesia,id
17465,English,en
174650,Italiano,it
17466,English,en
17467,广州话 / 廣州話,cn
17467,普通话,zh
174671,English,en
174675,English,en
174678,English,en
174682,English,en
17469,English,en
17470,English,en
174712,日本語,ja
174720,Pусский,ru
17473,English,en
174733,Pусский,ru
17474,English,en
174751,English,en
174754,English,en
174759,English,en
174762,English,en
174769,English,en
174772,English,en
174772,普通话,zh
174772,Pусский,ru
174773,English,en
17478,English,en
17478,Deutsch,de
17478,हिन्दी,hi
174784,English,en
174787,English,en
17479,"",ce
17479,Pусский,ru
174792,English,en
17481,English,en
17483,English,en
17483,Pусский,ru
17485,English,en
17486,Français,fr
174865,English,en
17487,English,en
174928,Deutsch,de
17494,English,en
17494,Español,es
174958,Deutsch,de
17496,English,en
174988,English,en
174988,Français,fr
175,English,en
175,Français,fr
175,Italiano,it
17501,हिन्दी,hi
175027,English,en
175035,English,en
175112,English,en
175116,Italiano,it
175171,English,en
175245,English,en
17529,English,en
175291,English,en
17532,English,en
175331,Deutsch,de
175331,"",ku
175331,Türkçe,tr
17538,English,en
175380,Deutsch,de
175386,English,en
17539,English,en
175427,اردو,ur
175503,Deutsch,de
175528,English,en
175541,English,en
175555,English,en
175574,English,en
175606,Français,fr
17566,日本語,ja
175681,English,en
175739,suomi,fi
17575,Norsk,no
17577,English,en
175774,Deutsch,de
17578,English,en
175822,English,en
17584,English,en
17585,English,en
175869,No Language,xx
17589,English,en
17590,English,en
17591,English,en
17591,Deutsch,de
17591,Español,es
17592,English,en
17593,한국어/조선말,ko
17595,English,en
175983,English,en
17599,English,en
175998,English,en
176,English,en
17600,English,en
17604,English,en
17605,Français,fr
17606,English,en
176068,English,en
176069,English,en
176077,English,en
176079,English,en
176085,English,en
176088,English,en
17609,English,en
17610,English,en
17612,English,en
176124,English,en
176124,Deutsch,de
17614,עִבְרִית,he
176143,English,en
176143,日本語,ja
176167,Deutsch,de
17618,English,en
176182,English,en
17622,English,en
17622,Magyar,hu
176238,English,en
176241,English,en
17628,English,en
17629,Pусский,ru
17629,English,en
17629,svenska,sv
176297,English,en
17630,Français,fr
17631,Italiano,it
17632,English,en
176321,Deutsch,de
176339,English,en
17635,English,en
176389,Français,fr
17640,Italiano,it
17640,English,en
176403,ქართული,ka
176407,Pусский,ru
176407,No Language,xx
17641,English,en
17642,English,en
17644,English,en
17645,English,en
17653,广州话 / 廣州話,cn
176535,Polski,pl
17654,Afrikaans,af
17654,"",ny
17654,"",st
17654,"",xh
17654,isiZulu,zu
17654,English,en
176545,English,en
176568,suomi,fi
17657,English,en
176570,English,en
17658,Français,fr
17660,English,en
17661,English,en
176627,English,en
17663,English,en
17664,English,en
17665,English,en
176650,普通话,zh
176651,普通话,zh
17667,English,en
176670,English,en
17669,English,en
176715,English,en
176734,English,en
17677,English,en
17680,English,en
17680,Français,fr
176807,Português,pt
17681,English,en
176810,English,en
17684,Français,fr
176841,English,en
17685,English,en
17685,Français,fr
17685,Deutsch,de
17687,English,en
17689,English,en
176896,English,en
17691,English,en
176915,Français,fr
17692,English,en
17695,English,en
17696,English,en
176983,日本語,ja
17699,English,en
177,English,en
1770,English,en
17700,English,en
17704,English,en
177043,English,en
177047,English,en
17707,English,en
17707,ภาษาไทย,th
17708,English,en
17708,Español,es
17708,ภาษาไทย,th
17708,Tiếng Việt,vi
17709,Český,cs
17709,English,en
1771,Français,fr
1771,Norsk,no
1771,English,en
17710,English,en
177104,Italiano,it
17711,Pусский,ru
177117,Français,fr
17712,English,en
177155,Bosanski,bs
177190,English,en
1772,English,en
17720,English,en
177203,English,en
177221,English,en
177234,English,en
177271,English,en
17728,English,en
17729,English,en
1773,English,en
1773,Deutsch,de
17731,English,en
177317,English,en
177335,English,en
17734,English,en
177354,English,en
177358,हिन्दी,hi
17736,English,en
1774,English,en
17740,English,en
17741,English,en
177436,English,en
17744,English,en
17744,Pусский,ru
177440,English,en
17745,English,en
177474,English,en
177494,English,en
1775,English,en
177522,suomi,fi
177552,English,en
177564,Français,fr
177566,English,en
177572,English,en
177580,English,en
1776,English,en
17761,English,en
177622,English,en
177677,Deutsch,de
177677,English,en
177677,svenska,sv
17768,English,en
177697,Deutsch,de
177699,English,en
1777,العربية,ar
1777,English,en
17770,English,en
17770,Français,fr
177703,English,en
17771,English,en
17771,Français,fr
177714,Español,es
17774,English,en
17774,Deutsch,de
17775,English,en
177790,English,en
1778,English,en
17780,Magyar,hu
177865,Dansk,da
177865,svenska,sv
177888,English,en
1779,English,en
17790,Deutsch,de
17790,English,en
177902,English,en
17792,English,en
17794,suomi,fi
17794,Polski,pl
17794,Pусский,ru
177945,日本語,ja
17795,English,en
17796,English,en
177979,Deutsch,de
178,English,en
17800,English,en
17801,English,en
17803,English,en
178032,Português,pt
17804,English,en
17804,Deutsch,de
17806,English,en
17806,Français,fr
17808,普通话,zh
17809,English,en
17809,日本語,ja
17809,普通话,zh
1781,English,en
17810,日本語,ja
178103,English,en
17811,普通话,zh
17813,English,en
17813,Français,fr
17814,English,en
178146,English,en
17818,English,en
17818,Français,fr
17818,Deutsch,de
178189,English,en
17819,English,en
17819,Română,ro
17819,Español,es
1782,English,en
1782,Français,fr
17820,English,en
17821,English,en
178222,Srpski,sr
17824,English,en
17824,Deutsch,de
17825,Français,fr
17829,English,en
178290,English,en
1783,English,en
1783,Deutsch,de
1783,日本語,ja
17831,English,en
17831,Español,es
178314,"",ml
17832,English,en
178337,English,en
17834,English,en
178341,English,en
17835,English,en
17835,Pусский,ru
17836,English,en
178385,English,en
178446,Deutsch,de
178447,English,en
17845,Nederlands,nl
178452,English,en
178469,العربية,ar
178469,"",ce
178469,Pусский,ru
1785,English,en
1785,Français,fr
178535,العربية,ar
178541,English,en
178543,Bahasa indonesia,id
178569,English,en
178587,English,en
178595,ελληνικά,el
178595,Español,es
1786,English,en
1786,Français,fr
1786,Deutsch,de
1786,ελληνικά,el
1786,Latin,la
178603,English,en
178607,English,en
178675,English,en
178682,English,en
178687,English,en
1787,Français,fr
17871,English,en
178736,日本語,ja
17874,English,en
17875,English,en
178751,ภาษาไทย,th
178755,No Language,xx
1788,English,en
17880,English,en
178806,suomi,fi
178809,English,en
17885,English,en
17886,Français,fr
178862,English,en
17887,English,en
17889,English,en
17889,Español,es
1789,Español,es
1789,English,en
178907,Pусский,ru
178915,Italiano,it
178927,English,en
17893,Español,es
17894,English,en
178946,English,en
17895,Italiano,it
17895,日本語,ja
17897,العربية,ar
17897,English,en
17898,English,en
17898,Deutsch,de
17898,Italiano,it
17899,Español,es
179,English,en
179,Français,fr
179,Português,pt
1790,English,en
17902,Nederlands,nl
17903,한국어/조선말,ko
17905,日本語,ja
179053,Nederlands,nl
179057,English,en
17906,English,en
17906,Magyar,hu
17906,"",yi
179066,English,en
17907,English,en
17907,Español,es
17908,English,en
179085,English,en
17909,Srpski,sr
1791,Français,fr
1791,Deutsch,de
179103,English,en
179105,English,en
179109,English,en
179109,Français,fr
17911,English,en
179111,English,en
17912,English,en
17914,ελληνικά,el
179144,Italiano,it
179144,日本語,ja
179144,Español,es
179144,普通话,zh
179146,Français,fr
179146,Deutsch,de
17915,English,en
179150,Français,fr
179154,English,en
179159,Pусский,ru
17917,English,en
179178,Italiano,it
179179,English,en
17918,English,en
179188,English,en
17919,English,en
1792,English,en
17920,English,en
17921,English,en
17921,Italiano,it
17922,日本語,ja
179235,No Language,xx
179236,No Language,xx
17925,العربية,ar
17925,English,en
17925,Français,fr
17925,עִבְרִית,he
17925,Italiano,it
179251,English,en
17926,English,en
179267,English,en
17927,English,en
179272,English,en
179288,English,en
1793,Deutsch,de
1793,English,en
179302,Español,es
179308,Deutsch,de
179340,English,en
17935,Français,fr
17935,Pусский,ru
179366,English,en
179375,"",ml
17938,English,en
17938,Deutsch,de
17940,English,en
17941,English,en
17949,English,en
179519,Română,ro
17952,English,en
179538,Español,es
179549,No Language,xx
179553,Deutsch,de
17956,English,en
179573,Français,fr
17960,Français,fr
17960,Italiano,it
179603,English,en
17961,Français,fr
17962,日本語,ja
17963,English,en
179641,Français,fr
17965,English,en
17966,English,en
179668,Deutsch,de
179690,Pусский,ru
17971,English,en
179715,Türkçe,tr
17974,Italiano,it
17978,English,en
17979,English,en
179798,English,en
179799,English,en
179805,English,en
179812,English,en
179818,English,en
179822,English,en
179826,English,en
179837,Deutsch,de
17984,English,en
179847,Polski,pl
17985,Dansk,da
179868,日本語,ja
17988,日本語,ja
17990,English,en
17991,日本語,ja
17993,English,en
17994,Deutsch,de
17995,English,en
179966,English,en
18,English,en
18,svenska,sv
18,Deutsch,de
180,English,en
180,svenska,sv
180016,English,en
180016,한국어/조선말,ko
18002,English,en
180048,"",ml
180050,Română,ro
18009,English,en
180093,Deutsch,de
180095,English,en
18011,English,en
180114,English,en
180132,English,en
180147,Español,es
18015,English,en
18016,English,en
180162,English,en
18017,English,en
18019,English,en
1802,Français,fr
1802,Deutsch,de
180240,Nederlands,nl
180244,日本語,ja
180252,한국어/조선말,ko
18029,English,en
180296,English,en
180299,العربية,ar
180299,Bahasa indonesia,id
180299,日本語,ja
180299,English,en
1803,English,en
18030,English,en
180305,English,en
18031,English,en
18031,普通话,zh
180314,English,en
180318,English,en
18032,English,en
18033,English,en
18034,English,en
18035,English,en
180371,Português,pt
18038,English,en
180383,English,en
180399,English,en
18040,English,en
18041,English,en
18041,Italiano,it
180418,Español,es
180420,Français,fr
180427,English,en
18043,English,en
18044,English,en
18045,English,en
18045,Polski,pl
18046,English,en
18047,English,en
18050,普通话,zh
18050,广州话 / 廣州話,cn
18050,English,en
18051,English,en
180514,svenska,sv
180555,Français,fr
18056,English,en
180576,English,en
18060,广州话 / 廣州話,cn
18061,isiZulu,zu
18061,English,en
180624,English,en
180624,Deutsch,de
180635,English,en
180644,Español,es
18065,English,en
180651,한국어/조선말,ko
180679,English,en
18068,English,en
18068,Français,fr
180680,हिन्दी,hi
180688,English,en
18069,English,en
18069,Français,fr
180691,English,en
180695,Polski,pl
1807,English,en
18070,English,en
180705,English,en
18072,English,en
180721,English,en
18074,English,en
18079,Español,es
180794,English,en
1808,English,en
18080,English,en
180810,English,en
180813,English,en
180819,English,en
18082,Español,es
180836,English,en
18085,English,en
180850,English,en
180856,English,en
180859,Italiano,it
18086,English,en
180863,български език,bg
180863,English,en
18088,English,en
180886,English,en
18089,English,en
180891,日本語,ja
180894,English,en
180894,日本語,ja
1809,English,en
1809,Deutsch,de
180900,日本語,ja
180929,English,en
18093,English,en
180935,English,en
18094,English,en
180948,English,en
18095,Català,ca
18095,日本語,ja
180951,English,en
180951,Magyar,hu
180951,Português,pt
180954,English,en
18096,Magyar,hu
18096,English,en
180960,Pусский,ru
180970,Deutsch,de
180970,Română,ro
18098,English,en
18098,Polski,pl
18098,Español,es
1810,English,en
1810,Deutsch,de
1810,Italiano,it
181009,普通话,zh
181083,Français,fr
1811,English,en
18111,English,en
18113,English,en
181135,English,en
18116,English,en
18117,English,en
18118,English,en
1812,English,en
18120,English,en
18120,Español,es
18122,Pусский,ru
18125,English,en
18126,English,en
181269,English,en
18128,English,en
181283,English,en
18129,English,en
1813,English,en
1813,Français,fr
1813,Deutsch,de
1813,Italiano,it
1813,普通话,zh
1813,Español,es
18133,English,en
181330,English,en
18141,Český,cs
181426,English,en
18143,日本語,ja
181454,English,en
181456,Français,fr
18146,English,en
18147,English,en
18148,日本語,ja
1815,English,en
1815,Deutsch,de
18150,English,en
18151,English,en
18152,English,en
18153,English,en
181533,English,en
181537,English,en
181553,English,en
181564,Pусский,ru
181565,Italiano,it
181574,English,en
18158,English,en
1816,English,en
1816,Français,fr
18161,English,en
18162,English,en
18164,English,en
181649,English,en
18165,English,en
181656,日本語,ja
18166,Afrikaans,af
18166,English,en
18166,Français,fr
18166,"",xh
18167,English,en
18168,English,en
18169,English,en
1817,English,en
1817,Kiswahili,sw
18172,English,en
18174,English,en
18175,English,en
181753,English,en
18176,English,en
18178,"",mk
1818,Français,fr
18181,Português,pt
18182,English,en
18183,English,en
18183,Español,es
181850,English,en
18187,English,en
18188,English,en
181886,English,en
18189,English,en
1819,English,en
18190,English,en
18190,Deutsch,de
18191,English,en
18192,English,en
18193,English,en
18193,Italiano,it
18196,English,en
18197,English,en
18198,English,en
181999,English,en
181999,"",tl
182,English,en
182,Deutsch,de
182,普通话,zh
182,Pусский,ru
18200,English,en
18200,Français,fr
18200,Español,es
18202,English,en
18203,English,en
182030,普通话,zh
182035,English,en
18205,Español,es
18206,English,en
18206,Español,es
182067,Italiano,it
18208,English,en
18209,English,en
182097,العربية,ar
182097,עִבְרִית,he
182099,No Language,xx
18212,English,en
182127,广州话 / 廣州話,cn
182129,English,en
182131,日本語,ja
18214,English,en
18215,English,en
18218,English,en
18220,English,en
18221,English,en
182219,Český,cs
182219,Français,fr
18222,English,en
182228,English,en
18223,English,en
18223,Polski,pl
18224,English,en
18224,Français,fr
182246,Français,fr
18228,English,en
18228,Français,fr
18228,Magyar,hu
18229,English,en
18229,Français,fr
18229,Deutsch,de
18229,Español,es
18230,English,en
18231,English,en
18232,普通话,zh
182349,English,en
18238,English,en
18239,English,en
18239,Italiano,it
1824,English,en
18240,English,en
182415,Italiano,it
18242,English,en
182424,Magyar,hu
182424,Italiano,it
182424,English,en
18248,Polski,pl
18248,English,en
18248,Dansk,da
18248,Deutsch,de
182499,English,en
1825,English,en
18250,English,en
18252,English,en
182528,Nederlands,nl
18254,Deutsch,de
18254,suomi,fi
18254,Français,fr
18254,Pусский,ru
18254,English,en
182545,Nederlands,nl
182548,English,en
18256,English,en
18256,Italiano,it
18256,svenska,sv
182560,English,en
18257,English,en
182583,English,en
1826,Français,fr
18264,English,en
18265,Íslenska,is
18269,English,en
18273,English,en
18274,English,en
182756,English,en
18276,English,en
182768,日本語,ja
18278,English,en
18279,suomi,fi
182799,English,en
18281,English,en
18282,English,en
182827,日本語,ja
18283,English,en
18283,Español,es
182843,Italiano,it
18287,English,en
182873,English,en
18289,English,en
18289,日本語,ja
182899,English,en
1829,English,en
1829,Français,fr
18290,English,en
18292,English,en
182937,Français,fr
182950,English,en
182972,English,en
182979,English,en
182981,No Language,xx
18299,English,en
18299,Français,fr
183,English,en
183,Italiano,it
1830,العربية,ar
1830,Deutsch,de
1830,English,en
1830,Français,fr
1830,Pусский,ru
1830,Español,es
1830,Український,uk
1830,Türkçe,tr
18300,Français,fr
183011,English,en
183011,Français,fr
183011,Español,es
18302,한국어/조선말,ko
18303,Français,fr
183039,English,en
183049,English,en
18305,广州话 / 廣州話,cn
18305,English,en
18305,Italiano,it
18305,普通话,zh
183073,Italiano,it
183088,English,en
1831,Français,fr
1831,English,en
18311,广州话 / 廣州話,cn
18311,English,en
18311,普通话,zh
18311,"",tl
18312,English,en
18316,English,en
18317,English,en
183171,English,en
183190,English,en
1832,English,en
18320,English,en
18320,Deutsch,de
183247,English,en
183258,English,en
18329,广州话 / 廣州話,cn
18329,普通话,zh
18329,Español,es
1833,English,en
18331,English,en
18331,Français,fr
18333,Norsk,no
18333,svenska,sv
183336,ελληνικά,el
183339,English,en
18334,日本語,ja
183383,ελληνικά,el
183388,ελληνικά,el
1834,English,en
183412,English,en
183433,English,en
1835,English,en
18352,Český,cs
18355,Français,fr
18357,English,en
18359,English,en
1836,Français,fr
18360,English,en
18362,English,en
183635,Italiano,it
183654,हिन्दी,hi
183654,اردو,ur
183662,English,en
1837,Français,fr
18373,English,en
18374,한국어/조선말,ko
18375,English,en
18377,한국어/조선말,ko
1838,Dansk,da
18380,Français,fr
18381,Français,fr
183825,English,en
183827,English,en
183832,English,en
183836,Français,fr
183836,Polski,pl
18385,普通话,zh
183855,Português,pt
183859,English,en
18387,English,en
183871,English,en
183889,English,en
183894,English,en
18391,English,en
183910,English,en
18392,English,en
183932,English,en
18394,English,en
18395,English,en
183955,"",tl
183962,Français,fr
18398,English,en
184,English,en
1840,English,en
184002,suomi,fi
18402,English,en
184020,Français,fr
18404,English,en
18405,English,en
18406,English,en
184061,English,en
18408,English,en
184080,English,en
184098,English,en
1841,English,en
18410,English,en
184125,English,en
184129,English,en
18414,English,en
184143,English,en
184149,English,en
184149,Français,fr
184149,Deutsch,de
184149,Italiano,it
18415,English,en
184155,Pусский,ru
18417,English,en
1842,English,en
18420,English,en
18420,Español,es
18421,Türkçe,tr
184219,ภาษาไทย,th
18423,English,en
18424,English,en
18425,English,en
18426,한국어/조선말,ko
184260,ქართული,ka
184267,English,en
18428,English,en
1843,English,en
184314,Français,fr
184314,Deutsch,de
184315,English,en
184322,English,en
184323,Nederlands,nl
184328,English,en
18434,English,en
184341,English,en
184341,Español,es
184345,English,en
184346,English,en
18435,English,en
184351,English,en
184352,Français,fr
184363,No Language,xx
18437,English,en
18438,한국어/조선말,ko
1844,English,en
18440,English,en
184402,No Language,xx
18441,English,en
18442,English,en
18443,English,en
18444,English,en
18444,Italiano,it
184440,English,en
18446,English,en
18447,English,en
18449,English,en
1845,English,en
1845,Français,fr
1845,Deutsch,de
18450,Italiano,it
18451,English,en
184530,English,en
184561,English,en
18457,Français,fr
18457,Magyar,hu
184578,English,en
1846,English,en
184608,日本語,ja
18462,English,en
18467,English,en
184681,Italiano,it
1847,English,en
184710,English,en
18472,English,en
184741,English,en
18475,English,en
18476,English,en
18477,English,en
184781,English,en
184795,English,en
184799,English,en
1848,English,en
18480,Český,cs
18480,English,en
18480,Deutsch,de
184802,English,en
184819,Français,fr
184824,English,en
18484,English,en
18484,Español,es
184846,English,en
18486,ภาษาไทย,th
184862,English,en
184866,English,en
18487,English,en
184885,English,en
18489,English,en
1849,English,en
18491,日本語,ja
18492,ภาษาไทย,th
18493,No Language,xx
184936,English,en
18495,English,en
184958,English,en
18497,العربية,ar
18497,Français,fr
18497,Español,es
18498,English,en
18499,Français,fr
184992,Italiano,it
185,English,en
1850,English,en
18500,English,en
18500,Français,fr
185008,हिन्दी,hi
18501,English,en
18502,English,en
18503,Italiano,it
185057,Pусский,ru
18506,English,en
18507,English,en
185078,Italiano,it
18508,Norsk,no
18509,English,en
18510,日本語,ja
18511,日本語,ja
185110,日本語,ja
185111,ελληνικά,el
18512,English,en
18513,English,en
18514,English,en
18514,한국어/조선말,ko
185147,English,en
185153,English,en
185154,English,en
185156,English,en
185158,English,en
18516,English,en
18517,English,en
185180,Español,es
18519,Český,cs
18519,English,en
185197,English,en
1852,English,en
185248,Deutsch,de
185248,English,en
185263,English,en
185267,English,en
185273,English,en
185289,English,en
18529,English,en
185292,English,en
1853,English,en
18530,English,en
185326,English,en
18533,English,en
185341,Español,es
18535,English,en
185354,Polski,pl
18538,English,en
18538,Español,es
18539,English,en
18539,Español,es
18543,English,en
185444,English,en
185460,English,en
185465,Español,es
185465,English,en
18547,English,en
185471,English,en
185471,Español,es
185476,Română,ro
185476,English,en
18548,English,en
18548,हिन्दी,hi
18548,Polski,pl
18548,Pусский,ru
18549,English,en
185495,English,en
185497,English,en
18550,English,en
18551,English,en
18553,English,en
18553,Italiano,it
185546,Italiano,it
185546,English,en
18555,English,en
185562,Deutsch,de
185562,Français,fr
185562,Polski,pl
185562,English,en
185564,English,en
185567,English,en
18557,English,en
185574,English,en
185579,No Language,xx
18558,English,en
185591,Français,fr
18560,English,en
185602,English,en
18561,English,en
18562,English,en
185640,हिन्दी,hi
18568,English,en
18569,English,en
1857,English,en
1857,日本語,ja
18570,English,en
18571,English,en
185720,ελληνικά,el
18573,English,en
185738,Español,es
185744,English,en
18575,Polski,pl
185752,"",sn
185752,Deutsch,de
185752,English,en
185768,English,en
185789,English,en
1858,Español,es
1858,English,en
185843,Français,fr
18585,日本語,ja
18585,English,en
18586,English,en
18587,English,en
18587,Português,pt
18588,English,en
18589,English,en
1859,English,en
18590,English,en
18591,English,en
185934,English,en
185949,English,en
18595,English,en
18596,English,en
18597,English,en
18598,English,en
185987,日本語,ja
186,English,en
186019,No Language,xx
18602,English,en
18602,Español,es
18603,English,en
186066,Español,es
186079,English,en
18612,English,en
186121,English,en
186129,English,en
18613,Deutsch,de
18613,"",yi
18613,ελληνικά,el
18613,English,en
18614,Polski,pl
18615,English,en
18616,English,en
18616,Polski,pl
186161,Français,fr
186161,English,en
186161,Português,pt
18618,English,en
18619,English,en
18619,Deutsch,de
18620,English,en
18621,Italiano,it
18621,English,en
186227,English,en
18624,日本語,ja
186254,English,en
186268,English,en
18627,日本語,ja
186279,English,en
18628,Français,fr
186292,suomi,fi
1863,English,en
1863,Italiano,it
1863,Pусский,ru
18631,English,en
18632,English,en
18633,English,en
18634,English,en
18635,Français,fr
18635,English,en
18638,English,en
18639,English,en
18642,English,en
18643,English,en
18644,English,en
18646,Magyar,hu
18646,English,en
18647,English,en
18647,Español,es
18649,English,en
1865,English,en
1865,Español,es
18650,svenska,sv
18651,English,en
18652,English,en
186532,Deutsch,de
18658,English,en
186585,English,en
18660,English,en
18660,Deutsch,de
186606,English,en
186629,Italiano,it
186630,Italiano,it
186630,Español,es
186634,English,en
18665,广州话 / 廣州話,cn
18665,English,en
18665,普通话,zh
18666,广州话 / 廣州話,cn
18666,普通话,zh
186691,English,en
18670,广州话 / 廣州話,cn
186705,Français,fr
18671,English,en
18672,广州话 / 廣州話,cn
18672,Deutsch,de
18672,日本語,ja
18672,普通话,zh
186729,Français,fr
18673,हिन्दी,hi
186738,Português,pt
18674,English,en
18674,日本語,ja
18674,普通话,zh
186747,English,en
186747,हिन्दी,hi
186759,English,en
186775,English,en
18680,English,en
186809,English,en
18681,English,en
18681,Français,fr
18682,English,en
18683,English,en
18684,English,en
18684,Español,es
186845,English,en
186869,English,en
18688,English,en
18688,Español,es
186881,广州话 / 廣州話,cn
186881,普通话,zh
18690,English,en
18691,English,en
18692,English,en
186929,Nederlands,nl
186929,English,en
18693,English,en
186935,Español,es
18694,English,en
18696,Français,fr
18696,Italiano,it
18696,English,en
186970,Français,fr
186971,Deutsch,de
186971,Français,fr
186971,"",oc
186975,English,en
186975,"",tl
186976,Español,es
18698,English,en
186988,Italiano,it
186991,Français,fr
186992,Français,fr
186997,Français,fr
187,English,en
1870,Français,fr
18701,English,en
187010,English,en
187017,English,en
18702,English,en
187022,广州话 / 廣州話,cn
187022,普通话,zh
187028,العربية,ar
187028,עִבְרִית,he
18703,English,en
18704,한국어/조선말,ko
18704,普通话,zh
18705,English,en
18706,English,en
18706,Français,fr
18706,Italiano,it
18707,日本語,ja
18707,广州话 / 廣州話,cn
18707,English,en
1871,Français,fr
18710,Italiano,it
18710,English,en
18711,English,en
18712,English,en
18713,English,en
187156,Français,fr
187156,English,en
1872,English,en
1872,Polski,pl
18721,English,en
18722,English,en
18722,Magyar,hu
18724,English,en
18725,广州话 / 廣州話,cn
187252,Français,fr
187263,English,en
187263,Deutsch,de
18727,English,en
18727,Français,fr
1873,English,en
18731,广州话 / 廣州話,cn
18731,Polski,pl
18734,English,en
18735,Deutsch,de
18735,普通话,zh
18735,Pусский,ru
18736,Italiano,it
18736,English,en
18739,English,en
18739,Deutsch,de
1874,English,en
1874,"",xh
187401,广州话 / 廣州話,cn
187401,普通话,zh
18741,广州话 / 廣州話,cn
187422,普通话,zh
187442,Español,es
187447,Italiano,it
187447,普通话,zh
187462,English,en
187462,Français,fr
187462,Pусский,ru
18747,广州话 / 廣州話,cn
18747,English,en
18747,普通话,zh
187482,English,en
1875,Français,fr
187516,English,en
187537,English,en
187541,English,en
18755,English,en
18755,Pусский,ru
187579,English,en
18758,广州话 / 廣州話,cn
18758,普通话,zh
18759,English,en
187596,English,en
18760,普通话,zh
18760,广州话 / 廣州話,cn
18761,Pусский,ru
18762,English,en
187628,svenska,sv
18763,广州话 / 廣州話,cn
187633,Italiano,it
18764,广州话 / 廣州話,cn
18764,普通话,zh
18764,Pусский,ru
187662,日本語,ja
18767,普通话,zh
187672,Français,fr
1877,English,en
1877,Deutsch,de
18770,English,en
18770,普通话,zh
18771,English,en
18773,English,en
18773,Français,fr
18774,English,en
18775,English,en
18776,English,en
18777,English,en
187771,Italiano,it
187782,English,en
187790,English,en
1878,English,en
18780,English,en
18780,Deutsch,de
18780,Español,es
18781,Český,cs
18781,English,en
18783,English,en
18783,Deutsch,de
18783,Italiano,it
18784,English,en
18784,日本語,ja
18785,English,en
187897,普通话,zh
1879,English,en
18790,日本語,ja
18790,English,en
187927,English,en
187993,English,en
1880,English,en
1880,Pусский,ru
1880,Español,es
188001,English,en
18801,English,en
18803,English,en
18804,English,en
18804,Français,fr
18804,Deutsch,de
18804,Español,es
188044,English,en
18809,English,en
188102,English,en
188102,Español,es
18815,svenska,sv
18816,广州话 / 廣州話,cn
18816,English,en
18816,普通话,zh
188161,English,en
188166,English,en
18817,广州话 / 廣州話,cn
18817,普通话,zh
188180,suomi,fi
188183,普通话,zh
18819,English,en
1882,English,en
1882,Español,es
18820,English,en
188207,English,en
188222,English,en
18823,English,en
18826,English,en
18828,English,en
1883,العربية,ar
1883,English,en
18835,English,en
188357,English,en
18836,Pусский,ru
18836,English,en
18837,日本語,ja
18839,日本語,ja
188392,English,en
1884,English,en
18840,English,en
18840,Français,fr
18840,普通话,zh
18840,Pусский,ru
18840,Español,es
18841,English,en
188421,English,en
18843,English,en
18846,English,en
188465,English,en
188468,English,en
18848,English,en
188489,English,en
1885,English,en
188505,English,en
188505,Polski,pl
188505,Pусский,ru
188505,Español,es
188507,English,en
18851,English,en
188521,English,en
188521,Français,fr
188521,Deutsch,de
188521,Polski,pl
188529,Pусский,ru
188529,English,en
188538,English,en
188538,Deutsch,de
188538,Italiano,it
188540,தமிழ்,ta
18856,English,en
18856,Français,fr
188560,English,en
18857,广州话 / 廣州話,cn
18857,普通话,zh
18858,English,en
18858,Pусский,ru
188598,English,en
188598,Français,fr
188598,普通话,zh
18862,English,en
188640,हिन्दी,hi
18865,English,en
18866,English,en
18867,广州话 / 廣州話,cn
18867,普通话,zh
188684,日本語,ja
18869,English,en
1887,English,en
1887,Français,fr
1887,Latin,la
18871,English,en
18871,Español,es
188719,हिन्दी,hi
188719,English,en
18872,日本語,ja
18874,日本語,ja
188758,Deutsch,de
188761,Deutsch,de
188761,Español,es
188761,עִבְרִית,he
188765,العربية,ar
188765,"",ku
188765,Türkçe,tr
18879,English,en
1888,English,en
18881,日本語,ja
18881,English,en
18882,English,en
188826,English,en
188832,English,en
188836,普通话,zh
188839,English,en
18884,English,en
18885,English,en
18885,Français,fr
188858,Español,es
188858,Français,fr
18886,English,en
18887,English,en
18887,"",gd
188870,English,en
18889,العربية,ar
18889,English,en
18890,English,en
18892,English,en
188927,English,en
18893,English,en
18894,English,en
18896,Français,fr
18897,Français,fr
18897,Italiano,it
18898,English,en
188981,日本語,ja
188984,English,en
18899,广州话 / 廣州話,cn
18899,English,en
18899,Français,fr
188996,English,en
189,English,en
1890,Český,cs
1890,English,en
18900,English,en
189005,English,en
18901,Norsk,no
189019,Français,fr
18902,Deutsch,de
18904,English,en
18905,English,en
189054,No Language,xx
18906,Français,fr
18908,Dansk,da
1891,English,en
18910,English,en
18912,Deutsch,de
18913,English,en
189133,Deutsch,de
189151,日本語,ja
18916,Français,fr
18917,Český,cs
18919,Český,cs
18919,Latin,la
189197,English,en
1892,English,en
18920,svenska,sv
189204,English,en
189215,English,en
189215,Français,fr
189225,English,en
189225,Français,fr
189227,தமிழ்,ta
18923,English,en
189242,English,en
189242,suomi,fi
189243,English,en
18925,English,en
18926,English,en
18927,English,en
189277,English,en
189279,English,en
18928,Italiano,it
18929,English,en
1893,English,en
18930,English,en
18932,English,en
189332,Español,es
189334,Español,es
18935,English,en
189364,Español,es
18937,English,en
18939,Český,cs
1894,English,en
18940,Français,fr
18940,Magyar,hu
18941,English,en
189420,No Language,xx
18943,English,en
18944,English,en
18947,English,en
18948,Nederlands,nl
18948,English,en
18948,Deutsch,de
18948,Español,es
189498,English,en
1895,English,en
189505,No Language,xx
18955,Français,fr
189556,Pусский,ru
189586,No Language,xx
1896,Català,ca
1896,Español,es
189650,English,en
18966,English,en
189682,No Language,xx
18969,English,en
18971,English,en
18972,English,en
18972,Français,fr
18972,Español,es
189723,English,en
18973,English,en
18973,Español,es
18974,English,en
18974,Français,fr
18975,English,en
18975,Italiano,it
189755,English,en
18976,English,en
18977,English,en
18978,English,en
18979,English,en
189803,Français,fr
18983,English,en
18984,English,en
18988,English,en
189888,English,en
18989,English,en
1899,普通话,zh
18990,English,en
18990,Deutsch,de
18992,English,en
18993,English,en
18994,English,en
18995,English,en
18998,English,en
189996,Français,fr
19,No Language,xx
1900,Español,es
1900,English,en
190000,No Language,xx
19002,English,en
19004,English,en
19008,Slovenčina,sk
190091,Český,cs
1901,English,en
1901,Italiano,it
19010,English,en
19014,English,en
19016,English,en
19016,Français,fr
19016,Română,ro
19016,Español,es
190167,English,en
19017,English,en
190173,English,en
190183,English,en
1902,Español,es
190213,हिन्दी,hi
19025,हिन्दी,hi
190250,English,en
19026,Dansk,da
190269,English,en
19029,English,en
1903,English,en
190326,Pусский,ru
19033,English,en
19034,Český,cs
190341,suomi,fi
19035,Český,cs
190352,English,en
19039,English,en
1904,English,en
1904,日本語,ja
190407,English,en
190410,Italiano,it
19042,English,en
190474,English,en
19049,English,en
190496,Polski,pl
19050,English,en
19051,English,en
19052,English,en
19053,English,en
19054,English,en
190553,No Language,xx
19058,English,en
190582,No Language,xx
19059,English,en
1906,Deutsch,de
19063,日本語,ja
19064,English,en
19065,English,en
19066,English,en
19067,English,en
19067,Pусский,ru
190681,Français,fr
1907,English,en
1907,Français,fr
1907,Hrvatski,hr
1907,svenska,sv
1907,ภาษาไทย,th
19072,English,en
19075,English,en
190754,English,en
190754,Français,fr
190754,Deutsch,de
190754,Italiano,it
190754,"",tl
19076,English,en
19079,English,en
190795,English,en
1908,English,en
1908,Français,fr
1908,Español,es
190817,Français,fr
19082,English,en
190824,Français,fr
19083,English,en
19084,English,en
190847,English,en
19085,English,en
190853,Français,fr
190859,English,en
19086,English,en
19086,Français,fr
190868,English,en
19087,English,en
190870,Français,fr
190870,العربية,ar
190876,Français,fr
190880,Español,es
190880,Français,fr
190880,English,en
190880,Deutsch,de
1909,English,en
190906,English,en
19092,English,en
19094,English,en
190940,English,en
190940,हिन्दी,hi
190940,"",mr
190945,"",ml
190945,"",mr
190946,English,en
19095,Français,fr
190950,English,en
190955,Español,es
190955,English,en
190955,Italiano,it
19096,English,en
190967,English,en
19099,Français,fr
19100,Français,fr
19101,English,en
19101,Français,fr
191024,English,en
19103,English,en
191037,English,en
19105,English,en
19106,Français,fr
191060,Nederlands,nl
19108,English,en
19109,English,en
191096,Pусский,ru
1911,English,en
1911,Norsk,no
191104,English,en
191104,Nederlands,nl
191104,العربية,ar
191104,Français,fr
191104,Türkçe,tr
191112,"",mr
191112,हिन्दी,hi
191112,English,en
19112,English,en
191121,हिन्दी,hi
19114,English,en
19116,Deutsch,de
19116,English,en
19118,English,en
191185,Português,pt
191186,English,en
19119,English,en
1912,Deutsch,de
19120,Italiano,it
19123,Français,fr
19123,Italiano,it
19123,Español,es
191231,English,en
19124,English,en
19126,English,en
19128,Deutsch,de
191293,Dansk,da
191294,svenska,sv
1913,Galego,gl
1913,Español,es
191312,Español,es
191322,English,en
19133,English,en
19136,English,en
19137,English,en
191385,日本語,ja
19139,English,en
1914,Deutsch,de
19140,English,en
19142,English,en
191421,普通话,zh
191428,Magyar,hu
19143,English,en
19147,Português,pt
191476,English,en
191489,English,en
1915,Deutsch,de
1915,Magyar,hu
19150,English,en
19150,Español,es
191502,English,en
19152,български език,bg
19153,English,en
191536,Latviešu,lv
19154,English,en
19155,shqip,sq
19155,English,en
19155,"",mk
191550,English,en
19156,普通话,zh
191562,हिन्दी,hi
191566,English,en
19157,English,en
19158,English,en
19159,English,en
191595,No Language,xx
191599,English,en
191608,Pусский,ru
191619,English,en
191619,Italiano,it
19164,English,en
19165,English,en
19166,Français,fr
19166,English,en
19167,English,en
19167,Italiano,it
19169,English,en
1917,Français,fr
19170,English,en
191703,Deutsch,de
19171,English,en
191714,English,en
191714,हिन्दी,hi
191717,Pусский,ru
191718,Français,fr
191720,English,en
191720,Français,fr
191720,Deutsch,de
191720,Español,es
191726,हिन्दी,hi
19173,Español,es
191731,فارسی,fa
19174,English,en
19176,English,en
19178,Français,fr
19178,Deutsch,de
1918,עִבְרִית,he
19181,English,en
19181,Deutsch,de
19181,Norsk,no
19181,svenska,sv
191820,English,en
191824,English,en
191829,English,en
191829,Français,fr
19183,English,en
19184,Français,fr
19185,English,en
19186,English,en
19187,Pусский,ru
191874,English,en
1919,English,en
19197,English,en
19197,Polski,pl
191975,English,en
19199,Deutsch,de
192,English,en
192,Latin,la
1920,English,en
19200,English,en
192023,English,en
19203,English,en
19204,English,en
19204,Italiano,it
192040,English,en
19205,English,en
19209,English,en
1921,English,en
192102,English,en
19212,English,en
192126,English,en
19213,English,en
192132,English,en
192133,English,en
192134,English,en
192136,English,en
192136,Afrikaans,af
192136,"",xh
19214,Français,fr
19214,Italiano,it
192141,Français,fr
192141,English,en
192141,ภาษาไทย,th
192142,English,en
192145,Italiano,it
192145,English,en
192149,Türkçe,tr
192149,ελληνικά,el
192149,English,en
19215,English,en
192160,English,en
1922,English,en
19221,English,en
192210,English,en
192210,Português,pt
192210,Pусский,ru
19222,English,en
19223,Français,fr
192236,Deutsch,de
1923,English,en
192345,English,en
19235,English,en
19236,English,en
192367,English,en
19237,English,en
19237,Polski,pl
192371,English,en
19238,English,en
1924,English,en
19241,English,en
192431,English,en
19244,English,en
19247,English,en
19252,English,en
192538,English,en
19254,English,en
192544,English,en
19255,English,en
192558,हिन्दी,hi
192573,"",mr
192577,日本語,ja
19258,English,en
192588,Deutsch,de
19259,English,en
1926,العربية,ar
1926,English,en
1926,Français,fr
1926,עִבְרִית,he
1926,हिन्दी,hi
1926,日本語,ja
1926,فارسی,fa
1926,Español,es
192623,English,en
19265,English,en
19267,English,en
192675,हिन्दी,hi
192695,English,en
1927,English,en
1927,Español,es
192712,English,en
19273,English,en
19274,广州话 / 廣州話,cn
19274,普通话,zh
19275,English,en
19276,हिन्दी,hi
192767,English,en
19277,English,en
192813,English,en
19286,English,en
192868,English,en
19287,English,en
19287,Deutsch,de
19288,English,en
192911,English,en
19293,English,en
19293,Deutsch,de
192936,English,en
192936,Français,fr
19294,English,en
19294,Français,fr
19294,Deutsch,de
19294,Español,es
19297,English,en
193,English,en
1930,English,en
19300,Deutsch,de
19300,English,en
193040,English,en
19305,Dansk,da
19306,Dansk,da
19307,English,en
1931,English,en
193103,English,en
19311,English,en
19312,English,en
19312,Pусский,ru
193154,Pусский,ru
19316,English,en
19316,普通话,zh
19317,English,en
193177,English,en
193212,עִבְרִית,he
193212,English,en
193212,Español,es
193216,Pусский,ru
19322,English,en
193229,ελληνικά,el
19323,English,en
19324,English,en
19325,Dansk,da
19325,English,en
19326,English,en
193284,English,en
193288,Pусский,ru
1933,Français,fr
1933,English,en
193315,English,en
193321,English,en
19333,日本語,ja
193346,English,en
193348,Polski,pl
19335,English,en
19336,日本語,ja
19338,English,en
193380,Français,fr
193387,English,en
1934,English,en
193411,No Language,xx
193418,Nederlands,nl
19342,English,en
193435,English,en
193439,English,en
19344,English,en
19345,English,en
193459,English,en
193460,English,en
19348,English,en
19349,English,en
19350,English,en
19350,Deutsch,de
193502,日本語,ja
193523,svenska,sv
19354,No Language,xx
193544,Türkçe,tr
193547,English,en
19357,English,en
19357,Español,es
193595,Deutsch,de
1936,English,en
193603,English,en
19361,English,en
19361,Pусский,ru
193610,English,en
193612,English,en
193613,English,en
19362,English,en
193638,English,en
193641,Italiano,it
193645,English,en
19365,English,en
193650,English,en
193652,English,en
19366,English,en
193661,English,en
193687,English,en
19369,English,en
1937,English,en
193704,English,en
19371,English,en
193717,한국어/조선말,ko
193722,日本語,ja
193726,العربية,ar
193726,English,en
193726,Français,fr
193726,Deutsch,de
193726,עִבְרִית,he
193726,日本語,ja
193726,Português,pt
19373,English,en
193732,Italiano,it
19375,English,en
193756,English,en
19378,English,en
193784,Italiano,it
19379,English,en
1938,English,en
19380,English,en
19380,Español,es
19381,English,en
19382,English,en
19383,English,en
19384,English,en
19386,English,en
19386,Français,fr
19386,Deutsch,de
193873,English,en
193878,English,en
193878,Español,es
193893,English,en
1939,English,en
19392,English,en
193959,English,en
193977,No Language,xx
19398,Nederlands,nl
19398,English,en
19398,Deutsch,de
19398,ภาษาไทย,th
194,Français,fr
194,Pусский,ru
1940,English,en
19400,Français,fr
19400,English,en
19403,English,en
194039,No Language,xx
19404,हिन्दी,hi
194040,No Language,xx
19405,English,en
194079,No Language,xx
194089,No Language,xx
194097,Italiano,it
1941,English,en
194101,English,en
194104,English,en
194113,English,en
194121,English,en
194126,Deutsch,de
194126,Français,fr
19413,Italiano,it
19414,English,en
194144,English,en
19415,English,en
19418,हिन्दी,hi
19419,English,en
1942,English,en
19422,English,en
19423,English,en
19425,English,en
19425,Français,fr
19426,Italiano,it
19429,English,en
19429,Deutsch,de
19430,Deutsch,de
194310,English,en
19433,English,en
19433,svenska,sv
19434,English,en
194393,English,en
1944,English,en
194407,English,en
19444,English,en
19445,English,en
19445,Français,fr
19446,English,en
19448,English,en
194481,English,en
194485,Italiano,it
1945,English,en
194509,English,en
194516,English,en
194523,广州话 / 廣州話,cn
194523,普通话,zh
194537,English,en
194548,ελληνικά,el
19457,English,en
19457,Español,es
19458,English,en
19458,Français,fr
19459,English,en
1946,English,en
19460,Español,es
19463,English,en
194662,English,en
1947,English,en
1947,Français,fr
194720,English,en
194722,English,en
1948,English,en
1948,Español,es
1948,한국어/조선말,ko
194817,English,en
19482,한국어/조선말,ko
19483,English,en
194853,Português,pt
19486,日本語,ja
194872,한국어/조선말,ko
194880,Français,fr
194883,suomi,fi
19489,English,en
19489,Italiano,it
19489,Português,pt
19489,Español,es
1949,English,en
19490,English,en
19490,Français,fr
19492,English,en
19493,English,en
19494,Français,fr
19494,English,en
19495,English,en
19495,қазақ,kk
19495,Română,ro
19496,English,en
19499,English,en
195,English,en
195,Italiano,it
1950,English,en
19501,English,en
195020,Italiano,it
195030,Français,fr
19505,English,en
195056,English,en
19506,日本語,ja
195065,Pусский,ru
195068,English,en
19507,English,en
19508,English,en
1951,English,en
19513,English,en
195204,suomi,fi
19525,English,en
195269,English,en
195276,한국어/조선말,ko
19528,广州话 / 廣州話,cn
19528,English,en
19528,Deutsch,de
195311,No Language,xx
195382,Italiano,it
1954,English,en
195405,English,en
19542,Pусский,ru
19542,English,en
19542,Français,fr
195423,Português,pt
19543,English,en
19545,日本語,ja
195450,Português,pt
19548,Français,fr
19548,Español,es
1955,English,en
195503,Pусский,ru
19551,English,en
19551,Deutsch,de
19552,Tiếng Việt,vi
195522,Español,es
19553,English,en
195535,No Language,xx
19554,English,en
195544,Italiano,it
19555,English,en
195557,No Language,xx
19556,English,en
195589,English,en
195590,Deutsch,de
195590,English,en
1956,English,en
19560,English,en
19562,shqip,sq
19562,English,en
19562,Français,fr
195651,English,en
195653,No Language,xx
19566,English,en
19568,English,en
1957,English,en
195732,No Language,xx
19575,English,en
195752,English,en
195757,English,en
195763,English,en
195763,普通话,zh
195768,Italiano,it
195796,English,en
1958,Français,fr
19580,English,en
195804,No Language,xx
195812,Italiano,it
19582,English,en
19583,English,en
195833,Español,es
195834,Latviešu,lv
195834,Deutsch,de
195834,Pусский,ru
195834,Français,fr
195834,English,en
195841,العربية,ar
195841,Français,fr
19585,English,en
195867,English,en
19587,English,en
1959,English,en
19590,English,en
195912,English,en
19592,English,en
19593,English,en
19594,English,en
19596,English,en
19597,Français,fr
19597,日本語,ja
19598,English,en
19599,English,en
196,English,en
19600,English,en
19600,Français,fr
19600,Português,pt
19600,Español,es
19601,English,en
196024,Dansk,da
196024,svenska,sv
196024,العربية,ar
196027,svenska,sv
196032,العربية,ar
196032,Hrvatski,hr
196032,English,en
196032,Español,es
196032,svenska,sv
19604,English,en
196044,No Language,xx
19606,English,en
196065,English,en
1961,English,en
19610,English,en
19611,广州话 / 廣州話,cn
19611,English,en
19611,普通话,zh
19614,English,en
19616,English,en
19616,हिन्दी,hi
19618,English,en
19620,हिन्दी,hi
19621,English,en
19621,Español,es
19623,हिन्दी,hi
196235,English,en
19624,हिन्दी,hi
19625,हिन्दी,hi
196253,English,en
196254,English,en
196257,English,en
196280,English,en
19629,English,en
1963,한국어/조선말,ko
196324,Español,es
196325,English,en
196325,普通话,zh
196355,English,en
196359,English,en
19636,हिन्दी,hi
19637,हिन्दी,hi
196398,Français,fr
1964,Deutsch,de
196421,Italiano,it
19644,한국어/조선말,ko
196446,English,en
196469,English,en
1965,العربية,ar
1965,English,en
196508,No Language,xx
19654,Français,fr
19657,हिन्दी,hi
19658,हिन्दी,hi
1966,English,en
19661,English,en
19662,English,en
196633,Pусский,ru
19664,English,en
196649,Pусский,ru
19665,English,en
19665,Français,fr
19666,English,en
19666,हिन्दी,hi
19666,اردو,ur
1967,English,en
19670,हिन्दी,hi
19670,Pусский,ru
19672,हिन्दी,hi
19673,Polski,pl
196738,English,en
19675,English,en
196750,日本語,ja
19676,English,en
19676,Deutsch,de
196761,English,en
196761,日本語,ja
196784,English,en
196784,Deutsch,de
196789,English,en
1968,English,en
196802,Český,cs
196802,English,en
196802,Español,es
196830,English,en
196847,Italiano,it
196852,हिन्दी,hi
196862,English,en
196867,English,en
19688,English,en
1969,English,en
1969,Español,es
196907,Français,fr
196918,Français,fr
19698,English,en
197,English,en
197,Français,fr
197,Latin,la
197,"",gd
1970,English,en
1970,日本語,ja
19703,हिन्दी,hi
197033,English,en
197053,Deutsch,de
197053,Português,pt
197057,Pусский,ru
197082,Deutsch,de
197082,Français,fr
197089,English,en
197089,Français,fr
197089,Italiano,it
19713,English,en
19715,English,en
197175,Deutsch,de
197177,Italiano,it
19719,English,en
197210,Pусский,ru
19723,English,en
19724,English,en
19725,English,en
19727,Español,es
19727,English,en
197276,English,en
19728,Český,cs
19728,English,en
197297,Türkçe,tr
19731,English,en
197335,Italiano,it
19736,English,en
197366,Pусский,ru
19738,日本語,ja
19740,English,en
19742,日本語,ja
19742,普通话,zh
19742,"",tl
197467,English,en
197481,English,en
197489,English,en
197491,English,en
1975,English,en
1975,日本語,ja
1975,Pусский,ru
197528,svenska,sv
19753,English,en
19754,English,en
197562,বাংলা,bn
197563,Français,fr
197563,English,en
197563,Italiano,it
19757,Český,cs
197583,English,en
197583,Français,fr
19759,Český,cs
197592,English,en
197599,English,en
1976,English,en
1976,Français,fr
19760,English,en
197602,English,en
19761,English,en
197611,English,en
19762,English,en
197624,English,en
197626,English,en
197647,English,en
19765,Český,cs
19765,Deutsch,de
19765,Pусский,ru
19766,English,en
197696,English,en
1977,English,en
1977,日本語,ja
1977,Polski,pl
197725,English,en
197737,English,en
197772,Français,fr
197785,English,en
197788,English,en
197796,English,en
197796,Français,fr
1978,English,en
197849,Magyar,hu
197854,日本語,ja
1979,English,en
1979,日本語,ja
1979,العربية,ar
1979,普通话,zh
197919,English,en
19792,English,en
197926,English,en
197936,Français,fr
197936,English,en
19794,English,en
197950,Français,fr
19797,English,en
198,English,en
19803,English,en
198044,Deutsch,de
198057,English,en
198062,English,en
19809,English,en
19812,Dansk,da
198130,Français,fr
198143,English,en
198146,English,en
198171,English,en
198176,English,en
198182,English,en
198184,English,en
198185,हिन्दी,hi
198185,English,en
19819,English,en
198200,English,en
198204,English,en
198210,English,en
198214,English,en
198225,日本語,ja
198227,English,en
19823,English,en
19824,English,en
198240,English,en
19827,English,en
198277,English,en
19828,English,en
198287,English,en
19829,English,en
198307,English,en
198311,Français,fr
198311,Italiano,it
198312,English,en
198317,English,en
198326,English,en
19833,English,en
198342,English,en
19837,English,en
198375,日本語,ja
198391,English,en
1984,English,en
19840,English,en
198436,Dansk,da
19844,English,en
198450,Português,pt
19846,English,en
198460,Pусский,ru
198466,Français,fr
19848,English,en
198491,English,en
1985,Deutsch,de
1985,English,en
1985,Italiano,it
1985,Kiswahili,sw
19850,English,en
19851,English,en
19851,Magyar,hu
198511,Deutsch,de
198518,English,en
198518,Español,es
198521,English,en
19855,English,en
198558,Italiano,it
198567,বাংলা,bn
1986,"",am
1986,Français,fr
1986,עִבְרִית,he
198600,English,en
198646,English,en
198646,Deutsch,de
198652,English,en
198661,Italiano,it
198663,English,en
198667,English,en
198667,Deutsch,de
198677,English,en
198677,Polski,pl
1987,العربية,ar
1987,English,en
1987,Français,fr
1987,Deutsch,de
19874,English,en
19877,Italiano,it
19877,日本語,ja
198772,Italiano,it
198783,svenska,sv
198783,Latin,la
198783,Norsk,no
198795,Español,es
1988,English,en
1988,Français,fr
1988,اردو,ur
198820,Español,es
19884,日本語,ja
19887,हिन्दी,hi
198890,ελληνικά,el
1989,English,en
19893,English,en
198951,Pусский,ru
19898,English,en
19898,Tiếng Việt,vi
19898,Deutsch,de
19899,English,en
198993,日本語,ja
199,English,en
1990,English,en
19900,English,en
19901,English,en
19904,English,en
19905,English,en
199072,English,en
19908,English,en
1991,English,en
19912,English,en
19913,English,en
19913,Français,fr
19913,svenska,sv
199151,English,en
199155,English,en
199160,తెలుగు,te
199177,български език,bg
199177,Deutsch,de
199177,ελληνικά,el
199177,Español,es
19918,English,en
1992,English,en
199206,Română,ro
199219,Polski,pl
199222,Italiano,it
199273,Italiano,it
199283,Pусский,ru
19929,English,en
19929,Deutsch,de
199291,English,en
1993,Français,fr
1993,Italiano,it
19931,广州话 / 廣州話,cn
19931,English,en
19931,Français,fr
19931,普通话,zh
199327,Pусский,ru
19933,Nederlands,nl
19933,English,en
19933,Polski,pl
199341,English,en
199341,Français,fr
199341,Deutsch,de
199341,Italiano,it
19936,Deutsch,de
19936,Polski,pl
19936,Pусский,ru
19936,Español,es
199373,English,en
199374,Dansk,da
19939,普通话,zh
1994,Pусский,ru
1994,English,en
199415,English,en
199415,Español,es
199420,English,en
199423,English,en
199456,العربية,ar
19946,Italiano,it
19946,Português,pt
199463,svenska,sv
19947,English,en
1995,English,en
19950,हिन्दी,hi
19951,हिन्दी,hi
19952,English,en
19953,English,en
199534,Deutsch,de
199534,English,en
19955,Français,fr
199556,English,en
199565,English,en
19957,English,en
199571,English,en
199575,English,en
199578,English,en
19958,English,en
199584,한국어/조선말,ko
19959,English,en
19959,Français,fr
199591,English,en
199591,العربية,ar
1996,English,en
1996,普通话,zh
199602,Dansk,da
199602,English,en
199602,Slovenščina,sl
19961,日本語,ja
199615,Deutsch,de
199615,Magyar,hu
19962,English,en
19962,Português,pt
19963,Français,fr
199644,Český,cs
199647,English,en
199647,Deutsch,de
19965,English,en
199655,Română,ro
199661,Français,fr
19968,English,en
199687,Pусский,ru
199687,हिन्दी,hi
19969,Deutsch,de
1997,English,en
1997,Français,fr
1997,ภาษาไทย,th
19971,English,en
199715,Español,es
199715,English,en
19972,English,en
19972,Español,es
19973,English,en
19974,English,en
199740,svenska,sv
19975,English,en
199753,English,en
19976,Français,fr
19978,தமிழ்,ta
199782,English,en
199782,Italiano,it
1998,English,en
1998,Français,fr
1998,Italiano,it
1998,"",km
19980,हिन्दी,hi
199818,English,en
199851,Español,es
199879,English,en
199883,Português,pt
199887,English,en
19989,English,en
19989,Español,es
1999,"",sh
1999,English,en
199916,Nederlands,nl
199925,日本語,ja
199929,English,en
19993,Español,es
19993,English,en
199933,English,en
199934,Dansk,da
19994,Español,es
19994,English,en
19995,English,en
19995,Español,es
19996,English,en
19997,English,en
199977,Français,fr
19998,English,en
19998,Español,es
199985,Italiano,it
19999,English,en
2,suomi,fi
2,Deutsch,de
20,English,en
200,English,en
2000,Deutsch,de
2000,Español,es
20000,English,en
200016,Magyar,hu
20002,Deutsch,de
20002,हिन्दी,hi
20003,English,en
20003,Italiano,it
20004,English,en
200044,English,en
200051,English,en
20006,English,en
200063,English,en
200066,Italiano,it
20007,English,en
200085,한국어/조선말,ko
20009,English,en
2001,English,en
2001,Pусский,ru
20012,English,en
200145,日本語,ja
20015,Español,es
200157,English,en
200157,Deutsch,de
20016,English,en
20017,Deutsch,de
2002,Français,fr
20021,English,en
200236,English,en
20024,English,en
20024,Français,fr
20025,English,en
20025,Italiano,it
20027,हिन्दी,hi
20028,English,en
200281,Español,es
2003,Français,fr
20032,English,en
200324,English,en
20033,English,en
20034,English,en
200358,日本語,ja
20036,English,en
200383,English,en
200383,Français,fr
200390,English,en
2004,Deutsch,de
2004,ελληνικά,el
2004,Türkçe,tr
20043,日本語,ja
20044,日本語,ja
200445,English,en
200447,English,en
200450,English,en
200462,English,en
20047,English,en
20048,English,en
20048,suomi,fi
200481,No Language,xx
200487,Deutsch,de
200487,普通话,zh
200487,English,en
20049,தமிழ்,ta
2005,English,en
200505,English,en
20051,English,en
200511,English,en
20053,English,en
200547,No Language,xx
200548,isiZulu,zu
200548,English,en
200548,Afrikaans,af
200549,Deutsch,de
200549,English,en
20055,English,en
200574,English,en
200580,English,en
2006,English,en
2006,Français,fr
20064,English,en
200645,Français,fr
20065,English,en
20065,Italiano,it
200654,English,en
200655,English,en
20066,English,en
20067,English,en
20069,Italiano,it
2007,English,en
2007,Français,fr
2007,Magyar,hu
20071,Español,es
200713,Français,fr
20072,Français,fr
200727,English,en
20075,English,en
20077,English,en
20077,Français,fr
2008,English,en
2008,Deutsch,de
2008,普通话,zh
200813,English,en
200823,Français,fr
20083,日本語,ja
20083,普通话,zh
20083,广州话 / 廣州話,cn
20083,English,en
200862,English,en
200863,Italiano,it
200867,Italiano,it
20088,Norsk,no
20089,日本語,ja
2009,Română,ro
200918,English,en
20092,हिन्दी,hi
200938,한국어/조선말,ko
20096,English,en
20096,Français,fr
201,English,en
2010,日本語,ja
201006,English,en
201010,Français,fr
201018,Français,fr
20105,No Language,xx
20106,Français,fr
201066,English,en
20107,English,en
20108,Français,fr
20108,Latin,la
201085,English,en
201086,Español,es
201086,English,en
201086,فارسی,fa
201088,English,en
201088,Italiano,it
201088,普通话,zh
201088,Español,es
201099,广州话 / 廣州話,cn
2011,English,en
2011,Français,fr
2011,Deutsch,de
2011,فارسی,fa
20110,English,en
201124,suomi,fi
201132,English,en
20115,Italiano,it
2012,English,en
2012,Français,fr
2012,Español,es
20120,English,en
20121,English,en
20122,Magyar,hu
201223,日本語,ja
20123,Bosanski,bs
20123,English,en
20123,Italiano,it
20126,Italiano,it
20127,English,en
201277,Italiano,it
201277,Español,es
20128,English,en
20128,Deutsch,de
20128,Magyar,hu
20128,Srpski,sr
201283,English,en
201284,English,en
2013,Français,fr
20132,Deutsch,de
20132,हिन्दी,hi
201350,English,en
201361,English,en
201365,English,en
201386,Nederlands,nl
20139,English,en
2014,English,en
2014,Deutsch,de
2014,Türkçe,tr
201414,日本語,ja
201419,English,en
201429,Deutsch,de
201430,English,en
20145,हिन्दी,hi
20147,English,en
20148,English,en
201485,English,en
2015,한국어/조선말,ko
20152,Íslenska,is
20153,English,en
201550,English,en
20156,English,en
20156,עִבְרִית,he
201561,English,en
20158,suomi,fi
201581,English,en
2016,العربية,ar
2016,Français,fr
20160,suomi,fi
20162,suomi,fi
20163,suomi,fi
201633,No Language,xx
20164,suomi,fi
201676,English,en
201695,English,en
2017,English,en
201703,English,en
20171,Español,es
20171,English,en
201724,English,en
201729,English,en
201729,Pусский,ru
20173,English,en
20174,English,en
201749,English,en
201749,Français,fr
201752,العربية,ar
201752,Français,fr
201759,Français,fr
201765,Español,es
20177,English,en
201777,English,en
20178,English,en
2018,English,en
20181,English,en
20182,English,en
201847,English,en
20186,English,en
20187,English,en
2019,English,en
201913,English,en
20196,English,en
20197,English,en
2020,English,en
20200,Français,fr
202043,English,en
20205,English,en
2021,English,en
20210,English,en
20211,English,en
202125,English,en
202140,Italiano,it
202141,English,en
20216,English,en
202171,English,en
202198,English,en
2022,English,en
20220,Français,fr
20221,Español,es
202214,English,en
202215,Français,fr
202220,普通话,zh
20223,Español,es
202238,Español,es
202239,Pусский,ru
20224,English,en
202241,English,en
202244,English,en
202253,Italiano,it
20226,Nederlands,nl
20227,English,en
2023,English,en
202337,English,en
20236,English,en
20238,English,en
20239,English,en
2024,English,en
20242,English,en
202425,Français,fr
202436,English,en
202456,Español,es
20246,English,en
202475,English,en
202495,Íslenska,is
202515,普通话,zh
202570,עִבְרִית,he
202573,svenska,sv
202575,Deutsch,de
202575,Français,fr
202575,English,en
202587,English,en
2026,English,en
20263,English,en
202637,English,en
202639,English,en
202662,Magyar,hu
20268,Português,pt
20270,English,en
20271,Italiano,it
202727,English,en
202764,ελληνικά,el
202768,Deutsch,de
202768,Srpski,sr
20277,English,en
20278,Español,es
20278,English,en
2028,English,en
20283,English,en
202831,English,en
202839,Deutsch,de
20287,English,en
20287,Español,es
202885,日本語,ja
20289,English,en
2029,Français,fr
20294,हिन्दी,hi
202941,English,en
20296,हिन्दी,hi
202960,English,en
202973,English,en
20298,English,en
202980,Français,fr
202984,English,en
202984,"",bo
203,English,en
203,Italiano,it
20301,English,en
20302,English,en
203024,English,en
20304,English,en
20305,English,en
203059,English,en
20306,English,en
203060,suomi,fi
203062,suomi,fi
203062,Norsk,no
20307,English,en
203071,日本語,ja
203072,suomi,fi
20308,English,en
20309,English,en
20310,English,en
20311,English,en
203119,English,en
20312,English,en
20316,Français,fr
20316,Español,es
203179,English,en
20318,English,en
20318,Deutsch,de
20318,"",yi
203182,English,en
203186,English,en
20321,Français,fr
20321,English,en
203217,Português,pt
20322,English,en
203226,Français,fr
20323,English,en
20324,English,en
20325,English,en
203252,English,en
203252,Français,fr
203252,Italiano,it
203264,English,en
203273,English,en
20329,日本語,ja
2033,English,en
20330,English,en
20332,English,en
203321,English,en
20333,English,en
20334,English,en
203351,English,en
20337,English,en
20339,English,en
2034,English,en
2034,Pусский,ru
2034,Español,es
2034,한국어/조선말,ko
20342,English,en
20342,普通话,zh
20343,English,en
20345,Italiano,it
20347,日本語,ja
20348,English,en
20352,English,en
203534,English,en
203539,Deutsch,de
20357,English,en
20359,हिन्दी,hi
20360,Italiano,it
20360,हिन्दी,hi
20361,Italiano,it
20362,English,en
20362,Italiano,it
20364,हिन्दी,hi
203665,العربية,ar
203665,Français,fr
20367,English,en
203696,English,en
203715,Français,fr
20372,Norsk,no
203720,Pусский,ru
203739,English,en
20375,suomi,fi
203766,English,en
20378,English,en
203780,Pусский,ru
20379,日本語,ja
20379,English,en
20379,Français,fr
20379,Italiano,it
20379,Português,pt
203793,Deutsch,de
203793,Pусский,ru
2038,English,en
203801,Italiano,it
203801,English,en
203801,Pусский,ru
203801,Deutsch,de
20381,English,en
203819,English,en
20382,English,en
203833,English,en
203833,Deutsch,de
203834,English,en
203835,English,en
20388,Nederlands,nl
203888,Italiano,it
20389,Dansk,da
20389,English,en
20389,فارسی,fa
203890,English,en
2039,English,en
20390,हिन्दी,hi
203901,English,en
20391,English,en
20391,Español,es
203912,English,en
204,Français,fr
204,English,en
204,Español,es
204,Italiano,it
204,Deutsch,de
204007,Español,es
204016,English,en
204040,English,en
20405,English,en
204051,한국어/조선말,ko
204053,日本語,ja
20406,English,en
20406,Deutsch,de
20406,Pусский,ru
20406,Español,es
20407,English,en
20408,English,en
204082,English,en
204090,English,en
204095,English,en
20410,English,en
20411,English,en
204113,Magyar,hu
204128,svenska,sv
20413,हिन्दी,hi
20414,Italiano,it
20416,Français,fr
20416,English,en
20417,English,en
2042,English,en
2042,Français,fr
2042,"",sh
20421,English,en
204213,العربية,ar
204213,Français,fr
20423,English,en
20424,English,en
204255,English,en
204260,한국어/조선말,ko
204269,English,en
2043,English,en
2043,Pусский,ru
20430,English,en
20431,日本語,ja
20432,English,en
204342,日本語,ja
204344,English,en
204349,English,en
20435,English,en
20436,Český,cs
20436,English,en
204372,Español,es
20438,English,en
204384,Français,fr
204384,Deutsch,de
20439,English,en
2044,English,en
20441,English,en
20441,Polski,pl
20442,English,en
20443,English,en
204435,हिन्दी,hi
204435,Pусский,ru
204435,తెలుగు,te
204436,Français,fr
204436,English,en
20444,Español,es
20444,English,en
20449,Pусский,ru
2045,English,en
204506,Español,es
20453,English,en
20453,हिन्दी,hi
20454,हिन्दी,hi
20455,Deutsch,de
20455,English,en
204553,한국어/조선말,ko
20457,English,en
20458,Dansk,da
204582,English,en
2046,English,en
204611,English,en
20465,English,en
204668,Deutsch,de
204668,Français,fr
20468,English,en
204686,English,en
204690,Pусский,ru
2047,English,en
204709,Français,fr
20471,English,en
204712,Deutsch,de
20472,English,en
20473,English,en
204737,English,en
204755,日本語,ja
204762,Français,fr
204765,Français,fr
204768,العربية,ar
204768,Français,fr
20478,English,en
204784,English,en
2048,English,en
204800,English,en
204802,Pусский,ru
20481,English,en
204810,Deutsch,de
204810,עִבְרִית,he
204810,English,en
20482,English,en
20483,English,en
2049,English,en
204904,English,en
204912,English,en
204922,English,en
20493,हिन्दी,hi
20494,हिन्दी,hi
20495,हिन्दी,hi
204965,Deutsch,de
204968,English,en
204968,Polski,pl
204968,Pусский,ru
20497,English,en
20499,English,en
204994,English,en
204997,English,en
205,English,en
205,Français,fr
205004,English,en
205004,Deutsch,de
205017,हिन्दी,hi
205022,हिन्दी,hi
205022,தமிழ்,ta
20504,English,en
205054,English,en
20506,日本語,ja
20507,हिन्दी,hi
205076,English,en
20511,English,en
20511,Español,es
20513,English,en
20520,English,en
20520,普通话,zh
20521,English,en
205220,English,en
205221,English,en
205225,English,en
205236,Español,es
20525,日本語,ja
20526,English,en
205263,English,en
20527,日本語,ja
20528,日本語,ja
20529,English,en
20530,日本語,ja
20531,日本語,ja
20532,日本語,ja
205321,English,en
20533,English,en
20534,हिन्दी,hi
205349,Deutsch,de
205349,Italiano,it
20536,English,en
20537,English,en
20539,English,en
2054,English,en
20540,English,en
20540,Deutsch,de
20540,Español,es
205410,English,en
20542,English,en
20542,Polski,pl
20543,English,en
20544,English,en
20545,English,en
20546,English,en
205463,English,en
205463,Français,fr
205466,English,en
20548,suomi,fi
205481,English,en
2055,English,en
20553,English,en
205557,Italiano,it
20556,English,en
20558,English,en
205584,English,en
205587,English,en
205588,Pусский,ru
205588,English,en
205588,Français,fr
205596,English,en
2056,English,en
205601,English,en
205608,English,en
20561,English,en
20562,English,en
20564,English,en
20565,English,en
20567,English,en
20567,日本語,ja
205673,English,en
2057,English,en
2057,Deutsch,de
2057,日本語,ja
2057,Latin,la
2057,Español,es
205724,English,en
205749,English,en
205775,English,en
2058,English,en
205818,English,en
205819,English,en
205819,Magyar,hu
205819,Română,ro
205819,Deutsch,de
20583,English,en
205864,ελληνικά,el
205865,Polski,pl
205891,English,en
205891,Français,fr
2059,Latin,la
2059,English,en
2059,Español,es
205908,Český,cs
20591,English,en
205939,English,en
205943,English,en
20595,English,en
20595,Deutsch,de
20595,Magyar,hu
205985,English,en
206,English,en
206018,Español,es
206034,English,en
20604,English,en
206042,English,en
206042,Deutsch,de
20605,Deutsch,de
20605,한국어/조선말,ko
206052,English,en
20606,English,en
20607,Español,es
206099,English,en
2061,Dansk,da
206145,English,en
206155,日本語,ja
20616,English,en
20618,English,en
206183,English,en
206188,English,en
206192,English,en
206197,English,en
2062,English,en
20620,English,en
20622,हिन्दी,hi
20623,हिन्दी,hi
206237,Deutsch,de
20625,English,en
20626,Français,fr
206260,普通话,zh
206277,English,en
20628,English,en
206284,English,en
206289,English,en
206289,Français,fr
20629,Český,cs
206292,Español,es
206296,English,en
206324,हिन्दी,hi
206328,English,en
20637,English,en
206377,English,en
20638,English,en
2064,English,en
20640,English,en
206408,Français,fr
206408,English,en
206408,Español,es
206408,广州话 / 廣州話,cn
206408,"",yi
20641,English,en
20642,English,en
20643,English,en
20644,English,en
20645,日本語,ja
20646,日本語,ja
206461,日本語,ja
20648,English,en
206480,English,en
206487,English,en
20649,English,en
20650,No Language,xx
20651,हिन्दी,hi
206514,English,en
20656,हिन्दी,hi
206563,English,en
206563,Português,pt
206574,Deutsch,de
206581,No Language,xx
206591,English,en
20661,Dansk,da
20662,English,en
20662,ภาษาไทย,th
20663,English,en
206630,English,en
206647,Français,fr
206647,English,en
206647,Español,es
206647,Italiano,it
206647,Deutsch,de
206648,Pусский,ru
206657,English,en
206657,svenska,sv
20668,English,en
2067,English,en
206725,Español,es
20674,English,en
20675,English,en
20676,English,en
20678,English,en
206789,বাংলা,bn
20679,English,en
206796,普通话,zh
20681,English,en
20682,English,en
206821,English,en
20683,日本語,ja
20684,English,en
206851,हिन्दी,hi
20688,Deutsch,de
20689,English,en
20689,"",qu
20689,Español,es
206899,日本語,ja
2069,English,en
2069,Français,fr
2069,Español,es
20693,Español,es
20694,English,en
20695,English,en
206953,English,en
20697,English,en
206997,English,en
207,English,en
20700,English,en
20701,English,en
207021,English,en
20704,English,en
2071,English,en
20712,English,en
20713,English,en
20714,"",ce
20714,Český,cs
20714,Pусский,ru
20715,English,en
207178,English,en
20718,English,en
20718,Español,es
20719,Polski,pl
2072,English,en
20720,Español,es
20720,English,en
20721,English,en
20721,Português,pt
20722,日本語,ja
20722,No Language,xx
20723,English,en
20726,English,en
207260,English,en
207270,English,en
207273,English,en
20731,हिन्दी,hi
207323,Dansk,da
20735,English,en
20735,Français,fr
20737,English,en
2074,English,en
207402,English,en
20742,हिन्दी,hi
207441,English,en
207454,English,en
207459,English,en
207475,English,en
2075,English,en
20755,English,en
207558,English,en
20756,English,en
20758,Italiano,it
20758,English,en
20759,English,en
20760,English,en
20761,English,en
20761,Français,fr
20762,Italiano,it
20762,English,en
20763,English,en
20764,English,en
20764,Español,es
207641,English,en
207649,English,en
207649,"",ml
207655,Slovenščina,sl
20766,English,en
207680,English,en
207681,English,en
207686,Español,es
20769,हिन्दी,hi
207699,English,en
2077,English,en
20770,English,en
207703,English,en
207720,Pусский,ru
207752,English,en
20776,English,en
207766,English,en
207768,български език,bg
207768,English,en
207769,English,en
20777,English,en
207774,English,en
20778,Français,fr
207780,English,en
2078,English,en
20781,English,en
20782,English,en
20784,English,en
20785,English,en
207850,English,en
20787,Türkçe,tr
207871,English,en
20789,English,en
20789,Deutsch,de
2079,English,en
207909,Polski,pl
207932,English,en
207933,English,en
207936,English,en
207937,English,en
20794,English,en
2080,English,en
20802,English,en
208028,English,en
20803,Pусский,ru
208035,English,en
208039,English,en
20806,English,en
208091,English,en
20811,广州话 / 廣州話,cn
20811,English,en
20813,Italiano,it
20813,English,en
20813,Français,fr
208134,English,en
20815,English,en
20815,Deutsch,de
208173,Español,es
208182,English,en
208198,Deutsch,de
2082,English,en
208242,English,en
20825,English,en
20825,Polski,pl
208277,Deutsch,de
208284,Dansk,da
208284,Français,fr
20829,English,en
208305,Français,fr
208309,Polski,pl
20832,हिन्दी,hi
208327,日本語,ja
208333,English,en
208366,Deutsch,de
20837,English,en
2084,English,en
2084,Pусский,ru
20842,English,en
208429,日本語,ja
208431,ελληνικά,el
208434,English,en
208436,Slovenčina,sk
208447,Español,es
20846,English,en
20846,普通话,zh
20847,Pусский,ru
208478,English,en
20848,Pусский,ru
20849,English,en
2085,English,en
2085,普通话,zh
20850,English,en
20850,Deutsch,de
208529,English,en
20853,English,en
208556,Deutsch,de
20856,English,en
20857,English,en
208579,"",tl
20858,English,en
20858,Deutsch,de
20858,Español,es
20859,English,en
2086,English,en
20860,English,en
20861,English,en
20862,English,en
20863,English,en
2087,English,en
20870,Pусский,ru
208700,日本語,ja
20871,Pусский,ru
20873,Pусский,ru
20874,ქართული,ka
20874,Pусский,ru
20875,Pусский,ru
20876,English,en
208763,English,en
208763,Pусский,ru
20878,Pусский,ru
208783,Pусский,ru
20879,Pусский,ru
2088,English,en
20880,English,en
20882,Český,cs
20882,Pусский,ru
20883,Český,cs
20883,Pусский,ru
20884,Pусский,ru
20885,Pусский,ru
20886,Pусский,ru
208869,English,en
2089,English,en
2089,Deutsch,de
20891,Pусский,ru
20893,English,en
20894,Pусский,ru
208947,English,en
208968,English,en
20898,Pусский,ru
208982,English,en
208988,English,en
20899,Pусский,ru
209032,Deutsch,de
209032,日本語,ja
209049,普通话,zh
20907,English,en
20907,Magyar,hu
209091,English,en
2091,English,en
209103,Français,fr
209103,English,en
209112,English,en
20912,English,en
20912,Deutsch,de
20912,Español,es
20914,Italiano,it
20916,हिन्दी,hi
209185,English,en
209189,English,en
20919,English,en
209204,English,en
209209,Dansk,da
20921,日本語,ja
209232,Deutsch,de
209244,English,en
209247,English,en
209248,Deutsch,de
209249,Français,fr
209249,English,en
209251,Română,ro
209251,Español,es
209262,English,en
209263,English,en
209266,Deutsch,de
209266,English,en
209266,Français,fr
209266,العربية,ar
209269,English,en
20927,English,en
209271,English,en
209274,Polski,pl
209276,English,en
209282,Français,fr
209282,Italiano,it
20929,हिन्दी,hi
209293,English,en
209293,Français,fr
2093,普通话,zh
2093,English,en
2093,Español,es
2093,Nederlands,nl
20931,हिन्दी,hi
209312,বাংলা,bn
20932,Pусский,ru
20934,Pусский,ru
209350,English,en
209355,Français,fr
209355,Magyar,hu
209361,English,en
209367,English,en
209379,English,en
209385,Italiano,it
209385,Polski,pl
2094,English,en
209401,English,en
209403,English,en
209406,English,en
20941,Español,es
209410,हिन्दी,hi
209413,Italiano,it
209414,Nederlands,nl
209415,Español,es
209416,English,en
20942,English,en
20942,日本語,ja
20943,English,en
209440,Español,es
20945,English,en
209451,English,en
20946,Pусский,ru
20947,Pусский,ru
20949,Pусский,ru
2095,English,en
2095,Latin,la
209504,English,en
209556,English,en
20963,Pусский,ru
209645,English,en
20967,Français,fr
20967,English,en
20968,हिन्दी,hi
209686,suomi,fi
20969,한국어/조선말,ko
2097,日本語,ja
20975,Pусский,ru
209764,한국어/조선말,ko
20977,Pусский,ru
20978,Français,fr
209780,English,en
209799,English,en
2098,English,en
20980,English,en
209802,English,en
20981,English,en
20983,English,en
20983,Français,fr
209840,普通话,zh
20986,日本語,ja
2099,English,en
209901,English,en
20992,Pусский,ru
209920,English,en
209921,Français,fr
20993,English,en
20993,Pусский,ru
20993,Український,uk
20994,English,en
20994,Pусский,ru
20995,Deutsch,de
20995,svenska,sv
20996,English,en
21,English,en
2100,English,en
21001,English,en
210019,English,en
210024,English,en
210041,English,en
210047,English,en
210052,Deutsch,de
210059,English,en
210068,हिन्दी,hi
210079,Italiano,it
210079,Slovenščina,sl
210092,English,en
210126,No Language,xx
21013,svenska,sv
21014,English,en
21014,עִבְרִית,he
210183,English,en
2102,English,en
210234,"",tl
21024,English,en
210250,English,en
21026,Srpski,sr
21027,English,en
210274,English,en
21028,Pусский,ru
210288,English,en
21029,English,en
2103,English,en
21030,English,en
21032,English,en
210320,Nederlands,nl
21033,English,en
21035,English,en
21035,Nederlands,nl
21036,日本語,ja
210365,Bosanski,bs
21038,English,en
21039,English,en
2104,Français,fr
21040,svenska,sv
210408,Türkçe,tr
21041,Nederlands,nl
21041,English,en
21041,Français,fr
21041,Deutsch,de
21041,svenska,sv
21042,"",sh
21043,Español,es
21044,English,en
210479,English,en
210487,Polski,pl
2105,English,en
21052,English,en
21055,English,en
21056,English,en
21057,日本語,ja
210577,English,en
21058,普通话,zh
21060,English,en
210609,English,en
210615,Français,fr
21062,Français,fr
21062,Deutsch,de
21062,Italiano,it
210624,English,en
210653,Español,es
210691,English,en
2107,English,en
21070,Français,fr
210708,日本語,ja
21072,svenska,sv
210728,English,en
21073,Deutsch,de
210734,English,en
210737,"",ml
210737,"",ne
210769,English,en
210777,English,en
210777,Pусский,ru
2108,English,en
210860,English,en
2109,English,en
210908,English,en
210910,English,en
210911,广州话 / 廣州話,cn
210913,Deutsch,de
210923,हिन्दी,hi
210937,English,en
210938,English,en
210940,English,en
210947,Italiano,it
210947,English,en
210947,Français,fr
210966,普通话,zh
211,Deutsch,de
2110,Français,fr
2110,日本語,ja
2110,Pусский,ru
211005,Dansk,da
211017,No Language,xx
211024,English,en
211052,ελληνικά,el
211059,ελληνικά,el
211065,English,en
211067,English,en
211076,English,en
211078,English,en
211085,English,en
211086,हिन्दी,hi
211088,English,en
211088,Italiano,it
211088,Polski,pl
2111,普通话,zh
211125,English,en
211139,Italiano,it
211139,Español,es
211144,English,en
21115,Deutsch,de
21115,日本語,ja
21115,한국어/조선말,ko
211158,Deutsch,de
211166,English,en
211166,Português,pt
21118,English,en
2112,English,en
211220,English,en
211222,English,en
211233,suomi,fi
211247,한국어/조선말,ko
211256,日本語,ja
21128,English,en
21131,English,en
21131,Español,es
211317,English,en
211317,日本語,ja
211317,Italiano,it
21132,English,en
211331,English,en
21135,English,en
21135,Deutsch,de
21135,Italiano,it
21136,日本語,ja
21137,English,en
21138,English,en
211387,English,en
2114,English,en
21141,English,en
21142,English,en
21143,English,en
21145,Français,fr
21147,Español,es
21147,English,en
21148,English,en
2115,English,en
211505,Türkçe,tr
211528,English,en
21153,English,en
21156,Český,cs
211579,한국어/조선말,ko
211587,English,en
211587,Français,fr
21159,English,en
2116,English,en
21167,Nederlands,nl
211672,English,en
21168,English,en
2117,Deutsch,de
211711,普通话,zh
211714,Español,es
211729,English,en
21173,English,en
21175,English,en
21175,हिन्दी,hi
211755,日本語,ja
21176,English,en
21179,English,en
211798,English,en
2118,English,en
21181,English,en
21182,English,en
21183,English,en
211830,English,en
211845,English,en
21185,English,en
211879,Eesti,et
21189,English,en
21189,Français,fr
21189,Español,es
2119,English,en
21191,Polski,pl
21191,Español,es
211914,English,en
211928,Pусский,ru
21193,Français,fr
211930,shqip,sq
211930,ελληνικά,el
21194,Español,es
211954,Español,es
211954,English,en
21198,English,en
21198,Français,fr
212,English,en
212,Deutsch,de
21200,Français,fr
21202,Italiano,it
212051,हिन्दी,hi
212058,English,en
212063,English,en
21208,English,en
21208,Eesti,et
21208,Français,fr
21210,हिन्दी,hi
21210,"",ml
21210,தமிழ்,ta
21214,English,en
212156,日本語,ja
212162,日本語,ja
212167,日本語,ja
212168,日本語,ja
21219,English,en
21219,Français,fr
21219,Deutsch,de
21219,Español,es
2122,English,en
2122,עִבְרִית,he
2122,Magyar,hu
21220,English,en
212231,English,en
212270,English,en
2123,English,en
2123,Deutsch,de
21231,English,en
21236,English,en
2124,Český,cs
2124,English,en
21240,English,en
21241,Deutsch,de
21241,English,en
21242,English,en
21242,Français,fr
21242,Español,es
21244,suomi,fi
21245,suomi,fi
212455,English,en
212455,Polski,pl
21246,English,en
212470,English,en
212481,English,en
212494,English,en
2125,English,en
21250,English,en
21250,Deutsch,de
21250,svenska,sv
212503,Deutsch,de
212508,English,en
21251,English,en
21252,English,en
21253,English,en
21253,Português,pt
212530,Deutsch,de
21256,English,en
21259,English,en
212606,Gaeilge,ga
212606,Norsk,no
212606,svenska,sv
212622,English,en
212640,普通话,zh
21265,हिन्दी,hi
21266,Dansk,da
21266,English,en
212713,English,en
212716,English,en
212721,English,en
212747,English,en
212748,English,en
212752,English,en
212753,English,en
212754,हिन्दी,hi
212756,English,en
212756,Français,fr
212756,"",gd
212762,English,en
212769,English,en
212778,English,en
212778,Español,es
21282,Dansk,da
212836,Español,es
212843,English,en
212846,English,en
212849,English,en
212865,English,en
212899,English,en
21290,English,en
21291,English,en
212926,English,en
212927,English,en
21293,English,en
212934,English,en
21294,English,en
21295,English,en
212950,English,en
21296,English,en
21296,Español,es
212967,English,en
21297,हिन्दी,hi
21299,English,en
212994,English,en
212996,广州话 / 廣州話,cn
213,English,en
21301,English,en
213015,广州话 / 廣州話,cn
213015,普通话,zh
21309,English,en
213095,Italiano,it
21311,English,en
213110,English,en
213121,English,en
21316,English,en
21317,English,en
2132,English,en
213204,English,en
21323,English,en
21323,Français,fr
21323,Deutsch,de
21323,Español,es
21325,日本語,ja
21325,Pусский,ru
2133,English,en
21332,English,en
213321,Pусский,ru
21334,فارسی,fa
213342,Deutsch,de
21335,Deutsch,de
21335,English,en
21335,Français,fr
21336,English,en
213373,Português,pt
21338,English,en
213386,Deutsch,de
213386,Português,pt
2134,English,en
213417,English,en
21343,English,en
21344,English,en
213443,English,en
21345,English,en
21345,Deutsch,de
21345,日本語,ja
21345,普通话,zh
21348,Français,fr
21349,English,en
213496,English,en
2135,English,en
21352,English,en
21355,English,en
21355,Español,es
21356,English,en
213570,Español,es
213570,English,en
213587,日本語,ja
213598,Español,es
213603,English,en
21362,English,en
213648,Italiano,it
21366,English,en
21366,Français,fr
21366,Deutsch,de
21366,Türkçe,tr
213681,English,en
213681,Español,es
213684,English,en
213684,"",ne
21370,English,en
21371,English,en
21371,Français,fr
21371,Español,es
21371,Wolof,wo
21372,English,en
21373,English,en
21375,Nederlands,nl
21376,English,en
21379,Français,fr
21380,Italiano,it
21380,Español,es
21381,Français,fr
21383,English,en
213845,Français,fr
21385,English,en
21386,English,en
2139,English,en
2139,普通话,zh
213914,English,en
213917,Français,fr
213927,English,en
21393,svenska,sv
213938,فارسی,fa
21394,svenska,sv
213950,English,en
213955,English,en
21398,English,en
213983,Español,es
213985,English,en
214,English,en
2140,English,en
2140,Français,fr
2140,普通话,zh
214030,English,en
214041,Italiano,it
214069,Română,ro
21407,English,en
214074,Deutsch,de
214075,English,en
214081,English,en
214083,English,en
214086,English,en
21409,Español,es
214091,English,en
214093,Français,fr
214096,English,en
214099,العربية,ar
214099,עִבְרִית,he
2141,English,en
21410,日本語,ja
214100,English,en
214105,עִבְרִית,he
214129,"",tl
21413,English,en
214135,Português,pt
214137,Pусский,ru
214137,English,en
214138,Español,es
214139,Nederlands,nl
214146,Italiano,it
214170,English,en
214181,English,en
214187,English,en
2142,English,en
214209,한국어/조선말,ko
214210,English,en
214210,Français,fr
214210,Pусский,ru
214215,Français,fr
214215,Italiano,it
214215,עִבְרִית,he
214217,suomi,fi
214218,English,en
214219,Afrikaans,af
214219,"",st
214219,isiZulu,zu
214219,English,en
214250,English,en
214251,Català,ca
214256,English,en
214264,English,en
21427,Français,fr
2143,English,en
2143,Español,es
21430,日本語,ja
21430,English,en
21430,Deutsch,de
214314,English,en
21433,English,en
214348,ਪੰਜਾਬੀ,pa
21435,Français,fr
214355,Português,pt
2144,English,en
214418,Português,pt
21442,한국어/조선말,ko
214430,English,en
214430,Français,fr
214436,English,en
214436,Français,fr
214436,Română,ro
214436,Pусский,ru
21447,Español,es
214472,No Language,xx
21449,English,en
21449,日本語,ja
21450,English,en
21451,English,en
21452,日本語,ja
21453,日本語,ja
21454,English,en
21459,हिन्दी,hi
214597,English,en
21461,हिन्दी,hi
21462,हिन्दी,hi
214629,English,en
21463,தமிழ்,ta
21466,हिन्दी,hi
21467,Deutsch,de
21467,Pусский,ru
21467,Srpski,sr
214671,English,en
214671,Español,es
21468,English,en
21468,Español,es
21469,English,en
214699,Italiano,it
214717,English,en
214735,English,en
21474,Español,es
21474,English,en
214753,English,en
214756,English,en
214758,Español,es
214761,Español,es
214775,普通话,zh
2148,English,en
2148,Italiano,it
21481,English,en
21481,Français,fr
21484,English,en
21484,Français,fr
21484,Deutsch,de
214857,English,en
21488,Français,fr
21489,English,en
21489,Deutsch,de
21489,Español,es
2149,English,en
21490,日本語,ja
214909,English,en
214909,Français,fr
214909,Polski,pl
214910,한국어/조선말,ko
214938,български език,bg
21494,Français,fr
21494,Magyar,hu
214990,English,en
215,English,en
21500,English,en
21501,suomi,fi
21501,Magyar,hu
215012,English,en
215023,English,en
215031,Français,fr
215032,Español,es
215032,普通话,zh
215032,हिन्दी,hi
215032,English,en
215032,বাংলা,bn
215042,Íslenska,is
21506,日本語,ja
21508,Español,es
21509,English,en
21509,Deutsch,de
2151,English,en
21512,English,en
21513,日本語,ja
215134,English,en
215134,普通话,zh
21515,English,en
21515,Français,fr
21518,English,en
21519,广州话 / 廣州話,cn
21519,Português,pt
2152,English,en
21521,广州话 / 廣州話,cn
215211,Français,fr
215211,English,en
21522,广州话 / 廣州話,cn
21525,English,en
215299,English,en
2153,English,en
215302,English,en
21531,한국어/조선말,ko
21533,English,en
21533,Pусский,ru
21533,Español,es
21534,No Language,xx
21535,Norsk,no
21537,广州话 / 廣州話,cn
215373,English,en
215379,English,en
21538,English,en
21539,English,en
21539,Español,es
2154,English,en
215405,English,en
215407,العربية,ar
215408,Español,es
215408,English,en
21542,English,en
21544,English,en
215453,English,en
215471,English,en
215478,български език,bg
215478,Pусский,ru
2155,English,en
215520,العربية,ar
215538,English,en
21554,English,en
21555,हिन्दी,hi
215562,Deutsch,de
215579,English,en
215628,Italiano,it
215637,Galego,gl
21564,English,en
215646,Italiano,it
215656,Español,es
21566,हिन्दी,hi
21567,हिन्दी,hi
2157,English,en
21570,हिन्दी,hi
21570,தமிழ்,ta
21571,हिन्दी,hi
215736,English,en
215736,Italiano,it
215739,suomi,fi
215740,Deutsch,de
215741,Italiano,it
215743,한국어/조선말,ko
21575,العربية,ar
21575,"",co
21575,Français,fr
21576,English,en
215776,हिन्दी,hi
21578,English,en
215797,English,en
21580,English,en
21581,Français,fr
215814,English,en
21583,English,en
21583,广州话 / 廣州話,cn
215830,English,en
215848,Español,es
21585,English,en
21586,English,en
21587,English,en
215875,English,en
21588,English,en
21588,Italiano,it
215881,English,en
21589,English,en
215908,English,en
215924,Español,es
215928,English,en
215931,English,en
215935,العربية,ar
215935,עִבְרִית,he
21594,English,en
215946,English,en
215946,日本語,ja
215946,普通话,zh
21596,Français,fr
215962,English,en
215976,English,en
215991,English,en
215993,English,en
215999,English,en
216,العربية,ar
216,Deutsch,de
2160,English,en
2160,Français,fr
21600,English,en
216015,English,en
216016,English,en
216035,English,en
216037,English,en
216046,Pусский,ru
21605,English,en
216068,English,en
2161,English,en
21610,English,en
21610,Français,fr
21612,Italiano,it
21612,English,en
21613,日本語,ja
216138,Español,es
216138,English,en
21614,हिन्दी,hi
216153,English,en
216156,English,en
21616,Español,es
216163,English,en
21619,English,en
2162,English,en
21620,English,en
216203,English,en
21622,English,en
21625,हिन्दी,hi
21626,English,en
21627,English,en
216282,English,en
21629,English,en
2163,English,en
21631,English,en
21634,English,en
21634,Português,pt
21635,English,en
21636,English,en
216363,日本語,ja
216369,Português,pt
216374,English,en
2164,English,en
2164,Norsk,no
2164,svenska,sv
21641,English,en
21644,English,en
216440,Español,es
216457,Français,fr
216472,English,en
216472,普通话,zh
2165,English,en
216521,English,en
216529,English,en
216539,English,en
216541,English,en
216546,English,en
216553,English,en
21657,English,en
216580,English,en
2166,English,en
21661,English,en
216647,Deutsch,de
21665,हिन्दी,hi
216652,English,en
21666,English,en
21671,English,en
216736,English,en
216736,Italiano,it
216755,English,en
216790,Italiano,it
216794,English,en
2168,English,en
216822,English,en
21683,Český,cs
21683,English,en
21683,Français,fr
216859,English,en
2169,Deutsch,de
216919,Español,es
216983,English,en
216989,English,en
217,English,en
217,Deutsch,de
217,Pусский,ru
21700,Español,es
217038,suomi,fi
21705,Français,fr
217057,English,en
21707,한국어/조선말,ko
21708,한국어/조선말,ko
217085,English,en
2171,English,en
21710,English,en
21711,English,en
21712,日本語,ja
217129,English,en
21714,English,en
21717,English,en
21717,Español,es
217185,English,en
21719,English,en
217197,English,en
2172,"",se
21721,English,en
21724,English,en
217247,Polski,pl
217250,English,en
217313,Latviešu,lv
217316,English,en
217324,English,en
21733,广州话 / 廣州話,cn
21733,普通话,zh
21734,English,en
217341,English,en
21735,English,en
21735,Français,fr
21735,Deutsch,de
21736,English,en
217389,English,en
217389,"",ml
21741,English,en
217412,Deutsch,de
217414,Español,es
21742,English,en
21751,Nederlands,nl
21752,Português,pt
21753,English,en
21754,English,en
21755,English,en
21755,Français,fr
21755,Český,cs
21755,日本語,ja
217587,English,en
217590,No Language,xx
2176,Español,es
2176,English,en
217632,suomi,fi
21764,English,en
217648,Italiano,it
21765,Nederlands,nl
21765,Deutsch,de
21765,English,en
217672,English,en
21769,日本語,ja
217708,English,en
217708,Íslenska,is
217708,Pусский,ru
217708,Español,es
217708,svenska,sv
217719,English,en
21775,English,en
21775,Français,fr
21776,Français,fr
217763,English,en
217775,Nederlands,nl
21778,Français,fr
21779,English,en
21780,English,en
21781,한국어/조선말,ko
21784,日本語,ja
21786,Norsk,no
21788,Français,fr
217896,English,en
2179,English,en
21791,English,en
217917,English,en
21792,한국어/조선말,ko
217923,普通话,zh
217925,English,en
21793,English,en
21794,English,en
217948,English,en
217948,Italiano,it
21795,한국어/조선말,ko
21798,English,en
21799,English,en
217993,English,en
217993,Deutsch,de
218,English,en
2180,svenska,sv
21801,English,en
218043,English,en
218098,English,en
21810,English,en
21811,Français,fr
2182,English,en
218212,English,en
218213,English,en
21822,हिन्दी,hi
218221,日本語,ja
218233,日本語,ja
218238,Nederlands,nl
218262,English,en
218275,English,en
218277,English,en
21828,English,en
21828,Italiano,it
218296,Français,fr
218296,English,en
218299,English,en
218305,English,en
21832,日本語,ja
218329,English,en
218351,English,en
21836,English,en
218369,English,en
218369,Français,fr
21838,English,en
218381,English,en
218389,English,en
218393,ελληνικά,el
21840,English,en
21841,English,en
21842,svenska,sv
218425,English,en
21843,English,en
21843,suomi,fi
218443,Pусский,ru
21845,English,en
21845,Deutsch,de
21846,English,en
21847,English,en
21849,English,en
2185,English,en
218508,日本語,ja
21851,English,en
218576,English,en
2186,English,en
21861,Français,fr
21862,English,en
218624,English,en
21864,English,en
21866,English,en
21866,Deutsch,de
21867,English,en
218670,English,en
21868,English,en
218688,Deutsch,de
218689,English,en
21871,English,en
218728,Deutsch,de
21873,English,en
21874,English,en
21876,Deutsch,de
21876,Italiano,it
21876,English,en
218772,Italiano,it
218778,English,en
21878,English,en
21878,Español,es
218784,English,en
21879,English,en
21882,English,en
218836,English,en
218850,svenska,sv
21886,English,en
21887,English,en
218898,हिन्दी,hi
218898,తెలుగు,te
2189,English,en
218901,ภาษาไทย,th
218909,svenska,sv
218909,English,en
21891,English,en
21893,English,en
218931,English,en
21896,Nederlands,nl
218974,Français,fr
218974,Deutsch,de
218974,Italiano,it
218974,Português,pt
218993,Français,fr
219,Español,es
21900,English,en
219043,Español,es
21905,हिन्दी,hi
219054,English,en
21906,हिन्दी,hi
219067,Italiano,it
2191,English,en
2191,Deutsch,de
21910,English,en
21915,English,en
219166,Deutsch,de
2192,Italiano,it
21921,English,en
21923,English,en
219233,日本語,ja
219247,English,en
219248,English,en
21925,English,en
21927,English,en
219288,English,en
2193,English,en
21930,日本語,ja
219302,English,en
219302,Français,fr
219318,ελληνικά,el
219318,Français,fr
219318,shqip,sq
219335,suomi,fi
219343,?????,kn
21935,English,en
21935,Français,fr
219424,English,en
219435,"",tl
21946,Français,fr
219466,English,en
21947,English,en
21948,English,en
21948,Español,es
2195,Deutsch,de
21950,English,en
21954,English,en
21955,English,en
219553,English,en
219553,Español,es
21956,English,en
219572,普通话,zh
219572,广州话 / 廣州話,cn
21959,日本語,ja
2196,English,en
21964,普通话,zh
219645,English,en
21966,日本語,ja
21967,日本語,ja
219674,English,en
219674,Italiano,it
21968,English,en
219693,Italiano,it
2197,Français,fr
21970,English,en
21970,Deutsch,de
21972,English,en
21974,English,en
21974,Español,es
219781,suomi,fi
21982,हिन्दी,hi
219823,Français,fr
21988,English,en
21989,English,en
21989,Deutsch,de
2199,English,en
21990,English,en
21991,Italiano,it
21991,English,en
219924,Español,es
21997,English,en
22,English,en
220,English,en
2200,Deutsch,de
220002,Türkçe,tr
220005,Italiano,it
220029,English,en
22004,English,en
22007,English,en
220075,한국어/조선말,ko
22010,English,en
220106,Français,fr
220124,English,en
22013,English,en
22014,العربية,ar
22014,Français,fr
220153,English,en
220154,English,en
22016,Français,fr
220176,한국어/조선말,ko
2202,English,en
22020,English,en
220200,English,en
22021,English,en
22023,English,en
22023,Español,es
22025,日本語,ja
220286,English,en
220287,"",lo
220289,English,en
22029,English,en
22033,English,en
22034,العربية,ar
22034,Nederlands,nl
22034,Français,fr
2204,Deutsch,de
2204,English,en
2204,Nederlands,nl
22043,English,en
220436,svenska,sv
220443,English,en
220447,日本語,ja
220471,English,en
22048,English,en
220488,普通话,zh
22049,English,en
22049,Italiano,it
220493,English,en
220494,English,en
220500,English,en
220504,English,en
22051,English,en
220514,English,en
220515,English,en
220515,Français,fr
22058,English,en
22059,English,en
22060,English,en
22060,Polski,pl
220620,Español,es
22066,English,en
22067,English,en
220674,English,en
220690,English,en
2207,English,en
220714,हिन्दी,hi
22072,English,en
22073,English,en
220731,Français,fr
22074,English,en
22074,Polski,pl
220746,English,en
22075,Polski,pl
22076,Pусский,ru
22076,English,en
220782,English,en
220809,English,en
220820,Český,cs
220820,English,en
22084,English,en
22085,English,en
220890,English,en
22090,English,en
220903,English,en
220916,Français,fr
22093,Español,es
220933,English,en
22094,English,en
220949,No Language,xx
220976,English,en
22099,Deutsch,de
221,English,en
2210,English,en
22100,English,en
22102,English,en
22105,English,en
22105,Français,fr
2211,Deutsch,de
221112,普通话,zh
22112,English,en
221148,English,en
221161,English,en
221171,Eesti,et
2212,English,en
22121,English,en
22124,普通话,zh
221241,Hrvatski,hr
22130,Français,fr
221317,English,en
221317,日本語,ja
221343,English,en
221346,English,en
22135,English,en
22136,Français,fr
22137,Dansk,da
22137,Italiano,it
22137,svenska,sv
221395,English,en
22140,Dansk,da
22140,svenska,sv
221410,ελληνικά,el
221410,English,en
221418,English,en
221437,日本語,ja
221444,English,en
221488,English,en
221510,English,en
22152,English,en
221527,Italiano,it
22154,English,en
22156,Deutsch,de
22156,English,en
22156,Français,fr
22156,Italiano,it
22160,English,en
22162,Français,fr
22165,English,en
221656,English,en
22166,English,en
221667,Français,fr
22167,English,en
22171,English,en
221717,Deutsch,de
221717,Italiano,it
22172,English,en
221731,日本語,ja
221732,日本語,ja
221737,English,en
22175,English,en
22176,English,en
22177,English,en
22178,English,en
22178,Deutsch,de
221791,English,en
221800,English,en
221801,English,en
22182,Italiano,it
221861,English,en
22189,English,en
22189,Español,es
221902,Français,fr
221917,English,en
22192,svenska,sv
22194,Dansk,da
221981,English,en
222,Deutsch,de
22200,English,en
22201,English,en
222030,Español,es
222030,English,en
22211,English,en
22213,English,en
22215,English,en
22215,Français,fr
22215,Italiano,it
22215,Latin,la
222216,English,en
222216,广州话 / 廣州話,cn
222216,普通话,zh
222297,Français,fr
22230,English,en
22233,English,en
22238,العربية,ar
22238,עִבְרִית,he
22238,Pусский,ru
222383,English,en
222388,English,en
22240,Français,fr
22241,हिन्दी,hi
22242,English,en
22244,English,en
222461,English,en
222517,Italiano,it
22256,English,en
22257,Polski,pl
222581,English,en
22259,English,en
222600,Español,es
222619,English,en
22264,English,en
222649,English,en
22267,English,en
222671,English,en
222671,Français,fr
222671,日本語,ja
222715,日本語,ja
222724,English,en
222731,English,en
22274,English,en
22274,Français,fr
22274,Italiano,it
222759,Español,es
222772,Español,es
22279,English,en
222832,广州话 / 廣州話,cn
222848,English,en
22285,English,en
222858,English,en
22288,English,en
222885,English,en
22289,English,en
222890,English,en
222890,Français,fr
222890,Deutsch,de
222899,English,en
222911,English,en
22292,English,en
22293,English,en
222932,English,en
222935,English,en
222936,Pусский,ru
222936,English,en
222951,हिन्दी,hi
223,English,en
223,Français,fr
22301,Français,fr
22301,English,en
22301,Deutsch,de
22302,Français,fr
223046,English,en
22305,English,en
22307,English,en
22307,Français,fr
22309,English,en
22311,English,en
22311,Français,fr
22311,Deutsch,de
22311,Italiano,it
22314,Italiano,it
22314,English,en
22314,Pусский,ru
22315,हिन्दी,hi
22316,हिन्दी,hi
22317,English,en
22317,Deutsch,de
22318,English,en
22319,English,en
223195,English,en
2232,Deutsch,de
22323,English,en
223243,No Language,xx
223249,English,en
223249,Español,es
223249,"",tl
22326,suomi,fi
22327,English,en
22327,Français,fr
22328,English,en
22334,English,en
22335,English,en
223365,हिन्दी,hi
223365,தமிழ்,ta
223365,తెలుగు,te
223389,Deutsch,de
223391,日本語,ja
22342,English,en
22345,English,en
22345,Español,es
223485,English,en
223485,Türkçe,tr
223497,English,en
223519,English,en
22356,English,en
223566,العربية,ar
223574,English,en
22358,Pусский,ru
22359,Italiano,it
223632,English,en
22365,English,en
223680,Română,ro
223702,English,en
223706,Português,pt
22371,English,en
22373,Italiano,it
22376,Italiano,it
22376,English,en
22377,Dansk,da
22377,English,en
22377,Tiếng Việt,vi
22377,Deutsch,de
22379,English,en
223816,English,en
22383,English,en
22383,Español,es
22386,English,en
22386,Italiano,it
22387,English,en
223895,Deutsch,de
223895,Slovenščina,sl
2239,English,en
22390,English,en
223922,English,en
223932,English,en
223932,Français,fr
223932,עִבְרִית,he
223946,Français,fr
223954,Français,fr
22396,English,en
22396,Italiano,it
223971,English,en
22398,English,en
224,Polski,pl
22404,English,en
224040,English,en
224061,తెలుగు,te
224063,Română,ro
224076,Український,uk
224079,Română,ro
22408,English,en
224084,Română,ro
224087,English,en
224089,Română,ro
224098,English,en
224098,Français,fr
224098,Română,ro
2241,Deutsch,de
224100,English,en
224113,English,en
224113,Pусский,ru
22414,English,en
224141,English,en
224162,English,en
22419,English,en
224204,English,en
22423,English,en
224233,Português,pt
224243,English,en
224251,English,en
224282,English,en
22429,हिन्दी,hi
224293,English,en
224297,English,en
224303,Français,fr
224339,தமிழ்,ta
22434,English,en
22435,svenska,sv
22440,English,en
224404,Deutsch,de
224414,English,en
22447,English,en
22448,हिन्दी,hi
22449,日本語,ja
22450,English,en
22450,Polski,pl
22451,English,en
22454,Nederlands,nl
22455,English,en
2246,English,en
22460,हिन्दी,hi
224600,English,en
224642,suomi,fi
22466,English,en
22471,svenska,sv
224714,"",mr
22473,English,en
22473,Magyar,hu
224746,"",ku
22476,English,en
22477,English,en
224778,English,en
22478,English,en
22479,English,en
224813,suomi,fi
224815,English,en
22484,English,en
22485,English,en
22488,English,en
22489,English,en
224894,English,en
22490,English,en
22490,Français,fr
224903,English,en
224903,日本語,ja
224903,Español,es
224908,English,en
224919,English,en
22492,English,en
224923,English,en
224923,Pусский,ru
22494,English,en
224944,English,en
224946,Español,es
224946,English,en
22495,Pусский,ru
224950,English,en
224951,English,en
224972,English,en
22498,English,en
224992,English,en
225,Polski,pl
22500,Français,fr
22501,Français,fr
22502,Français,fr
22504,Français,fr
225044,English,en
2251,English,en
2251,Français,fr
22515,English,en
225184,Italiano,it
22519,English,en
2252,English,en
2252,Pусский,ru
2252,Türkçe,tr
2252,Український,uk
2252,اردو,ur
22520,한국어/조선말,ko
22521,English,en
22521,Français,fr
22521,Deutsch,de
22521,"",km
22522,English,en
22522,Español,es
225235,Pусский,ru
22527,English,en
22527,Italiano,it
22527,Español,es
225285,English,en
2253,English,en
2253,Deutsch,de
22536,English,en
22536,Français,fr
22536,한국어/조선말,ko
22537,日本語,ja
22538,English,en
225408,Italiano,it
22543,English,en
225499,English,en
2255,English,en
225503,No Language,xx
22551,English,en
225525,English,en
22553,English,en
225534,English,en
22554,suomi,fi
22555,English,en
22556,English,en
225564,Français,fr
225565,English,en
225574,English,en
225574,Deutsch,de
225577,English,en
22559,English,en
22561,Italiano,it
225614,日本語,ja
225703,English,en
225719,Français,fr
22572,English,en
225728,English,en
22573,English,en
225745,日本語,ja
225747,English,en
22575,English,en
225762,English,en
225776,English,en
22578,Français,fr
22579,English,en
225816,English,en
22582,English,en
225834,English,en
22584,English,en
22584,Français,fr
22585,Français,fr
22585,English,en
225850,English,en
22586,English,en
22588,English,en
225886,English,en
225898,English,en
2259,Español,es
2259,English,en
22590,English,en
22592,English,en
225940,Italiano,it
225951,فارسی,fa
225958,English,en
22596,No Language,xx
22597,English,en
22597,Français,fr
22597,Pусский,ru
225975,Nederlands,nl
225982,English,en
22599,English,en
226,English,en
2260,English,en
22600,Afrikaans,af
22600,English,en
226001,Nederlands,nl
226001,Deutsch,de
22602,English,en
226050,English,en
22606,English,en
226072,Hrvatski,hr
22609,हिन्दी,hi
226092,हिन्दी,hi
2261,English,en
22611,Deutsch,de
22611,English,en
22611,Español,es
22611,Italiano,it
22612,English,en
22613,English,en
22613,Español,es
22614,English,en
22614,Français,fr
226140,English,en
22615,English,en
22616,English,en
226163,English,en
226163,Italiano,it
226163,Deutsch,de
226163,Español,es
226167,English,en
226167,Deutsch,de
22617,English,en
22617,Français,fr
22617,Italiano,it
22618,English,en
22618,Français,fr
22618,Deutsch,de
22618,Pусский,ru
226188,English,en
226188,Français,fr
2262,English,en
2262,Deutsch,de
22620,English,en
22621,English,en
226227,Español,es
226227,English,en
226229,English,en
22623,Français,fr
226236,English,en
226247,English,en
22625,English,en
226268,English,en
226269,English,en
22627,English,en
226288,Français,fr
2263,English,en
2263,Magyar,hu
2263,Español,es
226354,English,en
226363,English,en
22638,English,en
22638,Français,fr
2264,Deutsch,de
22640,English,en
22642,English,en
22643,Dansk,da
22643,English,en
22643,Italiano,it
226437,Deutsch,de
226437,Polski,pl
226448,English,en
226458,English,en
226486,English,en
22649,English,en
22650,English,en
22650,Français,fr
226524,Español,es
22657,English,en
22657,Español,es
226594,svenska,sv
226594,English,en
226594,Pусский,ru
2266,Español,es
2266,Français,fr
2266,English,en
2266,普通话,zh
2266,العربية,ar
22660,English,en
226630,English,en
226632,English,en
226672,English,en
226673,한국어/조선말,ko
226679,English,en
226686,English,en
226693,Deutsch,de
226693,English,en
2267,English,en
2267,Español,es
2267,ภาษาไทย,th
226701,English,en
226702,Polski,pl
22672,English,en
226792,English,en
2268,Íslenska,is
2268,English,en
2268,Pусский,ru
2268,Français,fr
22681,English,en
22682,English,en
22683,English,en
226857,English,en
22688,English,en
22689,English,en
2269,Pусский,ru
22692,English,en
226936,Italiano,it
22694,English,en
226948,English,en
226968,English,en
227,English,en
2270,English,en
22701,English,en
22705,English,en
22705,Italiano,it
22707,English,en
227077,Magyar,hu
227094,English,en
22711,English,en
227143,Український,uk
227156,English,en
227159,English,en
22717,हिन्दी,hi
22718,English,en
227200,English,en
227245,Polski,pl
227257,English,en
22726,Italiano,it
227261,Eesti,et
227262,Deutsch,de
22727,English,en
22728,Italiano,it
227300,English,en
227306,Italiano,it
227306,English,en
227306,日本語,ja
22731,English,en
227325,English,en
22733,Italiano,it
22733,English,en
227334,English,en
22734,English,en
227348,English,en
227350,Pусский,ru
227350,svenska,sv
227350,English,en
227359,English,en
227370,suomi,fi
227370,svenska,sv
227383,suomi,fi
2274,English,en
227402,English,en
22741,English,en
227425,English,en
22744,English,en
22745,English,en
22747,English,en
227481,Français,fr
22749,English,en
2275,English,en
22750,English,en
22752,English,en
227552,English,en
22758,Italiano,it
227600,"",mr
22765,English,en
227667,English,en
227668,English,en
227679,日本語,ja
227690,Español,es
2277,English,en
227700,English,en
227707,English,en
227717,English,en
227717,Français,fr
227719,English,en
227735,English,en
22774,Français,fr
22774,English,en
22774,Italiano,it
22777,English,en
227783,English,en
22779,English,en
227800,English,en
22784,English,en
227859,English,en
22787,English,en
22787,Pусский,ru
227871,English,en
227877,English,en
22792,English,en
227932,Português,pt
22794,English,en
22795,English,en
22796,English,en
227964,Português,pt
22797,Gaeilge,ga
22797,English,en
227970,Português,pt
227973,English,en
227975,Deutsch,de
227975,Português,pt
22798,English,en
227998,Pусский,ru
228,English,en
228,Français,fr
228,Deutsch,de
2280,English,en
22800,English,en
228012,हिन्दी,hi
22803,English,en
228034,English,en
22804,English,en
22805,English,en
228066,English,en
228074,English,en
228101,اردو,ur
228101,English,en
228108,English,en
228109,English,en
228150,English,en
228161,English,en
228165,English,en
22817,English,en
228184,Português,pt
22819,English,en
228194,हिन्दी,hi
228194,English,en
228194,Français,fr
228198,Português,pt
2282,English,en
2282,Français,fr
22820,English,en
228202,Português,pt
228203,English,en
228203,Italiano,it
228204,English,en
228205,English,en
22821,English,en
22821,Italiano,it
22821,Español,es
228216,English,en
228216,Polski,pl
228216,Deutsch,de
22824,English,en
228245,English,en
22825,English,en
228257,English,en
22826,Italiano,it
22828,English,en
22829,English,en
228290,Italiano,it
228294,English,en
22832,English,en
228326,English,en
228331,English,en
228339,ελληνικά,el
228355,हिन्दी,hi
228358,English,en
228381,Deutsch,de
228381,Pусский,ru
228384,Deutsch,de
2284,English,en
228407,فارسی,fa
22842,English,en
228426,日本語,ja
22843,日本語,ja
228432,Dansk,da
228432,English,en
228432,Latviešu,lv
228432,svenska,sv
228444,English,en
228445,Dansk,da
228445,svenska,sv
228455,ελληνικά,el
228455,Français,fr
228496,English,en
22855,English,en
228558,English,en
22857,suomi,fi
2286,Nederlands,nl
2286,Deutsch,de
228606,English,en
228642,Français,fr
228647,English,en
228650,हिन्दी,hi
228676,English,en
228687,한국어/조선말,ko
2287,English,en
22871,日本語,ja
22871,English,en
228736,Deutsch,de
22874,English,en
2288,English,en
22881,English,en
228813,English,en
22882,English,en
22882,"",gd
228890,English,en
2289,English,en
228915,English,en
22892,English,en
22894,English,en
228941,日本語,ja
228967,한국어/조선말,ko
228967,English,en
228968,Nederlands,nl
228968,English,en
228968,Deutsch,de
22897,English,en
22897,Français,fr
228970,English,en
228973,English,en
228987,svenska,sv
22899,日本語,ja
229,English,en
2290,English,en
229005,English,en
229007,svenska,sv
22901,English,en
22905,English,en
229056,English,en
229065,English,en
22907,English,en
22908,English,en
229081,English,en
229087,English,en
229088,English,en
229094,English,en
229097,English,en
2291,English,en
22910,English,en
229113,日本語,ja
22913,English,en
229134,Italiano,it
229138,العربية,ar
229138,English,en
22915,English,en
229154,English,en
229182,English,en
229194,Español,es
2292,English,en
229221,English,en
22924,English,en
229254,svenska,sv
229296,English,en
229297,English,en
2293,English,en
229304,한국어/조선말,ko
229328,English,en
22937,English,en
229373,svenska,sv
22939,English,en
2294,English,en
22943,English,en
22947,English,en
22949,English,en
22949,Український,uk
2295,English,en
22954,English,en
229559,Español,es
229559,English,en
22958,English,en
229582,Nederlands,nl
229582,Français,fr
229582,Italiano,it
229594,English,en
229610,English,en
229613,English,en
229638,English,en
22965,English,en
229670,svenska,sv
22968,English,en
22969,English,en
229693,Norsk,no
229693,svenska,sv
229693,English,en
2297,English,en
22970,English,en
22970,日本語,ja
229702,English,en
22971,English,en
22972,English,en
22972,العربية,ar
22974,Magyar,hu
22975,English,en
229757,English,en
22976,Français,fr
22976,English,en
22976,Deutsch,de
229768,English,en
229839,English,en
22984,English,en
22985,English,en
229878,한국어/조선말,ko
22994,English,en
229974,Pусский,ru
22998,Polski,pl
22998,English,en
22999,English,en
22999,Italiano,it
2300,English,en
23001,English,en
230029,한국어/조선말,ko
230031,English,en
230031,Español,es
230058,English,en
23014,English,en
230158,English,en
230170,English,en
230179,suomi,fi
230179,English,en
230182,English,en
23019,Deutsch,de
2302,"",yi
2302,English,en
23020,English,en
230210,日本語,ja
230211,Nederlands,nl
230217,Nederlands,nl
230217,English,en
23022,English,en
230222,English,en
23023,English,en
230232,Magyar,hu
230235,"",iu
230235,English,en
23024,English,en
230266,English,en
230284,English,en
230295,svenska,sv
23030,English,en
23033,English,en
23033,Pусский,ru
230428,English,en
230437,हिन्दी,hi
23044,English,en
23045,English,en
23047,Latin,la
23047,English,en
230471,Italiano,it
23048,Pусский,ru
23048,English,en
23049,English,en
23050,English,en
23051,English,en
23051,Deutsch,de
230606,Italiano,it
230628,日本語,ja
230680,Deutsch,de
23069,English,en
2307,English,en
230722,한국어/조선말,ko
230731,Norsk,no
230743,English,en
23076,Deutsch,de
23076,Italiano,it
23077,English,en
230779,English,en
230779,Español,es
23082,English,en
23082,Português,pt
230836,English,en
230846,"",mr
230864,English,en
230867,English,en
230867,Türkçe,tr
230896,English,en
2309,English,en
23096,English,en
23097,English,en
231,العربية,ar
231,English,en
231,فارسی,fa
231,اردو,ur
231,Français,fr
231,普通话,zh
2310,English,en
231001,English,en
23101,English,en
23102,English,en
23102,Español,es
231020,Italiano,it
231038,ελληνικά,el
23104,English,en
23107,English,en
23108,English,en
231082,English,en
23111,Pусский,ru
23111,English,en
23112,Türkçe,tr
23114,English,en
23115,English,en
23116,English,en
23116,Français,fr
23116,Español,es
231176,Italiano,it
2312,English,en
231216,Deutsch,de
231218,English,en
23122,English,en
23126,English,en
231263,English,en
23127,English,en
23128,English,en
2313,English,en
231304,Italiano,it
23132,日本語,ja
23132,한국어/조선말,ko
23134,English,en
231401,English,en
23142,English,en
231472,suomi,fi
231474,English,en
231474,Français,fr
23148,English,en
23150,日本語,ja
23151,日本語,ja
231510,Український,uk
23152,English,en
23152,Italiano,it
23153,日本語,ja
23154,日本語,ja
231540,Deutsch,de
23155,日本語,ja
231562,Eesti,et
231565,Italiano,it
231576,English,en
23159,English,en
23160,Magyar,hu
23160,Slovenčina,sk
231616,English,en
231617,English,en
231625,English,en
23166,日本語,ja
23167,日本語,ja
23168,English,en
23169,English,en
23172,English,en
23173,English,en
23174,English,en
231762,No Language,xx
231763,No Language,xx
231811,svenska,sv
231812,svenska,sv
23189,English,en
2319,Deutsch,de
23190,English,en
23194,English,en
23194,Magyar,hu
23196,English,en
232,English,en
2320,English,en
23200,Pусский,ru
23200,English,en
232018,हिन्दी,hi
23202,English,en
232034,English,en
23205,English,en
23207,English,en
23207,한국어/조선말,ko
232078,English,en
2321,English,en
23210,English,en
232100,English,en
232175,English,en
2322,English,en
2322,普通话,zh
2322,Pусский,ru
23220,English,en
23223,English,en
2323,English,en
232351,English,en
23239,English,en
2324,English,en
232420,日本語,ja
232462,English,en
2325,English,en
2325,Deutsch,de
2325,Pусский,ru
23253,English,en
232572,English,en
232610,English,en
232672,English,en
232679,English,en
23269,suomi,fi
23270,English,en
23273,Italiano,it
232731,English,en
232739,Português,pt
23280,English,en
23281,English,en
23282,English,en
23283,English,en
23286,English,en
232860,English,en
232862,English,en
232866,"",ay
232866,Español,es
23289,Dansk,da
232943,No Language,xx
233,English,en
2330,Português,pt
2330,Français,fr
2330,Deutsch,de
2330,한국어/조선말,ko
23303,English,en
23305,हिन्दी,hi
233063,Deutsch,de
2331,English,en
2331,Italiano,it
2331,Português,pt
233112,广州话 / 廣州話,cn
233112,ภาษาไทย,th
23312,English,en
23319,English,en
2332,Deutsch,de
2332,Français,fr
2332,日本語,ja
233204,English,en
233208,English,en
23325,English,en
2333,Deutsch,de
23330,English,en
23331,English,en
23333,English,en
23334,English,en
23336,English,en
23338,English,en
233383,English,en
2334,Français,fr
23340,English,en
233423,English,en
233438,English,en
233444,English,en
233444,"",xh
233470,English,en
233487,English,en
233487,Français,fr
233490,English,en
2335,Français,fr
23356,English,en
233564,English,en
233639,Deutsch,de
23367,English,en
23368,English,en
23368,Deutsch,de
23368,Español,es
23378,English,en
233805,Italiano,it
23381,తెలుగు,te
23382,English,en
23382,Français,fr
23383,English,en
23385,English,en
23388,English,en
233880,Pусский,ru
23389,English,en
23391,English,en
233917,suomi,fi
23395,English,en
23397,广州话 / 廣州話,cn
23397,English,en
23397,Español,es
23398,English,en
23398,Français,fr
234,No Language,xx
234004,English,en
23404,English,en
23404,Deutsch,de
23404,Pусский,ru
23410,English,en
234154,עִבְרִית,he
234155,euskera,eu
234155,Español,es
234200,English,en
234212,English,en
23423,English,en
23423,Italiano,it
23427,English,en
234284,日本語,ja
23431,English,en
234356,Italiano,it
23437,English,en
23438,English,en
23438,Pусский,ru
23439,English,en
23449,English,en
23451,English,en
23451,Italiano,it
23452,日本語,ja
234555,English,en
234567,English,en
234652,English,en
23470,English,en
23476,English,en
23478,English,en
23479,English,en
23479,Español,es
2348,English,en
234815,Español,es
23483,English,en
234850,English,en
234850,suomi,fi
234868,English,en
23488,English,en
23488,Polski,pl
23488,Pусский,ru
2349,Deutsch,de
234931,English,en
234942,Český,cs
23495,العربية,ar
23495,English,en
235,English,en
23504,English,en
235044,Deutsch,de
235046,English,en
23506,English,en
23508,Português,pt
23509,Italiano,it
235092,English,en
235093,English,en
23512,English,en
23514,English,en
23514,Deutsch,de
23514,Español,es
23515,English,en
23518,English,en
235199,English,en
23520,English,en
235208,Italiano,it
23521,English,en
23522,English,en
23524,English,en
23525,English,en
235260,English,en
235260,עִבְרִית,he
23527,Deutsch,de
23527,日本語,ja
23527,Pусский,ru
235271,English,en
23529,Español,es
23531,Italiano,it
23531,English,en
23532,English,en
23535,English,en
235373,Español,es
23538,한국어/조선말,ko
23544,English,en
235450,English,en
2355,English,en
23550,Italiano,it
23550,Türkçe,tr
23566,English,en
235662,English,en
23567,Français,fr
23567,English,en
23567,Deutsch,de
235679,English,en
23568,English,en
23568,Magyar,hu
23568,Polski,pl
2357,English,en
2357,Español,es
23570,English,en
235704,한국어/조선말,ko
235708,English,en
23574,English,en
23574,Français,fr
23587,English,en
2359,English,en
2359,Français,fr
2359,Pусский,ru
2359,Español,es
23590,English,en
23592,Deutsch,de
23592,English,en
23594,English,en
235984,हिन्दी,hi
23599,English,en
236,English,en
2360,Français,fr
2360,English,en
236007,हिन्दी,hi
23601,English,en
236035,English,en
23604,English,en
236041,Türkçe,tr
236053,Türkçe,tr
23606,日本語,ja
23609,한국어/조선말,ko
23614,English,en
23615,English,en
23618,English,en
23619,Italiano,it
2362,English,en
23620,Español,es
23620,English,en
23626,English,en
23627,English,en
23629,English,en
23629,Deutsch,de
2363,Français,fr
2363,Deutsch,de
23631,English,en
23631,Español,es
236314,Deutsch,de
236314,English,en
236314,Français,fr
236314,Español,es
236314,普通话,zh
236317,Türkçe,tr
236324,English,en
236329,English,en
23637,Italiano,it
23638,English,en
236395,English,en
236399,English,en
236417,English,en
23654,svenska,sv
23655,English,en
236570,English,en
236655,English,en
236661,日本語,ja
236661,English,en
23668,English,en
236735,Español,es
236735,Türkçe,tr
236737,euskera,eu
236737,Español,es
236751,English,en
23676,English,en
23676,suomi,fi
23676,Deutsch,de
23676,普通话,zh
23676,Español,es
236808,தமிழ்,ta
23685,English,en
236873,Français,fr
23691,English,en
23692,English,en
237,English,en
2370,English,en
2370,Français,fr
2370,Pусский,ru
2370,Español,es
23703,English,en
23704,English,en
23705,English,en
23706,Español,es
23706,English,en
2371,Français,fr
2371,Pусский,ru
23717,English,en
23717,हिन्दी,hi
23717,اردو,ur
23719,English,en
23720,English,en
237200,English,en
237202,English,en
237214,"",mr
237214,हिन्दी,hi
23724,English,en
23728,English,en
23728,Italiano,it
23729,Dansk,da
23730,English,en
237303,English,en
23736,English,en
23739,English,en
23742,English,en
23742,Español,es
237422,"",hy
237422,Deutsch,de
237433,English,en
23750,English,en
237506,ελληνικά,el
23752,English,en
237549,English,en
237584,English,en
23759,English,en
23759,"",gd
23761,English,en
23764,Deutsch,de
23767,தமிழ்,ta
237672,"",ml
237692,English,en
237709,English,en
237710,English,en
237718,English,en
237718,Český,cs
237756,English,en
23776,తెలుగు,te
237791,Português,pt
237796,Français,fr
237799,Français,fr
237808,Română,ro
237811,普通话,zh
23790,తెలుగు,te
237957,ελληνικά,el
237983,English,en
238,English,en
238,Italiano,it
238,Latin,la
238006,English,en
238008,English,en
23802,English,en
23805,English,en
23805,Deutsch,de
238067,English,en
23807,English,en
23807,Italiano,it
23808,Deutsch,de
23808,Pусский,ru
238090,English,en
238124,English,en
238124,Français,fr
23816,English,en
23816,Español,es
23817,English,en
238177,English,en
238185,English,en
238203,日本語,ja
238204,فارسی,fa
238206,English,en
238215,English,en
23823,English,en
23825,English,en
23827,English,en
2383,English,en
23830,English,en
238302,English,en
238307,Pусский,ru
23832,Italiano,it
23832,Latin,la
23834,한국어/조선말,ko
238358,English,en
238362,suomi,fi
238368,English,en
238399,English,en
238407,English,en
238407,"",iu
23843,Italiano,it
238442,日本語,ja
238458,English,en
23847,English,en
238475,English,en
238478,English,en
23848,हिन्दी,hi
238529,English,en
23853,English,en
23854,Português,pt
23855,English,en
23855,Português,pt
238561,العربية,ar
23857,Français,fr
238589,English,en
238589,Français,fr
238593,English,en
238603,English,en
23861,English,en
238615,English,en
238628,Eesti,et
238628,ქართული,ka
238628,Pусский,ru
238636,English,en
238705,Italiano,it
238713,Deutsch,de
238713,English,en
238713,Français,fr
238713,Italiano,it
238748,English,en
238749,English,en
238781,Français,fr
238792,English,en
238811,普通话,zh
238869,Pусский,ru
238952,Français,fr
23898,Pусский,ru
238985,English,en
238997,English,en
239,English,en
239018,English,en
23903,English,en
239030,Deutsch,de
239033,English,en
239056,English,en
23908,English,en
23908,Deutsch,de
239091,English,en
239103,עִבְרִית,he
239103,Deutsch,de
239103,Polski,pl
239103,"",yi
239123,English,en
23916,English,en
239180,English,en
23919,English,en
23924,English,en
23928,English,en
239367,日本語,ja
239368,English,en
23939,English,en
23941,English,en
23941,Pусский,ru
239417,Français,fr
239417,??????,ky
239417,Pусский,ru
23942,English,en
23943,English,en
23945,English,en
23947,svenska,sv
23949,English,en
239498,English,en
2395,Français,fr
2395,Português,pt
23951,English,en
23951,Français,fr
23951,Deutsch,de
23951,日本語,ja
239513,English,en
239519,English,en
239523,日本語,ja
239534,Türkçe,tr
239536,Pусский,ru
23954,English,en
23954,Français,fr
239553,日本語,ja
239562,English,en
239563,English,en
239566,English,en
239568,English,en
23957,English,en
239571,English,en
239573,English,en
239619,עִבְרִית,he
239619,Deutsch,de
239619,English,en
239628,English,en
23963,"",hy
23963,English,en
23963,Français,fr
23964,English,en
23965,English,en
23965,Deutsch,de
239650,English,en
23966,English,en
23967,English,en
23967,Français,fr
239678,English,en
2397,English,en
239747,Français,fr
23976,English,en
239798,فارسی,fa
239804,English,en
23981,English,en
239845,English,en
239853,한국어/조선말,ko
239877,Italiano,it
23988,English,en
239895,English,en
23990,English,en
23990,Français,fr
23990,Italiano,it
23996,English,en
23997,English,en
23998,English,en
23999,English,en
24,English,en
24,日本語,ja
24,Français,fr
240,English,en
240,Italiano,it
240,Latin,la
240,Español,es
24001,English,en
24002,English,en
24003,English,en
24004,English,en
24005,English,en
24006,English,en
24007,English,en
24007,Polski,pl
24008,English,en
24010,English,en
24012,English,en
24012,Français,fr
24012,Deutsch,de
24014,العربية,ar
24014,English,en
24014,Français,fr
24014,Deutsch,de
24014,Italiano,it
240154,English,en
24016,العربية,ar
24016,English,en
24016,Français,fr
240177,English,en
24018,English,en
24019,English,en
24019,Français,fr
24019,עִבְרִית,he
24019,"",yi
24020,English,en
24021,English,en
24023,svenska,sv
24024,svenska,sv
24025,svenska,sv
24025,English,en
24026,English,en
24026,svenska,sv
24032,English,en
24034,English,en
240341,日本語,ja
24037,한국어/조선말,ko
24038,English,en
24041,Deutsch,de
24043,English,en
24047,English,en
24048,English,en
240483,English,en
24049,தமிழ்,ta
24049,తెలుగు,te
24051,English,en
240510,Deutsch,de
24053,English,en
24056,English,en
240566,日本語,ja
24057,English,en
240581,Français,fr
24059,English,en
24059,Français,fr
240594,English,en
24060,العربية,ar
24060,English,en
24060,Español,es
240607,Italiano,it
24062,English,en
24062,Português,pt
240628,Español,es
240629,English,en
240634,English,en
240636,No Language,xx
240636,Polski,pl
24065,English,en
24066,English,en
240679,Deutsch,de
240679,English,en
240679,ελληνικά,el
24068,English,en
24070,English,en
240704,English,en
24071,English,en
240723,English,en
24073,English,en
240733,English,en
240737,English,en
240745,English,en
240745,Français,fr
240745,Deutsch,de
24077,English,en
24078,English,en
240789,Pусский,ru
24079,English,en
24081,English,en
24081,Deutsch,de
240820,Français,fr
240832,普通话,zh
240832,English,en
240832,Français,fr
240832,Español,es
240832,한국어/조선말,ko
24084,English,en
24086,English,en
240881,English,en
24090,English,en
240906,Deutsch,de
24091,English,en
240913,English,en
240916,English,en
24092,日本語,ja
24094,English,en
240968,普通话,zh
24097,English,en
24099,English,en
240992,Español,es
241,English,en
241,"",nv
241,日本語,ja
24100,English,en
24100,Deutsch,de
241004,Français,fr
24101,English,en
24102,Dansk,da
24102,English,en
24102,Italiano,it
24103,English,en
24105,English,en
241058,English,en
24106,English,en
241070,English,en
241071,English,en
24109,English,en
24111,English,en
24113,English,en
241140,Deutsch,de
241140,Srpski,sr
24115,English,en
24116,Český,cs
24116,English,en
24116,Français,fr
241170,English,en
241174,हिन्दी,hi
241206,English,en
24122,English,en
24123,English,en
241239,Español,es
241239,English,en
24124,English,en
241251,English,en
241254,English,en
241257,English,en
241258,English,en
241259,English,en
24126,English,en
241261,English,en
24128,English,en
241287,English,en
24129,svenska,sv
24130,English,en
24133,English,en
24134,English,en
24137,English,en
241374,English,en
241396,ελληνικά,el
24140,Deutsch,de
241432,English,en
241448,suomi,fi
24150,English,en
24152,English,en
24153,English,en
24154,Français,fr
24154,日本語,ja
241552,English,en
241553,English,en
241554,English,en
241562,English,en
241562,한국어/조선말,ko
241573,English,en
241574,English,en
24159,Română,ro
241593,svenska,sv
24161,Italiano,it
241618,English,en
241619,English,en
241620,English,en
24163,广州话 / 廣州話,cn
241639,普通话,zh
24164,Italiano,it
24166,English,en
24166,Français,fr
24166,普通话,zh
24167,Deutsch,de
24167,Italiano,it
24168,Italiano,it
24169,Italiano,it
241693,普通话,zh
24170,English,en
24170,Français,fr
24171,العربية,ar
24171,Français,fr
241739,English,en
241742,Pусский,ru
241742,English,en
241754,English,en
241763,English,en
241765,English,en
24177,Italiano,it
241771,English,en
24179,Deutsch,de
24179,Italiano,it
241804,English,en
24182,Italiano,it
241842,Deutsch,de
241842,Norsk,no
241842,English,en
241843,English,en
241848,English,en
24185,Italiano,it
241855,English,en
24186,English,en
241863,日本語,ja
241868,English,en
241868,日本語,ja
24188,Deutsch,de
24188,Italiano,it
24188,Latin,la
241882,हिन्दी,hi
241885,한국어/조선말,ko
24190,Français,fr
24190,Română,ro
24192,Italiano,it
241927,English,en
241928,한국어/조선말,ko
241930,English,en
241939,English,en
24194,English,en
24195,Italiano,it
241953,English,en
241968,Español,es
24197,English,en
24198,English,en
241982,Français,fr
24199,Nederlands,nl
24199,English,en
241999,English,en
242,English,en
242,Italiano,it
242,Deutsch,de
242,Latin,la
24200,English,en
242022,English,en
24203,English,en
242033,English,en
242042,English,en
242049,English,en
24206,English,en
242065,Nederlands,nl
242076,English,en
242083,English,en
242088,English,en
242090,English,en
242095,English,en
242097,English,en
242102,English,en
24212,English,en
242131,English,en
24214,English,en
24214,普通话,zh
24214,Pусский,ru
24220,English,en
24220,Italiano,it
24220,Română,ro
24220,Español,es
242203,English,en
24221,Français,fr
24221,Tiếng Việt,vi
242224,English,en
24223,English,en
24223,ελληνικά,el
24223,Pусский,ru
24223,Türkçe,tr
24225,English,en
24226,English,en
242262,Italiano,it
242289,Português,pt
24229,English,en
24230,English,en
242310,English,en
242332,English,en
24235,English,en
242354,English,en
24236,English,en
242376,English,en
242378,English,en
24238,English,en
24238,"",yi
242382,English,en
242409,English,en
24241,English,en
24241,Español,es
24243,Português,pt
242441,हिन्दी,hi
242452,한국어/조선말,ko
242454,한국어/조선말,ko
242458,한국어/조선말,ko
242462,English,en
242466,English,en
242475,English,en
24248,English,en
24249,English,en
24251,English,en
242512,English,en
24253,svenska,sv
24253,Italiano,it
24253,Français,fr
24254,English,en
242546,English,en
242546,Deutsch,de
242546,日本語,ja
242546,Español,es
242555,English,en
24257,English,en
242575,Deutsch,de
242575,Español,es
24258,ελληνικά,el
242582,English,en
24259,Français,fr
24260,Français,fr
242621,English,en
242628,English,en
242629,English,en
242631,English,en
24264,English,en
242643,English,en
24266,English,en
242661,Deutsch,de
242675,English,en
242683,English,en
24269,English,en
24271,English,en
24272,English,en
24273,English,en
242737,Polski,pl
24274,English,en
24276,English,en
24276,Italiano,it
2428,English,en
242828,日本語,ja
242835,English,en
24285,Nederlands,nl
24285,English,en
242906,Français,fr
242906,English,en
242920,English,en
24293,日本語,ja
243,Dansk,da
243,English,en
243059,Italiano,it
243233,English,en
243233,Deutsch,de
243233,Polski,pl
243233,Pусский,ru
243279,English,en
2433,Français,fr
24330,English,en
24331,English,en
24331,Deutsch,de
243312,English,en
243352,English,en
24341,English,en
243416,Français,fr
243442,Italiano,it
243462,English,en
243473,Français,fr
24348,English,en
24348,Español,es
24349,English,en
24351,English,en
243526,English,en
243531,English,en
24356,English,en
243565,English,en
243568,English,en
24357,English,en
2436,English,en
2436,Français,fr
24363,English,en
24363,Français,fr
24365,English,en
24365,Italiano,it
243664,Português,pt
243683,English,en
243684,English,en
243688,English,en
243688,Pусский,ru
243752,English,en
243764,Deutsch,de
243794,English,en
2438,English,en
2438,Español,es
24381,English,en
24382,Italiano,it
243856,English,en
243860,Deutsch,de
24388,English,en
243884,فارسی,fa
243919,普通话,zh
24392,English,en
24392,Polski,pl
243935,English,en
243938,English,en
243940,English,en
24395,English,en
24397,Español,es
24397,עִבְרִית,he
24397,English,en
243984,English,en
244,English,en
2440,English,en
2440,Deutsch,de
2440,한국어/조선말,ko
244001,English,en
24402,Français,fr
24403,English,en
24403,日本語,ja
24403,普通话,zh
244046,한국어/조선말,ko
244049,"",ml
24405,English,en
244063,Nederlands,nl
24408,English,en
244088,Italiano,it
24409,English,en
2441,Español,es
24410,日本語,ja
24411,Český,cs
24411,English,en
244114,普通话,zh
244114,广州话 / 廣州話,cn
244115,日本語,ja
244117,English,en
244145,Español,es
24417,日本語,ja
24417,Polski,pl
24418,English,en
244182,English,en
2442,English,en
24420,English,en
244201,English,en
24421,English,en
24424,العربية,ar
24424,עִבְרִית,he
24426,Türkçe,tr
244260,English,en
244264,English,en
244267,English,en
244268,English,en
24428,English,en
24429,Italiano,it
24429,English,en
244316,English,en
24432,English,en
244331,English,en
24436,English,en
24438,English,en
24438,Italiano,it
24438,Pусский,ru
24438,Español,es
24438,Український,uk
24439,English,en
2444,Deutsch,de
2444,Español,es
24440,English,en
244403,English,en
24442,English,en
24444,日本語,ja
244447,English,en
244449,Español,es
244449,English,en
244458,English,en
24446,English,en
24446,Magyar,hu
24447,English,en
24448,தமிழ்,ta
244506,English,en
244509,English,en
244517,English,en
24452,English,en
24453,English,en
244534,English,en
244536,English,en
244539,English,en
244562,English,en
244563,English,en
244563,日本語,ja
244566,English,en
244575,Pусский,ru
24458,English,en
24458,Français,fr
244580,English,en
24461,English,en
244610,English,en
244636,English,en
244688,English,en
24469,English,en
244698,English,en
244698,"",mh
244698,Pусский,ru
2447,English,en
2447,Português,pt
24470,English,en
24475,English,en
24476,English,en
244761,English,en
24477,English,en
244772,English,en
244776,English,en
244783,English,en
244786,English,en
24479,English,en
24480,English,en
244801,English,en
24481,English,en
244836,Português,pt
244839,English,en
244852,English,en
24486,English,en
24487,English,en
24488,English,en
24488,Français,fr
24488,日本語,ja
244956,日本語,ja
244971,普通话,zh
24499,English,en
245,English,en
245003,No Language,xx
245003,English,en
245017,Français,fr
245019,English,en
24506,English,en
245072,Magyar,hu
245073,Polski,pl
24508,English,en
245158,English,en
245168,English,en
245168,Deutsch,de
245169,English,en
245170,English,en
245170,Deutsch,de
245170,日本語,ja
245175,English,en
24518,English,en
24518,Español,es
245184,Slovenčina,sk
245226,English,en
24524,Nederlands,nl
24525,English,en
245260,English,en
245268,English,en
24527,广州话 / 廣州話,cn
24527,English,en
2453,English,en
245367,English,en
245394,English,en
2454,English,en
24546,Český,cs
24546,English,en
245473,English,en
245473,Deutsch,de
24548,English,en
2455,Français,fr
245527,English,en
24553,English,en
24553,"",sh
24553,Italiano,it
24553,普通话,zh
245536,No Language,xx
24554,English,en
24554,Français,fr
24556,English,en
24558,English,en
245589,English,en
24559,English,en
24559,Deutsch,de
24559,Magyar,hu
245597,한국어/조선말,ko
24560,English,en
24561,日本語,ja
245622,English,en
245627,English,en
24563,English,en
24564,English,en
24565,Deutsch,de
24565,Polski,pl
24566,English,en
24567,English,en
24568,English,en
245685,English,en
24569,English,en
245692,"",ce
245692,Français,fr
245692,English,en
245692,Pусский,ru
245697,Deutsch,de
245698,English,en
2457,Français,fr
24570,English,en
245700,English,en
245703,English,en
245706,English,en
245706,Italiano,it
24571,English,en
245739,English,en
24574,English,en
24575,English,en
245775,日本語,ja
245775,Français,fr
245775,Pусский,ru
245775,English,en
245775,العربية,ar
245792,English,en
24580,English,en
24582,English,en
24582,普通话,zh
24584,English,en
245842,English,en
245844,Norsk,no
245846,English,en
24585,English,en
245855,"",am
245859,English,en
24589,English,en
245891,Magyar,hu
245891,English,en
245891,Pусский,ru
2459,Français,fr
24590,English,en
24590,Português,pt
245906,English,en
245909,English,en
245913,English,en
245913,Pусский,ru
245916,English,en
245917,日本語,ja
245950,ελληνικά,el
245963,English,en
245984,English,en
246,日本語,ja
2460,Español,es
246011,English,en
246013,Français,fr
246013,English,en
246013,Italiano,it
24603,हिन्दी,hi
246049,Français,fr
246080,English,en
246127,English,en
246133,English,en
24615,English,en
24617,English,en
24618,English,en
24619,English,en
2462,Dansk,da
2462,Français,fr
2462,English,en
246205,普通话,zh
246205,广州话 / 廣州話,cn
24621,English,en
246213,English,en
246218,English,en
24624,English,en
24625,English,en
246252,English,en
24626,English,en
24626,Magyar,hu
246299,English,en
2463,广州话 / 廣州話,cn
2463,English,en
246308,Deutsch,de
246308,English,en
24631,Deutsch,de
24631,Italiano,it
246314,Deutsch,de
24632,English,en
246320,Français,fr
24633,Deutsch,de
24634,English,en
246355,English,en
246381,English,en
246400,English,en
246403,English,en
246415,Pусский,ru
246415,English,en
246417,Pусский,ru
246422,Français,fr
24645,English,en
246457,Italiano,it
24646,English,en
24646,Norsk,no
24646,svenska,sv
24647,svenska,sv
24649,English,en
24650,Magyar,hu
24650,English,en
24653,Italiano,it
24654,English,en
24655,English,en
24657,English,en
24657,Français,fr
24657,svenska,sv
246594,English,en
24660,English,en
24662,English,en
24662,Deutsch,de
24663,English,en
24663,Polski,pl
24664,English,en
24664,Magyar,hu
246648,English,en
24665,English,en
246655,English,en
246699,English,en
24671,English,en
24671,Deutsch,de
24674,广州话 / 廣州話,cn
24674,English,en
24674,普通话,zh
24674,ภาษาไทย,th
246741,Deutsch,de
246741,English,en
246743,English,en
246749,Español,es
24676,English,en
24678,English,en
24679,English,en
24681,Afrikaans,af
24681,"",xh
24681,isiZulu,zu
24681,English,en
246829,Italiano,it
24683,English,en
24684,English,en
24685,Français,fr
24686,English,en
24686,Pусский,ru
246860,Deutsch,de
246860,English,en
246860,Français,fr
246882,Română,ro
2469,Español,es
246917,English,en
24696,Dansk,da
24696,English,en
24696,Deutsch,de
24696,Italiano,it
24696,Español,es
247,English,en
2470,Español,es
24701,English,en
24703,English,en
24703,"",sh
24707,English,en
24709,English,en
24711,English,en
247112,Český,cs
24712,svenska,sv
247124,Český,cs
24713,svenska,sv
247182,Español,es
247218,Italiano,it
24729,English,en
24731,English,en
24732,English,en
24734,English,en
24735,Latin,la
24735,English,en
24735,Français,fr
247354,English,en
24736,English,en
24739,English,en
24740,English,en
247414,Bahasa indonesia,id
24742,English,en
247446,Český,cs
247447,فارسی,fa
24745,English,en
247451,English,en
24746,English,en
24747,English,en
24748,English,en
24749,English,en
24750,English,en
247500,Français,fr
247504,தமிழ்,ta
24751,English,en
24752,English,en
24752,日本語,ja
24756,English,en
24757,English,en
247604,English,en
247645,हिन्दी,hi
24767,English,en
24768,Polski,pl
24769,Polski,pl
24769,Pусский,ru
247691,English,en
247695,English,en
24772,English,en
247720,English,en
24774,日本語,ja
247749,Latviešu,lv
24775,English,en
24777,English,en
247773,English,en
247777,English,en
247780,English,en
24782,English,en
24784,English,en
24786,English,en
24786,Pусский,ru
24787,English,en
24789,English,en
24791,日本語,ja
24792,English,en
24793,English,en
24794,Français,fr
24795,English,en
24795,Français,fr
24795,Italiano,it
24795,Español,es
247954,普通话,zh
247954,广州话 / 廣州話,cn
24798,English,en
24799,English,en
248,English,en
248,Español,es
248001,English,en
24801,English,en
24803,English,en
24803,Français,fr
24804,English,en
24804,Italiano,it
24805,English,en
24807,English,en
24808,English,en
248087,日本語,ja
248087,Pусский,ru
24810,English,en
24816,Italiano,it
24816,English,en
24821,Norsk,no
24821,svenska,sv
248211,हिन्दी,hi
248212,广州话 / 廣州話,cn
248212,English,en
248212,普通话,zh
24822,한국어/조선말,ko
248223,Pусский,ru
248231,Français,fr
24825,English,en
24826,English,en
24826,Deutsch,de
248268,English,en
24827,हिन्दी,hi
24828,English,en
24830,English,en
24830,Deutsch,de
24831,English,en
24833,English,en
24837,English,en
248376,广州话 / 廣州話,cn
248376,普通话,zh
248379,English,en
248390,Français,fr
248417,English,en
248424,Español,es
248426,English,en
248469,English,en
248503,日本語,ja
248504,English,en
248507,Український,uk
248507,English,en
248507,Français,fr
248513,English,en
248543,Português,pt
248553,English,en
248559,English,en
248561,English,en
248561,Deutsch,de
248574,English,en
248576,English,en
24858,English,en
24858,ελληνικά,el
24858,Italiano,it
2486,English,en
24860,Nederlands,nl
248611,Français,fr
248611,Italiano,it
24862,English,en
24863,English,en
248633,English,en
248639,English,en
24868,English,en
248688,English,en
24869,English,en
248694,English,en
248698,हिन्दी,hi
2487,日本語,ja
24870,English,en
248705,Français,fr
248706,English,en
248710,suomi,fi
24873,English,en
24874,English,en
248741,English,en
248741,Français,fr
248747,Pусский,ru
248757,English,en
248774,English,en
248781,English,en
248808,English,en
24881,English,en
24883,English,en
24883,Français,fr
24883,Español,es
24885,English,en
24886,English,en
248870,English,en
24889,广州话 / 廣州話,cn
248921,Український,uk
248933,Deutsch,de
248934,Français,fr
248934,Deutsch,de
248946,English,en
249,English,en
249021,English,en
249057,Pусский,ru
249070,English,en
24908,Français,fr
24909,English,en
24913,English,en
24916,广州话 / 廣州話,cn
249164,English,en
249170,English,en
24918,Pусский,ru
24918,English,en
24919,Français,fr
24919,Deutsch,de
24919,Italiano,it
24920,English,en
24920,Italiano,it
24921,English,en
24922,广州话 / 廣州話,cn
24922,English,en
24922,普通话,zh
24923,English,en
24924,English,en
24924,Italiano,it
24925,English,en
24926,English,en
249264,English,en
249266,English,en
24927,English,en
24927,Pусский,ru
24929,English,en
2493,English,en
249333,English,en
249347,Pусский,ru
24935,English,en
24935,Deutsch,de
249358,English,en
24936,English,en
249368,Español,es
24939,English,en
24939,Deutsch,de
249397,English,en
24940,English,en
249457,Italiano,it
24948,English,en
24951,Français,fr
24955,فارسی,fa
24955,svenska,sv
249567,English,en
24961,English,en
24962,English,en
24963,English,en
24964,English,en
24965,English,en
249660,English,en
249677,"",mr
249688,English,en
249703,suomi,fi
24971,English,en
24971,Italiano,it
24973,ελληνικά,el
24973,English,en
24977,English,en
249772,తెలుగు,te
24978,English,en
24979,English,en
24982,English,en
24985,English,en
24985,Français,fr
24986,普通话,zh
249882,English,en
249882,Hrvatski,hr
249882,Bosanski,bs
249914,हिन्दी,hi
249916,فارسی,fa
249916,English,en
249923,English,en
249926,English,en
24993,English,en
24993,Deutsch,de
249969,English,en
24998,English,en
24999,日本語,ja
25,English,en
25,Español,es
25,العربية,ar
25,Latin,la
250,Dansk,da
250,English,en
250,Deutsch,de
250,"",sh
25001,English,en
25003,English,en
25004,suomi,fi
25005,English,en
25006,Deutsch,de
25006,English,en
250066,English,en
25007,English,en
25009,English,en
250093,English,en
250096,English,en
2501,English,en
2501,Français,fr
2501,Deutsch,de
2501,Nederlands,nl
2501,Italiano,it
25010,English,en
250124,English,en
25014,Hrvatski,hr
25014,English,en
25014,Français,fr
25014,Srpski,sr
250155,English,en
25016,English,en
25018,English,en
25019,English,en
2502,English,en
2502,Pусский,ru
2502,Deutsch,de
2502,Italiano,it
250219,Italiano,it
250225,English,en
250230,العربية,ar
250230,"",hy
250230,English,en
250230,"",ku
250230,Español,es
250230,Türkçe,tr
250235,Italiano,it
250251,Pусский,ru
250275,English,en
250278,English,en
250278,日本語,ja
250278,Pусский,ru
25028,English,en
2503,English,en
2503,Français,fr
2503,العربية,ar
2503,Pусский,ru
2503,Español,es
250312,ภาษาไทย,th
25032,Pусский,ru
25033,English,en
250332,English,en
250349,Français,fr
25037,English,en
25037,Français,fr
25037,Deutsch,de
250374,Español,es
250376,English,en
25038,English,en
250388,English,en
25041,English,en
250434,English,en
25047,Français,fr
25048,English,en
25050,日本語,ja
250503,English,en
25051,日本語,ja
25053,日本語,ja
250535,English,en
250538,English,en
250546,English,en
25055,English,en
250551,বাংলা,bn
250551,हिन्दी,hi
250556,English,en
250558,English,en
250572,English,en
250574,English,en
250577,English,en
250578,English,en
250578,svenska,sv
25058,English,en
25060,English,en
250605,English,en
250605,Español,es
250608,English,en
250610,English,en
25062,English,en
250622,English,en
250624,English,en
250625,English,en
250638,广州话 / 廣州話,cn
250643,English,en
250650,English,en
250651,English,en
250653,العربية,ar
250653,English,en
250653,Français,fr
250653,Deutsch,de
250653,Pусский,ru
250657,English,en
250658,English,en
25066,English,en
250660,English,en
250665,English,en
250665,Español,es
250666,English,en
250668,English,en
250671,English,en
250671,Español,es
250671,Français,fr
250700,English,en
250705,Italiano,it
250705,English,en
25073,English,en
250734,English,en
250734,Français,fr
250734,Italiano,it
25074,广州话 / 廣州話,cn
250745,English,en
250756,Deutsch,de
250756,Français,fr
250756,English,en
250761,English,en
250761,Tiếng Việt,vi
250766,English,en
250769,English,en
25078,日本語,ja
250784,English,en
250784,Français,fr
250784,Português,pt
250784,svenska,sv
25079,日本語,ja
250798,English,en
250798,עִבְרִית,he
250810,English,en
250810,Română,ro
250833,"",dz
250852,Pусский,ru
250852,English,en
25087,English,en
25088,English,en
250880,English,en
250880,Deutsch,de
250895,Pусский,ru
250902,English,en
250919,Deutsch,de
25095,English,en
250974,Norsk,no
250989,Deutsch,de
25099,English,en
251,English,en
251016,English,en
251028,English,en
25103,English,en
25105,广州话 / 廣州話,cn
25105,English,en
251053,English,en
25109,English,en
25110,Nederlands,nl
25111,English,en
25112,English,en
25113,English,en
25114,日本語,ja
25117,English,en
25119,English,en
25121,தமிழ்,ta
251220,English,en
251227,English,en
251232,Dansk,da
251232,English,en
25124,普通话,zh
251241,English,en
251241,Srpski,sr
251241,Hrvatski,hr
251241,Deutsch,de
25126,English,en
251260,English,en
25128,English,en
25128,Pусский,ru
251281,English,en
25132,English,en
251321,Français,fr
251321,English,en
25133,English,en
25137,English,en
251419,English,en
25142,Pусский,ru
251421,English,en
251425,English,en
25143,English,en
25147,Latin,la
25147,English,en
251471,English,en
25148,English,en
251481,English,en
25150,English,en
25151,English,en
251516,English,en
251516,Deutsch,de
251516,svenska,sv
251519,English,en
25154,English,en
25155,English,en
251555,Español,es
251577,Nederlands,nl
251584,Polski,pl
2516,English,en
25160,English,en
25161,English,en
251619,Nederlands,nl
251626,हिन्दी,hi
251630,English,en
25164,English,en
251657,suomi,fi
25166,English,en
25167,广州话 / 廣州話,cn
25167,English,en
25167,Pусский,ru
251671,Nederlands,nl
25168,Español,es
2517,日本語,ja
25172,English,en
25172,Deutsch,de
251732,English,en
251736,English,en
251768,English,en
251768,Français,fr
251783,English,en
251797,suomi,fi
25180,English,en
25180,Deutsch,de
251803,English,en
25182,English,en
25183,English,en
251852,English,en
25186,English,en
25188,English,en
25189,English,en
25190,English,en
25190,Français,fr
25190,Español,es
25195,English,en
251959,Português,pt
25196,English,en
25196,Español,es
251981,日本語,ja
251987,English,en
251987,Magyar,hu
25199,English,en
251994,English,en
252,English,en
252,Français,fr
252,Deutsch,de
252028,Nederlands,nl
252034,Pусский,ru
25205,Français,fr
25205,Pусский,ru
252059,Polski,pl
252063,Français,fr
252067,한국어/조선말,ko
25208,English,en
25209,English,en
252096,suomi,fi
252102,English,en
25212,English,en
252143,English,en
252147,English,en
252147,日本語,ja
252164,English,en
252171,فارسی,fa
252178,English,en
25218,English,en
252189,English,en
252200,Dansk,da
25221,English,en
25224,English,en
25228,svenska,sv
25232,English,en
25234,English,en
25234,svenska,sv
252360,English,en
25237,беларуская мова,be
25237,Deutsch,de
25237,Pусский,ru
252385,English,en
25239,English,en
252391,日本語,ja
252406,Nederlands,nl
252406,English,en
25241,English,en
25241,Italiano,it
252457,English,en
252457,Pусский,ru
252476,Pусский,ru
25248,English,en
2525,English,en
25251,Français,fr
25251,Italiano,it
252511,日本語,ja
252512,English,en
252520,日本語,ja
252529,English,en
25253,English,en
25253,Français,fr
25253,Deutsch,de
25259,Español,es
252596,English,en
252596,Deutsch,de
252596,Italiano,it
252596,Polski,pl
252596,Український,uk
252607,Français,fr
252622,English,en
252637,English,en
25264,Français,fr
252674,English,en
252680,English,en
252682,English,en
25269,English,en
2527,Français,fr
252714,English,en
25272,Español,es
252721,English,en
252724,English,en
252735,English,en
252746,English,en
252773,Français,fr
2528,Français,fr
252822,Deutsch,de
252822,Norsk,no
252822,svenska,sv
252822,Dansk,da
252822,English,en
252822,Srpski,sr
25283,svenska,sv
252838,English,en
25284,English,en
252841,हिन्दी,hi
252841,"",ne
252845,Italiano,it
252853,English,en
252874,日本語,ja
252886,English,en
252888,English,en
252894,English,en
25290,Français,fr
252916,English,en
25293,English,en
252956,English,en
25296,English,en
25296,普通话,zh
25297,English,en
252981,English,en
252981,"",tl
252983,English,en
252990,English,en
253,English,en
253,Magyar,hu
25300,Italiano,it
253020,Italiano,it
253020,Português,pt
253046,English,en
25305,English,en
253065,한국어/조선말,ko
253072,English,en
253074,English,en
253074,"",yi
253077,English,en
253105,suomi,fi
253105,Deutsch,de
253112,English,en
253116,English,en
25312,English,en
253120,English,en
25313,English,en
253150,English,en
253153,English,en
253153,日本語,ja
253154,English,en
253155,العربية,ar
253155,English,en
253161,Latin,la
253161,English,en
253161,Français,fr
25318,English,en
25319,English,en
25319,Deutsch,de
25319,Latin,la
253192,Pусский,ru
25320,English,en
253232,日本語,ja
253235,English,en
253239,Deutsch,de
253239,Français,fr
253250,English,en
253251,Català,ca
253251,English,en
253251,Español,es
253253,English,en
253254,English,en
253255,English,en
253256,English,en
253257,English,en
253258,English,en
253262,English,en
253263,English,en
253266,English,en
253267,English,en
253270,English,en
253272,English,en
253272,Magyar,hu
253273,English,en
253277,English,en
253279,English,en
253282,English,en
253283,English,en
253284,English,en
253286,English,en
253287,English,en
253287,Français,fr
253287,Türkçe,tr
25329,English,en
253290,English,en
253291,English,en
253292,English,en
253295,English,en
25330,English,en
253303,English,en
253304,ελληνικά,el
253306,English,en
253307,English,en
253309,English,en
253310,English,en
253312,English,en
253315,English,en
253331,English,en
253332,English,en
253333,English,en
253336,English,en
253337,English,en
253339,English,en
253343,English,en
253344,English,en
25335,suomi,fi
253353,English,en
253376,Español,es
253377,Español,es
25338,English,en
253395,suomi,fi
253406,English,en
253412,English,en
253414,English,en
253445,suomi,fi
253450,普通话,zh
253451,日本語,ja
253454,日本語,ja
253476,Srpski,sr
253476,Slovenščina,sl
253484,English,en
25350,English,en
25353,Český,cs
25353,English,en
25353,Français,fr
25353,Polski,pl
253533,తెలుగు,te
25354,English,en
25355,English,en
25355,Français,fr
25356,English,en
253578,हिन्दी,hi
25358,English,en
25360,English,en
25361,English,en
253612,English,en
253622,广州话 / 廣州話,cn
253626,English,en
253639,English,en
25364,Latin,la
25364,Español,es
25364,English,en
25366,English,en
253686,Français,fr
25373,English,en
25376,Español,es
25377,English,en
253775,日本語,ja
25379,English,en
253794,English,en
253808,"",tl
25381,English,en
253817,English,en
253817,Somali,so
253849,English,en
25385,العربية,ar
25385,English,en
25385,Deutsch,de
25385,Italiano,it
253851,English,en
25386,English,en
253876,English,en
25388,English,en
25389,English,en
253899,English,en
2539,Español,es
2539,English,en
25391,Český,cs
25391,English,en
25392,English,en
253944,Français,fr
25395,Deutsch,de
253959,Português,pt
253980,English,en
253988,فارسی,fa
254,English,en
254005,Deutsch,de
254005,Magyar,hu
254005,English,en
254007,Deutsch,de
254011,한국어/조선말,ko
254023,English,en
254024,English,en
254024,Français,fr
25403,العربية,ar
25403,English,en
25403,Italiano,it
25403,普通话,zh
254047,English,en
25405,English,en
254065,English,en
25407,English,en
254123,日本語,ja
254126,English,en
254128,English,en
25413,English,en
254143,English,en
254155,普通话,zh
254166,ελληνικά,el
254172,English,en
254188,English,en
254191,English,en
254193,English,en
254194,English,en
254200,Dansk,da
254200,svenska,sv
254201,Dansk,da
254201,Français,fr
254201,Türkçe,tr
25423,English,en
254241,English,en
25425,广州话 / 廣州話,cn
254251,English,en
25426,English,en
25426,Español,es
254268,Český,cs
25428,Deutsch,de
254299,Nederlands,nl
254299,Deutsch,de
25430,English,en
254302,Français,fr
254302,English,en
254309,Pусский,ru
25431,English,en
254311,Pусский,ru
254313,Pусский,ru
254313,Український,uk
254320,English,en
254320,Français,fr
254321,Italiano,it
254323,Deutsch,de
25434,广州话 / 廣州話,cn
25434,English,en
25434,普通话,zh
25435,English,en
254375,Deutsch,de
254375,English,en
254375,Français,fr
25438,English,en
25440,English,en
25441,English,en
254420,हिन्दी,hi
254435,Português,pt
254439,Português,pt
254446,English,en
25445,English,en
25447,English,en
254470,English,en
254472,English,en
254473,English,en
254474,English,en
254479,普通话,zh
25450,English,en
254502,ελληνικά,el
25451,Français,fr
25451,English,en
254526,广州话 / 廣州話,cn
254575,English,en
254578,Deutsch,de
254578,English,en
254582,Français,fr
2546,Français,fr
25460,English,en
25461,English,en
25461,Español,es
25462,English,en
25466,Español,es
254661,English,en
254664,广州话 / 廣州話,cn
254664,English,en
254664,Bahasa melayu,ms
254664,普通话,zh
25467,English,en
254672,普通话,zh
254672,English,en
254679,日本語,ja
25468,English,en
254689,English,en
25471,普通话,zh
254719,Español,es
25472,English,en
254721,Français,fr
254721,Deutsch,de
254721,Latin,la
254725,"",mr
25473,English,en
254736,普通话,zh
254736,Português,pt
254736,English,en
254736,Français,fr
254736,Deutsch,de
254738,Pусский,ru
25474,广州话 / 廣州話,cn
25475,English,en
25476,English,en
254772,English,en
254772,Español,es
254775,English,en
25482,Español,es
254869,Español,es
254902,Український,uk
254904,English,en
254905,English,en
254918,English,en
254936,English,en
25495,English,en
254952,English,en
254967,Deutsch,de
25497,English,en
25497,Polski,pl
25499,हिन्दी,hi
255,Français,fr
25500,Français,fr
25501,English,en
25502,English,en
25503,English,en
25504,English,en
25506,English,en
25507,English,en
25508,Český,cs
25508,English,en
25508,Srpski,sr
25509,English,en
25510,हिन्दी,hi
25512,Français,fr
255157,English,en
25516,Deutsch,de
25516,हिन्दी,hi
255160,Srpski,sr
25517,English,en
25518,Français,fr
25519,हिन्दी,hi
25520,English,en
25520,Français,fr
25525,日本語,ja
255253,Español,es
255268,English,en
255268,Español,es
25527,English,en
255278,English,en
25528,English,en
25530,Pусский,ru
25530,Español,es
25532,Español,es
255324,English,en
255343,Español,es
255343,English,en
255346,English,en
255358,English,en
255358,Pусский,ru
25536,广州话 / 廣州話,cn
25536,English,en
25538,English,en
25538,日本語,ja
25538,普通话,zh
255384,English,en
255388,English,en
25539,广州话 / 廣州話,cn
255391,日本語,ja
255396,English,en
25541,Dansk,da
255456,Italiano,it
255476,English,en
25548,English,en
25549,English,en
255491,English,en
255496,English,en
255497,English,en
25550,English,en
25551,English,en
255511,Français,fr
255528,No Language,xx
25553,English,en
255533,Deutsch,de
255533,Français,fr
255533,Polski,pl
255546,English,en
255546,Português,pt
255548,Português,pt
255552,Deutsch,de
25556,Dansk,da
25556,English,en
25556,Français,fr
25556,Deutsch,de
25557,English,en
255573,English,en
255577,English,en
25560,English,en
25562,English,en
25563,English,en
255635,Türkçe,tr
25564,English,en
255647,Español,es
255647,Srpski,sr
255647,English,en
25566,English,en
25568,English,en
255692,English,en
255709,한국어/조선말,ko
25571,English,en
25571,Deutsch,de
255718,English,en
255733,English,en
255746,Dansk,da
255756,普通话,zh
255772,Pусский,ru
255772,??????,ky
255775,普通话,zh
255784,日本語,ja
255798,English,en
255802,Português,pt
25583,svenska,sv
25584,svenska,sv
255843,English,en
255869,English,en
25587,Dansk,da
25587,English,en
255885,English,en
255890,Français,fr
255890,Deutsch,de
255898,Pусский,ru
255906,Italiano,it
255913,Français,fr
25594,English,en
255940,English,en
255948,Français,fr
255948,日本語,ja
255948,ภาษาไทย,th
25597,한국어/조선말,ko
255979,Español,es
25598,English,en
25599,English,en
25599,Italiano,it
256,Français,fr
25602,English,en
25602,日本語,ja
25602,Pусский,ru
25602,Español,es
256021,العربية,ar
256021,Deutsch,de
256021,"",ce
25603,English,en
256030,English,en
256040,"",ml
256040,తెలుగు,te
256040,हिन्दी,hi
256040,தமிழ்,ta
256044,Bahasa melayu,ms
256057,Español,es
25606,Italiano,it
25608,English,en
256092,English,en
25610,English,en
25610,Italiano,it
25610,Polski,pl
256102,Bahasa melayu,ms
256103,한국어/조선말,ko
256106,普通话,zh
256108,العربية,ar
256108,Deutsch,de
256108,English,en
256109,English,en
256118,English,en
256122,Português,pt
256166,English,en
256196,English,en
25623,日本語,ja
25624,English,en
25625,English,en
25626,普通话,zh
25627,English,en
25627,Italiano,it
256273,English,en
256274,English,en
25628,English,en
256283,English,en
25630,English,en
256306,普通话,zh
256311,Deutsch,de
256314,Deutsch,de
256316,한국어/조선말,ko
256328,English,en
256328,Français,fr
256328,Español,es
25633,English,en
256347,English,en
256356,Italiano,it
25636,English,en
256375,Français,fr
25638,हिन्दी,hi
256382,"",ml
256396,English,en
25641,English,en
256421,No Language,xx
25643,English,en
25645,广州话 / 廣州話,cn
25646,English,en
25647,한국어/조선말,ko
256474,English,en
256476,English,en
25648,한국어/조선말,ko
25649,한국어/조선말,ko
2565,English,en
25650,한국어/조선말,ko
256503,English,en
25651,한국어/조선말,ko
256511,English,en
25652,한국어/조선말,ko
256520,Pусский,ru
25653,한국어/조선말,ko
256546,Türkçe,tr
25655,广州话 / 廣州話,cn
25655,English,en
25656,日本語,ja
256561,English,en
256561,Pусский,ru
256562,English,en
256569,English,en
256569,Italiano,it
25657,suomi,fi
25657,日本語,ja
25659,日本語,ja
256591,English,en
256593,svenska,sv
2566,Deutsch,de
2566,Français,fr
2566,English,en
25660,한국어/조선말,ko
256608,Deutsch,de
256608,Polski,pl
256628,English,en
256628,Français,fr
25664,广州话 / 廣州話,cn
25664,English,en
25664,日本語,ja
25666,English,en
25667,Polski,pl
25667,Pусский,ru
256679,English,en
256687,English,en
2567,English,en
25670,Nederlands,nl
25670,English,en
25670,Latviešu,lv
25672,English,en
25673,English,en
256731,English,en
256735,English,en
25674,English,en
256740,English,en
256750,Hrvatski,hr
256756,Español,es
25676,广州话 / 廣州話,cn
256771,Nederlands,nl
256779,suomi,fi
25678,English,en
25680,English,en
25682,English,en
256835,English,en
256836,English,en
25684,English,en
256876,English,en
256876,Pусский,ru
25688,English,en
25690,English,en
25690,Français,fr
256907,हिन्दी,hi
256912,euskera,eu
256912,Español,es
256913,Français,fr
256916,Español,es
256917,Pусский,ru
256917,Türkçe,tr
256917,ελληνικά,el
256917,English,en
256922,English,en
256924,English,en
256924,Italiano,it
25693,English,en
256930,日本語,ja
256930,普通话,zh
25694,English,en
25695,한국어/조선말,ko
256959,Português,pt
256961,English,en
256962,English,en
256969,English,en
25697,English,en
25698,English,en
25699,svenska,sv
257,English,en
257004,Italiano,it
257006,Español,es
25701,English,en
257026,English,en
257039,English,en
25704,English,en
257044,English,en
257059,Pусский,ru
25706,English,en
25707,English,en
257081,English,en
257084,English,en
257087,English,en
257088,English,en
257091,English,en
257093,English,en
257095,Český,cs
257109,English,en
257116,English,en
257117,English,en
25713,English,en
257134,English,en
257155,English,en
25716,English,en
25716,日本語,ja
257160,"",ml
257176,English,en
25719,English,en
25720,Pусский,ru
25720,English,en
257200,Français,fr
257211,English,en
257214,English,en
25722,English,en
25723,Deutsch,de
257237,Italiano,it
257238,English,en
257245,English,en
257249,English,en
257253,English,en
257253,Pусский,ru
257253,Français,fr
257258,English,en
25727,日本語,ja
25728,English,en
257291,Deutsch,de
257291,English,en
257296,한국어/조선말,ko
257302,English,en
257331,한국어/조선말,ko
257343,Türkçe,tr
257344,English,en
257345,English,en
257346,日本語,ja
257347,English,en
25735,English,en
25736,English,en
257377,English,en
25738,English,en
2574,Français,fr
25740,English,en
25741,English,en
25741,suomi,fi
257439,English,en
25744,日本語,ja
257440,English,en
257442,English,en
257444,English,en
257445,English,en
257447,English,en
25745,English,en
257450,English,en
257451,English,en
257454,English,en
25746,日本語,ja
25747,한국어/조선말,ko
257472,English,en
25748,English,en
257487,Español,es
25749,English,en
2575,English,en
2575,Español,es
25750,English,en
25751,English,en
25752,English,en
257521,English,en
257521,Français,fr
25753,English,en
257534,Latviešu,lv
257534,Pусский,ru
25754,English,en
25755,English,en
25755,普通话,zh
25755,ภาษาไทย,th
25756,English,en
257563,No Language,xx
257568,한국어/조선말,ko
25757,English,en
257574,English,en
257578,English,en
2576,English,en
2576,Deutsch,de
257604,"",qu
257604,Español,es
257605,Español,es
257605,English,en
257614,English,en
257618,Español,es
257623,ελληνικά,el
25763,Español,es
25763,English,en
25764,한국어/조선말,ko
257648,广州话 / 廣州話,cn
257648,普通话,zh
257668,suomi,fi
25767,English,en
25769,English,en
257698,Français,fr
2577,English,en
25771,English,en
257716,suomi,fi
25772,广州话 / 廣州話,cn
25773,English,en
25778,English,en
25781,English,en
25783,English,en
25783,Español,es
257831,Deutsch,de
25784,English,en
25784,Tiếng Việt,vi
25786,English,en
25787,English,en
257874,English,en
25789,English,en
25789,Français,fr
257907,English,en
257912,English,en
257925,日本語,ja
25793,English,en
25793,Italiano,it
257932,广州话 / 廣州話,cn
257932,English,en
257932,普通话,zh
257932,Pусский,ru
257947,"",tt
257947,Український,uk
25795,Español,es
25796,English,en
25796,Français,fr
25797,Nederlands,nl
257974,English,en
257975,English,en
25799,বাংলা,bn
25799,हिन्दी,hi
25799,English,en
258,Français,fr
258026,ελληνικά,el
25803,हिन्दी,hi
25803,English,en
258034,Español,es
258049,euskera,eu
258049,Español,es
25807,English,en
258070,Deutsch,de
258075,English,en
258086,English,en
258096,English,en
258099,English,en
258100,English,en
258113,Nederlands,nl
258116,English,en
258126,svenska,sv
258147,English,en
258193,English,en
258193,Deutsch,de
258200,English,en
258210,English,en
258227,Română,ro
258230,English,en
258236,English,en
258251,English,en
258253,ქართული,ka
258255,English,en
258284,English,en
258305,English,en
258305,Italiano,it
25831,English,en
25832,English,en
25832,Français,fr
25832,Deutsch,de
25832,Italiano,it
258322,Italiano,it
25833,English,en
25834,English,en
258353,English,en
258358,English,en
258363,English,en
258363,Español,es
258369,普通话,zh
25838,Français,fr
25838,English,en
25838,日本語,ja
25838,普通话,zh
258384,Français,fr
25842,English,en
25843,日本語,ja
258435,Français,fr
258450,Español,es
25846,English,en
25846,Italiano,it
258476,English,en
25848,English,en
258480,English,en
258489,English,en
258509,English,en
258514,English,en
25852,English,en
258521,Português,pt
25853,English,en
25853,Français,fr
25855,ภาษาไทย,th
258550,English,en
25858,日本語,ja
258585,suomi,fi
258614,English,en
25862,English,en
258656,English,en
258656,Français,fr
25866,Français,fr
258665,हिन्दी,hi
258665,English,en
25867,हिन्दी,hi
258673,English,en
25868,हिन्दी,hi
25869,हिन्दी,hi
258691,English,en
2587,English,en
25872,English,en
25874,English,en
258749,Español,es
25875,普通话,zh
25875,English,en
25875,日本語,ja
258750,English,en
258750,日本語,ja
258751,Español,es
258755,Español,es
25876,English,en
2588,Español,es
258800,ελληνικά,el
258805,English,en
258809,English,en
25884,English,en
258893,English,en
25890,English,en
258907,English,en
25893,English,en
25894,العربية,ar
25894,English,en
25894,Français,fr
25894,Deutsch,de
258945,Polski,pl
258947,English,en
25896,English,en
25898,English,en
259,Français,fr
25900,English,en
259014,English,en
259018,English,en
25902,Magyar,hu
25903,English,en
25904,Deutsch,de
25904,Český,cs
25905,Deutsch,de
25905,Slovenčina,sk
259072,English,en
259074,English,en
259075,Español,es
259075,English,en
259075,Italiano,it
25908,Český,cs
259129,한국어/조선말,ko
25913,English,en
25914,English,en
25915,English,en
259171,Deutsch,de
259171,Italiano,it
259171,English,en
25918,English,en
259180,English,en
259183,English,en
25919,English,en
259209,English,en
25921,English,en
25922,Español,es
259231,English,en
259233,日本語,ja
259246,English,en
25926,English,en
259261,English,en
25927,English,en
25927,Português,pt
259292,English,en
259292,Español,es
2593,Français,fr
259300,日本語,ja
259311,English,en
259316,English,en
259325,English,en
25934,English,en
25935,English,en
259358,Deutsch,de
25936,Pусский,ru
259387,Nederlands,nl
259389,English,en
25939,Polski,pl
259395,English,en
2594,Français,fr
25941,English,en
25943,English,en
25944,English,en
259442,English,en
259453,English,en
259460,Español,es
259468,Polski,pl
25950,Pусский,ru
25951,English,en
25951,日本語,ja
25952,English,en
25953,English,en
25955,English,en
259550,English,en
259557,English,en
25956,Español,es
259593,English,en
25961,English,en
25961,日本語,ja
259610,العربية,ar
259611,English,en
259616,Deutsch,de
259634,Italiano,it
259645,Polski,pl
25967,English,en
25968,English,en
25969,English,en
259690,Hrvatski,hr
259693,English,en
259694,English,en
259695,English,en
259695,Español,es
25970,English,en
259719,Português,pt
259720,हिन्दी,hi
259728,Hrvatski,hr
259728,Deutsch,de
25973,English,en
25975,English,en
25977,English,en
259808,English,en
25983,English,en
259830,Pусский,ru
259830,English,en
259835,Italiano,it
259838,English,en
259843,Español,es
25985,English,en
25985,Français,fr
25985,Español,es
259879,English,en
25988,English,en
259894,English,en
259910,English,en
259912,English,en
25993,English,en
25994,English,en
259943,普通话,zh
259954,Français,fr
259954,English,en
259956,English,en
259958,English,en
259963,English,en
259963,Deutsch,de
259975,English,en
25998,广州话 / 廣州話,cn
259985,English,en
259997,English,en
259999,English,en
26,العربية,ar
26,English,en
26,Deutsch,de
26,עִבְרִית,he
26,Italiano,it
26,Türkçe,tr
260,English,en
260001,English,en
260030,Srpski,sr
260030,English,en
26005,广州话 / 廣州話,cn
260063,English,en
260064,English,en
26009,English,en
260094,Italiano,it
26010,Italiano,it
26010,广州话 / 廣州話,cn
26010,日本語,ja
26011,English,en
26014,English,en
26015,English,en
260156,English,en
260156,svenska,sv
26016,English,en
260163,English,en
26018,English,en
260202,English,en
260211,English,en
26022,English,en
26022,हिन्दी,hi
26022,اردو,ur
260234,English,en
260240,Bahasa indonesia,id
26028,English,en
26030,English,en
26030,Français,fr
26031,English,en
260310,Pусский,ru
260312,Français,fr
260313,euskera,eu
260313,Español,es
26032,English,en
260339,English,en
260346,English,en
26035,English,en
260352,English,en
26036,English,en
260372,English,en
26038,English,en
26038,Deutsch,de
26038,Polski,pl
26039,English,en
2604,English,en
2604,Español,es
26040,日本語,ja
260409,English,en
26042,English,en
26044,English,en
2605,English,en
260500,English,en
260514,English,en
260522,Pусский,ru
260528,"",fy
260535,English,en
26056,English,en
260583,suomi,fi
260584,Pусский,ru
260646,Français,fr
260646,Deutsch,de
260672,English,en
260677,English,en
2608,Español,es
2608,English,en
260817,Pусский,ru
260826,Magyar,hu
260839,Italiano,it
260840,Italiano,it
260848,Italiano,it
260857,Italiano,it
260872,Italiano,it
260883,Italiano,it
260884,Italiano,it
260886,Italiano,it
260888,Italiano,it
260891,Italiano,it
260899,Italiano,it
2609,English,en
260907,Italiano,it
260912,Italiano,it
260916,English,en
260928,English,en
260947,English,en
260969,Pусский,ru
260999,Italiano,it
261,English,en
2610,English,en
2610,Polski,pl
261005,Italiano,it
261023,English,en
26103,English,en
261033,Español,es
261035,English,en
261036,English,en
261037,English,en
261038,English,en
261039,English,en
261041,English,en
261047,English,en
26108,English,en
2611,ελληνικά,el
2611,English,en
2611,Gaeilge,ga
261101,Español,es
261101,English,en
261102,Español,es
261103,English,en
26111,svenska,sv
261112,Norsk,no
26113,العربية,ar
26113,English,en
26113,Deutsch,de
26113,עִבְרִית,he
26114,English,en
26114,Français,fr
261144,English,en
261157,English,en
26116,English,en
26116,Polski,pl
26116,Pусский,ru
26118,English,en
26119,English,en
26119,Español,es
261192,English,en
261192,Deutsch,de
2612,English,en
2612,Magyar,hu
261207,English,en
26121,English,en
26123,English,en
26124,English,en
261246,English,en
261249,English,en
26125,English,en
26126,English,en
26127,English,en
26127,Français,fr
261273,English,en
261274,No Language,xx
26129,English,en
2613,Nederlands,nl
2613,English,en
26130,日本語,ja
26133,English,en
26137,普通话,zh
261375,Nederlands,nl
261375,English,en
26138,한국어/조선말,ko
261392,English,en
2614,English,en
26141,English,en
26141,"",yi
261410,English,en
261419,English,en
26142,English,en
261433,Tiếng Việt,vi
261439,English,en
261461,Português,pt
26147,suomi,fi
26149,English,en
26149,Español,es
261508,Bahasa indonesia,id
26152,Français,fr
261538,日本語,ja
26155,English,en
26156,English,en
261562,Pусский,ru
26158,English,en
2616,English,en
26162,English,en
26165,Español,es
26166,English,en
26167,English,en
26168,English,en
261684,English,en
2617,English,en
26170,English,en
26171,English,en
26172,English,en
26173,English,en
26174,English,en
26174,Italiano,it
26175,English,en
26176,English,en
261768,English,en
26177,English,en
261770,English,en
26178,Italiano,it
26179,English,en
26179,Deutsch,de
26180,English,en
26181,English,en
261810,English,en
261814,English,en
261815,English,en
261817,English,en
261818,English,en
26182,English,en
261820,English,en
261823,English,en
261824,English,en
261825,עִבְרִית,he
26185,English,en
261855,English,en
261857,English,en
26186,English,en
261860,English,en
261860,Français,fr
261871,Pусский,ru
261872,English,en
26189,English,en
261899,English,en
2619,English,en
2619,Italiano,it
26190,English,en
261906,English,en
26191,Français,fr
26191,Deutsch,de
26195,English,en
26198,English,en
261985,English,en
26199,English,en
262,English,en
2620,English,en
26200,English,en
262009,Eesti,et
26201,English,en
26203,English,en
26204,English,en
26204,Español,es
26205,Český,cs
26205,English,en
26205,Deutsch,de
262088,English,en
2621,English,en
2621,Italiano,it
262137,广州话 / 廣州話,cn
262137,普通话,zh
26215,English,en
26215,Pусский,ru
262165,English,en
262169,English,en
262227,తెలుగు,te
26223,English,en
262234,English,en
262243,English,en
26225,Español,es
26225,English,en
262260,English,en
262267,English,en
262296,English,en
262296,Français,fr
2623,English,en
26230,English,en
262311,Eesti,et
26232,Español,es
26233,English,en
26233,Italiano,it
262338,English,en
26234,English,en
262340,English,en
26235,English,en
262357,English,en
262390,English,en
262391,Français,fr
26242,English,en
26242,Français,fr
26242,Deutsch,de
26243,English,en
262436,English,en
26244,English,en
262447,Pусский,ru
26245,English,en
262454,Français,fr
26246,English,en
262474,English,en
262475,English,en
262481,English,en
2625,English,en
26250,English,en
262500,English,en
262504,English,en
26251,English,en
262514,Pусский,ru
262517,Pусский,ru
26252,Français,fr
262522,English,en
262528,English,en
262536,English,en
26254,English,en
262542,English,en
262543,English,en
26255,English,en
262551,Français,fr
26258,English,en
26258,Deutsch,de
26259,普通话,zh
262609,English,en
26261,English,en
26261,Magyar,hu
26263,English,en
26264,English,en
26266,English,en
26267,English,en
26268,English,en
26269,English,en
26270,English,en
26271,English,en
262713,svenska,sv
26275,日本語,ja
26277,हिन्दी,hi
26277,Italiano,it
262775,Bahasa indonesia,id
26278,English,en
262782,Português,pt
262786,Italiano,it
262788,English,en
262789,Italiano,it
26280,Français,fr
26282,日本語,ja
26282,广州话 / 廣州話,cn
26282,English,en
262829,English,en
26283,English,en
262831,普通话,zh
262840,English,en
262841,English,en
262848,English,en
26285,Italiano,it
26286,English,en
262866,English,en
262871,English,en
262897,Español,es
262897,English,en
262897,Italiano,it
262897,日本語,ja
26290,English,en
262904,Deutsch,de
262904,English,en
26291,English,en
26293,English,en
262945,Deutsch,de
262958,English,en
26296,Italiano,it
26298,العربية,ar
26298,Français,fr
262982,English,en
262987,Italiano,it
262988,English,en
26299,English,en
26300,English,en
26301,English,en
26302,Pусский,ru
263029,English,en
263032,English,en
26306,English,en
263105,English,en
263109,English,en
263111,English,en
263112,Magyar,hu
263115,English,en
263115,Español,es
26314,Polski,pl
26316,English,en
26317,No Language,xx
26319,English,en
26320,English,en
26323,English,en
26325,English,en
26326,English,en
263281,English,en
263281,Français,fr
26329,English,en
26331,English,en
26331,Français,fr
263314,"",mr
26332,English,en
26333,English,en
26334,English,en
263341,English,en
26336,English,en
26337,English,en
26340,English,en
263412,Español,es
263416,English,en
26342,English,en
26347,العربية,ar
26347,Français,fr
26347,עִבְרִית,he
26347,"",sh
26347,Español,es
263471,हिन्दी,hi
263471,தமிழ்,ta
263471,తెలుగు,te
263472,Español,es
263472,English,en
26350,English,en
263510,English,en
26352,English,en
263524,English,en
26354,English,en
26355,English,en
26356,Italiano,it
26357,English,en
263570,English,en
263579,suomi,fi
26358,English,en
2636,English,en
26360,English,en
263614,Français,fr
263614,Kiswahili,sw
263614,English,en
263627,English,en
26366,English,en
26367,English,en
26368,日本語,ja
26369,English,en
2637,English,en
26370,English,en
26370,Español,es
26371,English,en
26372,svenska,sv
26376,English,en
26378,English,en
26379,हिन्दी,hi
263794,English,en
26380,English,en
26381,English,en
26385,English,en
263855,English,en
26386,English,en
26387,English,en
263873,English,en
26388,English,en
26389,Deutsch,de
26389,English,en
26389,Français,fr
26389,普通话,zh
2639,English,en
26390,English,en
26391,English,en
263913,English,en
263915,Deutsch,de
26393,English,en
263945,Dansk,da
263945,svenska,sv
26397,English,en
26397,Français,fr
263976,Português,pt
26398,English,en
263986,English,en
2640,English,en
2640,Italiano,it
264038,தமிழ்,ta
264048,suomi,fi
26405,English,en
264061,English,en
26408,English,en
264080,English,en
264080,Deutsch,de
264085,हिन्दी,hi
264098,English,en
264164,English,en
264164,Español,es
264166,English,en
264170,English,en
2642,English,en
264206,हिन्दी,hi
26422,广州话 / 廣州話,cn
26422,English,en
26422,Français,fr
26422,Italiano,it
26422,日本語,ja
26422,普通话,zh
264241,suomi,fi
26425,English,en
26426,English,en
264264,普通话,zh
264269,Pусский,ru
26427,English,en
264273,한국어/조선말,ko
26428,English,en
26430,English,en
264309,English,en
26431,English,en
264337,English,en
264356,English,en
264389,Español,es
264393,日本語,ja
264397,Español,es
264401,Español,es
26441,English,en
26441,Deutsch,de
264418,English,en
264418,Español,es
26444,English,en
26447,English,en
264482,Pусский,ru
26449,English,en
26450,English,en
26451,Italiano,it
26452,English,en
26452,Italiano,it
264525,Español,es
26454,English,en
264553,English,en
264555,English,en
264560,English,en
26461,English,en
264644,English,en
264646,Český,cs
264646,English,en
264646,Deutsch,de
264656,English,en
26466,English,en
264660,English,en
26469,English,en
264729,Deutsch,de
264729,Español,es
264746,한국어/조선말,ko
26475,English,en
264760,English,en
264763,English,en
264767,English,en
26477,English,en
26479,English,en
2648,广州话 / 廣州話,cn
26480,English,en
26480,普通话,zh
26483,English,en
26484,English,en
26486,English,en
26488,Dansk,da
26488,Español,es
2649,广州话 / 廣州話,cn
2649,Deutsch,de
2649,English,en
26491,English,en
26497,Deutsch,de
264978,日本語,ja
264999,English,en
265,Deutsch,de
26500,العربية,ar
26500,English,en
26500,Français,fr
26500,עִבְרִית,he
265010,English,en
265016,English,en
265018,English,en
265018,Español,es
26502,English,en
26503,English,en
26503,Italiano,it
26504,Italiano,it
26505,English,en
26506,English,en
26506,"",ml
26508,English,en
26509,English,en
26510,English,en
265111,English,en
265111,suomi,fi
26513,English,en
26514,English,en
26515,English,en
26516,English,en
26516,Italiano,it
265169,Türkçe,tr
265169,English,en
26517,English,en
265177,Français,fr
265177,English,en
26518,English,en
265180,Italiano,it
265189,Français,fr
265189,Norsk,no
265189,svenska,sv
265189,English,en
265193,日本語,ja
265195,Español,es
2652,English,en
26520,English,en
265208,English,en
26521,Español,es
26522,English,en
26522,Deutsch,de
265226,Deutsch,de
265226,Italiano,it
265226,Français,fr
265228,العربية,ar
265228,Bamanankan,bm
265228,English,en
265228,Français,fr
265228,Italiano,it
26525,English,en
265297,Français,fr
265297,Português,pt
265297,English,en
26530,English,en
26531,English,en
26533,Deutsch,de
26533,Italiano,it
26533,English,en
265330,English,en
265349,English,en
26535,English,en
265351,Türkçe,tr
26537,English,en
26539,English,en
265394,English,en
2654,English,en
26540,English,en
26541,English,en
26541,ภาษาไทย,th
265432,Deutsch,de
265449,English,en
26547,English,en
2655,English,en
26550,Italiano,it
265531,English,en
26554,English,en
26555,English,en
26556,English,en
265563,Español,es
26558,English,en
26560,English,en
26561,English,en
26561,Italiano,it
26564,English,en
265640,English,en
26566,Français,fr
26569,普通话,zh
2657,English,en
26571,English,en
265712,日本語,ja
265712,ภาษาไทย,th
26573,English,en
26574,English,en
265758,English,en
265760,English,en
26578,English,en
26579,English,en
265793,العربية,ar
265793,Français,fr
26580,English,en
26581,English,en
26583,English,en
265832,English,en
26584,"",se
26584,Norsk,no
265845,Deutsch,de
265851,한국어/조선말,ko
26587,English,en
26588,English,en
265910,български език,bg
26593,Español,es
26593,English,en
26594,English,en
26596,English,en
265966,English,en
26598,English,en
265982,English,en
265982,Français,fr
26599,English,en
266,English,en
266,Français,fr
266,Deutsch,de
266,Italiano,it
26600,English,en
26602,English,en
266022,English,en
26603,English,en
266030,Français,fr
266031,Dansk,da
266031,Español,es
266034,Français,fr
266036,Français,fr
266036,Italiano,it
266038,हिन्दी,hi
266040,日本語,ja
266040,Français,fr
266040,English,en
266044,Deutsch,de
266047,English,en
266058,한국어/조선말,ko
26606,English,en
266061,Italiano,it
266061,ελληνικά,el
266061,shqip,sq
266080,English,en
266082,Français,fr
2661,English,en
26610,Norsk,no
26610,svenska,sv
266102,English,en
266108,English,en
26612,English,en
26614,Français,fr
26615,普通话,zh
26617,English,en
26618,English,en
2662,English,en
26621,English,en
26622,English,en
26623,English,en
26626,English,en
266279,English,en
266285,Dansk,da
266285,English,en
266294,English,en
26630,English,en
26631,English,en
266331,English,en
26635,English,en
266353,English,en
26636,Français,fr
26636,English,en
266373,English,en
26638,Italiano,it
26639,English,en
26639,Magyar,hu
266396,Español,es
266396,English,en
266400,English,en
26642,English,en
266425,English,en
26643,English,en
266433,English,en
26644,English,en
266442,English,en
26648,English,en
2665,English,en
266500,English,en
26651,Český,cs
26651,Slovenčina,sk
26652,العربية,ar
26652,English,en
26652,Français,fr
26652,Deutsch,de
266525,English,en
266525,Français,fr
266525,Deutsch,de
266537,Français,fr
26654,English,en
266541,English,en
266549,ελληνικά,el
266549,English,en
26655,English,en
266558,ελληνικά,el
26656,English,en
266568,Deutsch,de
26657,English,en
2666,English,en
26661,English,en
266619,English,en
266621,日本語,ja
26663,English,en
266639,English,en
266647,English,en
26665,English,en
26666,English,en
266687,English,en
2667,English,en
26670,English,en
266718,English,en
266723,English,en
266723,Français,fr
266723,Português,pt
266723,Español,es
266740,suomi,fi
266741,English,en
26676,English,en
266764,"",gu
266764,English,en
26677,English,en
26679,English,en
2668,English,en
26680,English,en
266814,English,en
26682,English,en
26685,English,en
26685,Italiano,it
266856,Latin,la
266856,English,en
266856,Français,fr
266856,Italiano,it
26686,English,en
26687,ภาษาไทย,th
266874,English,en
266874,Deutsch,de
266874,普通话,zh
26688,English,en
266880,English,en
266882,English,en
26689,English,en
2669,English,en
26690,English,en
26691,Français,fr
26693,日本語,ja
26699,English,en
267,Español,es
26700,Español,es
26700,English,en
26701,English,en
26702,English,en
26703,English,en
267035,Deutsch,de
267048,svenska,sv
267094,普通话,zh
267094,English,en
267094,广州话 / 廣州話,cn
2671,日本語,ja
26710,English,en
26712,English,en
26712,Español,es
26714,English,en
26715,English,en
26718,English,en
26719,English,en
267192,English,en
267193,English,en
267197,Bosanski,bs
26722,English,en
26722,Deutsch,de
26722,Türkçe,tr
26723,English,en
26725,English,en
26725,Français,fr
267268,Español,es
26728,English,en
26728,Português,pt
267292,English,en
26730,Polski,pl
267310,Deutsch,de
267310,English,en
267319,Deutsch,de
267333,English,en
267336,English,en
267345,English,en
26736,English,en
26738,English,en
267415,Deutsch,de
267428,English,en
26744,English,en
26744,Français,fr
267457,English,en
267463,English,en
267466,한국어/조선말,ko
267467,한국어/조선말,ko
26748,English,en
26748,Español,es
267480,Bahasa indonesia,id
267481,Français,fr
267481,Pусский,ru
267483,English,en
2675,English,en
2675,Português,pt
26750,English,en
26752,Română,ro
267522,हिन्दी,hi
26755,English,en
267557,Italiano,it
267573,한국어/조선말,ko
267579,English,en
267579,Español,es
26758,Deutsch,de
26758,English,en
267590,English,en
267590,Français,fr
26761,English,en
26762,English,en
267623,Français,fr
26763,"",my
26763,English,en
26765,English,en
267654,Français,fr
26766,English,en
26768,English,en
26769,English,en
26771,English,en
26774,English,en
26776,English,en
267793,English,en
267793,Français,fr
267795,English,en
267795,Français,fr
267800,English,en
267802,Español,es
267804,Français,fr
267806,English,en
26781,한국어/조선말,ko
267815,Español,es
26782,Український,uk
267831,English,en
267852,English,en
267860,English,en
267863,Italiano,it
267863,English,en
26787,English,en
267872,English,en
26789,English,en
26791,English,en
26792,Pусский,ru
267931,English,en
267935,English,en
267955,English,en
26796,English,en
26797,English,en
267970,日本語,ja
267977,日本語,ja
26798,English,en
267999,English,en
267999,Magyar,hu
268,English,en
268,Français,fr
268009,English,en
26801,English,en
26803,English,en
26805,English,en
268060,English,en
26807,Français,fr
26807,Deutsch,de
26808,English,en
26809,English,en
268092,English,en
268099,English,en
268100,Português,pt
268105,Español,es
26811,English,en
26813,"",bo
26814,English,en
26814,Deutsch,de
26815,हिन्दी,hi
268159,English,en
26817,English,en
268171,Français,fr
268174,English,en
26820,English,en
268212,Deutsch,de
26823,English,en
268238,English,en
26824,English,en
26824,Español,es
268245,English,en
26825,English,en
26826,Český,cs
26827,English,en
26829,English,en
268297,Español,es
26830,日本語,ja
26831,English,en
268321,English,en
26838,English,en
26838,Español,es
26841,Pусский,ru
268413,Türkçe,tr
26842,English,en
26843,English,en
26843,Français,fr
26843,Español,es
26845,English,en
26847,English,en
26849,English,en
26850,English,en
268508,English,en
26851,English,en
268522,普通话,zh
268523,Français,fr
268531,Nederlands,nl
268531,English,en
268536,English,en
26857,English,en
26860,English,en
26861,English,en
268618,Íslenska,is
26864,Español,es
26865,English,en
268652,Español,es
26866,Français,fr
268660,English,en
268660,?????,kn
268660,"",ml
268666,日本語,ja
268666,Español,es
268666,English,en
2687,English,en
268712,Deutsch,de
26872,English,en
268725,English,en
26873,Pусский,ru
268735,English,en
26877,广州话 / 廣州話,cn
268771,English,en
268788,English,en
26879,English,en
26880,Íslenska,is
26881,English,en
26882,English,en
268823,English,en
26883,English,en
26884,English,en
268853,Nederlands,nl
268854,Español,es
26886,日本語,ja
268875,English,en
26888,English,en
26888,Français,fr
26889,English,en
26889,Español,es
268893,English,en
26890,English,en
26891,Deutsch,de
268917,English,en
268920,Español,es
268920,English,en
26893,日本語,ja
26895,日本語,ja
26899,English,en
269,Français,fr
269,English,en
2690,English,en
26900,Türkçe,tr
269057,English,en
269070,English,en
269070,Deutsch,de
269070,Pусский,ru
26910,தமிழ்,ta
269100,English,en
26911,English,en
26912,English,en
26914,English,en
269148,العربية,ar
269148,Français,fr
269148,English,en
269148,Português,pt
269148,Pусский,ru
269148,Srpski,sr
269149,English,en
26916,English,en
269165,Deutsch,de
269173,English,en
269198,Deutsch,de
269198,"",sh
2692,Deutsch,de
26920,English,en
26921,English,en
269242,English,en
269246,English,en
26925,English,en
269258,Deutsch,de
26928,English,en
269306,svenska,sv
26932,English,en
26933,Français,fr
269340,한국어/조선말,ko
26935,한국어/조선말,ko
26936,日本語,ja
26939,English,en
2694,普通话,zh
26940,English,en
26941,English,en
26941,Français,fr
26942,English,en
26945,日本語,ja
26946,English,en
26947,日本語,ja
26948,English,en
26949,English,en
26949,Italiano,it
269494,한국어/조선말,ko
269495,suomi,fi
269518,Español,es
26953,English,en
26954,English,en
26954,Italiano,it
26955,한국어/조선말,ko
26956,English,en
26956,Deutsch,de
26957,English,en
269572,Español,es
269576,Bosanski,bs
269576,Hrvatski,hr
269576,Srpski,sr
269576,"",sh
269576,Slovenščina,sl
26958,English,en
26959,English,en
26960,English,en
26961,English,en
26962,English,en
26963,English,en
26964,English,en
269650,English,en
26969,Español,es
269705,English,en
26971,Español,es
269710,English,en
269711,No Language,xx
269714,Français,fr
26973,English,en
26974,한국어/조선말,ko
269747,ਪੰਜਾਬੀ,pa
269747,English,en
26976,English,en
269776,Español,es
269776,Français,fr
26978,English,en
269795,English,en
2698,English,en
26983,English,en
269843,Nederlands,nl
26987,English,en
2699,English,en
26990,English,en
269961,Français,fr
269963,العربية,ar
269963,Nederlands,nl
269963,Français,fr
269963,Italiano,it
269981,English,en
27,English,en
270002,suomi,fi
270005,English,en
270007,Český,cs
270007,English,en
270010,العربية,ar
270010,English,en
270010,Italiano,it
270015,English,en
270024,Nederlands,nl
270025,English,en
27003,English,en
27004,English,en
27004,Français,fr
270045,svenska,sv
270047,svenska,sv
27007,English,en
27009,English,en
2701,Deutsch,de
2701,English,en
27010,English,en
27012,English,en
27016,English,en
27017,English,en
27017,Français,fr
27019,Français,fr
27022,English,en
270221,English,en
27023,English,en
27023,Italiano,it
27029,English,en
27030,Français,fr
270302,English,en
270303,English,en
270306,English,en
27031,日本語,ja
27033,English,en
270336,Türkçe,tr
27034,English,en
270343,Français,fr
27035,English,en
27035,Español,es
27036,English,en
270372,Nederlands,nl
270372,English,en
270383,English,en
27040,No Language,xx
270400,Français,fr
270403,עִבְרִית,he
270403,Français,fr
27042,English,en
27045,English,en
27045,日本語,ja
27046,Pусский,ru
270463,Deutsch,de
270463,Italiano,it
270469,No Language,xx
270487,English,en
27052,Nederlands,nl
270529,English,en
27053,Français,fr
27058,English,en
27059,English,en
27061,English,en
27061,Français,fr
27062,普通话,zh
27062,Pусский,ru
27064,English,en
27064,日本語,ja
270646,עִבְרִית,he
270650,English,en
270654,English,en
27066,Italiano,it
270668,Dansk,da
27067,العربية,ar
27067,Français,fr
270672,English,en
27069,English,en
27069,Deutsch,de
270696,English,en
27070,English,en
27072,Polski,pl
270724,普通话,zh
27074,English,en
270759,한국어/조선말,ko
270766,தமிழ்,ta
270771,English,en
270774,English,en
270774,普通话,zh
27079,English,en
270822,Français,fr
27084,English,en
270842,普通话,zh
27085,English,en
270851,English,en
270886,Français,fr
270899,Français,fr
27090,English,en
270909,Español,es
27091,English,en
270919,Français,fr
27092,Español,es
270926,Pусский,ru
270926,Український,uk
27093,Français,fr
270938,English,en
27094,English,en
270946,English,en
27095,English,en
27095,Français,fr
27098,Deutsch,de
27098,svenska,sv
27098,English,en
27099,Français,fr
271,svenska,sv
27102,Français,fr
27103,Français,fr
271033,English,en
271039,English,en
27104,Italiano,it
27104,Türkçe,tr
27105,English,en
271110,Română,ro
271110,English,en
271110,Deutsch,de
271110,Pусский,ru
27112,English,en
271120,Bahasa melayu,ms
271120,普通话,zh
271120,English,en
271124,English,en
27114,English,en
27115,English,en
27116,English,en
271164,English,en
271164,Français,fr
271164,Italiano,it
27117,English,en
27117,Italiano,it
27118,English,en
27118,Italiano,it
271185,English,en
27119,svenska,sv
271200,हिन्दी,hi
27123,Deutsch,de
27123,English,en
271234,Français,fr
271234,Italiano,it
271234,Pусский,ru
27130,English,en
271304,English,en
271331,English,en
27134,English,en
27137,English,en
27138,English,en
271388,Español,es
271397,Український,uk
271404,English,en
27141,English,en
27141,Deutsch,de
27141,"",yi
271433,Deutsch,de
27144,English,en
27145,English,en
27145,Français,fr
27145,Deutsch,de
27146,English,en
27146,Français,fr
271462,Pусский,ru
271462,English,en
271467,English,en
271495,Pусский,ru
27150,English,en
27150,Español,es
271504,广州话 / 廣州話,cn
27152,English,en
27154,한국어/조선말,ko
271664,English,en
271665,English,en
271667,Slovenčina,sk
271674,English,en
271674,Français,fr
271674,Deutsch,de
271677,हिन्दी,hi
271706,普通话,zh
27171,English,en
271714,English,en
271717,English,en
271717,Pусский,ru
271717,Український,uk
271718,English,en
27172,Español,es
27172,English,en
271724,Français,fr
271736,English,en
27176,English,en
27179,English,en
27181,Português,pt
271826,English,en
271826,Français,fr
27190,English,en
27191,English,en
27191,Deutsch,de
271919,Français,fr
271954,Deutsch,de
271954,Türkçe,tr
27196,English,en
271969,English,en
27197,日本語,ja
271983,Português,pt
272,English,en
272,اردو,ur
272,普通话,zh
27200,English,en
27201,English,en
27202,English,en
27203,English,en
27204,English,en
27204,Français,fr
27204,עִבְרִית,he
27205,English,en
27207,English,en
272072,English,en
272075,Français,fr
27208,Français,fr
272095,Español,es
2721,English,en
2721,Français,fr
2721,Pусский,ru
27211,Türkçe,tr
27212,English,en
27214,English,en
27215,English,en
272160,English,en
272162,English,en
27217,English,en
27217,Íslenska,is
27217,Norsk,no
2722,Español,es
27221,English,en
272220,हिन्दी,hi
27223,English,en
27224,English,en
27225,English,en
272255,English,en
272261,English,en
272264,қазақ,kk
27230,English,en
27232,English,en
27232,Italiano,it
27232,Español,es
27233,日本語,ja
27236,English,en
272418,English,en
272418,日本語,ja
272426,Deutsch,de
27243,English,en
272435,English,en
272435,Français,fr
27244,English,en
27245,日本語,ja
272525,Český,cs
272543,Deutsch,de
272548,English,en
27255,Deutsch,de
27256,English,en
27258,English,en
27259,English,en
27260,English,en
272602,العربية,ar
272602,English,en
27261,English,en
272610,English,en
272610,Pусский,ru
27263,English,en
272634,svenska,sv
27265,English,en
272663,English,en
272691,한국어/조선말,ko
272692,English,en
272693,English,en
27270,English,en
27271,English,en
272720,English,en
27273,English,en
27273,Italiano,it
27273,Español,es
27274,English,en
27274,svenska,sv
27275,English,en
27275,Türkçe,tr
27276,日本語,ja
27277,Español,es
27277,English,en
2728,English,en
27281,English,en
27281,Tiếng Việt,vi
272820,Español,es
272820,English,en
27283,English,en
27286,English,en
272875,普通话,zh
272878,English,en
27292,English,en
27294,English,en
27295,English,en
27296,English,en
27297,日本語,ja
273,Deutsch,de
27300,English,en
27303,English,en
273059,English,en
27306,English,en
27307,English,en
273080,English,en
273084,English,en
273085,English,en
273096,日本語,ja
2731,Français,fr
2731,Tiếng Việt,vi
27310,English,en
273126,Pусский,ru
27313,English,en
273149,Português,pt
273149,English,en
273153,Français,fr
27316,한국어/조선말,ko
273160,English,en
273167,English,en
273169,Français,fr
273169,Polski,pl
27317,English,en
27318,English,en
273197,普通话,zh
27320,English,en
273202,Pусский,ru
273205,English,en
27322,English,en
27323,English,en
27324,日本語,ja
273248,Español,es
273248,English,en
273261,English,en
27327,English,en
273271,English,en
273279,Français,fr
27328,English,en
27329,ภาษาไทย,th
27331,English,en
273312,English,en
27332,English,en
273341,English,en
27337,日本語,ja
27338,Français,fr
27339,English,en
2734,English,en
2734,Deutsch,de
273404,English,en
27341,English,en
27342,English,en
27344,English,en
27346,English,en
273477,English,en
273481,Español,es
273481,English,en
27349,English,en
27349,Deutsch,de
27349,svenska,sv
27350,English,en
273509,English,en
27351,日本語,ja
273511,English,en
27352,English,en
27352,Português,pt
273578,English,en
27358,English,en
27359,English,en
273598,Afrikaans,af
273599,English,en
27360,English,en
27361,English,en
27361,Français,fr
273610,English,en
27362,English,en
273621,English,en
273632,English,en
273632,Français,fr
27364,English,en
273641,Český,cs
273641,English,en
273641,Pусский,ru
273645,한국어/조선말,ko
27367,English,en
27367,Deutsch,de
27370,English,en
27371,English,en
27372,日本語,ja
27374,English,en
27374,Deutsch,de
273743,English,en
273745,English,en
273745,Français,fr
27375,English,en
27376,English,en
27378,Deutsch,de
27379,Pусский,ru
27380,English,en
27381,English,en
273848,English,en
273856,English,en
27387,English,en
273879,English,en
273886,हिन्दी,hi
273895,English,en
273896,English,en
273899,English,en
27390,English,en
27390,Italiano,it
27391,English,en
273912,English,en
273922,English,en
27395,Español,es
27396,English,en
27397,English,en
27397,Français,fr
27397,עִבְרִית,he
27397,"",yi
27399,English,en
273997,English,en
274,English,en
274007,Français,fr
27404,English,en
27405,English,en
274060,English,en
27408,English,en
27409,Italiano,it
274109,Español,es
274110,Español,es
27412,English,en
274127,English,en
27414,English,en
274167,English,en
27417,English,en
27418,English,en
27419,Français,fr
2742,العربية,ar
2742,English,en
27420,English,en
27425,日本語,ja
274253,English,en
27428,한국어/조선말,ko
27429,English,en
27430,Français,fr
27431,Italiano,it
27432,English,en
27437,English,en
27437,Français,fr
27437,Italiano,it
274388,Pусский,ru
27439,Italiano,it
27440,English,en
27441,English,en
274415,Deutsch,de
27442,English,en
27443,Deutsch,de
27443,English,en
27444,English,en
27446,English,en
27447,English,en
274478,English,en
274479,Español,es
274479,English,en
27448,English,en
274483,Français,fr
27449,English,en
27449,Français,fr
27450,English,en
274504,English,en
27451,English,en
27452,English,en
27453,English,en
27455,English,en
27456,English,en
27457,Português,pt
27458,English,en
27459,English,en
27460,English,en
27461,English,en
27462,English,en
274626,English,en
27464,English,en
27465,English,en
274669,广州话 / 廣州話,cn
27470,English,en
27472,Español,es
27472,English,en
27475,English,en
27476,English,en
2748,English,en
2748,Italiano,it
27480,English,en
274805,Polski,pl
274815,日本語,ja
274817,日本語,ja
274820,English,en
274854,English,en
274857,English,en
274857,ภาษาไทย,th
274870,English,en
274899,English,en
2749,Český,cs
2749,English,en
2749,ελληνικά,el
2749,Pусский,ru
274902,English,en
274906,English,en
27495,English,en
27496,English,en
27498,English,en
274990,Dansk,da
274991,Pусский,ru
275,English,en
2750,English,en
27501,English,en
27503,English,en
27504,English,en
275054,Pусский,ru
27506,English,en
275060,English,en
275065,English,en
275074,English,en
275130,English,en
275136,English,en
2752,English,en
27521,English,en
275210,English,en
27522,Deutsch,de
27523,Italiano,it
275239,Italiano,it
275244,日本語,ja
275244,Pусский,ru
27526,English,en
275269,हिन्दी,hi
275272,Français,fr
275287,English,en
2753,Nederlands,nl
2753,Deutsch,de
2753,Pусский,ru
275318,English,en
275331,English,en
275355,English,en
2754,Nederlands,nl
27543,English,en
27544,English,en
27545,English,en
275477,English,en
27548,English,en
27549,English,en
2755,English,en
27550,svenska,sv
27551,English,en
27551,Italiano,it
27551,Español,es
27554,English,en
275573,English,en
2756,English,en
27560,English,en
275601,English,en
27561,English,en
275619,English,en
27563,English,en
275657,English,en
27567,Español,es
27568,English,en
27569,English,en
275696,English,en
2757,English,en
2757,Latin,la
27573,English,en
27576,English,en
27576,Pусский,ru
27576,한국어/조선말,ko
275771,English,en
27578,English,en
27578,Español,es
27579,English,en
27579,Italiano,it
2758,English,en
27581,English,en
27582,English,en
27583,English,en
27584,English,en
27585,English,en
27586,English,en
27588,Français,fr
27588,Deutsch,de
2759,English,en
27590,English,en
27590,Français,fr
27590,Deutsch,de
27590,Pусский,ru
275905,English,en
27591,English,en
27593,English,en
27595,English,en
27597,普通话,zh
27597,English,en
27598,svenska,sv
275985,English,en
27599,svenska,sv
276,Deutsch,de
2760,English,en
27600,svenska,sv
27601,English,en
27605,Español,es
27607,English,en
27609,English,en
2761,English,en
2761,Italiano,it
276120,English,en
276122,English,en
276123,shqip,sq
276137,English,en
276155,Italiano,it
27618,English,en
2762,English,en
27620,English,en
27621,English,en
27622,English,en
276220,Wolof,wo
27624,हिन्दी,hi
27625,English,en
27629,Français,fr
27629,English,en
27631,English,en
27632,English,en
27632,Italiano,it
27635,English,en
27636,Italiano,it
27637,Deutsch,de
27638,English,en
2764,Nederlands,nl
276401,English,en
27642,English,en
27644,English,en
27645,English,en
27646,English,en
276486,English,en
276488,English,en
276496,English,en
27651,English,en
27653,English,en
276536,Deutsch,de
276537,English,en
27655,English,en
276550,English,en
276578,English,en
27658,English,en
27662,English,en
276624,日本語,ja
276635,English,en
27665,English,en
276678,English,en
2767,Français,fr
276702,Deutsch,de
276702,Eesti,et
276702,English,en
276702,Pусский,ru
27671,English,en
276729,English,en
27674,English,en
276770,English,en
27678,English,en
27679,English,en
2768,English,en
2768,Français,fr
2768,Deutsch,de
2768,svenska,sv
27681,English,en
276819,English,en
276828,No Language,xx
27683,English,en
276839,English,en
276843,English,en
276844,English,en
276846,हिन्दी,hi
27686,English,en
276883,English,en
276895,Fulfulde,ff
276895,English,en
2769,English,en
2769,Français,fr
2769,Deutsch,de
276901,English,en
276902,English,en
276904,English,en
276905,English,en
276906,English,en
276907,English,en
276908,English,en
276909,English,en
276922,English,en
276935,हिन्दी,hi
27696,English,en
27698,日本語,ja
27699,Español,es
277,English,en
2770,English,en
27703,Italiano,it
27706,Italiano,it
277073,English,en
27709,English,en
277098,日本語,ja
2771,English,en
27711,English,en
27712,English,en
277153,Nederlands,nl
277154,Nederlands,nl
277154,English,en
277154,Français,fr
27716,Deutsch,de
277167,English,en
27717,Español,es
27717,English,en
27719,English,en
27719,Français,fr
277190,Nederlands,nl
27721,Türkçe,tr
277216,English,en
277217,English,en
277229,हिन्दी,hi
27723,English,en
277237,English,en
27725,English,en
27726,English,en
277261,日本語,ja
277296,Français,fr
27730,Deutsch,de
27730,Français,fr
27735,English,en
277355,English,en
277368,Nederlands,nl
277368,Français,fr
277368,Português,pt
277388,English,en
27739,English,en
277399,English,en
27740,English,en
277416,English,en
27742,日本語,ja
277432,हिन्दी,hi
277435,English,en
27745,English,en
27748,普通话,zh
277528,English,en
277528,Deutsch,de
277541,English,en
277546,English,en
277547,English,en
277558,English,en
27757,English,en
27759,English,en
277594,English,en
277597,English,en
277610,English,en
277631,English,en
27764,English,en
27766,English,en
277662,English,en
27767,English,en
277685,English,en
277686,Latviešu,lv
277687,English,en
277687,Türkçe,tr
277688,English,en
27769,Magyar,hu
27769,English,en
277690,Bahasa melayu,ms
2777,한국어/조선말,ko
27770,English,en
277702,English,en
277702,Deutsch,de
27771,English,en
277710,English,en
277713,English,en
277724,English,en
277778,English,en
277796,English,en
2778,English,en
277806,日本語,ja
277809,English,en
277834,English,en
277839,Français,fr
277846,English,en
277847,English,en
27786,English,en
2779,English,en
2779,Polski,pl
27791,English,en
27793,English,en
277934,Türkçe,tr
277967,Deutsch,de
277967,Română,ro
277967,Türkçe,tr
277968,Français,fr
277968,Deutsch,de
27799,日本語,ja
278,English,en
27804,English,en
278041,"",ml
27805,English,en
278051,English,en
278086,English,en
278095,Pусский,ru
278111,English,en
278111,Français,fr
278122,Italiano,it
27813,English,en
27814,English,en
27815,English,en
278154,English,en
27816,English,en
278236,English,en
27824,English,en
278247,Español,es
278247,English,en
278262,Pусский,ru
278269,Pусский,ru
27827,English,en
278283,English,en
278316,English,en
27832,English,en
278329,English,en
278329,suomi,fi
278334,English,en
27834,Français,fr
27834,English,en
278348,English,en
27836,English,en
278388,English,en
278393,"",ml
27841,English,en
27841,Deutsch,de
27843,日本語,ja
27845,Italiano,it
27845,English,en
278458,Español,es
278468,English,en
27847,English,en
278475,Türkçe,tr
27850,English,en
27854,Español,es
27854,English,en
27857,English,en
27858,English,en
27859,English,en
2786,Français,fr
278604,English,en
278604,Italiano,it
27861,"",hy
27861,English,en
27861,ქართული,ka
27861,Pусский,ru
27862,Pусский,ru
278621,English,en
278632,English,en
27864,English,en
27866,English,en
278677,Polski,pl
2787,English,en
278706,English,en
278717,Pусский,ru
278718,Pусский,ru
27873,English,en
278738,English,en
27875,日本語,ja
278771,English,en
278772,English,en
278774,English,en
278778,English,en
2788,English,en
27881,Deutsch,de
27881,English,en
278813,Español,es
278822,English,en
27883,English,en
27884,English,en
27885,English,en
278851,English,en
278851,Français,fr
278851,हिन्दी,hi
278851,العربية,ar
27886,English,en
278867,Polski,pl
278878,English,en
2789,English,en
278901,English,en
278924,български език,bg
278924,English,en
278927,English,en
278939,English,en
278978,Deutsch,de
27899,English,en
278990,English,en
278990,Español,es
279,English,en
279,Deutsch,de
279,Italiano,it
279,Latin,la
27902,English,en
27904,ภาษาไทย,th
279049,日本語,ja
27905,English,en
27905,Italiano,it
27906,English,en
27907,English,en
279086,English,en
279090,Deutsch,de
279096,English,en
2791,English,en
279144,English,en
27915,Español,es
279159,한국어/조선말,ko
27916,English,en
27917,English,en
27918,English,en
27918,Français,fr
27919,English,en
27920,Pусский,ru
27922,ქართული,ka
27922,Pусский,ru
279229,Deutsch,de
27923,Pусский,ru
27924,Pусский,ru
27925,Pусский,ru
279254,日本語,ja
27930,English,en
27932,English,en
27932,Magyar,hu
279332,English,en
27934,Pусский,ru
27935,Pусский,ru
27936,Français,fr
27937,Pусский,ru
279371,English,en
27939,Pусский,ru
27940,Pусский,ru
27941,English,en
279414,English,en
27942,Pусский,ru
27944,English,en
27944,Deutsch,de
27944,日本語,ja
27944,Polski,pl
279444,English,en
27945,English,en
27952,Türkçe,tr
27953,Türkçe,tr
279543,Pусский,ru
279558,Deutsch,de
27957,Türkçe,tr
27958,English,en
279588,English,en
279598,Pусский,ru
27960,Türkçe,tr
279606,English,en
279608,No Language,xx
279641,English,en
27966,English,en
279661,English,en
27967,English,en
279687,English,en
27969,English,en
279690,English,en
27970,Latin,la
27970,English,en
27970,广州话 / 廣州話,cn
27972,English,en
27973,English,en
27974,English,en
27977,English,en
27978,English,en
2798,Français,fr
279828,English,en
27983,English,en
27984,English,en
27985,English,en
279852,Italiano,it
27986,English,en
27989,English,en
27991,English,en
279914,English,en
27993,English,en
27993,Deutsch,de
27994,English,en
27995,English,en
27996,English,en
279960,English,en
279965,English,en
279966,English,en
279967,English,en
279968,English,en
27997,English,en
279972,English,en
279973,English,en
279977,English,en
279979,English,en
27998,English,en
279984,English,en
279988,English,en
279988,Français,fr
27999,English,en
279992,English,en
279997,English,en
279997,Deutsch,de
28,"",km
28,English,en
28,Français,fr
28,Tiếng Việt,vi
280,English,en
280,Español,es
2800,English,en
2800,Español,es
28000,English,en
280000,English,en
280002,English,en
280004,English,en
28001,English,en
280019,한국어/조선말,ko
280030,العربية,ar
280030,עִבְרִית,he
280045,Español,es
28005,English,en
28006,English,en
28007,English,en
280092,English,en
280092,ภาษาไทย,th
28013,English,en
28013,Pусский,ru
280134,English,en
280165,தமிழ்,ta
28018,English,en
28019,English,en
280218,Français,fr
28023,English,en
28025,English,en
28026,English,en
280276,English,en
28028,English,en
28029,English,en
28030,English,en
28031,English,en
28032,English,en
28033,English,en
28036,English,en
28039,普通话,zh
280416,English,en
280422,Pусский,ru
28043,Italiano,it
280437,Nederlands,nl
28044,English,en
28046,English,en
28047,English,en
280477,Polski,pl
28049,Deutsch,de
28049,Italiano,it
280495,English,en
2805,ภาษาไทย,th
28050,Italiano,it
280509,English,en
28051,Italiano,it
280512,English,en
28053,English,en
28054,English,en
28055,Italiano,it
28058,Italiano,it
280583,Norsk,no
280583,English,en
28059,English,en
28061,Italiano,it
280612,日本語,ja
280612,한국어/조선말,ko
280617,English,en
28062,svenska,sv
28063,Italiano,it
28064,Italiano,it
280640,Français,fr
280668,Français,fr
280668,"",km
280668,English,en
28067,Español,es
280674,English,en
28068,Español,es
280690,हिन्दी,hi
28070,English,en
28070,Italiano,it
28070,Pусский,ru
28071,Español,es
28072,Español,es
280723,Nederlands,nl
280723,Deutsch,de
28073,English,en
280755,Português,pt
280795,हिन्दी,hi
280840,Español,es
280874,English,en
28089,English,en
28089,Español,es
28090,English,en
280901,Español,es
280913,ภาษาไทย,th
280922,English,en
28093,English,en
280957,Italiano,it
280996,Français,fr
280996,English,en
280996,日本語,ja
281,English,en
28100,Italiano,it
28100,English,en
281007,Norsk,no
28101,English,en
28105,English,en
281085,English,en
28110,Español,es
28110,English,en
281124,English,en
28115,English,en
28117,English,en
28118,English,en
281180,English,en
28120,English,en
28121,English,en
281215,English,en
28124,English,en
281291,English,en
281298,한국어/조선말,ko
2813,Français,fr
28131,English,en
281338,English,en
28134,Italiano,it
28136,English,en
28138,English,en
281418,English,en
28145,English,en
28148,English,en
281506,English,en
281524,English,en
28153,English,en
28155,English,en
28156,English,en
28159,English,en
281590,English,en
281600,普通话,zh
28162,English,en
28162,Français,fr
28162,Pусский,ru
28165,English,en
28165,日本語,ja
28169,English,en
2817,Français,fr
28170,English,en
28171,English,en
28171,فارسی,fa
28171,Polski,pl
28171,پښتو,ps
28172,English,en
28173,Deutsch,de
28173,Español,es
28173,English,en
281730,हिन्दी,hi
281730,English,en
28176,English,en
28177,English,en
281778,English,en
28178,English,en
28178,日本語,ja
281780,한국어/조선말,ko
281783,Italiano,it
28180,English,en
281826,English,en
28187,English,en
28188,English,en
28189,English,en
28190,Français,fr
28190,Deutsch,de
28190,Italiano,it
281957,English,en
281957,Français,fr
28196,English,en
281968,Français,fr
281968,Italiano,it
281979,English,en
28198,Italiano,it
281987,English,en
28200,English,en
282024,Pусский,ru
282035,العربية,ar
282035,English,en
282035,ภาษาไทย,th
282040,English,en
282041,English,en
28205,Eesti,et
282069,日本語,ja
282070,日本語,ja
282078,Pусский,ru
282084,English,en
282086,Český,cs
28209,Français,fr
28211,English,en
282116,Nederlands,nl
282116,Français,fr
28212,Français,fr
28213,Français,fr
28216,English,en
28218,English,en
28219,English,en
282225,العربية,ar
282247,English,en
282248,English,en
282268,English,en
282268,Español,es
28227,English,en
28229,English,en
282296,English,en
282297,English,en
282298,English,en
282308,Français,fr
282313,English,en
282346,हिन्दी,hi
28236,English,en
282374,Deutsch,de
282374,Hrvatski,hr
282376,"",ab
282376,ქართული,ka
282376,Pусский,ru
28238,English,en
282502,العربية,ar
282502,עִבְרִית,he
28256,English,en
28257,English,en
28258,English,en
28260,Český,cs
28260,English,en
28260,Italiano,it
28261,English,en
282624,English,en
28263,English,en
282631,日本語,ja
282631,한국어/조선말,ko
28264,English,en
282672,English,en
28268,No Language,xx
28270,العربية,ar
28270,English,en
28270,Français,fr
28270,Deutsch,de
28270,Magyar,hu
28271,English,en
28272,日本語,ja
28273,English,en
28273,日本語,ja
28275,Deutsch,de
282758,English,en
28276,日本語,ja
282762,Deutsch,de
282762,ελληνικά,el
282762,English,en
28279,Deutsch,de
28280,English,en
28280,Deutsch,de
282813,English,en
28282,English,en
28284,English,en
282848,English,en
28285,English,en
28286,Français,fr
28286,English,en
28286,Deutsch,de
282879,English,en
28288,English,en
28288,Français,fr
28288,Italiano,it
28289,English,en
28290,English,en
28290,Deutsch,de
28290,Italiano,it
28292,English,en
28293,English,en
28293,Português,pt
28295,English,en
28296,English,en
282963,English,en
28297,English,en
282983,Español,es
282984,English,en
28299,English,en
282996,English,en
2830,English,en
28302,English,en
28303,English,en
28304,English,en
28304,Français,fr
28307,English,en
28308,العربية,ar
28308,עִבְרִית,he
28308,English,en
283101,Deutsch,de
283101,English,en
283105,English,en
283127,日本語,ja
28313,English,en
28314,English,en
283146,English,en
283161,English,en
28318,English,en
28319,English,en
28319,Deutsch,de
28319,Italiano,it
28319,Español,es
2832,English,en
28320,English,en
283201,English,en
283201,हिन्दी,hi
28321,Italiano,it
283227,English,en
28323,English,en
283235,English,en
28324,Italiano,it
28325,Italiano,it
283281,Français,fr
283281,Italiano,it
283317,Español,es
283322,"",mi
28333,English,en
283330,English,en
283330,Français,fr
283350,English,en
283366,English,en
283378,English,en
283384,English,en
28340,English,en
283445,English,en
28345,English,en
28346,English,en
283489,English,en
28349,English,en
283521,English,en
28353,English,en
283536,English,en
28355,English,en
283552,English,en
28356,English,en
283587,English,en
283589,हिन्दी,hi
283591,English,en
283596,English,en
28363,English,en
28366,广州话 / 廣州話,cn
28366,English,en
28367,Magyar,hu
28367,English,en
28368,English,en
283686,English,en
283691,English,en
283698,English,en
28370,Český,cs
28370,English,en
283700,Français,fr
283700,English,en
283700,Italiano,it
283701,Français,fr
283701,普通话,zh
283703,Pусский,ru
283704,Italiano,it
283707,Italiano,it
283708,العربية,ar
283708,Français,fr
283708,Español,es
283710,日本語,ja
283711,普通话,zh
283712,English,en
283726,Français,fr
28373,English,en
28377,English,en
283792,ελληνικά,el
28380,English,en
283827,English,en
283827,हिन्दी,hi
283827,ਪੰਜਾਬੀ,pa
28384,English,en
28387,English,en
28389,English,en
28392,English,en
283959,Deutsch,de
283995,English,en
284,English,en
284013,Français,fr
284048,Español,es
284050,Español,es
284052,English,en
284053,English,en
28406,Español,es
284063,한국어/조선말,ko
284096,Français,fr
2841,"",co
2841,Français,fr
2841,Deutsch,de
28410,English,en
284117,English,en
284117,Nederlands,nl
284135,English,en
284135,한국어/조선말,ko
28414,Dansk,da
28415,English,en
28415,日本語,ja
284152,한국어/조선말,ko
284154,Srpski,sr
28416,English,en
28417,العربية,ar
28417,Nederlands,nl
28417,Français,fr
284189,Français,fr
28421,English,en
28422,日本語,ja
28423,English,en
28424,English,en
284246,English,en
28425,English,en
284250,"",ku
284250,Türkçe,tr
284250,ελληνικά,el
284258,English,en
28426,English,en
284270,Nederlands,nl
284270,Français,fr
284274,English,en
284276,Español,es
284276,English,en
284279,Norsk,no
284284,English,en
284286,English,en
284288,हिन्दी,hi
284289,English,en
284290,Español,es
284293,English,en
284294,English,en
284296,English,en
28430,English,en
284303,Deutsch,de
284305,Español,es
284306,suomi,fi
28431,English,en
28432,English,en
28433,English,en
28434,English,en
284343,Français,fr
284343,עִבְרִית,he
284343,العربية,ar
284343,Deutsch,de
28435,Dansk,da
28435,English,en
28435,Deutsch,de
28436,English,en
28437,English,en
28438,English,en
28438,Español,es
28440,English,en
28440,Español,es
284427,English,en
284427,Deutsch,de
28445,English,en
28445,Français,fr
28445,Español,es
284457,English,en
284460,English,en
284460,日本語,ja
284467,English,en
284470,English,en
284470,Français,fr
284470,Deutsch,de
284470,Italiano,it
284470,Español,es
28448,English,en
28450,English,en
284514,Español,es
28452,English,en
28452,Español,es
284536,English,en
284537,English,en
28455,English,en
284564,Deutsch,de
284564,English,en
284564,Español,es
28460,日本語,ja
284620,Français,fr
28463,Pусский,ru
28463,Français,fr
28465,English,en
28466,Español,es
28466,English,en
284674,English,en
28468,Italiano,it
284689,English,en
28469,Deutsch,de
284694,English,en
284711,English,en
28472,हिन्दी,hi
284729,"",mr
28476,English,en
28478,Español,es
28480,Deutsch,de
28482,Español,es
28484,English,en
284841,Français,fr
28485,Español,es
28486,English,en
284870,Español,es
28488,English,en
28488,Italiano,it
28489,Italiano,it
28490,English,en
28497,English,en
28497,Español,es
28498,English,en
28499,English,en
284995,English,en
285,English,en
28500,English,en
28500,Deutsch,de
28501,English,en
285011,English,en
285020,English,en
285024,English,en
285025,Deutsch,de
28503,English,en
28504,English,en
28509,English,en
28510,български език,bg
28510,English,en
28512,English,en
285135,English,en
285165,Norsk,no
285176,Norsk,no
285181,English,en
285181,Français,fr
285181,Norsk,no
28519,English,en
28520,English,en
285213,한국어/조선말,ko
28522,English,en
28522,Deutsch,de
28522,Pусский,ru
28524,English,en
285245,svenska,sv
28525,Português,pt
28526,svenska,sv
28527,Nederlands,nl
28527,Deutsch,de
28527,Polski,pl
285270,English,en
28528,English,en
28528,Español,es
28529,English,en
285307,ภาษาไทย,th
28532,Italiano,it
28533,Italiano,it
28535,English,en
28536,Italiano,it
28538,Italiano,it
285387,English,en
285387,Français,fr
285423,English,en
28546,English,en
285463,Español,es
28553,English,en
285549,English,en
285581,Português,pt
285594,English,en
285595,English,en
285597,English,en
285598,English,en
28561,English,en
28564,English,en
28567,English,en
285685,Español,es
285689,English,en
28569,English,en
285692,English,en
285692,Deutsch,de
285692,ελληνικά,el
285697,Português,pt
285700,Pусский,ru
28571,English,en
28571,Français,fr
28573,Italiano,it
285733,English,en
28574,Deutsch,de
28574,Italiano,it
28575,English,en
28577,English,en
285783,Français,fr
285783,English,en
28580,English,en
285803,हिन्दी,hi
285814,English,en
285838,English,en
285840,English,en
285841,English,en
285843,English,en
285844,English,en
285844,Español,es
285848,English,en
285848,Français,fr
285848,עִבְרִית,he
285848,Italiano,it
285848,Español,es
285848,"",yi
28585,English,en
285851,Français,fr
285856,English,en
285858,Français,fr
285858,Italiano,it
28586,English,en
285860,English,en
285863,English,en
285869,English,en
28590,English,en
285908,Français,fr
28592,Italiano,it
285946,English,en
285953,English,en
285959,English,en
28597,English,en
28597,Italiano,it
28597,Português,pt
286,Deutsch,de
2860,Français,fr
28601,English,en
28601,Italiano,it
28601,Português,pt
28602,English,en
28604,English,en
28605,English,en
28609,日本語,ja
2861,Français,fr
286120,普通话,zh
28614,English,en
286192,English,en
286217,English,en
286217,普通话,zh
286239,Bahasa indonesia,id
286256,English,en
286256,Português,pt
286267,suomi,fi
28627,No Language,xx
28628,English,en
28629,No Language,xx
28630,English,en
286301,Italiano,it
286313,Magyar,hu
28632,日本語,ja
28635,English,en
286367,English,en
286372,English,en
28638,日本語,ja
28640,English,en
28640,Deutsch,de
286402,English,en
286407,English,en
28642,Français,fr
28644,"",qu
28644,Español,es
286452,English,en
28646,English,en
28650,English,en
286512,Français,fr
286519,English,en
28652,English,en
286521,English,en
286532,English,en
286538,English,en
286545,Deutsch,de
286545,"",lb
286548,日本語,ja
286548,English,en
286554,English,en
28656,English,en
286565,English,en
286567,English,en
28658,English,en
28659,English,en
286595,Français,fr
28661,English,en
28663,English,en
28665,English,en
286654,English,en
286657,English,en
28666,English,en
286668,English,en
28667,English,en
28668,English,en
286687,한국어/조선말,ko
28669,English,en
28670,English,en
286709,English,en
286709,Français,fr
28671,English,en
28673,Italiano,it
28677,English,en
28678,Italiano,it
286789,Italiano,it
28679,English,en
28679,Italiano,it
286805,English,en
28681,English,en
28682,Italiano,it
28684,English,en
28686,English,en
28687,English,en
286873,English,en
286875,English,en
28690,Español,es
286940,English,en
28696,English,en
28697,日本語,ja
286971,English,en
28698,English,en
286987,English,en
286987,Deutsch,de
28699,English,en
287,English,en
287,Italiano,it
28705,עִבְרִית,he
28706,English,en
287084,English,en
28710,Español,es
28712,English,en
28715,English,en
287169,English,en
287170,ภาษาไทย,th
28723,English,en
28723,Deutsch,de
287233,English,en
287241,English,en
287281,English,en
287284,English,en
287299,English,en
28730,English,en
287301,suomi,fi
28732,English,en
287322,English,en
28733,English,en
287344,English,en
287344,Nederlands,nl
28735,English,en
28736,English,en
28737,English,en
28739,English,en
287391,Français,fr
28740,English,en
28740,हिन्दी,hi
28740,اردو,ur
28742,English,en
287422,svenska,sv
287424,English,en
287426,English,en
28745,Français,fr
28746,English,en
287483,עִבְרִית,he
287484,English,en
287486,English,en
287486,suomi,fi
287486,Pусский,ru
287493,日本語,ja
287495,Deutsch,de
287497,български език,bg
287499,हिन्दी,hi
287499,English,en
287504,Pусский,ru
287504,Latviešu,lv
287509,English,en
287509,Français,fr
287509,日本語,ja
28751,English,en
28752,English,en
287524,English,en
28753,English,en
28757,English,en
28758,English,en
287581,English,en
287581,Italiano,it
287581,Polski,pl
287581,Pусский,ru
287587,English,en
287590,日本語,ja
287594,اردو,ur
287603,English,en
28761,English,en
287623,English,en
287628,العربية,ar
28763,English,en
28763,Italiano,it
287636,English,en
287647,한국어/조선말,ko
28768,English,en
287689,English,en
28769,Deutsch,de
28770,English,en
287703,普通话,zh
28771,English,en
287717,English,en
287717,Français,fr
287717,Deutsch,de
287719,Italiano,it
28772,广州话 / 廣州話,cn
28772,普通话,zh
28774,English,en
28775,English,en
287767,हिन्दी,hi
28778,English,en
287790,English,en
287793,English,en
28784,English,en
287859,हिन्दी,hi
287877,فارسی,fa
28789,English,en
28790,English,en
287903,Deutsch,de
287903,English,en
28793,English,en
287935,English,en
28794,Italiano,it
287940,English,en
287948,English,en
28796,日本語,ja
287982,English,en
288,English,en
28801,English,en
28802,Français,fr
288035,English,en
288036,English,en
28805,हिन्दी,hi
28808,日本語,ja
288094,English,en
288098,Bosanski,bs
288098,Français,fr
28810,English,en
288101,Français,fr
288105,English,en
288109,English,en
288109,Français,fr
288111,English,en
288111,Français,fr
288117,English,en
28812,Español,es
288121,English,en
288122,English,en
288126,English,en
288128,English,en
288129,Español,es
288130,English,en
288146,English,en
288151,Español,es
288153,Polski,pl
288154,English,en
288158,English,en
28816,English,en
288165,Français,fr
288168,Français,fr
288171,English,en
288171,Deutsch,de
288173,Español,es
288173,English,en
288183,"",sh
288183,English,en
288186,English,en
288193,English,en
2882,Français,fr
28820,English,en
288259,English,en
288281,English,en
288284,English,en
288286,Português,pt
288288,Magyar,hu
288288,English,en
288290,Pусский,ru
288291,Español,es
288291,English,en
288292,English,en
288293,日本語,ja
288295,English,en
288296,Español,es
288298,svenska,sv
28830,日本語,ja
288301,English,en
288312,English,en
288312,Español,es
288312,svenska,sv
288313,Italiano,it
288413,English,en
288421,English,en
288424,English,en
288427,English,en
288430,English,en
288438,English,en
28844,Italiano,it
288463,English,en
288463,Français,fr
28847,Italiano,it
28848,Italiano,it
288503,English,en
28851,English,en
288521,English,en
288526,ελληνικά,el
28855,English,en
28858,English,en
288581,English,en
288585,Dansk,da
288585,Deutsch,de
288587,Français,fr
28859,English,en
288618,Español,es
288668,English,en
288694,Italiano,it
2887,English,en
288708,Deutsch,de
28871,English,en
288710,English,en
28874,English,en
28874,日本語,ja
288778,English,en
288788,广州话 / 廣州話,cn
288788,English,en
288788,普通话,zh
288789,English,en
28881,English,en
28891,English,en
28893,English,en
288931,English,en
28894,English,en
288952,English,en
288977,English,en
288980,English,en
289,Deutsch,de
289,Français,fr
289,Italiano,it
289,English,en
2890,Nederlands,nl
28902,English,en
289039,العربية,ar
28904,English,en
28907,English,en
28909,English,en
289097,English,en
289097,Português,pt
2891,English,en
28910,English,en
28912,Italiano,it
289126,Français,fr
289153,Français,fr
28916,Deutsch,de
28916,English,en
28916,Français,fr
28917,English,en
289171,Français,fr
289174,ქართული,ka
289180,English,en
289183,suomi,fi
289190,English,en
289191,English,en
289198,Español,es
2892,English,en
28920,English,en
289207,English,en
289222,English,en
289225,English,en
289225,Deutsch,de
289232,English,en
289239,English,en
28925,English,en
28925,Srpski,sr
289269,广州话 / 廣州話,cn
289269,English,en
289278,svenska,sv
289314,English,en
289318,Pусский,ru
28932,English,en
289333,English,en
289336,suomi,fi
289336,Pусский,ru
289336,svenska,sv
289339,English,en
28938,Deutsch,de
289394,English,en
2894,Français,fr
28940,English,en
28941,English,en
289416,English,en
28942,English,en
28943,English,en
2895,English,en
289510,العربية,ar
289519,English,en
289520,English,en
289523,English,en
28955,English,en
289575,English,en
28963,No Language,xx
28966,English,en
28967,Magyar,hu
289673,English,en
28969,English,en
2897,English,en
2897,Español,es
2897,Français,fr
28971,English,en
289712,English,en
289716,English,en
289716,Türkçe,tr
289720,English,en
289723,English,en
289727,Français,fr
289727,English,en
289728,English,en
28973,English,en
28974,English,en
28975,English,en
28978,English,en
289781,"",mr
2898,English,en
28981,English,en
289820,Français,fr
28988,"",ku
28988,فارسی,fa
289891,English,en
2899,Deutsch,de
2899,Français,fr
2899,العربية,ar
2899,广州话 / 廣州話,cn
2899,Latin,la
289923,English,en
289933,English,en
28994,Deutsch,de
28997,English,en
28997,Português,pt
290,English,en
2900,English,en
29004,English,en
29004,Deutsch,de
29004,Magyar,hu
290043,Deutsch,de
29005,English,en
29007,suomi,fi
290075,한국어/조선말,ko
29008,Español,es
29009,Português,pt
290098,日本語,ja
290098,한국어/조선말,ko
290100,Nederlands,nl
29014,普通话,zh
29015,English,en
29021,English,en
290217,普通话,zh
290250,English,en
290274,suomi,fi
290283,English,en
290290,English,en
29030,English,en
290300,English,en
290304,English,en
290316,Français,fr
29032,English,en
29032,Deutsch,de
29032,Italiano,it
290365,Français,fr
290379,English,en
290382,English,en
290382,Français,fr
29039,English,en
29040,suomi,fi
29043,No Language,xx
29044,English,en
29047,English,en
29048,English,en
29048,Français,fr
29049,English,en
290504,English,en
29052,English,en
29054,English,en
290542,English,en
29055,English,en
290555,English,en
290556,Pусский,ru
290556,English,en
29056,English,en
29058,English,en
290595,English,en
29060,English,en
29063,English,en
290637,English,en
29064,English,en
29064,Italiano,it
290656,English,en
29066,English,en
29067,English,en
290672,English,en
29069,English,en
290695,فارسی,fa
2907,English,en
29071,English,en
290714,Español,es
290714,English,en
29072,English,en
290727,English,en
290729,English,en
290739,English,en
29074,English,en
290751,English,en
29076,English,en
290762,English,en
290764,English,en
29077,English,en
29078,English,en
290789,English,en
29080,English,en
29080,עִבְרִית,he
29080,Español,es
290802,English,en
290815,English,en
290815,"",gu
290815,हिन्दी,hi
290815,"",mr
29082,Français,fr
290825,English,en
290825,Français,fr
290825,Deutsch,de
29083,English,en
29084,Français,fr
290864,广州话 / 廣州話,cn
290864,普通话,zh
290865,한국어/조선말,ko
2909,Deutsch,de
290930,Nederlands,nl
290930,Français,fr
29094,English,en
29095,English,en
290999,English,en
291,English,en
29100,English,en
291006,English,en
29101,Français,fr
29101,Nederlands,nl
29101,العربية,ar
29103,English,en
29106,English,en
29107,Français,fr
29108,English,en
29109,English,en
2911,English,en
29110,English,en
29111,Français,fr
29112,English,en
29113,English,en
29114,English,en
291146,English,en
291151,English,en
291154,English,en
291154,हिन्दी,hi
291155,English,en
291156,Srpski,sr
291157,हिन्दी,hi
29116,English,en
291164,English,en
29117,English,en
291189,English,en
2912,Français,fr
29122,English,en
291224,Polski,pl
29124,English,en
29126,English,en
291264,English,en
291270,English,en
291272,English,en
291276,العربية,ar
291276,English,en
29128,Français,fr
29129,Français,fr
29129,Italiano,it
291290,English,en
29130,Français,fr
291325,English,en
291328,English,en
29134,العربية,ar
29134,English,en
291343,Deutsch,de
291343,English,en
291348,English,en
29135,English,en
29135,Íslenska,is
291351,English,en
291351,日本語,ja
291356,English,en
29136,English,en
291362,English,en
291375,English,en
29138,English,en
29138,"",ku
29138,Türkçe,tr
29140,Nederlands,nl
291413,English,en
29142,English,en
29143,English,en
29144,English,en
29146,English,en
291495,English,en
29150,English,en
29151,English,en
291537,English,en
29154,Magyar,hu
29154,English,en
29154,Español,es
291540,English,en
291549,广州话 / 廣州話,cn
291549,English,en
291549,Français,fr
291549,日本語,ja
291549,한국어/조선말,ko
291549,普通话,zh
291554,English,en
291558,English,en
291577,Español,es
29159,English,en
29159,Italiano,it
29159,日本語,ja
29161,Dansk,da
29161,English,en
29161,Deutsch,de
29161,Italiano,it
29162,English,en
29167,Italiano,it
291692,普通话,zh
29173,English,en
29173,Italiano,it
291731,English,en
291805,普通话,zh
291805,English,en
29182,English,en
29185,English,en
291851,English,en
291854,English,en
291861,English,en
291863,English,en
291865,English,en
291866,Pусский,ru
291866,English,en
291868,English,en
291869,English,en
291870,English,en
291871,English,en
291907,suomi,fi
29192,English,en
29192,Español,es
29192,ภาษาไทย,th
29193,English,en
291976,Polski,pl
292,English,en
292,Deutsch,de
292010,English,en
292014,Pусский,ru
292022,English,en
292033,English,en
292035,Nederlands,nl
29204,English,en
29204,עִבְרִית,he
29204,Pусский,ru
29204,"",yi
292040,English,en
292062,English,en
292063,English,en
292081,English,en
29212,English,en
292133,Italiano,it
292177,Nederlands,nl
292191,English,en
29224,svenska,sv
292262,English,en
292264,日本語,ja
292277,English,en
29228,English,en
292280,English,en
29229,English,en
292294,English,en
292298,English,en
2923,Français,fr
2923,English,en
2923,Italiano,it
29231,English,en
29231,Français,fr
29231,Pусский,ru
29233,English,en
292342,English,en
29235,English,en
29235,Français,fr
29236,English,en
29237,English,en
292387,Français,fr
29239,English,en
292396,English,en
2924,English,en
29242,English,en
29243,English,en
292431,English,en
29244,Español,es
29244,English,en
292445,Deutsch,de
292483,English,en
292498,English,en
2925,English,en
29251,English,en
292510,English,en
292523,English,en
292533,فارسی,fa
292539,English,en
29254,English,en
29257,English,en
29259,Français,fr
2926,English,en
29260,English,en
292607,English,en
292610,Italiano,it
29262,Português,pt
292625,ภาษาไทย,th
29263,English,en
29263,Español,es
292631,Español,es
29264,Español,es
292640,Pусский,ru
292656,Pусский,ru
29266,Français,fr
29266,Deutsch,de
29266,Magyar,hu
29266,Pусский,ru
29267,Deutsch,de
29268,日本語,ja
29269,日本語,ja
2927,English,en
29270,"",ku
29270,فارسی,fa
29272,English,en
29272,ελληνικά,el
29272,Italiano,it
29272,Español,es
29275,普通话,zh
29275,Español,es
29275,עִבְרִית,he
292795,English,en
2928,English,en
2928,Português,pt
292834,English,en
29284,English,en
29286,English,en
292893,English,en
2929,No Language,xx
29290,English,en
29290,日本語,ja
29291,English,en
29291,Français,fr
29291,Deutsch,de
292917,English,en
29293,English,en
292948,English,en
292948,Français,fr
292988,English,en
29299,Deutsch,de
29299,Pусский,ru
293,English,en
293006,English,en
293006,Deutsch,de
293082,English,en
293085,suomi,fi
293091,suomi,fi
293092,suomi,fi
293093,English,en
293114,suomi,fi
293122,English,en
293122,Український,uk
293122,Pусский,ru
29313,Español,es
29314,Português,pt
293167,English,en
29318,English,en
293189,English,en
29320,English,en
293205,English,en
293238,Français,fr
293238,English,en
293262,English,en
293264,Italiano,it
293271,English,en
293271,Dansk,da
293271,suomi,fi
293271,Polski,pl
29328,English,en
293299,English,en
293310,English,en
293310,Deutsch,de
293310,Português,pt
293313,suomi,fi
29333,Español,es
29336,Español,es
29338,Español,es
293380,English,en
29339,English,en
293395,Italiano,it
293413,한국어/조선말,ko
29342,English,en
29343,English,en
29343,Deutsch,de
293444,suomi,fi
29345,English,en
293450,Dansk,da
293452,English,en
293456,Magyar,hu
293461,suomi,fi
293461,English,en
29347,English,en
293471,suomi,fi
293476,Italiano,it
293487,suomi,fi
293491,suomi,fi
293491,svenska,sv
29351,Italiano,it
29352,Italiano,it
29353,English,en
29355,English,en
293570,English,en
293572,English,en
293603,English,en
29361,Pусский,ru
29362,English,en
293625,English,en
29363,普通话,zh
293633,English,en
293646,Español,es
293646,English,en
29365,English,en
293654,Pусский,ru
293660,English,en
293670,日本語,ja
293670,한국어/조선말,ko
293670,Español,es
29368,English,en
29369,English,en
29369,Français,fr
29371,English,en
29372,English,en
293721,Pусский,ru
29376,Français,fr
29376,English,en
293767,English,en
293768,English,en
29377,English,en
293771,English,en
293796,English,en
29380,English,en
29380,Français,fr
29380,Italiano,it
29381,English,en
29382,English,en
293828,English,en
293828,Deutsch,de
293828,Polski,pl
29383,suomi,fi
293830,English,en
293850,English,en
293861,English,en
293863,English,en
29388,English,en
293880,English,en
29390,English,en
29393,English,en
29394,English,en
293941,English,en
293946,English,en
29395,English,en
29396,English,en
293970,English,en
29398,English,en
293982,Français,fr
293982,Deutsch,de
293982,Polski,pl
29399,English,en
294,English,en
29400,English,en
294016,English,en
29402,English,en
29403,English,en
294047,English,en
29406,English,en
294083,English,en
294085,Italiano,it
294086,English,en
294093,English,en
294098,Nederlands,nl
294132,English,en
29415,Français,fr
29416,English,en
294161,Português,pt
29419,English,en
29420,English,en
294221,English,en
294222,English,en
29424,English,en
29425,English,en
29425,Italiano,it
294254,English,en
29426,English,en
294261,English,en
29427,English,en
294272,English,en
294308,English,en
29436,suomi,fi
29436,Pусский,ru
29436,svenska,sv
294368,English,en
29437,English,en
29444,English,en
29445,Dansk,da
29445,English,en
294463,Français,fr
294483,Deutsch,de
29449,English,en
29449,Français,fr
29450,Srpski,sr
29451,English,en
29452,日本語,ja
29453,svenska,sv
294538,English,en
29454,svenska,sv
294543,English,en
294544,English,en
29455,svenska,sv
294550,English,en
29456,Dansk,da
29456,svenska,sv
294562,English,en
29457,Français,fr
294574,日本語,ja
29458,Italiano,it
294600,English,en
29461,Italiano,it
29461,English,en
29463,English,en
29464,English,en
294640,Český,cs
294640,Magyar,hu
294651,日本語,ja
294652,English,en
29466,No Language,xx
29467,English,en
294682,日本語,ja
294690,Français,fr
29470,English,en
294709,日本語,ja
29471,Deutsch,de
29473,English,en
294741,English,en
29475,English,en
29475,Italiano,it
29477,English,en
29478,English,en
294795,English,en
29481,English,en
294819,Italiano,it
29482,Italiano,it
294825,English,en
294826,English,en
29483,English,en
29484,English,en
29486,English,en
294862,English,en
29487,English,en
29490,English,en
29491,English,en
29492,Português,pt
29492,English,en
29493,English,en
294959,Italiano,it
294959,English,en
29496,Deutsch,de
29496,Español,es
294963,English,en
29498,English,en
29498,Español,es
294991,广州话 / 廣州話,cn
294992,普通话,zh
294993,广州话 / 廣州話,cn
294993,普通话,zh
29501,English,en
29501,Deutsch,de
295011,English,en
295045,English,en
295058,Slovenščina,sl
295069,English,en
29507,Deutsch,de
29507,日本語,ja
295087,Français,fr
29510,English,en
295111,Deutsch,de
29512,English,en
29512,Español,es
29514,English,en
295144,English,en
29515,English,en
295273,日本語,ja
295273,普通话,zh
295279,普通话,zh
295314,العربية,ar
295314,Français,fr
295315,English,en
295317,Deutsch,de
295355,日本語,ja
295368,English,en
29538,हिन्दी,hi
295389,Italiano,it
29539,English,en
295401,Norsk,no
295401,svenska,sv
29542,English,en
29542,Français,fr
295490,English,en
295507,English,en
295508,हिन्दी,hi
295538,English,en
295560,English,en
295581,English,en
295588,English,en
295588,Deutsch,de
295592,English,en
295595,English,en
295602,suomi,fi
29562,Français,fr
295621,العربية,ar
295627,English,en
29564,English,en
29565,Français,fr
295656,English,en
29568,Français,fr
29568,Español,es
295689,English,en
295693,English,en
295698,English,en
295699,English,en
29570,English,en
295715,日本語,ja
29572,English,en
29572,Français,fr
29572,Italiano,it
29572,Română,ro
29572,Pусский,ru
29572,"",yi
295723,English,en
295748,Türkçe,tr
29577,English,en
29578,English,en
295799,English,en
29582,English,en
295823,Pусский,ru
295830,日本語,ja
295832,Italiano,it
29584,English,en
29586,日本語,ja
29586,English,en
29586,Bahasa melayu,ms
29587,English,en
295884,English,en
295886,English,en
295887,English,en
29589,English,en
295891,English,en
2959,English,en
295914,??????,ky
29592,English,en
29595,English,en
29596,English,en
295964,Français,fr
295964,English,en
29597,English,en
296,English,en
29600,English,en
29601,English,en
296025,English,en
296029,English,en
296065,English,en
29607,English,en
296071,日本語,ja
296082,English,en
29609,English,en
296095,English,en
296096,English,en
296098,Pусский,ru
296098,English,en
296098,Deutsch,de
296099,English,en
29610,English,en
296100,English,en
296104,Français,fr
296104,English,en
29611,English,en
296121,English,en
296130,English,en
296130,Español,es
29617,English,en
296178,English,en
296192,English,en
296193,English,en
296194,English,en
296206,English,en
29621,English,en
29627,English,en
29628,English,en
296288,Português,pt
2963,No Language,xx
29630,"",bo
29631,English,en
296313,Dansk,da
296344,ελληνικά,el
296360,English,en
296367,Deutsch,de
296367,Italiano,it
296370,English,en
29638,English,en
296449,Français,fr
296449,Pусский,ru
296456,English,en
296472,English,en
29649,English,en
296491,Italiano,it
2965,English,en
296503,English,en
296523,English,en
296524,English,en
296557,日本語,ja
29656,English,en
2966,English,en
296626,English,en
296633,한국어/조선말,ko
29670,suomi,fi
296750,日本語,ja
296778,Español,es
296779,Nederlands,nl
29682,English,en
296820,Deutsch,de
296834,English,en
296865,Español,es
296867,Español,es
296901,Türkçe,tr
296917,日本語,ja
29694,English,en
29694,Deutsch,de
29694,Italiano,it
296941,English,en
29695,English,en
29697,English,en
29697,isiZulu,zu
29698,English,en
297,English,en
297018,English,en
297018,Malti,mt
29702,Italiano,it
297023,Français,fr
297023,Deutsch,de
29705,English,en
297098,English,en
29710,English,en
29715,English,en
29715,Français,fr
29715,Español,es
297160,English,en
29717,English,en
297186,日本語,ja
2972,No Language,xx
29721,English,en
29722,English,en
297222,हिन्दी,hi
29723,English,en
29723,Français,fr
29723,Español,es
297239,Nederlands,nl
297263,English,en
297265,English,en
297270,English,en
297288,Italiano,it
297291,English,en
297298,Türkçe,tr
2973,No Language,xx
297308,Magyar,hu
297342,ελληνικά,el
29735,English,en
29737,English,en
29739,English,en
297393,Español,es
297393,English,en
297399,English,en
2974,Deutsch,de
29740,English,en
297400,한국어/조선말,ko
29741,English,en
29742,English,en
297421,English,en
29743,Italiano,it
29745,English,en
297462,English,en
29748,English,en
297482,English,en
29750,English,en
297505,Italiano,it
29751,English,en
297544,English,en
297556,English,en
29756,English,en
297560,ελληνικά,el
297596,العربية,ar
297596,English,en
297596,Română,ro
2976,English,en
29760,English,en
297603,English,en
297608,English,en
297621,English,en
297633,English,en
297641,Español,es
297645,普通话,zh
297677,Español,es
297680,English,en
2977,English,en
2977,Türkçe,tr
297702,English,en
297721,한국어/조선말,ko
297736,English,en
297755,日本語,ja
297761,English,en
297762,Deutsch,de
297762,English,en
29778,English,en
29778,Latin,la
297789,Pусский,ru
2978,English,en
297806,English,en
29785,English,en
297850,English,en
297853,English,en
297859,English,en
29786,English,en
297865,Español,es
29787,English,en
2979,English,en
29794,English,en
297961,English,en
29797,English,en
29799,English,en
298,Español,es
298,English,en
298,Français,fr
29801,English,en
298026,English,en
298028,English,en
298032,Español,es
298032,English,en
29804,English,en
298040,Polski,pl
29805,English,en
298077,English,en
298078,日本語,ja
298078,"",tl
298093,English,en
2981,English,en
29812,English,en
298158,English,en
298165,English,en
29817,English,en
29819,English,en
2982,English,en
298207,Deutsch,de
298228,English,en
29825,English,en
29825,Italiano,it
29829,English,en
298312,English,en
298317,English,en
29835,English,en
298382,English,en
298396,Nederlands,nl
2984,English,en
298432,English,en
298445,English,en
29845,English,en
29845,Italiano,it
298459,Français,fr
29846,English,en
29852,English,en
298522,English,en
298533,English,en
298538,English,en
29854,English,en
29856,English,en
298582,English,en
298583,English,en
298584,English,en
29859,English,en
29860,English,en
29860,Español,es
298614,Français,fr
298614,Polski,pl
298614,Português,pt
298614,Español,es
298634,English,en
29865,English,en
298653,English,en
298653,Deutsch,de
298662,English,en
298664,English,en
29871,Español,es
29872,English,en
298721,English,en
298721,ภาษาไทย,th
298729,Italiano,it
298751,English,en
29877,English,en
298787,हिन्दी,hi
29879,English,en
2988,English,en
29882,English,en
29882,Español,es
29883,English,en
29884,English,en
298844,English,en
29885,English,en
29885,Français,fr
29886,English,en
298865,English,en
29887,English,en
29889,English,en
2989,English,en
29890,English,en
298923,हिन्दी,hi
298931,English,en
298935,English,en
29896,English,en
298986,Italiano,it
299,English,en
2990,English,en
299001,Español,es
29903,English,en
29904,English,en
299049,"",gu
299104,日本語,ja
29911,English,en
29912,English,en
299121,English,en
29914,English,en
299143,Italiano,it
299145,English,en
299165,Español,es
29917,广州话 / 廣州話,cn
29917,English,en
29917,Français,fr
29918,English,en
29919,English,en
29920,English,en
299221,English,en
29923,Norsk,no
29923,svenska,sv
29924,English,en
29924,Français,fr
29924,Italiano,it
299245,English,en
299269,Español,es
29927,Bosanski,bs
29927,English,en
29927,Srpski,sr
2993,Italiano,it
299313,日本語,ja
29932,Deutsch,de
29932,Magyar,hu
29933,Deutsch,de
29933,Polski,pl
299353,Deutsch,de
29937,Český,cs
29937,Deutsch,de
29938,English,en
2994,Italiano,it
299400,Français,fr
29941,Português,pt
29941,English,en
29946,English,en
299511,English,en
299511,Français,fr
299511,Deutsch,de
299513,English,en
29952,Español,es
299551,English,en
299553,English,en
299574,English,en
299576,English,en
299578,English,en
299578,Français,fr
299579,English,en
299579,Magyar,hu
299582,English,en
299585,English,en
299588,English,en
29959,English,en
299590,Français,fr
29960,English,en
299618,English,en
29963,Français,fr
29963,English,en
29964,English,en
299641,English,en
29965,广州话 / 廣州話,cn
29965,English,en
29965,普通话,zh
29966,English,en
29967,English,en
29968,English,en
299687,English,en
29971,தமிழ்,ta
29971,हिन्दी,hi
29971,English,en
299715,Français,fr
29972,普通话,zh
299729,English,en
29973,English,en
29977,普通话,zh
299780,English,en
299782,English,en
29979,English,en
299796,Polski,pl
299796,Pусский,ru
2998,English,en
29982,English,en
299822,普通话,zh
299824,普通话,zh
299824,ภาษาไทย,th
299828,普通话,zh
299851,Português,pt
299856,Nederlands,nl
29987,Italiano,it
29988,हिन्दी,hi
29989,English,en
29989,isiZulu,zu
29993,English,en
299939,English,en
29996,English,en
299969,English,en
3,English,en
3,suomi,fi
3,svenska,sv
30,日本語,ja
300,English,en
300,Français,fr
300,Español,es
30002,English,en
300090,English,en
3001,English,en
30014,English,en
30015,English,en
300153,English,en
300155,English,en
300168,English,en
300168,普通话,zh
30017,Azərbaycan,az
30017,فارسی,fa
300176,Polski,pl
300179,English,en
30018,한국어/조선말,ko
300187,Français,fr
30019,Norsk,no
30020,فارسی,fa
300210,العربية,ar
300210,עִבְרִית,he
30022,English,en
30023,English,en
30025,العربية,ar
30025,English,en
30027,English,en
30028,English,en
3003,English,en
300302,English,en
300321,English,en
30034,English,en
30036,English,en
300364,Slovenščina,sl
3004,English,en
300402,English,en
300402,العربية,ar
300402,Français,fr
300403,Deutsch,de
300403,Français,fr
300403,Italiano,it
300403,English,en
300424,English,en
30043,한국어/조선말,ko
300433,한국어/조선말,ko
300438,Deutsch,de
300438,Eesti,et
300438,Français,fr
300438,Pусский,ru
300438,English,en
300441,English,en
300467,English,en
300487,suomi,fi
30049,English,en
300490,Türkçe,tr
300532,English,en
30054,English,en
300542,English,en
300544,suomi,fi
300544,English,en
30055,English,en
30059,English,en
300596,Español,es
30060,English,en
300600,English,en
300601,Español,es
300602,Català,ca
300602,English,en
300602,Español,es
300605,Português,pt
30061,English,en
30061,Italiano,it
30062,English,en
30065,"",mr
300654,English,en
300665,English,en
300666,English,en
300667,English,en
300669,English,en
300669,Український,uk
300671,العربية,ar
300671,English,en
300672,English,en
300673,English,en
300685,English,en
300686,English,en
30069,English,en
300690,English,en
300693,English,en
3007,Deutsch,de
300706,English,en
30071,English,en
30071,Magyar,hu
30072,English,en
30074,Dansk,da
30074,English,en
300761,English,en
300762,English,en
300769,English,en
30077,English,en
300792,English,en
30080,English,en
30080,Deutsch,de
30080,Español,es
300803,English,en
30081,English,en
300816,English,en
30082,English,en
300839,English,en
300839,Français,fr
3009,English,en
300900,English,en
30091,English,en
300940,ελληνικά,el
300945,ελληνικά,el
30095,English,en
300983,தமிழ்,ta
301,English,en
301,Español,es
3010,English,en
3010,Deutsch,de
3010,Latin,la
30101,English,en
301016,Pусский,ru
30102,English,en
301056,English,en
301056,Français,fr
3011,English,en
30112,普通话,zh
30114,Italiano,it
30114,English,en
30117,English,en
3012,English,en
30121,English,en
301225,English,en
301225,Pусский,ru
301228,English,en
30123,English,en
301233,English,en
30124,English,en
30125,Español,es
30126,English,en
30127,Português,pt
301270,ελληνικά,el
301272,Italiano,it
30128,English,en
3013,English,en
301304,English,en
30131,Español,es
301325,English,en
301325,Español,es
301334,English,en
301339,English,en
301348,English,en
301351,English,en
301351,Italiano,it
301365,English,en
301368,English,en
30137,English,en
301372,English,en
301372,Italiano,it
30139,English,en
3014,Pусский,ru
3014,Deutsch,de
3014,English,en
30140,English,en
30141,English,en
30142,English,en
30143,日本語,ja
30146,日本語,ja
30149,svenska,sv
301491,ελληνικά,el
30155,English,en
301566,English,en
30157,English,en
30159,English,en
30159,Français,fr
30159,Deutsch,de
30159,Italiano,it
3016,English,en
301608,English,en
30162,English,en
301629,English,en
30163,Français,fr
301671,हिन्दी,hi
30168,English,en
301728,English,en
301729,English,en
301730,English,en
30174,Français,fr
301744,Italiano,it
301744,Pусский,ru
301748,English,en
30175,English,en
30177,English,en
30178,English,en
30180,English,en
301804,English,en
301816,English,en
30183,English,en
301846,English,en
301849,svenska,sv
301875,English,en
301876,English,en
301876,Français,fr
301883,English,en
3019,English,en
30192,English,en
30194,English,en
30195,English,en
30197,English,en
30197,Deutsch,de
30198,日本語,ja
302,English,en
302,Français,fr
30202,English,en
30202,Pусский,ru
302026,English,en
30203,English,en
302036,English,en
30204,English,en
30204,Español,es
302042,English,en
3021,English,en
302104,"",tl
302118,Deutsch,de
302150,English,en
302156,English,en
302161,English,en
3022,English,en
3023,English,en
30230,English,en
30231,English,en
30231,Deutsch,de
30231,Español,es
302323,English,en
302348,English,en
302348,Français,fr
302348,Deutsch,de
302349,English,en
302349,Deutsch,de
30237,English,en
302376,Tiếng Việt,vi
302376,Deutsch,de
30238,English,en
30239,Deutsch,de
30239,Italiano,it
3024,English,en
302401,English,en
302429,English,en
302435,"",mr
302436,Pусский,ru
30244,English,en
30244,हिन्दी,hi
30245,English,en
30245,isiZulu,zu
30246,English,en
302472,"",mr
302496,English,en
3025,English,en
30250,English,en
30250,Magyar,hu
302502,English,en
30252,svenska,sv
302528,Deutsch,de
302528,English,en
30253,Deutsch,de
302579,English,en
3026,Français,fr
30265,English,en
30265,普通话,zh
30266,English,en
302666,English,en
302688,English,en
302699,English,en
30278,English,en
302797,Dansk,da
3028,English,en
302818,Français,fr
302818,English,en
302828,English,en
30285,English,en
30289,English,en
302946,English,en
30295,English,en
30295,Français,fr
30295,Italiano,it
30295,日本語,ja
30296,English,en
30296,Deutsch,de
302960,English,en
302960,svenska,sv
30298,English,en
30299,English,en
303,English,en
3030,English,en
30301,Italiano,it
30302,English,en
30302,Français,fr
30302,Deutsch,de
30304,"",tl
30304,English,en
30304,日本語,ja
30305,ภาษาไทย,th
30307,English,en
30308,English,en
30309,English,en
3031,English,en
3031,Español,es
30312,English,en
30315,English,en
30319,English,en
30319,Español,es
303281,हिन्दी,hi
3033,English,en
3033,Magyar,hu
30330,English,en
30331,English,en
30335,English,en
303360,English,en
3034,English,en
3034,Deutsch,de
30341,English,en
30345,English,en
303457,English,en
303457,हिन्दी,hi
303457,ਪੰਜਾਬੀ,pa
30346,English,en
30347,English,en
30347,Français,fr
30348,English,en
303483,Français,fr
303483,Italiano,it
30349,English,en
3035,English,en
30351,English,en
30352,English,en
303542,Italiano,it
303542,Türkçe,tr
3036,English,en
30361,English,en
303623,English,en
30363,English,en
30363,Français,fr
303636,Deutsch,de
303636,svenska,sv
303636,English,en
30366,English,en
303665,English,en
30368,日本語,ja
303680,日本語,ja
303693,English,en
303693,Deutsch,de
3037,Deutsch,de
30374,English,en
30379,English,en
30385,English,en
303856,Deutsch,de
303857,日本語,ja
303858,English,en
303867,English,en
30388,English,en
303903,English,en
303903,Français,fr
303903,日本語,ja
303903,Español,es
303966,हिन्दी,hi
303982,Português,pt
303991,English,en
3040,Deutsch,de
3040,Pусский,ru
30402,English,en
304023,English,en
304023,Deutsch,de
304023,日本語,ja
304030,English,en
304030,Français,fr
304030,Italiano,it
304030,Español,es
3041,Español,es
30411,English,en
304126,Français,fr
304134,"",mr
30416,English,en
30421,普通话,zh
30427,日本語,ja
30428,日本語,ja
3043,English,en
3043,Français,fr
30431,English,en
30432,Français,fr
30432,Deutsch,de
304336,English,en
304357,English,en
304357,Deutsch,de
304372,English,en
304375,English,en
304410,Français,fr
30443,English,en
30447,Português,pt
30449,English,en
30452,English,en
30459,Italiano,it
30460,اردو,ur
304613,English,en
30462,Italiano,it
304640,Deutsch,de
30467,English,en
30478,English,en
3048,English,en
30485,English,en
304850,English,en
304878,English,en
304878,Deutsch,de
3049,English,en
30492,English,en
30496,English,en
30497,English,en
3050,English,en
30500,English,en
30502,English,en
305044,English,en
30506,English,en
30508,Deutsch,de
305088,普通话,zh
305091,English,en
3051,English,en
305127,English,en
305147,Pусский,ru
305198,Français,fr
305198,English,en
3052,English,en
30526,English,en
30526,Deutsch,de
30526,한국어/조선말,ko
30527,English,en
305276,English,en
30528,English,en
30529,English,en
30529,Deutsch,de
30529,Italiano,it
30529,Latin,la
30529,Polski,pl
30529,Pусский,ru
3053,English,en
305309,English,en
305337,हिन्दी,hi
305342,English,en
30535,Italiano,it
3054,English,en
30545,English,en
305450,Slovenščina,sl
305455,Français,fr
30547,English,en
305470,English,en
30548,English,en
3055,English,en
30552,Français,fr
30552,Deutsch,de
30552,Italiano,it
30554,English,en
305594,"",mr
3056,English,en
305638,Dansk,da
305642,English,en
30565,English,en
30566,English,en
3057,Français,fr
30574,English,en
305747,English,en
30575,日本語,ja
30576,svenska,sv
30577,English,en
30579,English,en
305815,日本語,ja
30583,svenska,sv
30584,English,en
30586,English,en
30587,English,en
30588,English,en
30588,Italiano,it
3059,No Language,xx
30592,English,en
30593,English,en
30593,Italiano,it
30593,"",yi
305932,English,en
305943,English,en
305956,English,en
30596,普通话,zh
30596,广州话 / 廣州話,cn
30596,English,en
305969,English,en
30599,English,en
30599,Italiano,it
306,English,en
3061,English,en
30614,English,en
30618,English,en
30619,Pусский,ru
306197,English,en
306199,English,en
3062,English,en
30624,English,en
306293,العربية,ar
3063,English,en
30630,English,en
30630,Español,es
30631,English,en
306323,suomi,fi
30633,Türkçe,tr
30636,English,en
30636,Italiano,it
30637,English,en
3064,English,en
30640,English,en
30641,English,en
30643,English,en
30644,English,en
30645,English,en
30647,English,en
30648,Italiano,it
306482,English,en
30649,English,en
3065,English,en
306523,Italiano,it
30653,English,en
30653,Deutsch,de
30654,English,en
306543,Nederlands,nl
306547,Nederlands,nl
30655,English,en
30656,English,en
306598,한국어/조선말,ko
30665,English,en
306650,English,en
30666,English,en
30667,English,en
30669,English,en
30671,English,en
306745,English,en
306758,普通话,zh
306758,English,en
30680,English,en
306819,English,en
306819,Français,fr
306819,Deutsch,de
306825,English,en
306838,Español,es
30685,Deutsch,de
30685,English,en
30688,Español,es
30689,Italiano,it
30690,English,en
30694,English,en
30694,Deutsch,de
306943,English,en
306947,English,en
30695,हिन्दी,hi
306952,English,en
306964,English,en
306966,English,en
306969,English,en
30698,English,en
307,Deutsch,de
307,Italiano,it
30702,English,en
30707,English,en
30708,English,en
307081,English,en
30709,English,en
307103,Français,fr
30712,English,en
30713,Español,es
30718,English,en
30719,Español,es
30719,English,en
3072,English,en
30723,English,en
307256,English,en
307261,English,en
307276,ελληνικά,el
307293,Deutsch,de
3073,English,en
30734,svenska,sv
30735,עִבְרִית,he
3074,English,en
307479,English,en
3075,English,en
3076,English,en
30762,English,en
307649,Pусский,ru
30765,Deutsch,de
307663,English,en
30768,English,en
307696,English,en
3077,English,en
30778,English,en
30779,English,en
3078,English,en
30780,English,en
30784,English,en
30785,English,en
30787,English,en
30789,English,en
3079,English,en
30792,English,en
30793,English,en
307930,English,en
307931,English,en
307946,English,en
308,English,en
3080,English,en
3080,Italiano,it
30801,English,en
308017,English,en
308024,English,en
308024,Português,pt
308027,English,en
308032,English,en
30806,English,en
308063,English,en
308077,Español,es
308077,English,en
308084,"",hy
308084,English,en
3081,English,en
30810,English,en
30814,English,en
30815,English,en
308160,Français,fr
308160,svenska,sv
308165,हिन्दी,hi
30817,English,en
308174,Deutsch,de
3082,English,en
308266,shqip,sq
308266,العربية,ar
308266,English,en
308266,Română,ro
308269,English,en
3083,English,en
308361,English,en
308369,English,en
30839,日本語,ja
3084,English,en
30840,English,en
308409,Dansk,da
308418,English,en
308423,English,en
30843,한국어/조선말,ko
30844,English,en
308447,English,en
308453,English,en
308457,English,en
30846,svenska,sv
30849,English,en
3085,English,en
308504,English,en
308529,English,en
308529,ภาษาไทย,th
308531,English,en
30855,English,en
30856,English,en
308571,English,en
30858,Pусский,ru
3086,English,en
30860,Nederlands,nl
30861,Italiano,it
308638,English,en
308639,English,en
308640,English,en
30867,English,en
308671,Deutsch,de
308674,Português,pt
308686,English,en
3087,English,en
30870,Italiano,it
308704,Français,fr
308704,Português,pt
308715,English,en
30872,Italiano,it
30872,English,en
30872,Español,es
30873,English,en
30874,Italiano,it
30874,Español,es
30875,Italiano,it
30876,Italiano,it
30877,English,en
30877,Italiano,it
30879,English,en
308792,English,en
308794,English,en
3088,English,en
308823,Nederlands,nl
30885,English,en
30888,Español,es
3089,English,en
3089,Deutsch,de
3089,Italiano,it
3089,Español,es
30890,English,en
308919,Français,fr
30892,Latin,la
30892,English,en
30892,Français,fr
30892,Italiano,it
30892,Deutsch,de
309,Dansk,da
309,Deutsch,de
309,English,en
3090,English,en
30901,Italiano,it
30901,Español,es
309018,English,en
309024,English,en
309028,日本語,ja
30903,Italiano,it
309049,English,en
309063,English,en
30909,Español,es
30913,Português,pt
30914,Português,pt
3092,English,en
30921,English,en
30922,English,en
30923,English,en
30924,English,en
309242,English,en
309245,English,en
30926,English,en
30926,Deutsch,de
30929,Deutsch,de
30929,English,en
309298,English,en
309299,English,en
3093,English,en
3093,Deutsch,de
309302,普通话,zh
309302,"",mn
309304,English,en
30931,English,en
30933,English,en
30934,English,en
30941,English,en
30941,Español,es
30942,English,en
30942,Deutsch,de
30942,普通话,zh
309425,English,en
30943,English,en
30944,English,en
30944,Français,fr
30946,English,en
30948,English,en
30949,English,en
30949,Deutsch,de
30949,Pусский,ru
30950,Français,fr
30950,English,en
309503,English,en
309579,English,en
309581,English,en
30959,日本語,ja
30963,English,en
30964,English,en
30964,Français,fr
30966,English,en
30969,English,en
3097,Español,es
3097,English,en
3097,Deutsch,de
3097,Nederlands,nl
3097,Français,fr
30970,العربية,ar
30970,English,en
30970,Français,fr
30970,Deutsch,de
30970,Română,ro
30972,English,en
30973,English,en
309739,Pусский,ru
30974,Français,fr
30975,English,en
30977,English,en
30979,English,en
30979,Deutsch,de
30979,"",mn
309809,English,en
309811,English,en
30982,English,en
30983,English,en
309875,svenska,sv
309879,English,en
309882,English,en
309886,English,en
309886,Español,es
309887,English,en
309887,Italiano,it
309889,English,en
309898,Pусский,ru
309919,English,en
309924,Français,fr
309924,Italiano,it
309924,English,en
309929,Français,fr
30993,English,en
30994,English,en
30995,English,en
30996,English,en
309968,English,en
30997,English,en
30997,Deutsch,de
30998,Italiano,it
30998,עִבְרִית,he
30998,English,en
30999,English,en
310,English,en
31000,English,en
31000,Español,es
31002,English,en
31003,English,en
31003,Español,es
31004,English,en
31005,English,en
31005,עִבְרִית,he
31007,English,en
3101,English,en
3101,Italiano,it
31010,English,en
31011,English,en
310119,English,en
310121,English,en
310123,हिन्दी,hi
310123,English,en
31013,English,en
310131,English,en
310133,English,en
310135,English,en
310137,English,en
31015,English,en
31016,English,en
31017,English,en
31018,Český,cs
31018,English,en
3102,Pусский,ru
31021,Polski,pl
31023,Català,ca
31023,Latin,la
31023,Español,es
31024,English,en
31026,Türkçe,tr
31027,广州话 / 廣州話,cn
3103,English,en
3103,Español,es
310307,English,en
31031,English,en
31031,Deutsch,de
310319,English,en
31032,Română,ro
31034,日本語,ja
31035,Norsk,no
31035,svenska,sv
31036,English,en
31037,English,en
3104,English,en
31040,English,en
31041,English,en
31042,English,en
31042,Español,es
31043,English,en
310431,English,en
31044,English,en
31046,English,en
31046,Français,fr
31047,English,en
31048,English,en
31048,Deutsch,de
31048,Magyar,hu
31048,Norsk,no
310491,English,en
31051,日本語,ja
31052,English,en
31056,Deutsch,de
31056,Polski,pl
31056,Português,pt
310567,हिन्दी,hi
310569,Português,pt
31058,Italiano,it
310589,עִבְרִית,he
310589,Pусский,ru
31059,Pусский,ru
310593,Deutsch,de
310593,Español,es
310593,English,en
31060,Türkçe,tr
310602,Dansk,da
310602,English,en
31061,Türkçe,tr
31063,English,en
31064,English,en
31065,English,en
31067,English,en
31068,Español,es
3107,日本語,ja
31073,English,en
31074,English,en
31076,Français,fr
31076,日本語,ja
31078,English,en
310814,English,en
31082,English,en
31083,Français,fr
31083,English,en
31086,English,en
310888,English,en
3109,English,en
3109,Gaeilge,ga
31094,English,en
31094,Français,fr
31094,Deutsch,de
31094,Pусский,ru
310952,English,en
310972,Français,fr
311,English,en
311,Français,fr
311,Italiano,it
3110,English,en
31102,English,en
311021,English,en
31104,日本語,ja
311093,English,en
3111,English,en
31111,Italiano,it
31112,English,en
311146,Bahasa indonesia,id
31116,English,en
31117,English,en
31118,English,en
311181,English,en
31119,English,en
3112,English,en
31121,English,en
311215,Español,es
31122,English,en
31123,English,en
31124,English,en
31125,English,en
31127,English,en
31128,English,en
311282,English,en
31129,English,en
311291,English,en
311301,Deutsch,de
31131,English,en
31131,Magyar,hu
31132,Polski,pl
311324,English,en
311324,普通话,zh
311324,Español,es
31134,English,en
31139,Pусский,ru
3114,Español,es
3114,English,en
3114,"",nv
31140,日本語,ja
31142,English,en
31146,English,en
31147,English,en
31148,English,en
3115,日本語,ja
31150,English,en
31151,English,en
31152,English,en
311539,English,en
31156,Italiano,it
3116,English,en
3116,Italiano,it
31161,日本語,ja
311615,English,en
31162,Pусский,ru
311627,English,en
31165,English,en
311667,English,en
31167,English,en
31169,Latviešu,lv
31169,English,en
31169,Pусский,ru
31169,Deutsch,de
3117,English,en
31174,English,en
31175,Deutsch,de
31175,ελληνικά,el
311764,English,en
311770,English,en
311770,svenska,sv
31179,English,en
3118,Français,fr
31183,English,en
31184,한국어/조선말,ko
31185,English,en
31185,普通话,zh
31189,العربية,ar
31189,English,en
31196,English,en
31196,Deutsch,de
311998,English,en
312,Deutsch,de
31200,English,en
31203,Français,fr
31206,English,en
31208,Français,fr
3121,English,en
312100,English,en
312101,Español,es
312137,Français,fr
312138,Français,fr
31214,English,en
31214,Italiano,it
312152,Română,ro
31216,English,en
312167,Magyar,hu
312167,English,en
312167,Français,fr
31217,日本語,ja
31217,普通话,zh
312174,English,en
31218,English,en
31219,English,en
3122,English,en
3122,Italiano,it
31220,English,en
31221,English,en
31221,Português,pt
31222,English,en
312221,English,en
31225,English,en
31227,Pусский,ru
312316,English,en
31237,English,en
312399,日本語,ja
3124,English,en
31240,English,en
31242,English,en
31243,Español,es
31244,English,en
31245,English,en
31246,English,en
31248,हिन्दी,hi
312497,English,en
3125,English,en
31251,English,en
312526,English,en
31253,English,en
31254,日本語,ja
31258,English,en
31261,English,en
31262,English,en
31262,Français,fr
31262,Magyar,hu
312623,English,en
31263,English,en
31264,Italiano,it
31265,English,en
312669,English,en
3127,English,en
3127,Latin,la
31270,Français,fr
31273,Türkçe,tr
31273,Polski,pl
31273,"",tt
31273,Український,uk
31275,English,en
31276,English,en
31277,English,en
31278,English,en
312791,English,en
312793,English,en
312793,Deutsch,de
312796,English,en
312797,English,en
31280,English,en
312804,English,en
31281,English,en
31282,English,en
312827,English,en
31283,English,en
31283,Français,fr
312831,English,en
312831,Gaeilge,ga
312849,Türkçe,tr
31286,English,en
31287,English,en
31289,Italiano,it
31292,Deutsch,de
31292,Français,fr
31292,svenska,sv
31292,English,en
31293,Italiano,it
31295,English,en
312963,English,en
31297,日本語,ja
31299,English,en
312993,Français,fr
313,English,en
313,Pусский,ru
31300,Français,fr
31303,Français,fr
31304,svenska,sv
31306,English,en
31306,Pусский,ru
313074,English,en
31309,Deutsch,de
3131,English,en
3131,Gaeilge,ga
3131,Latin,la
3131,普通话,zh
313108,한국어/조선말,ko
313179,English,en
31319,日本語,ja
3132,English,en
31321,Český,cs
31324,Français,fr
31324,English,en
31325,Français,fr
31329,English,en
31329,Français,fr
313297,English,en
3133,English,en
3133,Español,es
31332,Français,fr
31332,Italiano,it
31334,日本語,ja
31336,Français,fr
313369,English,en
31337,English,en
31337,Deutsch,de
3134,Français,fr
31340,English,en
31340,Français,fr
31340,Deutsch,de
31340,"",tl
31341,English,en
31342,English,en
31343,Français,fr
31344,Français,fr
31345,Français,fr
31347,日本語,ja
31353,Français,fr
31354,Français,fr
31354,Deutsch,de
31355,Français,fr
313556,Pусский,ru
31357,English,en
31359,Français,fr
31361,English,en
31361,Deutsch,de
31362,English,en
313628,한국어/조선말,ko
31364,हिन्दी,hi
313676,日本語,ja
31372,日本語,ja
31374,日本語,ja
31377,English,en
31378,日本語,ja
313788,English,en
31380,English,en
31382,English,en
31383,English,en
31385,English,en
313867,English,en
31388,English,en
31389,English,en
313896,Deutsch,de
31390,English,en
31392,Deutsch,de
313922,English,en
31393,English,en
313943,English,en
31395,English,en
31396,Italiano,it
31397,English,en
313972,shqip,sq
313972,Italiano,it
313972,Srpski,sr
31398,Română,ro
314,Español,es
314,English,en
31400,Srpski,sr
31401,Türkçe,tr
314011,English,en
31402,Türkçe,tr
314029,Português,pt
31404,No Language,xx
31405,Türkçe,tr
314065,English,en
31407,Polski,pl
314070,English,en
314076,ελληνικά,el
31408,Türkçe,tr
31409,English,en
31409,Français,fr
314095,English,en
314095,Deutsch,de
314095,Português,pt
314095,Español,es
31410,Český,cs
31410,Slovenčina,sk
31411,English,en
31412,Türkçe,tr
31413,Türkçe,tr
31414,Magyar,hu
31416,English,en
31417,Français,fr
31418,Pусский,ru
31421,English,en
314220,English,en
314220,ελληνικά,el
314238,English,en
31427,日本語,ja
31428,English,en
314283,English,en
314283,Français,fr
314285,Dansk,da
314285,Italiano,it
314327,한국어/조선말,ko
314352,Deutsch,de
314365,English,en
314371,English,en
314371,Polski,pl
314385,Український,uk
314385,English,en
314385,Français,fr
314388,广州话 / 廣州話,cn
314388,English,en
314388,普通话,zh
314389,हिन्दी,hi
314389,Türkçe,tr
31439,普通话,zh
3144,English,en
314400,Italiano,it
314400,Latin,la
314402,English,en
314402,Français,fr
314402,svenska,sv
314402,தமிழ்,ta
314404,Italiano,it
314405,English,en
314405,Pусский,ru
314407,English,en
31442,Deutsch,de
31442,Pусский,ru
314420,English,en
314420,Deutsch,de
31443,English,en
314443,Español,es
31445,English,en
31446,English,en
31446,Pусский,ru
3145,English,en
31451,English,en
31453,English,en
314555,Français,fr
314555,Український,uk
314555,English,en
314570,Português,pt
314570,Español,es
314570,English,en
314580,English,en
31459,English,en
31459,עִבְרִית,he
31459,Español,es
3146,日本語,ja
31460,English,en
31462,English,en
31463,English,en
314635,Český,cs
314635,Deutsch,de
31465,English,en
31472,English,en
31473,English,en
314837,日本語,ja
31486,English,en
3149,English,en
314946,Pусский,ru
314952,Pусский,ru
31498,English,en
314996,English,en
315,English,en
31501,日本語,ja
315010,English,en
315011,Italiano,it
315011,Deutsch,de
315011,English,en
315011,日本語,ja
31502,日本語,ja
315024,English,en
31503,English,en
31504,English,en
315044,suomi,fi
315049,suomi,fi
315055,suomi,fi
315057,suomi,fi
31506,Deutsch,de
31507,Deutsch,de
31507,Français,fr
31507,Italiano,it
31507,English,en
31510,English,en
31511,English,en
315112,Deutsch,de
31512,日本語,ja
31513,English,en
315134,Italiano,it
315134,English,en
31514,Français,fr
31515,English,en
31515,Français,fr
31516,English,en
315196,Deutsch,de
31522,Français,fr
315226,"",mr
315226,हिन्दी,hi
315226,English,en
31524,हिन्दी,hi
31525,ਪੰਜਾਬੀ,pa
31525,বাংলা,bn
31525,English,en
31525,हिन्दी,hi
315252,Nederlands,nl
315256,हिन्दी,hi
31526,English,en
31526,Español,es
31527,English,en
31530,English,en
31530,Français,fr
315319,Italiano,it
31532,English,en
315335,Deutsch,de
31534,Türkçe,tr
31535,English,en
315360,svenska,sv
315362,svenska,sv
315367,svenska,sv
315371,Pусский,ru
315417,"",mr
31542,Italiano,it
315439,한국어/조선말,ko
31544,English,en
31546,English,en
315465,日本語,ja
31547,Türkçe,tr
31548,English,en
31549,English,en
315509,广州话 / 廣州話,cn
315509,한국어/조선말,ko
315509,普通话,zh
31551,English,en
31551,Italiano,it
31555,English,en
31556,English,en
315575,Français,fr
315575,עִבְרִית,he
315575,Pусский,ru
31559,English,en
31560,English,en
31561,English,en
31563,English,en
315664,English,en
315669,广州话 / 廣州話,cn
315669,English,en
315669,普通话,zh
315723,English,en
31578,English,en
31578,Deutsch,de
31579,English,en
31581,English,en
31582,English,en
31583,English,en
315837,日本語,ja
315837,English,en
315841,日本語,ja
315846,日本語,ja
315850,English,en
315855,English,en
315859,فارسی,fa
31586,English,en
315865,Français,fr
315868,Français,fr
31587,English,en
315872,English,en
315872,Italiano,it
315880,English,en
31589,日本語,ja
315893,فارسی,fa
3159,Italiano,it
31591,English,en
31592,English,en
31593,English,en
315946,No Language,xx
315955,English,en
31596,English,en
31597,English,en
31598,Español,es
31598,English,en
316,Deutsch,de
3160,日本語,ja
31600,English,en
31600,Français,fr
31600,Deutsch,de
316000,English,en
316002,English,en
31601,English,en
316015,English,en
31602,Español,es
31602,English,en
316021,English,en
316021,Français,fr
316023,English,en
31603,English,en
31603,Deutsch,de
31603,Español,es
31604,English,en
31604,普通话,zh
316042,English,en
31605,English,en
31606,English,en
316067,English,en
316074,Deutsch,de
31608,English,en
31608,Français,fr
31609,English,en
31610,English,en
31611,English,en
316152,English,en
316152,Deutsch,de
316154,English,en
316170,Italiano,it
316179,English,en
31618,English,en
316183,English,en
3162,English,en
31621,English,en
31623,Český,cs
31623,English,en
31623,Français,fr
31623,Deutsch,de
31624,Italiano,it
31626,తెలుగు,te
316268,English,en
316269,Français,fr
316269,Deutsch,de
316269,Pусский,ru
31629,తెలుగు,te
316310,English,en
316310,Srpski,sr
316322,English,en
31633,English,en
31634,English,en
316347,English,en
31638,English,en
3164,English,en
31640,English,en
31641,English,en
31641,Italiano,it
316410,English,en
31642,English,en
31642,Tiếng Việt,vi
31643,English,en
31643,Français,fr
316437,हिन्दी,hi
31644,English,en
31644,Deutsch,de
31646,English,en
31647,English,en
31648,Pусский,ru
316491,Română,ro
31650,English,en
31651,English,en
31652,English,en
31654,English,en
31655,English,en
31656,English,en
31657,English,en
31658,Český,cs
31658,English,en
31659,English,en
316603,Český,cs
31661,English,en
31661,Français,fr
31662,English,en
31664,English,en
31665,English,en
316654,हिन्दी,hi
31667,English,en
31668,English,en
31668,Deutsch,de
31670,Français,fr
31671,English,en
316715,English,en
31672,English,en
31672,Italiano,it
316727,English,en
31674,English,en
31675,English,en
31676,English,en
316761,English,en
31677,English,en
316776,English,en
316776,Kiswahili,sw
31678,English,en
316784,English,en
31679,English,en
3168,Français,fr
3168,Italiano,it
3168,"",sc
31680,广州话 / 廣州話,cn
31680,日本語,ja
31681,English,en
31681,日本語,ja
31682,English,en
316840,हिन्दी,hi
31685,English,en
31686,English,en
31687,English,en
31688,Latviešu,lv
31688,English,en
316885,English,en
31692,English,en
31694,English,en
31694,한국어/조선말,ko
31694,Español,es
31695,English,en
31696,English,en
317,Bosanski,bs
317,Srpski,sr
3170,English,en
31700,English,en
31701,English,en
31703,Deutsch,de
31703,English,en
317114,Italiano,it
317114,English,en
317120,English,en
317121,English,en
31713,English,en
31714,한국어/조선말,ko
317144,English,en
31715,English,en
317168,Español,es
31718,English,en
317182,English,en
317190,English,en
317198,English,en
3172,English,en
317213,English,en
317214,العربية,ar
31723,English,en
317246,Español,es
317247,English,en
3173,ภาษาไทย,th
317384,Français,fr
317389,Italiano,it
31742,Italiano,it
31743,日本語,ja
317442,日本語,ja
3175,Deutsch,de
3175,Français,fr
3175,English,en
317557,English,en
317560,English,en
3176,日本語,ja
317655,English,en
31767,English,en
31767,Latin,la
31768,English,en
31769,日本語,ja
3177,日本語,ja
31770,English,en
31772,English,en
317720,हिन्दी,hi
317720,English,en
317723,Română,ro
31773,English,en
317736,Polski,pl
31774,English,en
31774,Español,es
317744,English,en
31775,English,en
31776,English,en
31777,English,en
3178,English,en
31780,English,en
31781,English,en
31789,Français,fr
3179,Český,cs
3179,English,en
317903,Español,es
317925,Español,es
317930,English,en
317938,Español,es
317952,English,en
317952,Español,es
317953,English,en
317954,English,en
31798,English,en
31798,Français,fr
31798,Pусский,ru
317981,English,en
318,English,en
318007,Norsk,no
318033,English,en
31804,English,en
318040,English,en
318042,English,en
318042,Deutsch,de
318044,English,en
31805,English,en
318052,עִבְרִית,he
31812,English,en
318121,English,en
318177,English,en
318184,English,en
318184,Eesti,et
31819,English,en
31821,English,en
318224,English,en
318225,English,en
318256,English,en
318277,English,en
318279,English,en
31835,English,en
318359,English,en
318373,Français,fr
31850,한국어/조선말,ko
318535,English,en
31855,Polski,pl
318553,English,en
31856,Polski,pl
31858,English,en
31863,English,en
31866,English,en
31866,Français,fr
31867,English,en
31868,English,en
31869,English,en
31875,English,en
31875,Pусский,ru
318781,English,en
318781,Español,es
31879,English,en
31880,English,en
318832,English,en
318846,English,en
318850,English,en
318851,Nederlands,nl
318868,English,en
31890,English,en
318914,English,en
318917,Deutsch,de
318922,English,en
31894,English,en
318954,English,en
31896,English,en
318973,English,en
31899,English,en
319,English,en
319,Italiano,it
31900,Français,fr
31901,English,en
319017,English,en
31903,English,en
31903,Italiano,it
31906,English,en
319067,English,en
31907,English,en
319070,English,en
319071,English,en
319073,English,en
319075,English,en
319076,English,en
319079,English,en
31908,English,en
31909,English,en
319090,普通话,zh
319091,English,en
319092,English,en
319092,Pусский,ru
319093,Español,es
319093,English,en
319096,English,en
31911,English,en
31913,English,en
31915,English,en
319152,English,en
31916,English,en
31916,Français,fr
31918,English,en
31918,Pусский,ru
319188,English,en
31919,English,en
31921,English,en
31922,English,en
31922,Italiano,it
31923,English,en
31924,Français,fr
31924,English,en
31927,עִבְרִית,he
31930,English,en
31932,English,en
31933,Dansk,da
31933,English,en
319337,Deutsch,de
319340,Français,fr
319341,Français,fr
31935,English,en
319352,Français,fr
319352,English,en
31936,English,en
31936,Español,es
31937,English,en
319373,日本語,ja
31938,English,en
319389,English,en
31939,English,en
319396,English,en
31941,English,en
31942,English,en
31943,English,en
31944,English,en
31945,English,en
31947,English,en
31948,English,en
31948,Magyar,hu
31948,Norsk,no
31950,English,en
319513,Nederlands,nl
31952,Deutsch,de
31952,English,en
31954,Deutsch,de
31954,English,en
31955,English,en
31957,Nederlands,nl
31962,English,en
319632,Hrvatski,hr
31965,English,en
319669,日本語,ja
31967,English,en
31967,Español,es
31973,English,en
31977,English,en
31977,हिन्दी,hi
31978,English,en
31979,English,en
31980,English,en
31981,English,en
31983,English,en
31983,हिन्दी,hi
31984,English,en
31985,English,en
31987,Español,es
31988,English,en
31988,Español,es
319888,English,en
319888,Deutsch,de
319888,Norsk,no
319910,English,en
319920,हिन्दी,hi
319924,English,en
31993,English,en
31993,Français,fr
31995,English,en
319964,English,en
319966,English,en
31997,English,en
319971,English,en
319975,한국어/조선말,ko
31998,Français,fr
319986,English,en
319993,Română,ro
319993,Türkçe,tr
319994,Español,es
319995,Español,es
319996,日本語,ja
319998,shqip,sq
319998,Italiano,it
319999,Polski,pl
320,English,en
320001,Español,es
320003,Français,fr
320004,English,en
320004,"",iu
320005,Pусский,ru
320006,فارسی,fa
320007,Deutsch,de
320007,Español,es
320007,English,en
320011,English,en
320028,Italiano,it
320037,Español,es
32004,Polski,pl
32004,English,en
320048,English,en
32005,English,en
32008,English,en
32013,English,en
320132,广州话 / 廣州話,cn
320132,普通话,zh
32014,English,en
320146,English,en
32015,English,en
32015,Español,es
320150,한국어/조선말,ko
320181,English,en
32020,English,en
32021,English,en
32023,English,en
32027,English,en
32029,English,en
320293,suomi,fi
320295,हिन्दी,hi
320299,Français,fr
32030,English,en
32030,Français,fr
32030,Deutsch,de
320302,Italiano,it
32031,English,en
320316,Italiano,it
320318,Français,fr
32033,English,en
32034,English,en
320343,English,en
320349,English,en
32035,English,en
32037,English,en
32037,Français,fr
32037,Deutsch,de
32037,svenska,sv
32038,English,en
32038,Deutsch,de
320385,English,en
32040,English,en
32041,English,en
32041,Deutsch,de
32041,Polski,pl
320412,English,en
320413,English,en
32042,English,en
32043,English,en
320430,English,en
320433,English,en
32044,English,en
320453,日本語,ja
32047,English,en
32047,Español,es
32047,Italiano,it
32048,English,en
32049,English,en
32050,English,en
32051,English,en
32052,English,en
32052,Tiếng Việt,vi
32053,English,en
32054,English,en
32058,English,en
320586,English,en
320587,English,en
320588,English,en
320589,Italiano,it
320589,English,en
32059,English,en
32060,English,en
320639,English,en
32064,English,en
320643,Pусский,ru
32065,English,en
32066,English,en
32066,Italiano,it
32067,English,en
32067,Français,fr
32068,English,en
32069,English,en
32070,English,en
320703,English,en
320736,Íslenska,is
32074,English,en
32075,English,en
32076,English,en
32076,Español,es
32077,English,en
32078,English,en
32078,ελληνικά,el
32078,普通话,zh
32079,English,en
32080,English,en
32081,English,en
32082,English,en
32083,English,en
32084,العربية,ar
32084,English,en
32084,Français,fr
32084,עִבְרִית,he
32085,English,en
320853,English,en
32087,Deutsch,de
32087,English,en
320873,हिन्दी,hi
32088,English,en
320892,English,en
32091,English,en
32091,Français,fr
320910,தமிழ்,ta
320917,English,en
32092,العربية,ar
32092,English,en
32092,Français,fr
32093,English,en
32093,Español,es
32097,Français,fr
32099,suomi,fi
320996,English,en
321,English,en
321,Français,fr
321,Italiano,it
3210,English,en
32100,English,en
321030,English,en
321039,English,en
321039,Français,fr
32105,English,en
321068,English,en
32109,English,en
32109,Deutsch,de
321109,العربية,ar
321109,English,en
32113,English,en
321130,Pусский,ru
321142,English,en
321142,Hrvatski,hr
321160,English,en
321160,Pусский,ru
32117,Italiano,it
32119,English,en
321191,한국어/조선말,ko
32120,English,en
32120,Español,es
32122,English,en
321224,Dansk,da
321228,Deutsch,de
321228,Türkçe,tr
32124,English,en
321258,English,en
32128,English,en
321283,svenska,sv
32130,English,en
321303,Eesti,et
321303,Deutsch,de
321303,Pусский,ru
321315,ελληνικά,el
321377,English,en
32139,English,en
32140,English,en
32140,Magyar,hu
32142,English,en
32143,English,en
32144,English,en
32146,English,en
32147,English,en
32148,English,en
32149,한국어/조선말,ko
321494,日本語,ja
321494,English,en
321497,English,en
32150,广州话 / 廣州話,cn
32151,广州话 / 廣州話,cn
32152,한국어/조선말,ko
321528,English,en
321528,Español,es
321530,한국어/조선말,ko
321530,English,en
321530,Italiano,it
321530,Español,es
32157,日本語,ja
32157,한국어/조선말,ko
32158,한국어/조선말,ko
32159,Français,fr
32159,한국어/조선말,ko
321594,English,en
32160,한국어/조선말,ko
321612,English,en
32162,广州话 / 廣州話,cn
321621,English,en
32163,한국어/조선말,ko
32164,广州话 / 廣州話,cn
32164,English,en
32164,普通话,zh
321640,English,en
32166,English,en
321662,English,en
321662,Pусский,ru
321666,English,en
321666,Español,es
321678,suomi,fi
32168,English,en
32168,한국어/조선말,ko
32168,普通话,zh
32168,Pусский,ru
32168,ภาษาไทย,th
32169,Nederlands,nl
321697,English,en
32171,日本語,ja
32173,한국어/조선말,ko
321741,English,en
321751,Srpski,sr
321751,English,en
321751,Español,es
321751,Français,fr
321751,Bosanski,bs
321757,English,en
321769,English,en
321769,Deutsch,de
321779,Français,fr
321779,Český,cs
32182,English,en
32194,English,en
32195,English,en
32196,English,en
321974,English,en
322,English,en
32202,English,en
322039,English,en
322039,हिन्दी,hi
322039,"",mr
32206,English,en
32208,Español,es
322125,Français,fr
32213,한국어/조선말,ko
32221,English,en
322240,English,en
32226,English,en
32227,English,en
32228,English,en
32229,普通话,zh
322317,Pусский,ru
32233,广州话 / 廣州話,cn
32233,English,en
32233,हिन्दी,hi
32234,日本語,ja
32235,English,en
32237,한국어/조선말,ko
322378,English,en
322378,svenska,sv
322378,Somali,so
322400,English,en
32242,한국어/조선말,ko
322434,Français,fr
322443,English,en
322456,English,en
322460,English,en
322476,Eesti,et
32248,日本語,ja
322487,English,en
322488,"",hy
322488,Eesti,et
322488,Pусский,ru
32249,广州话 / 廣州話,cn
32249,English,en
32250,日本語,ja
322506,English,en
322518,English,en
322548,English,en
32255,English,en
32261,English,en
322614,"",am
32263,English,en
32272,한국어/조선말,ko
32273,Français,fr
32274,English,en
322740,Português,pt
322745,English,en
32275,English,en
32276,English,en
322766,English,en
322785,English,en
322799,English,en
32284,English,en
32285,English,en
322850,English,en
322922,English,en
32293,English,en
32294,English,en
32295,हिन्दी,hi
32298,English,en
323016,suomi,fi
32302,English,en
32302,Français,fr
32302,Deutsch,de
323027,English,en
323027,Français,fr
32303,English,en
32304,English,en
32304,Polski,pl
32305,English,en
32306,English,en
32307,English,en
32308,English,en
323111,English,en
323132,English,en
32316,English,en
32317,Français,fr
32319,English,en
32319,Français,fr
32319,Deutsch,de
32319,Español,es
323214,Español,es
32322,English,en
32323,English,en
32325,English,en
32325,Español,es
32326,English,en
323262,English,en
32327,English,en
323272,English,en
32328,English,en
32329,English,en
32330,English,en
32331,English,en
323315,English,en
32332,English,en
32334,Pусский,ru
32336,Pусский,ru
323366,English,en
323370,English,en
323372,Español,es
323373,English,en
32338,English,en
32338,Français,fr
323383,English,en
323384,English,en
323396,Deutsch,de
323396,ελληνικά,el
323426,हिन्दी,hi
323428,svenska,sv
323431,English,en
323435,English,en
323517,हिन्दी,hi
323656,English,en
323660,English,en
323661,English,en
323661,Français,fr
323665,English,en
323673,English,en
323674,English,en
323675,English,en
323676,English,en
323677,English,en
323679,English,en
323688,English,en
323690,English,en
323694,English,en
323788,English,en
323792,English,en
32387,English,en
32388,普通话,zh
32389,English,en
32390,Français,fr
323929,English,en
32395,English,en
323967,English,en
32407,English,en
324150,English,en
324174,English,en
324178,English,en
324181,English,en
324194,Italiano,it
324230,Español,es
324245,English,en
324251,English,en
324253,English,en
324259,Nederlands,nl
324260,Português,pt
324260,Español,es
324260,English,en
324269,English,en
324271,English,en
324279,Español,es
324279,English,en
32428,English,en
324284,English,en
324289,English,en
324291,English,en
324293,English,en
32430,English,en
324308,English,en
324314,Français,fr
324314,English,en
324320,English,en
324322,Français,fr
324322,English,en
324322,Bamanankan,bm
324325,English,en
324333,English,en
324340,Deutsch,de
324421,English,en
324436,svenska,sv
324436,English,en
32444,English,en
324440,Deutsch,de
32446,English,en
32450,English,en
32451,English,en
324542,English,en
324552,English,en
324552,Italiano,it
32456,English,en
324560,Nederlands,nl
324560,English,en
324560,Português,pt
324572,Nederlands,nl
324573,English,en
324578,Español,es
32458,English,en
324631,Český,cs
32465,English,en
324668,English,en
324670,English,en
324764,svenska,sv
324786,日本語,ja
324786,English,en
324794,ภาษาไทย,th
32480,Italiano,it
324803,English,en
324807,English,en
324807,Italiano,it
324819,Český,cs
32484,English,en
324849,English,en
324852,English,en
32488,English,en
32489,English,en
32489,Français,fr
32489,Deutsch,de
32489,Magyar,hu
32489,Italiano,it
32489,Español,es
324930,English,en
324963,English,en
32497,svenska,sv
324978,svenska,sv
324986,English,en
32499,English,en
32502,English,en
325039,English,en
325039,Pусский,ru
32511,Română,ro
325111,English,en
325113,English,en
32513,English,en
325133,English,en
325134,Türkçe,tr
325138,हिन्दी,hi
32517,广州话 / 廣州話,cn
325173,English,en
325189,English,en
32519,English,en
32520,普通话,zh
325205,suomi,fi
32523,English,en
325240,English,en
32526,English,en
325263,English,en
32528,English,en
325302,English,en
325346,English,en
325348,English,en
325348,Pусский,ru
325358,English,en
325358,Italiano,it
32536,English,en
32536,svenska,sv
325373,English,en
325385,English,en
325385,Français,fr
325385,Español,es
32540,English,en
32543,Français,fr
325439,English,en
32546,Español,es
32547,Español,es
32552,Français,fr
32552,English,en
32556,English,en
32558,English,en
32559,Polski,pl
325592,English,en
32560,English,en
32562,English,en
32563,English,en
325645,Italiano,it
32567,English,en
32568,English,en
32569,English,en
325690,Italiano,it
325712,English,en
32574,English,en
32575,English,en
32577,English,en
32577,日本語,ja
325780,Italiano,it
325789,English,en
325789,Español,es
32579,English,en
32579,Español,es
325803,Hausa,ha
325803,"",ig
325803,English,en
32582,普通话,zh
325848,Français,fr
32588,English,en
325892,हिन्दी,hi
32590,English,en
32593,English,en
32594,Română,ro
32595,English,en
32596,English,en
32599,English,en
326,English,en
326,ภาษาไทย,th
32600,English,en
32601,Română,ro
326011,Pусский,ru
326013,Pусский,ru
326029,English,en
326038,Pусский,ru
32604,English,en
32604,Français,fr
32604,Magyar,hu
32604,Italiano,it
32604,Română,ro
326045,English,en
326057,English,en
326058,English,en
32609,English,en
326094,English,en
32610,English,en
32611,English,en
32612,English,en
32613,English,en
326139,English,en
32615,English,en
32616,Français,fr
32617,English,en
32617,Español,es
326198,Español,es
32620,English,en
326215,English,en
32622,English,en
326228,No Language,xx
32623,English,en
32624,English,en
32624,हिन्दी,hi
32624,"",mk
32624,Română,ro
32624,Español,es
326241,English,en
326241,हिन्दी,hi
326247,English,en
32625,English,en
326250,English,en
326253,Nederlands,nl
326253,Türkçe,tr
326255,English,en
326256,English,en
326262,English,en
32627,English,en
32627,Deutsch,de
32628,No Language,xx
326284,English,en
326285,English,en
32630,English,en
326305,English,en
32631,English,en
32631,Français,fr
32631,Deutsch,de
32633,English,en
326333,Magyar,hu
326333,日本語,ja
32634,English,en
32635,Español,es
326359,English,en
32636,English,en
32638,English,en
32638,Español,es
32640,English,en
326415,English,en
326420,English,en
326423,English,en
326425,English,en
32643,English,en
32644,English,en
32644,Français,fr
32644,Español,es
326441,English,en
326446,English,en
32646,English,en
32648,English,en
32648,Italiano,it
32649,svenska,sv
32652,English,en
326536,English,en
32654,广州话 / 廣州話,cn
32654,普通话,zh
326553,English,en
32657,English,en
326591,English,en
326649,Español,es
32665,English,en
326665,English,en
32669,English,en
32671,English,en
326723,Dansk,da
326723,English,en
32673,No Language,xx
326755,Italiano,it
32677,English,en
32678,English,en
32683,English,en
32684,English,en
32685,English,en
32686,English,en
32687,Français,fr
326874,Français,fr
32688,Italiano,it
32689,Français,fr
32690,日本語,ja
32691,Français,fr
32692,Français,fr
326923,English,en
32694,English,en
32695,Español,es
32695,한국어/조선말,ko
32695,Pусский,ru
327,English,en
327,Italiano,it
327,日本語,ja
327,Español,es
327016,English,en
327029,English,en
327040,Français,fr
32707,English,en
32708,Français,fr
327083,English,en
32716,English,en
327175,Český,cs
32720,Français,fr
327231,svenska,sv
327237,Nederlands,nl
327253,English,en
32726,English,en
32726,Español,es
32728,English,en
327352,English,en
327383,Español,es
327389,English,en
32740,हिन्दी,hi
327418,English,en
327476,suomi,fi
327528,English,en
327536,日本語,ja
32761,Deutsch,de
32764,Română,ro
32764,Deutsch,de
32767,English,en
32767,Deutsch,de
327674,English,en
327749,English,en
32782,English,en
327833,ภาษาไทย,th
327833,English,en
32790,English,en
327909,Magyar,hu
327924,English,en
327935,Türkçe,tr
327953,English,en
327982,Pусский,ru
328032,Deutsch,de
328069,فارسی,fa
328111,English,en
328132,English,en
328212,English,en
328216,English,en
32823,English,en
328233,हिन्दी,hi
328233,English,en
328246,English,en
32825,English,en
328252,English,en
328252,Español,es
32831,English,en
32831,Français,fr
32831,Italiano,it
328327,English,en
32834,English,en
32836,English,en
328387,English,en
328407,English,en
328416,English,en
328425,English,en
328429,English,en
328448,English,en
32845,English,en
32847,English,en
32847,Português,pt
328480,English,en
328483,English,en
32850,English,en
32855,English,en
32856,English,en
32858,English,en
328589,English,en
32859,Français,fr
328594,日本語,ja
328595,English,en
32862,English,en
328631,suomi,fi
32866,हिन्दी,hi
32868,English,en
328692,Nederlands,nl
328714,한국어/조선말,ko
328716,한국어/조선말,ko
32872,English,en
32872,Français,fr
328720,Italiano,it
328739,English,en
328763,English,en
328796,English,en
328799,English,en
328820,English,en
328820,Deutsch,de
328840,English,en
328848,English,en
328869,English,en
32887,English,en
32888,English,en
328901,English,en
328918,English,en
328930,"",mr
329,English,en
329,Español,es
329004,English,en
329005,English,en
32901,English,en
329010,English,en
329013,Pусский,ru
329020,English,en
32904,English,en
329063,No Language,xx
32909,English,en
32909,普通话,zh
3291,English,en
32911,English,en
329134,தமிழ்,ta
329135,தமிழ்,ta
329135,తెలుగు,te
32916,English,en
329205,English,en
329206,普通话,zh
32921,English,en
329216,English,en
32924,English,en
329241,English,en
329243,English,en
329255,English,en
32926,Türkçe,tr
329263,Český,cs
329263,Deutsch,de
32928,Pусский,ru
329286,English,en
329289,English,en
32929,English,en
3293,English,en
32930,English,en
32932,English,en
32934,Español,es
32940,English,en
329407,English,en
32941,English,en
329440,English,en
32945,English,en
32946,English,en
329540,English,en
329550,Polski,pl
329556,Pусский,ru
329556,English,en
329556,ქართული,ka
32958,Português,pt
32961,English,en
32961,Français,fr
32961,Português,pt
329637,English,en
329639,Português,pt
329682,Français,fr
32969,English,en
329690,English,en
329697,English,en
329712,Français,fr
329718,English,en
329724,Français,fr
329740,日本語,ja
32978,English,en
329802,svenska,sv
329805,Français,fr
329809,Français,fr
329815,Français,fr
329819,Français,fr
329829,English,en
329829,Français,fr
329829,Deutsch,de
329833,English,en
32985,العربية,ar
32985,English,en
329865,普通话,zh
329865,English,en
329865,Pусский,ru
329868,Italiano,it
32990,suomi,fi
32990,svenska,sv
32996,English,en
329981,English,en
33,English,en
330,English,en
330007,Español,es
33001,English,en
330037,हिन्दी,hi
33005,English,en
330070,日本語,ja
33009,English,en
330112,English,en
330115,English,en
330127,English,en
33015,English,en
330152,English,en
33016,English,en
330161,English,en
330171,Italiano,it
33018,English,en
33020,English,en
330206,English,en
33025,English,en
330275,Français,fr
33028,English,en
330294,Français,fr
330298,Français,fr
33030,English,en
33031,English,en
330333,Français,fr
33034,English,en
330348,Français,fr
330348,Italiano,it
33035,English,en
33037,English,en
330381,Magyar,hu
33039,English,en
330399,தமிழ்,ta
330418,தமிழ்,ta
330421,தமிழ்,ta
330431,हिन्दी,hi
33045,日本語,ja
330459,English,en
330483,English,en
33049,English,en
33052,English,en
330544,English,en
33055,English,en
33055,Français,fr
33057,English,en
330588,Deutsch,de
33061,English,en
330628,English,en
33065,Pусский,ru
33068,English,en
330697,Nederlands,nl
330697,Français,fr
330711,English,en
33076,English,en
330764,Français,fr
33077,English,en
33077,Español,es
330770,Français,fr
33078,English,en
33079,English,en
33081,हिन्दी,hi
330878,Pусский,ru
3309,English,en
3309,Español,es
33091,svenska,sv
330916,English,en
330947,English,en
33095,Français,fr
330982,English,en
330982,Français,fr
330982,Deutsch,de
331,English,en
331,Español,es
33102,English,en
33104,हिन्दी,hi
33106,普通话,zh
33107,English,en
33107,Español,es
331075,广州话 / 廣州話,cn
33108,Pусский,ru
33111,English,en
331110,Español,es
33112,English,en
33114,Norsk,no
33115,English,en
33116,English,en
331161,English,en
33117,English,en
331190,English,en
33124,हिन्दी,hi
33124,English,en
33125,हिन्दी,hi
331251,한국어/조선말,ko
33126,Italiano,it
33126,普通话,zh
33127,English,en
33130,Nederlands,nl
331313,עִבְרִית,he
331313,English,en
33134,English,en
33135,English,en
331351,Español,es
331354,Español,es
33138,English,en
331392,English,en
331393,English,en
331446,English,en
33146,हिन्दी,hi
331485,English,en
33150,English,en
331501,English,en
33152,English,en
33155,English,en
33157,English,en
33157,Pусский,ru
331576,广州话 / 廣州話,cn
331576,ภาษาไทย,th
331583,English,en
331588,English,en
33159,English,en
331592,English,en
331641,Español,es
331642,Español,es
33166,Deutsch,de
33166,Français,fr
33166,English,en
331745,English,en
33175,English,en
331781,English,en
331836,Français,fr
33194,普通话,zh
33195,English,en
33195,Pусский,ru
331958,ελληνικά,el
33196,English,en
33196,한국어/조선말,ko
331962,English,en
331985,English,en
33199,한국어/조선말,ko
332,English,en
332,Norsk,no
332,Français,fr
332,Español,es
33201,Français,fr
33201,Deutsch,de
33202,हिन्दी,hi
33203,English,en
33205,日本語,ja
332079,English,en
33209,English,en
33214,Français,fr
33214,English,en
33214,Deutsch,de
33214,Český,cs
33215,English,en
332168,English,en
33217,English,en
332177,English,en
332179,Deutsch,de
332179,Dansk,da
33218,English,en
33218,Deutsch,de
33221,English,en
332210,English,en
33222,English,en
33222,Español,es
33224,English,en
33226,English,en
332270,English,en
332270,Pусский,ru
33228,English,en
332280,English,en
332283,English,en
332285,English,en
332286,English,en
33229,No Language,xx
332340,English,en
332354,Español,es
332356,English,en
33241,English,en
332411,English,en
33245,English,en
33245,Pусский,ru
332491,Español,es
33250,English,en
332502,English,en
33251,한국어/조선말,ko
332512,Pусский,ru
33253,ภาษาไทย,th
332567,English,en
33257,Español,es
33258,English,en
332662,English,en
332665,English,en
332704,English,en
332706,English,en
332709,Italiano,it
33272,English,en
332721,English,en
33273,English,en
33273,Español,es
33273,euskera,eu
332739,English,en
33274,English,en
332741,Italiano,it
332742,اردو,ur
332742,English,en
332742,ਪੰਜਾਬੀ,pa
332748,English,en
332749,Pусский,ru
332749,English,en
332757,English,en
332757,Italiano,it
332757,Español,es
332759,Deutsch,de
33278,English,en
33278,Italiano,it
332788,Türkçe,tr
332794,English,en
332794,Français,fr
332794,Deutsch,de
332794,Italiano,it
33280,Dansk,da
33280,Norsk,no
332806,English,en
332827,"",ml
332835,हिन्दी,hi
332839,English,en
332872,Español,es
332880,Nederlands,nl
332936,English,en
33294,Dansk,da
33295,Español,es
33295,English,en
33297,Français,fr
332976,English,en
332976,Italiano,it
332976,Español,es
332979,English,en
332979,Français,fr
332980,广州话 / 廣州話,cn
333,English,en
33301,English,en
33302,Français,fr
33303,English,en
33305,English,en
33305,Deutsch,de
333072,日本語,ja
333088,English,en
333091,English,en
333092,English,en
33310,English,en
333103,English,en
333123,English,en
333126,English,en
333127,English,en
33314,English,en
33314,Français,fr
333164,Nederlands,nl
33318,No Language,xx
33319,English,en
33319,日本語,ja
33320,日本語,ja
33321,English,en
33324,English,en
333287,English,en
333295,English,en
33331,English,en
333318,Español,es
333324,English,en
33333,日本語,ja
333344,English,en
333348,English,en
333350,English,en
333352,Somali,so
333352,English,en
333354,English,en
333356,English,en
333358,English,en
33336,English,en
33336,Français,fr
33336,Deutsch,de
333360,English,en
333367,English,en
333367,Français,fr
333371,English,en
333372,Pусский,ru
333375,English,en
333377,English,en
33338,普通话,zh
333381,English,en
333382,English,en
333384,English,en
333385,English,en
333386,English,en
333387,English,en
33339,English,en
33339,Español,es
33340,Norsk,no
33340,svenska,sv
33343,English,en
33344,English,en
33345,English,en
33345,Français,fr
333484,English,en
33352,Dansk,da
333545,English,en
33355,Español,es
33355,English,en
333555,Nederlands,nl
33356,English,en
33357,English,en
33357,Italiano,it
33358,English,en
333594,English,en
333594,Français,fr
333596,English,en
33360,Français,fr
33364,English,en
33365,Italiano,it
333658,Français,fr
333663,Nederlands,nl
333663,English,en
333663,Português,pt
333665,English,en
333667,English,en
333669,English,en
333669,Français,fr
33367,English,en
333674,English,en
333675,English,en
333678,English,en
333696,Français,fr
333696,Deutsch,de
333696,Polski,pl
33370,English,en
33371,English,en
33374,English,en
33375,English,en
33375,हिन्दी,hi
33377,English,en
33379,English,en
33380,日本語,ja
33380,English,en
33380,Deutsch,de
33382,English,en
333846,shqip,sq
333846,Deutsch,de
333846,Italiano,it
333846,Srpski,sr
33386,English,en
33387,English,en
33388,English,en
333884,Italiano,it
333886,Türkçe,tr
333888,Italiano,it
33389,English,en
33390,English,en
33391,English,en
33392,English,en
33393,English,en
33394,English,en
33395,English,en
333953,Pусский,ru
333968,ภาษาไทย,th
334,English,en
334,Français,fr
334,Deutsch,de
334026,English,en
334028,English,en
334057,English,en
33407,Norsk,no
334074,English,en
33408,English,en
334088,English,en
33409,فارسی,fa
33409,English,en
334132,普通话,zh
334175,Türkçe,tr
33419,English,en
33419,Italiano,it
33421,English,en
33421,Italiano,it
33427,English,en
33429,English,en
334298,广州话 / 廣州話,cn
334298,普通话,zh
334298,ภาษาไทย,th
334299,Français,fr
33430,English,en
334304,Français,fr
334307,Français,fr
33431,日本語,ja
334312,Magyar,hu
334312,Français,fr
334312,English,en
334317,Français,fr
33436,English,en
33436,Français,fr
33436,Deutsch,de
334362,Deutsch,de
334362,ελληνικά,el
334376,日本語,ja
334394,Türkçe,tr
33441,日本語,ja
334440,български език,bg
33446,Dansk,da
334461,English,en
33447,Dansk,da
334495,English,en
334517,Français,fr
334517,English,en
334517,Gaeilge,ga
334521,English,en
334522,English,en
334524,English,en
334524,Bahasa indonesia,id
334527,English,en
334531,English,en
334532,English,en
334533,Esperanto,eo
334533,English,en
334534,English,en
334535,English,en
334536,English,en
334538,English,en
33454,English,en
334541,English,en
334543,বাংলা,bn
334543,English,en
334543,हिन्दी,hi
334557,广州话 / 廣州話,cn
334557,普通话,zh
33457,हिन्दी,hi
33459,English,en
33460,हिन्दी,hi
334629,English,en
334679,English,en
33468,English,en
33470,English,en
33472,English,en
33474,English,en
33475,English,en
33476,English,en
33477,English,en
334795,Pусский,ru
33481,suomi,fi
33484,English,en
33486,English,en
334878,Français,fr
334889,svenska,sv
33489,Français,fr
334890,English,en
33491,Français,fr
334918,Français,fr
334922,English,en
334922,Íslenska,is
334924,Deutsch,de
334924,Italiano,it
334924,Română,ro
334930,广州话 / 廣州話,cn
334939,Nederlands,nl
33494,svenska,sv
33495,Italiano,it
334991,日本語,ja
335,English,en
33501,English,en
33504,Español,es
335051,Italiano,it
335053,Español,es
33506,English,en
335077,English,en
335077,Français,fr
335077,Deutsch,de
33510,English,en
33511,English,en
33516,English,en
33517,English,en
33517,Français,fr
33517,Italiano,it
33518,English,en
33519,English,en
335201,Polski,pl
335201,Deutsch,de
335201,Italiano,it
335209,English,en
33521,Nederlands,nl
33521,English,en
33521,Română,ro
33523,English,en
33525,English,en
335310,Français,fr
335310,English,en
33534,Pусский,ru
33539,English,en
335392,हिन्दी,hi
335409,Pусский,ru
335409,English,en
33541,English,en
33542,广州话 / 廣州話,cn
33542,English,en
335430,日本語,ja
33545,English,en
33546,Español,es
33546,English,en
335462,普通话,zh
335490,Dansk,da
335490,English,en
335498,English,en
335509,Deutsch,de
335509,English,en
33551,English,en
33555,English,en
33555,Français,fr
33556,हिन्दी,hi
33557,English,en
335578,Dansk,da
335578,English,en
335578,Deutsch,de
33558,Español,es
335582,Dansk,da
33560,English,en
33563,Italiano,it
33564,English,en
335640,한국어/조선말,ko
335676,English,en
335683,svenska,sv
33569,Íslenska,is
33570,English,en
335724,Pусский,ru
33575,English,en
335753,English,en
335778,English,en
335791,English,en
335796,English,en
335797,English,en
335805,English,en
335819,Pусский,ru
33582,English,en
33583,Deutsch,de
33583,Italiano,it
335837,Deutsch,de
33586,English,en
335866,English,en
335869,English,en
335872,English,en
335874,English,en
33588,English,en
33592,English,en
335970,English,en
335988,English,en
336,Español,es
336,Italiano,it
33600,English,en
33600,Deutsch,de
336000,English,en
336004,English,en
336011,English,en
336018,English,en
336018,Deutsch,de
336018,Español,es
33602,English,en
336026,日本語,ja
336029,עִבְרִית,he
33604,Srpski,sr
336050,Français,fr
336050,Deutsch,de
336050,ελληνικά,el
336050,עִבְרִית,he
336050,Magyar,hu
336050,Polski,pl
336050,Pусский,ru
336050,Slovenčina,sk
336050,"",yi
336055,한국어/조선말,ko
33611,Deutsch,de
33611,Srpski,sr
336118,Français,fr
336118,English,en
336121,English,en
33613,svenska,sv
336149,Italiano,it
336149,English,en
336167,English,en
336199,Français,fr
336203,Français,fr
336203,हिन्दी,hi
336206,Hrvatski,hr
336211,हिन्दी,hi
336212,فارسی,fa
336220,English,en
336222,Íslenska,is
33623,Français,fr
33624,Français,fr
33625,English,en
336251,English,en
336265,English,en
336268,English,en
33627,English,en
336271,English,en
33630,English,en
336307,Deutsch,de
336313,English,en
33632,English,en
33633,English,en
33638,English,en
336380,No Language,xx
33641,English,en
33642,English,en
33644,English,en
336445,English,en
336455,English,en
336484,Pусский,ru
336544,English,en
336549,Pусский,ru
336560,English,en
33657,English,en
33660,English,en
33665,English,en
336652,Français,fr
336655,Français,fr
33666,English,en
336660,العربية,ar
336660,English,en
336660,Français,fr
336660,Italiano,it
336663,Français,fr
336663,فارسی,fa
336664,"",gn
336664,Español,es
336666,English,en
336669,Español,es
33667,English,en
33668,English,en
336681,Português,pt
336691,English,en
33670,English,en
33673,English,en
336736,English,en
336744,한국어/조선말,ko
33676,English,en
33676,Español,es
336775,English,en
336776,日本語,ja
33680,English,en
336804,Türkçe,tr
336805,العربية,ar
336805,Français,fr
336806,svenska,sv
336807,Français,fr
336808,Català,ca
336808,Deutsch,de
336808,Latin,la
336808,Português,pt
336808,Español,es
336811,English,en
336811,Français,fr
336811,اردو,ur
33682,Český,cs
33684,Český,cs
336845,English,en
336850,English,en
33688,Norsk,no
336882,Norsk,no
336884,Norsk,no
336885,Norsk,no
33689,English,en
336890,English,en
33691,English,en
33693,English,en
336970,svenska,sv
336972,اردو,ur
336972,العربية,ar
336972,हिन्दी,hi
336972,English,en
337,Français,fr
337,Türkçe,tr
33701,Français,fr
337012,English,en
337029,English,en
33704,Français,fr
337075,English,en
33708,English,en
337085,English,en
33709,English,en
33710,English,en
33710,Français,fr
337101,Español,es
337104,English,en
337107,Français,fr
337115,Español,es
33712,English,en
33714,Pусский,ru
337154,English,en
33719,English,en
337208,English,en
33721,English,en
337218,English,en
33723,广州话 / 廣州話,cn
33723,普通话,zh
33723,ภาษาไทย,th
33725,English,en
33726,English,en
33726,Français,fr
33728,English,en
33728,Italiano,it
33729,English,en
33730,English,en
33731,English,en
33733,English,en
337339,English,en
33734,English,en
33735,English,en
33738,English,en
33740,English,en
337405,English,en
33743,English,en
337435,Český,cs
337435,Deutsch,de
337435,Polski,pl
33744,English,en
337456,"",mr
337473,English,en
33754,English,en
337549,English,en
337550,English,en
33762,English,en
337641,Dansk,da
33765,English,en
33765,Deutsch,de
33766,English,en
337663,English,en
337674,Français,fr
337677,Français,fr
337703,No Language,xx
337730,Français,fr
33774,English,en
33774,Español,es
337747,English,en
337747,Español,es
337751,English,en
337758,"",mk
337789,English,en
33783,English,en
33784,svenska,sv
337844,English,en
33786,svenska,sv
33787,English,en
337874,English,en
337876,हिन्दी,hi
337879,English,en
33788,English,en
33789,English,en
33792,English,en
337944,English,en
337958,English,en
33796,English,en
337960,English,en
33799,English,en
33799,Français,fr
338,Deutsch,de
33801,Italiano,it
33806,Nederlands,nl
338063,English,en
338065,हिन्दी,hi
338072,Deutsch,de
33809,Italiano,it
33809,Deutsch,de
33810,English,en
338100,English,en
338107,English,en
338107,Italiano,it
33811,English,en
33811,Español,es
33813,English,en
33814,English,en
33817,Español,es
338189,Français,fr
338227,Pусский,ru
33823,English,en
33827,English,en
338273,Français,fr
33828,Français,fr
338309,普通话,zh
33831,English,en
338312,Magyar,hu
33838,English,en
338381,Deutsch,de
338387,English,en
33839,English,en
33842,Español,es
338421,广州话 / 廣州話,cn
33843,English,en
338438,English,en
338438,Italiano,it
338485,English,en
33851,English,en
33851,Magyar,hu
338517,Pусский,ru
338518,English,en
338544,English,en
338546,Français,fr
338614,English,en
338676,English,en
338689,English,en
33870,English,en
33870,普通话,zh
33871,English,en
338729,한국어/조선말,ko
33875,English,en
33875,日本語,ja
338766,English,en
338767,svenska,sv
338803,한국어/조선말,ko
338913,English,en
338928,English,en
338930,"",ml
338964,English,en
339,English,en
339,suomi,fi
339,Français,fr
339,Deutsch,de
339,Italiano,it
339060,English,en
339065,English,en
339077,suomi,fi
339079,English,en
33908,广州话 / 廣州話,cn
33908,日本語,ja
33908,한국어/조선말,ko
33908,普通话,zh
33909,English,en
339116,English,en
33913,Français,fr
33914,English,en
339145,English,en
339145,Deutsch,de
339148,English,en
33916,Český,cs
33923,English,en
33924,English,en
33927,English,en
33927,Español,es
339274,Deutsch,de
339274,हिन्दी,hi
33931,English,en
339312,English,en
33932,English,en
339320,English,en
339320,Español,es
339339,English,en
339355,English,en
339362,English,en
339367,हिन्दी,hi
339396,English,en
339397,English,en
339403,English,en
339405,English,en
339408,English,en
339419,English,en
339428,Deutsch,de
339445,English,en
339526,English,en
339527,English,en
339530,English,en
339533,English,en
339533,Deutsch,de
339533,Italiano,it
33954,Italiano,it
339547,English,en
339562,广州话 / 廣州話,cn
339562,English,en
339562,Italiano,it
339562,한국어/조선말,ko
339562,普通话,zh
3396,English,en
339669,English,en
339692,English,en
3397,Deutsch,de
3397,Polski,pl
339739,English,en
33974,English,en
33974,Deutsch,de
33974,"",tl
33974,ภาษาไทย,th
339749,日本語,ja
339751,English,en
339751,Français,fr
339751,日本語,ja
339790,English,en
339792,English,en
33984,日本語,ja
339846,English,en
33988,English,en
339888,English,en
339894,Deutsch,de
33990,English,en
33990,Latin,la
339927,English,en
339928,Português,pt
339928,English,en
339934,English,en
33994,English,en
339944,Eesti,et
33996,English,en
33996,Français,fr
33996,Pусский,ru
339964,Français,fr
339964,English,en
339967,English,en
33997,English,en
33997,Français,fr
33997,Somali,so
33998,Français,fr
339984,English,en
339987,English,en
339988,English,en
339992,English,en
339994,English,en
340,English,en
340,Pусский,ru
340,Український,uk
34000,English,en
340027,English,en
34003,English,en
34004,English,en
340053,English,en
340053,Français,fr
34006,English,en
340101,English,en
340103,English,en
34012,English,en
34012,Español,es
34013,Français,fr
34014,English,en
34015,English,en
34016,English,en
340176,日本語,ja
340187,English,en
34019,日本語,ja
340190,English,en
340194,English,en
340210,English,en
340213,English,en
340215,English,en
340223,English,en
34023,English,en
340230,English,en
34024,English,en
340243,English,en
34025,English,en
340255,English,en
340275,English,en
340357,English,en
34036,English,en
34036,Español,es
34038,English,en
340382,日本語,ja
340401,Deutsch,de
340402,English,en
34043,English,en
34043,Français,fr
34043,Magyar,hu
34045,English,en
34045,Français,fr
34045,Deutsch,de
340481,Français,fr
340484,English,en
340485,English,en
340487,English,en
340488,Español,es
340488,English,en
3405,Italiano,it
34052,English,en
34053,English,en
340584,English,en
34061,Dansk,da
340611,English,en
340616,Deutsch,de
340616,Français,fr
340616,English,en
340627,English,en
34064,Română,ro
34065,English,en
34065,Deutsch,de
34065,日本語,ja
340666,English,en
34067,English,en
34067,Deutsch,de
340676,svenska,sv
340676,English,en
340676,Français,fr
340677,English,en
340677,Français,fr
34068,Français,fr
340684,English,en
34069,Français,fr
34069,Deutsch,de
34070,svenska,sv
340712,Español,es
340746,한국어/조선말,ko
34075,Český,cs
34075,English,en
340753,English,en
34077,English,en
34078,English,en
340785,English,en
34079,English,en
34081,English,en
340816,Português,pt
340816,English,en
34082,English,en
340837,English,en
340837,Deutsch,de
34084,English,en
34086,English,en
340881,English,en
34090,Nederlands,nl
34090,English,en
34092,Nederlands,nl
34093,English,en
34093,Français,fr
340937,English,en
340945,English,en
340945,日本語,ja
340961,Italiano,it
34098,English,en
341006,English,en
341007,اردو,ur
34101,English,en
341012,English,en
341013,svenska,sv
341013,English,en
341013,Deutsch,de
341013,Pусский,ru
341045,Deutsch,de
341045,Pусский,ru
341050,English,en
341051,English,en
34106,English,en
34106,Pусский,ru
341077,English,en
341106,svenska,sv
341106,English,en
34113,English,en
341174,English,en
341176,English,en
341178,English,en
341201,English,en
341201,Srpski,sr
34125,English,en
34125,Deutsch,de
34127,English,en
34128,English,en
34130,English,en
34131,日本語,ja
34134,English,en
341366,English,en
341366,Italiano,it
341366,"",ne
34138,Deutsch,de
341392,English,en
341392,Français,fr
341420,தமிழ்,ta
34144,हिन्दी,hi
341443,日本語,ja
341445,English,en
34145,Français,fr
34148,English,en
341490,Íslenska,is
341491,Deutsch,de
341491,Íslenska,is
34151,English,en
34152,English,en
341559,Hrvatski,hr
34158,English,en
34158,Español,es
34163,English,en
341689,English,en
34170,English,en
341744,English,en
341744,Español,es
341745,Deutsch,de
34179,广州话 / 廣州話,cn
34179,普通话,zh
3418,English,en
3418,Français,fr
3418,Deutsch,de
34181,Dansk,da
34182,普通话,zh
34184,English,en
34186,Français,fr
34187,English,en
34188,English,en
341886,English,en
341895,"",ml
341895,தமிழ்,ta
34193,English,en
34194,日本語,ja
34195,English,en
341957,English,en
34196,Português,pt
341984,English,en
341984,Magyar,hu
342,Deutsch,de
342003,தமிழ்,ta
342011,Español,es
34202,English,en
342021,한국어/조선말,ko
34204,English,en
34205,English,en
34207,Español,es
34208,Magyar,hu
34208,Română,ro
34210,English,en
34216,广州话 / 廣州話,cn
34216,普通话,zh
342163,Magyar,hu
342163,Español,es
342165,English,en
34219,English,en
34219,Español,es
342213,Español,es
342218,svenska,sv
34223,English,en
342281,Français,fr
3423,Français,fr
34231,English,en
34233,English,en
34233,Español,es
342381,English,en
342464,English,en
342472,English,en
342473,English,en
342474,English,en
342502,English,en
342521,English,en
342546,English,en
342550,Hrvatski,hr
342562,English,en
342588,日本語,ja
3426,Français,fr
342657,한국어/조선말,ko
342672,English,en
342684,Español,es
342686,Pусский,ru
34269,English,en
34269,Français,fr
342695,Dansk,da
342695,svenska,sv
3427,Français,fr
342737,English,en
342737,Español,es
34276,English,en
342765,Polski,pl
342786,English,en
34280,English,en
34280,Français,fr
34280,Italiano,it
34280,Español,es
34282,English,en
34283,English,en
342878,Français,fr
34288,English,en
342896,English,en
342917,English,en
342917,Magyar,hu
342925,English,en
342927,English,en
34299,English,en
343,English,en
34300,English,en
343010,English,en
343018,English,en
34303,English,en
343059,English,en
343059,普通话,zh
343070,English,en
343070,Deutsch,de
34308,English,en
34309,English,en
34311,English,en
343112,English,en
34312,English,en
34314,English,en
343140,广州话 / 廣州話,cn
343140,普通话,zh
343173,English,en
3432,English,en
34322,English,en
34322,Deutsch,de
343227,Español,es
34325,English,en
34326,日本語,ja
34327,Italiano,it
34327,English,en
34328,English,en
343283,svenska,sv
343284,English,en
343289,English,en
343295,English,en
343304,English,en
34334,English,en
34335,English,en
343369,English,en
343371,English,en
34341,English,en
343426,English,en
343611,English,en
343702,Français,fr
34372,No Language,xx
343724,English,en
34374,English,en
34376,English,en
34377,English,en
34379,English,en
343795,English,en
343795,Português,pt
34380,English,en
34381,English,en
343843,한국어/조선말,ko
343858,English,en
343858,Français,fr
343878,Dansk,da
34388,English,en
34388,Deutsch,de
34388,Magyar,hu
343880,English,en
343887,English,en
34389,العربية,ar
34389,"",ku
343921,English,en
343934,English,en
343972,English,en
343977,Český,cs
343977,English,en
343977,Magyar,hu
343977,Italiano,it
343977,Polski,pl
344,Deutsch,de
344039,English,en
344041,English,en
344120,Français,fr
344123,English,en
344123,Deutsch,de
344147,English,en
34417,English,en
344170,العربية,ar
344170,English,en
34420,Türkçe,tr
34421,English,en
34423,English,en
34423,Pусский,ru
344277,English,en
344277,Italiano,it
34433,"",jv
34444,English,en
34444,Deutsch,de
344476,한국어/조선말,ko
34449,Bosanski,bs
34449,Hrvatski,hr
34449,English,en
34449,Deutsch,de
34449,Italiano,it
34449,Srpski,sr
34453,English,en
34456,English,en
34459,English,en
344591,Deutsch,de
344593,English,en
34461,English,en
34462,English,en
34463,English,en
34469,English,en
34474,English,en
34474,Français,fr
34474,Deutsch,de
34479,English,en
34480,English,en
34482,English,en
344854,English,en
344906,English,en
34494,Italiano,it
34496,English,en
345,English,en
345003,English,en
345009,English,en
345009,Português,pt
34505,English,en
345054,Français,fr
34506,English,en
34507,English,en
34509,English,en
34512,English,en
34513,English,en
345139,العربية,ar
34515,English,en
34516,English,en
345176,English,en
34518,English,en
34521,English,en
345235,한국어/조선말,ko
345235,普通话,zh
34527,svenska,sv
34528,日本語,ja
34528,普通话,zh
34528,Pусский,ru
34530,日本語,ja
34530,普通话,zh
34530,Pусский,ru
345306,Pусский,ru
345323,English,en
345426,Deutsch,de
345438,Nederlands,nl
34544,Deutsch,de
34544,English,en
34544,Español,es
34544,Français,fr
34544,Kiswahili,sw
345468,English,en
345470,English,en
345489,English,en
34549,English,en
345519,English,en
34557,English,en
345575,Dansk,da
345575,English,en
345575,Deutsch,de
345575,Norsk,no
34560,English,en
34561,Tiếng Việt,vi
34561,日本語,ja
34561,普通话,zh
34563,English,en
345637,English,en
34564,English,en
345661,العربية,ar
345661,English,en
345664,English,en
34573,English,en
345735,广州话 / 廣州話,cn
34574,Deutsch,de
34574,English,en
34576,English,en
34577,Italiano,it
34577,日本語,ja
345775,Dansk,da
345775,Nederlands,nl
345775,Français,fr
34581,English,en
34582,Bokmål,nb
34583,English,en
34584,English,en
34586,Polski,pl
34586,Pусский,ru
345874,English,en
345874,Français,fr
345875,English,en
34588,Português,pt
345888,한국어/조선말,ko
345896,English,en
345906,Español,es
345909,English,en
345911,English,en
345913,English,en
345914,English,en
345914,Português,pt
345915,English,en
345916,English,en
345918,English,en
34592,English,en
345920,English,en
345922,English,en
345924,English,en
345925,English,en
345931,English,en
345938,English,en
345944,English,en
34595,English,en
34598,English,en
34598,Deutsch,de
34599,English,en
346,日本語,ja
34600,English,en
34601,English,en
346034,Español,es
34604,English,en
346079,English,en
346093,English,en
346106,English,en
346134,English,en
34614,svenska,sv
34615,English,en
346170,English,en
346170,Deutsch,de
346225,Español,es
34623,English,en
346239,Deutsch,de
34626,Bahasa indonesia,id
34630,English,en
34630,Deutsch,de
34631,English,en
346347,English,en
34636,English,en
34636,Deutsch,de
34637,English,en
346384,English,en
346388,English,en
346401,English,en
346401,Français,fr
346443,Polski,pl
346469,svenska,sv
34647,English,en
34647,日本語,ja
346472,Pусский,ru
346472,Deutsch,de
346472,English,en
346472,Latin,la
346472,Español,es
346473,English,en
346489,English,en
346490,shqip,sq
346490,Deutsch,de
346490,Srpski,sr
346494,English,en
34650,English,en
34651,English,en
34652,English,en
34653,English,en
34653,Español,es
346564,Français,fr
346570,English,en
34658,广州话 / 廣州話,cn
346592,English,en
34662,English,en
346641,Deutsch,de
346646,한국어/조선말,ko
346650,English,en
346651,English,en
34666,English,en
34666,Deutsch,de
34666,Italiano,it
34667,English,en
346672,English,en
346672,"",km
346672,ภาษาไทย,th
346672,Український,uk
346681,English,en
346685,Español,es
346685,English,en
34671,Deutsch,de
34671,Português,pt
34672,English,en
34672,Français,fr
346723,Český,cs
346755,Polski,pl
346763,Dansk,da
346808,English,en
34681,English,en
34683,svenska,sv
346838,English,en
34689,English,en
3469,English,en
34696,English,en
34697,Deutsch,de
34697,English,en
347,No Language,xx
347026,English,en
34703,Español,es
347031,English,en
347033,English,en
347035,English,en
347064,Deutsch,de
347096,English,en
347097,English,en
347106,svenska,sv
347123,English,en
347126,English,en
347127,English,en
34714,English,en
347184,Français,fr
347184,Italiano,it
347184,English,en
3472,Français,fr
3472,Somali,so
3472,Español,es
3472,English,en
347201,日本語,ja
34723,English,en
34723,Français,fr
34723,Deutsch,de
34723,Pусский,ru
347258,English,en
347264,English,en
34729,English,en
347317,Nederlands,nl
347317,English,en
34732,English,en
347328,עִבְרִית,he
347331,"",mr
34734,English,en
347344,Italiano,it
347344,svenska,sv
347382,Pусский,ru
347413,日本語,ja
34745,English,en
34746,English,en
34748,English,en
347497,English,en
34752,English,en
347528,English,en
347548,English,en
34759,English,en
3476,Français,fr
34760,English,en
347627,English,en
34763,తెలుగు,te
347630,English,en
34764,हिन्दी,hi
34764,Pусский,ru
347642,English,en
347647,English,en
34765,English,en
34766,English,en
347666,Español,es
347669,Español,es
34768,English,en
347688,Český,cs
347688,English,en
347689,English,en
34769,English,en
347697,한국어/조선말,ko
347702,English,en
34772,日本語,ja
34774,English,en
347751,English,en
347752,English,en
347752,Français,fr
347754,English,en
347754,Deutsch,de
347757,English,en
347762,English,en
347763,English,en
347764,English,en
347764,Deutsch,de
347767,Español,es
34777,广州话 / 廣州話,cn
34778,English,en
347786,Pусский,ru
3478,Français,fr
3478,Deutsch,de
3478,Italiano,it
347807,Deutsch,de
347807,हिन्दी,hi
34783,English,en
347847,English,en
347848,English,en
347850,English,en
347855,English,en
34787,English,en
34787,Íslenska,is
34787,日本語,ja
347870,English,en
347881,English,en
347882,English,en
34789,English,en
3479,Français,fr
34792,English,en
347938,English,en
34794,English,en
347944,English,en
347945,English,en
34796,English,en
347968,English,en
347969,English,en
347979,Pусский,ru
348,English,en
348,Español,es
3480,Français,fr
3480,Deutsch,de
34800,广州话 / 廣州話,cn
348025,Français,fr
34803,English,en
348035,English,en
34806,English,en
348060,English,en
348060,Français,fr
348069,English,en
348089,English,en
348089,Italiano,it
34812,English,en
34813,English,en
348138,English,en
3482,Deutsch,de
3482,English,en
348295,普通话,zh
348296,English,en
3483,English,en
3483,Deutsch,de
348315,Nederlands,nl
348320,Nederlands,nl
348320,Deutsch,de
348346,English,en
34835,English,en
34836,English,en
348375,Français,fr
34838,English,en
34838,Français,fr
34838,Deutsch,de
34838,Español,es
348389,English,en
348390,English,en
348391,English,en
3484,English,en
34840,Français,fr
34843,English,en
34847,English,en
348499,English,en
3485,English,en
34851,English,en
34851,Español,es
34851,Pусский,ru
348537,Català,ca
348537,English,en
348537,Français,fr
348537,Galego,gl
348537,Español,es
34856,English,en
34856,普通话,zh
34857,Français,fr
34857,Italiano,it
34857,English,en
3486,English,en
348601,English,en
348611,English,en
34862,English,en
348631,English,en
348634,English,en
34866,English,en
34866,Italiano,it
348668,Dansk,da
34867,English,en
348673,shqip,sq
348673,Dansk,da
348673,English,en
348673,Français,fr
348673,Español,es
348673,svenska,sv
348674,العربية,ar
348674,Dansk,da
348674,English,en
348675,Dansk,da
348677,Français,fr
348677,English,en
348677,Dansk,da
348678,فارسی,fa
348678,Português,pt
348678,svenska,sv
348689,한국어/조선말,ko
34869,Pусский,ru
34870,Dansk,da
34875,English,en
348762,English,en
348762,हिन्दी,hi
348811,English,en
348892,हिन्दी,hi
348892,اردو,ur
348893,English,en
348896,English,en
3489,English,en
348929,English,en
34898,English,en
34899,Tiếng Việt,vi
349,Français,fr
34902,svenska,sv
349028,English,en
349045,Italiano,it
349045,English,en
349048,Español,es
34905,English,en
349086,English,en
349135,English,en
349138,বাংলা,bn
349158,English,en
349158,Français,fr
349176,日本語,ja
34921,English,en
34933,English,en
34935,日本語,ja
34937,English,en
34941,English,en
34942,Polski,pl
34943,English,en
34944,English,en
349441,Français,fr
349441,עִבְרִית,he
34945,English,en
349498,日本語,ja
34977,English,en
349790,English,en
34981,English,en
34989,English,en
34989,Slovenščina,sl
34991,English,en
349948,English,en
34996,English,en
35,English,en
350,English,en
350,Français,fr
35001,English,en
35002,English,en
35005,Español,es
35006,English,en
350060,Íslenska,is
35007,"",yi
35007,English,en
35008,Français,fr
35009,English,en
35010,한국어/조선말,ko
35016,Nederlands,nl
35017,English,en
35017,Italiano,it
35017,Español,es
35019,English,en
35021,Polski,pl
35022,日本語,ja
35023,English,en
35025,Français,fr
35026,Français,fr
35030,English,en
35031,Français,fr
350312,தமிழ்,ta
350312,తెలుగు,te
35032,English,en
35038,普通话,zh
35044,English,en
350499,日本語,ja
350505,English,en
35052,English,en
350548,English,en
350555,suomi,fi
350555,Deutsch,de
35056,עִבְרִית,he
35056,English,en
35057,English,en
35059,English,en
35064,हिन्दी,hi
35066,English,en
35068,English,en
35068,Deutsch,de
35072,Deutsch,de
35072,日本語,ja
35073,English,en
35073,Français,fr
35074,English,en
35075,No Language,xx
35076,English,en
350762,English,en
35077,English,en
35080,English,en
350808,suomi,fi
350831,suomi,fi
350839,shqip,sq
350839,English,en
350845,English,en
350845,ελληνικά,el
350846,Español,es
350849,Español,es
3509,English,en
350904,Italiano,it
350931,English,en
35101,English,en
351037,Italiano,it
351037,Français,fr
351037,Nederlands,nl
351043,English,en
35105,日本語,ja
35106,English,en
351065,English,en
351065,Português,pt
351067,English,en
351072,اردو,ur
35109,English,en
351097,Español,es
3511,English,en
35110,Deutsch,de
35110,Français,fr
35110,日本語,ja
35113,English,en
35114,English,en
35114,No Language,xx
351145,Français,fr
351145,Italiano,it
351145,Español,es
35115,Español,es
35115,English,en
35118,English,en
35118,Deutsch,de
35118,Polski,pl
35119,English,en
351192,English,en
351192,Français,fr
351192,Deutsch,de
3512,English,en
351211,English,en
35122,English,en
35123,English,en
351232,Español,es
35124,Español,es
351242,English,en
35125,Deutsch,de
35128,English,en
35129,English,en
3513,Český,cs
3513,English,en
3513,Français,fr
351339,Český,cs
351339,Deutsch,de
351339,English,en
351365,English,en
35138,普通话,zh
35139,English,en
351423,English,en
35144,English,en
35144,Français,fr
35144,Deutsch,de
351454,Français,fr
351454,Español,es
35148,Français,fr
35148,English,en
35148,Norsk,no
35148,Português,pt
35148,ภาษาไทย,th
35148,普通话,zh
3515,English,en
35151,English,en
35153,English,en
35156,English,en
35161,English,en
35164,Français,fr
35165,English,en
35166,Română,ro
35169,English,en
351694,广州话 / 廣州話,cn
351694,普通话,zh
35170,广州话 / 廣州話,cn
35170,普通话,zh
35172,Français,fr
35176,English,en
35177,English,en
35178,English,en
351809,Español,es
351819,English,en
35185,English,en
351862,English,en
351868,English,en
35188,English,en
35189,English,en
351901,English,en
35196,English,en
35196,Español,es
351964,English,en
35197,English,en
351981,Español,es
35199,English,en
3520,Italiano,it
35200,English,en
35201,Magyar,hu
35201,Český,cs
35201,Deutsch,de
35201,English,en
352025,English,en
352025,Français,fr
35203,English,en
352036,English,en
35206,Français,fr
35207,English,en
352094,Português,pt
352094,Español,es
352128,English,en
352128,Tiếng Việt,vi
35215,English,en
352156,English,en
352157,Français,fr
352161,Deutsch,de
352161,Español,es
352162,Español,es
352164,English,en
352166,English,en
35217,Deutsch,de
352173,हिन्दी,hi
352179,English,en
352179,Français,fr
352179,Deutsch,de
352186,English,en
35219,English,en
352197,English,en
352199,Italiano,it
352200,English,en
352200,עִבְרִית,he
352202,普通话,zh
352205,English,en
352205,हिन्दी,hi
352208,English,en
352209,English,en
35221,English,en
35227,No Language,xx
352327,English,en
35233,English,en
352334,English,en
352342,Français,fr
352342,Deutsch,de
352372,English,en
35241,English,en
352490,"",gd
352490,English,en
352492,English,en
352494,Pусский,ru
352494,English,en
352498,Español,es
352498,English,en
3525,Deutsch,de
3525,English,en
352501,English,en
35253,English,en
352539,English,en
352552,English,en
35257,English,en
352582,English,en
3526,English,en
35262,English,en
35263,Deutsch,de
35265,Italiano,it
352694,日本語,ja
352695,English,en
3527,English,en
352720,Pусский,ru
352720,Deutsch,de
352733,English,en
35280,English,en
352812,English,en
352812,No Language,xx
35284,English,en
35284,Français,fr
35284,Deutsch,de
35284,Italiano,it
352845,English,en
352845,Italiano,it
352851,English,en
352885,English,en
352890,Deutsch,de
352890,English,en
3529,English,en
352917,Magyar,hu
35292,English,en
352960,English,en
35297,Dansk,da
35297,svenska,sv
35297,English,en
352978,English,en
353069,English,en
353070,English,en
353117,English,en
353125,English,en
353148,suomi,fi
353148,ภาษาไทย,th
353148,English,en
35320,English,en
353257,English,en
35327,svenska,sv
353285,svenska,sv
353311,English,en
353326,"",sa
353326,English,en
353326,தமிழ்,ta
353345,English,en
353345,Português,pt
35336,English,en
35336,svenska,sv
35337,English,en
35337,Français,fr
353378,English,en
353406,English,en
35343,svenska,sv
353433,English,en
353446,English,en
353462,English,en
353464,English,en
353464,हिन्दी,hi
353491,English,en
353500,English,en
353533,తెలుగు,te
353569,English,en
353569,Pусский,ru
353571,English,en
353595,English,en
3536,English,en
3536,Français,fr
3536,Deutsch,de
3536,Pусский,ru
353609,English,en
353610,English,en
353616,English,en
353641,suomi,fi
353652,English,en
353653,English,en
353686,Español,es
353686,English,en
3537,Pусский,ru
3537,English,en
3537,Español,es
3537,Français,fr
35371,English,en
353713,Español,es
353725,Français,fr
353728,English,en
353732,English,en
353732,Français,fr
353732,"",lo
353732,ภาษาไทย,th
35379,English,en
35381,English,en
353813,हिन्दी,hi
35384,English,en
353866,Deutsch,de
353879,हिन्दी,hi
353898,हिन्दी,hi
3539,Türkçe,tr
3539,Deutsch,de
35392,English,en
35395,English,en
35395,Español,es
35396,ελληνικά,el
353979,English,en
353989,Español,es
35401,English,en
35402,Pусский,ru
35402,English,en
35404,English,en
35405,English,en
354072,普通话,zh
3541,Italiano,it
354100,English,en
354105,Français,fr
35411,Español,es
354110,English,en
35412,English,en
354128,普通话,zh
354150,English,en
35418,English,en
3542,Français,fr
354216,English,en
354220,English,en
354251,English,en
354251,Deutsch,de
354275,한국어/조선말,ko
35428,Pусский,ru
354282,English,en
354285,English,en
354287,پښتو,ps
354287,English,en
35429,English,en
354296,Pусский,ru
3543,Deutsch,de
3543,English,en
35435,日本語,ja
35436,Français,fr
354379,English,en
354379,हिन्दी,hi
354388,Français,fr
354421,svenska,sv
354421,English,en
35451,日本語,ja
35453,English,en
354534,English,en
354544,English,en
354556,Pусский,ru
35458,English,en
35463,English,en
35464,Français,fr
35464,Italiano,it
354667,?????,kn
3547,English,en
354776,English,en
354818,English,en
354832,English,en
354857,English,en
354859,"",hy
354859,Deutsch,de
354859,English,en
354859,Français,fr
3549,Dansk,da
3549,English,en
3549,हिन्दी,hi
3549,svenska,sv
354924,English,en
354979,English,en
355008,English,en
355020,English,en
355020,Pусский,ru
355020,Український,uk
355065,English,en
355065,Deutsch,de
355065,Español,es
355065,"",yi
355066,Polski,pl
355066,Türkçe,tr
355111,Nederlands,nl
355111,Český,cs
355111,English,en
355135,日本語,ja
355177,English,en
355178,English,en
355193,English,en
355230,العربية,ar
355230,English,en
355230,हिन्दी,hi
355230,Español,es
355254,English,en
355264,English,en
355277,English,en
355277,普通话,zh
355277,Español,es
355335,English,en
355338,English,en
355389,"",cr
355389,తెలుగు,te
355389,普通话,zh
355389,ελληνικά,el
355389,English,en
3554,English,en
35543,English,en
355436,suomi,fi
35545,English,en
355506,English,en
355515,English,en
35552,Français,fr
35554,Italiano,it
35555,English,en
35558,English,en
355594,Español,es
355598,English,en
3556,English,en
355600,English,en
355600,עִבְרִית,he
355600,हिन्दी,hi
355600,اردو,ur
35561,English,en
35564,Português,pt
35564,English,en
35568,English,en
35569,English,en
35572,"",mr
355730,English,en
355786,?????,kn
3558,English,en
35580,English,en
35583,English,en
35583,Deutsch,de
35588,English,en
35588,Français,fr
355890,English,en
355925,English,en
355930,עִבְרִית,he
355930,"",yi
355984,English,en
355998,English,en
355998,日本語,ja
355998,한국어/조선말,ko
355998,Bahasa melayu,ms
355998,普通话,zh
355998,ภาษาไทย,th
356090,English,en
356090,suomi,fi
356090,Français,fr
35610,Deutsch,de
35610,English,en
35611,Italiano,it
35612,English,en
35614,English,en
356149,English,en
356156,日本語,ja
356161,Français,fr
356167,English,en
356189,English,en
35619,Bosanski,bs
35619,English,en
35619,Deutsch,de
35619,Srpski,sr
356191,Deutsch,de
356191,English,en
356191,Polski,pl
356191,"",yi
356200,Deutsch,de
356201,한국어/조선말,ko
356216,English,en
356218,svenska,sv
35623,עִבְרִית,he
35626,English,en
356294,English,en
356296,Italiano,it
356298,English,en
3563,English,en
356300,English,en
356305,English,en
35632,English,en
356324,English,en
356325,English,en
356326,Dansk,da
356332,English,en
356334,English,en
35634,Italiano,it
356366,English,en
356366,Deutsch,de
35637,العربية,ar
35637,Français,fr
35637,Italiano,it
35638,English,en
356381,العربية,ar
356381,Français,fr
35639,Nederlands,nl
356401,English,en
356401,עִבְרִית,he
35645,English,en
35646,svenska,sv
356483,English,en
3565,English,en
35650,English,en
35650,Français,fr
35650,Norsk,no
356500,English,en
35651,Français,fr
35652,Português,pt
35656,English,en
35659,English,en
356626,العربية,ar
356626,Nederlands,nl
356626,Français,fr
356626,"",ln
35663,English,en
35668,English,en
35669,English,en
35671,English,en
356752,English,en
356757,Italiano,it
356758,Italiano,it
35680,English,en
35683,English,en
356842,English,en
356846,Nederlands,nl
356846,English,en
35685,English,en
35687,English,en
35687,हिन्दी,hi
35688,English,en
35689,English,en
356895,English,en
356898,广州话 / 廣州話,cn
35690,English,en
356901,English,en
356905,English,en
35691,English,en
35692,English,en
35694,English,en
35696,English,en
35698,English,en
35701,English,en
35703,English,en
35703,Deutsch,de
357096,English,en
357106,English,en
35712,Français,fr
357130,English,en
357155,Español,es
35716,English,en
35716,Español,es
35717,Français,fr
35718,Italiano,it
35724,English,en
3573,English,en
35730,English,en
35731,English,en
35733,English,en
35735,suomi,fi
357390,日本語,ja
3574,English,en
357424,English,en
357441,اردو,ur
35749,English,en
3575,English,en
35752,日本語,ja
357529,English,en
357530,English,en
357540,ภาษาไทย,th
35759,English,en
3576,English,en
35760,English,en
35760,Magyar,hu
35760,Pусский,ru
357600,English,en
357681,English,en
3577,Deutsch,de
357706,हिन्दी,hi
357706,தமிழ்,ta
357784,Eesti,et
357786,日本語,ja
357799,English,en
3578,Deutsch,de
35780,English,en
357837,English,en
357851,English,en
35790,বাংলা,bn
35790,English,en
35791,English,en
35791,Español,es
35791,日本語,ja
35793,English,en
357935,English,en
357940,普通话,zh
357959,"",hy
35796,English,en
35797,English,en
35797,Français,fr
3580,English,en
35801,English,en
35806,English,en
358083,Bosanski,bs
358083,български език,bg
358083,Nederlands,nl
358083,Français,fr
358083,"",sh
358083,svenska,sv
3581,English,en
35810,English,en
35813,Deutsch,de
35818,Français,fr
3582,English,en
3582,Español,es
358238,English,en
35824,English,en
358243,فارسی,fa
35826,English,en
35831,Français,fr
358332,English,en
358353,English,en
35837,Español,es
35838,Español,es
358403,English,en
358403,Français,fr
35841,English,en
358430,Français,fr
35847,Français,fr
35848,Český,cs
35848,Magyar,hu
35849,English,en
358505,Español,es
35851,English,en
358511,English,en
358511,Polski,pl
35852,English,en
358532,English,en
35854,普通话,zh
35856,עִבְרִית,he
35856,日本語,ja
3586,Français,fr
3586,Italiano,it
3586,Pусский,ru
3586,Español,es
3586,English,en
35861,日本語,ja
358615,English,en
358644,English,en
35867,বাংলা,bn
35868,Tiếng Việt,vi
35868,English,en
358694,Nederlands,nl
358694,English,en
3587,English,en
358725,Français,fr
358807,English,en
358808,普通话,zh
358859,Pусский,ru
35888,English,en
35888,Français,fr
358881,Français,fr
358893,हिन्दी,hi
358895,English,en
3589,Italiano,it
3589,English,en
358907,English,en
358907,svenska,sv
358908,"",bo
35891,English,en
358912,English,en
358924,English,en
358926,English,en
358926,Français,fr
35895,English,en
35896,English,en
358962,Pусский,ru
358982,English,en
359010,English,en
359025,English,en
359025,Deutsch,de
359025,Español,es
359029,English,en
35907,हिन्दी,hi
359070,English,en
35908,English,en
359093,English,en
3591,English,en
359105,Español,es
359105,"",tl
359105,English,en
359108,Español,es
35911,English,en
359151,"",bi
359154,Català,ca
359154,Español,es
359156,Italiano,it
35917,English,en
35919,English,en
359195,English,en
3592,English,en
359204,العربية,ar
359204,English,en
359204,Français,fr
35921,English,en
359244,English,en
359245,English,en
359246,English,en
359255,English,en
35926,English,en
35927,English,en
35927,Français,fr
3593,English,en
359305,English,en
359325,suomi,fi
35935,English,en
35935,Français,fr
35936,English,en
35936,isiZulu,zu
359364,Pусский,ru
359364,ελληνικά,el
359364,English,en
359364,Español,es
359364,Français,fr
359364,Italiano,it
359364,Português,pt
359364,العربية,ar
359364,עִבְרִית,he
359373,ελληνικά,el
35939,English,en
3594,English,en
359412,English,en
359413,Français,fr
35944,English,en
359440,English,en
35945,Deutsch,de
35945,Magyar,hu
35945,English,en
359459,English,en
35946,English,en
359460,한국어/조선말,ko
359471,English,en
359483,Deutsch,de
3595,English,en
35951,English,en
35953,English,en
35954,English,en
35954,Français,fr
35954,Español,es
35955,English,en
35956,English,en
35957,English,en
35958,English,en
3596,English,en
35964,Türkçe,tr
359641,Español,es
35967,Português,pt
3597,English,en
359736,"",qu
359736,Español,es
359746,English,en
359746,한국어/조선말,ko
359746,Español,es
359749,English,en
35976,English,en
35977,English,en
35977,Deutsch,de
359784,English,en
359784,Français,fr
359790,English,en
3598,English,en
3598,普通话,zh
3598,Español,es
359805,Français,fr
359807,Português,pt
35986,English,en
35987,English,en
35987,Français,fr
35987,Deutsch,de
35987,Magyar,hu
359870,English,en
359871,English,en
35992,English,en
359983,English,en
3600,English,en
360007,English,en
360022,English,en
360029,English,en
360029,Bahasa indonesia,id
360029,한국어/조선말,ko
360030,English,en
360055,English,en
36006,English,en
3602,English,en
360203,English,en
360249,Deutsch,de
360249,Norsk,no
360283,English,en
360284,English,en
360292,English,en
3603,English,en
3603,Français,fr
3603,Italiano,it
360321,English,en
360339,English,en
360341,English,en
360365,Español,es
360387,English,en
360389,English,en
3604,English,en
36040,English,en
360404,English,en
360408,English,en
36041,English,en
36046,English,en
36047,English,en
36047,Français,fr
36048,English,en
36049,English,en
36054,English,en
36055,English,en
360551,한국어/조선말,ko
360592,English,en
360604,English,en
360605,English,en
360606,English,en
360612,Português,pt
360627,English,en
360638,Français,fr
36068,Français,fr
36072,日本語,ja
36073,日本語,ja
360737,Deutsch,de
36075,日本語,ja
360784,English,en
36079,Pусский,ru
360799,English,en
360799,Italiano,it
360809,euskera,eu
360814,हिन्दी,hi
36089,English,en
36090,日本語,ja
36091,日本語,ja
36092,日本語,ja
360924,English,en
36093,Português,pt
36094,English,en
36095,日本語,ja
36096,English,en
360998,Pусский,ru
361018,English,en
36102,Italiano,it
361042,English,en
36105,Français,fr
361050,English,en
36106,English,en
361069,العربية,ar
361069,עִבְרִית,he
36107,No Language,xx
36108,Dansk,da
36108,English,en
36108,suomi,fi
36108,Français,fr
36108,עִבְרִית,he
36108,Italiano,it
36108,日本語,ja
36108,Português,pt
36108,Pусский,ru
36108,Español,es
36108,"",yi
36108,普通话,zh
36109,English,en
36113,普通话,zh
361131,हिन्दी,hi
361138,suomi,fi
361146,Português,pt
36115,English,en
36115,Français,fr
36115,Español,es
361159,English,en
36117,Deutsch,de
361183,Nederlands,nl
36119,日本語,ja
36120,English,en
361205,English,en
361205,پښتو,ps
36123,English,en
36124,English,en
361249,हिन्दी,hi
361251,Español,es
361261,English,en
361263,English,en
36129,Pусский,ru
36130,English,en
36130,Deutsch,de
36132,Dansk,da
36132,svenska,sv
36133,English,en
36133,Français,fr
361340,English,en
36136,English,en
36137,Deutsch,de
36138,Français,fr
361380,English,en
36139,English,en
36140,Français,fr
36141,English,en
36142,Polski,pl
36143,Français,fr
361475,English,en
361475,Français,fr
36153,English,en
361571,Français,fr
361597,Polski,pl
36161,Pусский,ru
361617,English,en
36162,Pусский,ru
36163,Pусский,ru
36164,한국어/조선말,ko
361671,English,en
361705,Español,es
36172,日本語,ja
361733,Hrvatski,hr
361745,English,en
36175,日本語,ja
361750,English,en
361751,English,en
361758,日本語,ja
361777,English,en
361777,Français,fr
361777,Español,es
36179,Deutsch,de
36179,Français,fr
361841,svenska,sv
36185,日本語,ja
361854,Deutsch,de
361866,हिन्दी,hi
361931,Español,es
361931,English,en
361931,Português,pt
36194,English,en
36196,English,en
361980,suomi,fi
362026,English,en
36204,हिन्दी,hi
362045,Deutsch,de
362045,हिन्दी,hi
362046,English,en
362057,English,en
362058,Pусский,ru
36206,English,en
36206,普通话,zh
36206,Español,es
362077,English,en
36208,No Language,xx
362092,हिन्दी,hi
36210,普通话,zh
362108,English,en
36211,Español,es
36212,日本語,ja
362136,हिन्दी,hi
36214,日本語,ja
362141,Türkçe,tr
36215,日本語,ja
362150,தமிழ்,ta
362151,suomi,fi
362154,普通话,zh
362178,普通话,zh
36218,English,en
36218,Deutsch,de
36218,日本語,ja
362180,English,en
362185,English,en
36220,English,en
362202,English,en
36221,English,en
36221,Français,fr
36221,日本語,ja
36222,广州话 / 廣州話,cn
36222,日本語,ja
362226,English,en
362227,English,en
36223,日本語,ja
36224,English,en
362243,Český,cs
36226,Deutsch,de
362268,English,en
36229,Deutsch,de
362293,日本語,ja
36233,English,en
36234,English,en
362343,English,en
362343,Deutsch,de
36236,Italiano,it
362363,English,en
362373,English,en
362409,English,en
36241,"",gn
36241,Español,es
36242,日本語,ja
36243,日本語,ja
362430,English,en
362439,English,en
36244,日本語,ja
36244,普通话,zh
36245,Français,fr
36246,日本語,ja
36247,日本語,ja
362478,Español,es
362478,English,en
36249,English,en
36251,English,en
36251,Français,fr
36253,普通话,zh
362541,English,en
36257,English,en
36257,Deutsch,de
36257,Português,pt
362579,Español,es
36258,English,en
362583,English,en
362584,日本語,ja
362585,日本語,ja
36259,English,en
36261,普通话,zh
362610,English,en
362610,Español,es
362617,Español,es
36264,Polski,pl
36265,Español,es
36266,Tiếng Việt,vi
362682,普通话,zh
36269,English,en
362699,English,en
362703,"",cr
362703,English,en
362703,Español,es
36272,English,en
36273,English,en
36273,日本語,ja
36273,普通话,zh
36273,Português,pt
36273,Pусский,ru
362736,English,en
36274,日本語,ja
36275,English,en
36275,Português,pt
362765,English,en
36278,English,en
36281,日本語,ja
362812,हिन्दी,hi
36282,日本語,ja
36283,English,en
36283,Deutsch,de
36283,Italiano,it
362844,English,en
362876,Português,pt
36288,English,en
362884,English,en
362886,Français,fr
36290,English,en
36292,Deutsch,de
36293,English,en
36294,Český,cs
36294,English,en
36296,Français,fr
362974,한국어/조선말,ko
36298,Italiano,it
362988,English,en
36299,English,en
363,English,en
363,Deutsch,de
363,Türkçe,tr
363007,Français,fr
36301,Dansk,da
36301,English,en
36301,Deutsch,de
363056,English,en
363093,日本語,ja
363093,한국어/조선말,ko
363103,Português,pt
363105,हिन्दी,hi
363126,English,en
363126,Deutsch,de
363126,Magyar,hu
363126,Pусский,ru
363157,svenska,sv
363178,தமிழ்,ta
363185,हिन्दी,hi
3632,English,en
36323,Dansk,da
36324,Français,fr
36325,English,en
36325,Español,es
363264,English,en
36328,English,en
36329,한국어/조선말,ko
36331,English,en
36334,English,en
36334,Deutsch,de
36335,English,en
363354,日本語,ja
36337,English,en
36339,English,en
36342,English,en
36344,English,en
363476,Français,fr
363478,English,en
363479,English,en
363480,English,en
363482,English,en
363482,Español,es
363483,English,en
363483,Français,fr
363486,Français,fr
36349,English,en
3635,English,en
36351,English,en
36353,Nederlands,nl
36353,English,en
36353,日本語,ja
36355,English,en
36357,English,en
363579,English,en
363579,日本語,ja
363579,한국어/조선말,ko
363607,svenska,sv
36361,English,en
36361,Español,es
363611,日本語,ja
363618,English,en
36362,English,en
363676,English,en
363683,English,en
363689,English,en
363690,English,en
36372,English,en
36373,English,en
36375,English,en
363757,Italiano,it
36377,Polski,pl
363790,한국어/조선말,ko
3638,English,en
36380,Polski,pl
363805,English,en
363807,English,en
363810,English,en
363841,euskera,eu
363841,English,en
363841,Deutsch,de
363844,English,en
363846,Pусский,ru
363889,English,en
363890,English,en
36391,Polski,pl
36392,Polski,pl
363925,Português,pt
363969,Polski,pl
363992,English,en
364,English,en
3640,Deutsch,de
3640,Italiano,it
36401,Polski,pl
36402,Polski,pl
36404,Polski,pl
36405,Polski,pl
364051,Français,fr
364051,Polski,pl
364051,Pусский,ru
364060,English,en
364067,English,en
36407,Polski,pl
364088,English,en
364089,English,en
364111,日本語,ja
364116,English,en
364137,العربية,ar
364137,Français,fr
364137,Deutsch,de
36415,Polski,pl
364153,English,en
36416,Polski,pl
36419,English,en
36421,English,en
36421,Deutsch,de
36427,English,en
36430,English,en
36432,English,en
364324,普通话,zh
36434,English,en
364379,English,en
364387,suomi,fi
364387,Deutsch,de
36439,suomi,fi
364410,English,en
364426,English,en
364426,Deutsch,de
364426,Italiano,it
364426,日本語,ja
364427,Pусский,ru
36443,English,en
364433,Italiano,it
36446,English,en
36446,Deutsch,de
36447,English,en
364540,English,en
36457,Français,fr
36457,Italiano,it
36457,Latin,la
36460,English,en
364615,Español,es
36463,English,en
36464,English,en
36465,English,en
36465,Français,fr
364690,English,en
364810,Tiếng Việt,vi
364830,English,en
364831,English,en
364833,Eesti,et
364833,Pусский,ru
36484,English,en
36488,English,en
36489,English,en
364902,English,en
36491,English,en
36492,English,en
36495,English,en
36495,Pусский,ru
36498,English,en
36499,English,en
365002,"",gn
365002,Español,es
365037,English,en
36505,Español,es
365065,English,en
36511,English,en
36513,English,en
36514,Italiano,it
36514,广州话 / 廣州話,cn
36514,English,en
365187,తెలుగు,te
365188,suomi,fi
36519,English,en
36520,English,en
36522,English,en
365222,广州话 / 廣州話,cn
365222,English,en
365222,普通话,zh
365222,ภาษาไทย,th
36523,English,en
365267,Polski,pl
365267,svenska,sv
36527,English,en
36529,English,en
36530,English,en
365323,ελληνικά,el
365339,English,en
365340,Deutsch,de
365340,Pусский,ru
36536,Português,pt
36536,English,en
365375,English,en
36540,Polski,pl
36542,English,en
365432,Français,fr
365432,English,en
365447,English,en
365451,English,en
36549,English,en
365491,English,en
36550,English,en
36554,English,en
36554,Deutsch,de
36555,English,en
36557,English,en
36557,Français,fr
36561,English,en
36561,Français,fr
36561,Norsk,no
36566,English,en
36568,English,en
36568,Español,es
36569,English,en
36569,Português,pt
365709,Español,es
36571,English,en
36571,Français,fr
36571,Deutsch,de
36572,English,en
36573,Hrvatski,hr
36573,English,en
36573,Deutsch,de
36575,English,en
365753,English,en
36576,English,en
36577,日本語,ja
365805,English,en
36583,English,en
36583,Deutsch,de
36586,Český,cs
36586,Română,ro
36586,English,en
36588,English,en
36593,English,en
365942,English,en
36597,English,en
36599,English,en
365997,English,en
36600,English,en
366005,English,en
366018,English,en
366044,Deutsch,de
366045,English,en
36606,English,en
36607,English,en
366071,English,en
366080,हिन्दी,hi
366080,தமிழ்,ta
366080,తెలుగు,te
36610,Español,es
366104,Français,fr
36612,English,en
366120,हिन्दी,hi
36613,日本語,ja
36614,English,en
366143,English,en
36615,普通话,zh
36616,English,en
366170,日本語,ja
36620,Polski,pl
366249,suomi,fi
36626,Deutsch,de
36626,Polski,pl
36627,Polski,pl
36628,English,en
36629,English,en
36630,English,en
36631,English,en
366324,English,en
36634,English,en
36635,English,en
36643,English,en
36643,Pусский,ru
36645,العربية,ar
36645,Nederlands,nl
36645,English,en
36645,Français,fr
36645,Deutsch,de
36645,Italiano,it
36647,Pусский,ru
36647,English,en
36648,Esperanto,eo
36648,English,en
366499,Español,es
366502,Español,es
366505,Español,es
366514,Français,fr
36652,English,en
366548,Français,fr
366551,English,en
366564,Français,fr
366566,Français,fr
36657,English,en
36658,English,en
36658,Deutsch,de
36658,Italiano,it
36662,Română,ro
366630,English,en
366631,English,en
36665,English,en
36665,Français,fr
36665,Kiswahili,sw
366656,English,en
366656,Français,fr
366656,普通话,zh
366656,Pусский,ru
36668,English,en
36669,English,en
36669,한국어/조선말,ko
36669,广州话 / 廣州話,cn
36669,Deutsch,de
36669,Español,es
36669,Íslenska,is
36669,Italiano,it
366692,English,en
366696,English,en
36670,English,en
36670,Français,fr
36670,العربية,ar
36670,Español,es
36671,English,en
36672,Deutsch,de
366736,shqip,sq
366736,Srpski,sr
36674,svenska,sv
366742,Português,pt
36676,English,en
36677,English,en
36678,English,en
36679,日本語,ja
36680,English,en
36681,한국어/조선말,ko
36683,日本語,ja
36685,English,en
36686,English,en
366860,Español,es
366864,suomi,fi
366864,日本語,ja
366864,English,en
366885,Nederlands,nl
366887,Nederlands,nl
366901,English,en
36691,English,en
36692,English,en
366924,English,en
36693,English,en
36695,Pусский,ru
36696,Pусский,ru
36698,Pусский,ru
366985,English,en
36699,Pусский,ru
367006,English,en
36703,English,en
36704,English,en
36706,English,en
36709,English,en
367108,Français,fr
36712,Nederlands,nl
367147,English,en
36718,Français,fr
367197,English,en
367206,普通话,zh
367215,English,en
36724,English,en
367275,suomi,fi
36730,English,en
36730,Deutsch,de
36730,Italiano,it
36730,Latin,la
36731,English,en
367326,Český,cs
367326,English,en
36736,English,en
36737,English,en
36738,English,en
36739,English,en
36741,English,en
367412,English,en
36746,English,en
36748,English,en
367492,Türkçe,tr
367493,English,en
36751,English,en
367513,English,en
367524,English,en
367536,English,en
367536,Français,fr
367538,English,en
367544,English,en
367551,English,en
36758,Italiano,it
36758,English,en
36759,English,en
36760,Español,es
36760,English,en
367613,Español,es
36762,English,en
36763,English,en
36763,Français,fr
36764,suomi,fi
36765,suomi,fi
36766,suomi,fi
36767,suomi,fi
36768,suomi,fi
36769,suomi,fi
36769,Español,es
36771,suomi,fi
36772,suomi,fi
36773,English,en
367732,English,en
367735,English,en
36775,English,en
36775,Deutsch,de
36775,Español,es
36779,English,en
367816,English,en
36784,Nederlands,nl
36785,Español,es
36786,English,en
367882,한국어/조선말,ko
36789,English,en
36791,English,en
36791,Deutsch,de
36791,فارسی,fa
36796,English,en
367966,English,en
36797,English,en
36799,English,en
367999,Italiano,it
36800,English,en
368006,தமிழ்,ta
36801,English,en
368031,English,en
368051,English,en
36807,English,en
36808,English,en
3681,English,en
36811,English,en
36814,English,en
36815,English,en
36815,Latin,la
36818,English,en
36819,English,en
3682,English,en
36820,English,en
368239,English,en
368256,English,en
36826,English,en
3683,English,en
36832,English,en
36833,English,en
368330,हिन्दी,hi
368330,"",mr
36834,English,en
368342,Deutsch,de
36835,Español,es
36836,日本語,ja
36841,English,en
36843,English,en
36850,English,en
36851,العربية,ar
36851,English,en
36855,English,en
36859,English,en
368596,English,en
3686,Deutsch,de
36861,English,en
36865,日本語,ja
36867,日本語,ja
36868,English,en
3687,English,en
36871,日本語,ja
36872,日本語,ja
36877,Français,fr
36878,Français,fr
36879,Italiano,it
36880,Français,fr
36880,Deutsch,de
36883,English,en
36885,Deutsch,de
36886,Deutsch,de
36887,Deutsch,de
36888,Deutsch,de
368940,English,en
368940,Français,fr
368940,Deutsch,de
368940,ภาษาไทย,th
368942,English,en
36895,日本語,ja
36896,English,en
36897,English,en
36897,Deutsch,de
36897,日本語,ja
36897,Português,pt
368993,English,en
368999,English,en
369019,English,en
369032,English,en
369033,English,en
369052,Français,fr
369054,English,en
369057,Français,fr
369058,English,en
36907,English,en
36909,English,en
36912,English,en
36912,Français,fr
36914,English,en
36915,English,en
36916,日本語,ja
369165,English,en
369168,English,en
36917,日本語,ja
36918,Český,cs
36919,Český,cs
3692,Italiano,it
369202,English,en
369202,suomi,fi
36922,Deutsch,de
369228,Italiano,it
369230,Italiano,it
369237,English,en
369245,Italiano,it
36926,English,en
36929,English,en
369299,Español,es
36931,广州话 / 廣州話,cn
369364,English,en
369364,ਪੰਜਾਬੀ,pa
369373,English,en
36939,English,en
36940,Italiano,it
369406,English,en
36943,English,en
36944,English,en
369443,한국어/조선말,ko
36947,English,en
36949,English,en
36950,English,en
36952,English,en
369524,English,en
36955,English,en
36955,Français,fr
36955,العربية,ar
36955,Deutsch,de
369557,English,en
36956,Français,fr
36956,Italiano,it
369567,Español,es
369594,English,en
369594,Français,fr
36960,English,en
36960,Polski,pl
36962,English,en
369665,English,en
36968,English,en
369697,עִבְרִית,he
369697,English,en
369698,Norsk,no
369698,Pусский,ru
36970,Français,fr
36971,Español,es
36972,English,en
369769,한국어/조선말,ko
369776,Français,fr
369778,Français,fr
3698,Italiano,it
369820,English,en
36983,English,en
369834,தமிழ்,ta
36984,English,en
369875,English,en
369883,Português,pt
369883,English,en
369883,Magyar,hu
369885,العربية,ar
369885,English,en
369885,Français,fr
369885,Deutsch,de
369894,English,en
3699,Deutsch,de
3699,Italiano,it
36992,Deutsch,de
36992,日本語,ja
36996,English,en
36998,Français,fr
37000,Français,fr
370014,English,en
37003,English,en
37005,English,en
37005,Deutsch,de
37005,Español,es
37006,Español,es
3701,Italiano,it
37015,Italiano,it
37015,English,en
370178,English,en
37019,English,en
37020,Français,fr
37020,English,en
370203,English,en
37021,日本語,ja
370213,English,en
370213,فارسی,fa
37022,Français,fr
37022,English,en
370234,English,en
37024,日本語,ja
37025,English,en
37025,Español,es
370260,English,en
370264,Magyar,hu
370264,Polski,pl
370264,Pусский,ru
37028,English,en
37030,Deutsch,de
37030,普通话,zh
37032,普通话,zh
37034,普通话,zh
37036,Deutsch,de
37036,English,en
37037,English,en
37038,English,en
370382,ελληνικά,el
37039,English,en
37041,English,en
37042,English,en
37044,English,en
370464,English,en
37047,日本語,ja
37048,日本語,ja
37050,Português,pt
37053,日本語,ja
370545,Pусский,ru
37055,English,en
37056,English,en
37056,Italiano,it
37056,Español,es
37058,English,en
37059,Český,cs
37059,English,en
37059,Deutsch,de
37060,Deutsch,de
37062,English,en
37066,English,en
370664,English,en
370665,हिन्दी,hi
370687,English,en
370722,English,en
370755,English,en
370765,English,en
37079,English,en
37080,English,en
37083,English,en
370835,English,en
37084,English,en
37086,English,en
37086,Italiano,it
37087,English,en
370870,हिन्दी,hi
37088,English,en
370902,Pусский,ru
37091,English,en
37094,English,en
37094,Español,es
37094,한국어/조선말,ko
370964,Pусский,ru
370978,Español,es
37098,English,en
37100,日本語,ja
371003,English,en
371007,English,en
37103,English,en
37103,日本語,ja
37108,English,en
371084,English,en
37112,English,en
371153,Türkçe,tr
371181,English,en
37123,English,en
37124,English,en
37126,English,en
37128,Pусский,ru
37129,Pусский,ru
37133,Pусский,ru
371347,English,en
37135,English,en
37136,English,en
37137,English,en
37141,English,en
37144,English,en
371442,English,en
371445,English,en
371446,English,en
371447,English,en
371449,English,en
371451,广州话 / 廣州話,cn
371451,普通话,zh
371459,Srpski,sr
37146,English,en
371462,English,en
371463,العربية,ar
371464,Deutsch,de
371465,Español,es
371492,Français,fr
371504,English,en
371507,Pусский,ru
371560,English,en
371560,Português,pt
3716,Română,ro
3716,Deutsch,de
3716,Türkçe,tr
3716,български език,bg
3716,"",sh
371645,English,en
371647,"",mi
37165,English,en
37168,Français,fr
37169,English,en
37169,Deutsch,de
37169,日本語,ja
371695,English,en
37172,తెలుగు,te
371738,English,en
37174,Pусский,ru
371741,English,en
371743,English,en
37175,Pусский,ru
371758,English,en
371758,Français,fr
371758,Magyar,hu
371759,English,en
37176,Pусский,ru
37177,Pусский,ru
37178,English,en
37178,Español,es
37181,Deutsch,de
37181,فارسی,fa
371818,Deutsch,de
371818,ελληνικά,el
371818,Español,es
37183,English,en
371833,English,en
37185,广州话 / 廣州話,cn
37185,English,en
37185,普通话,zh
371859,Français,fr
371865,Français,fr
37189,Français,fr
371899,Pусский,ru
37190,English,en
37191,English,en
37193,English,en
371942,Italiano,it
37196,Português,pt
37198,English,en
37202,English,en
37204,English,en
372058,日本語,ja
37206,English,en
37209,English,en
37211,English,en
37213,日本語,ja
37214,English,en
37214,日本語,ja
37214,Italiano,it
37214,Deutsch,de
37215,English,en
37216,English,en
372174,English,en
37218,English,en
37222,English,en
372226,தமிழ்,ta
372226,తెలుగు,te
37223,Deutsch,de
37223,日本語,ja
37227,English,en
37228,English,en
372297,हिन्दी,hi
372297,"",ml
37230,English,en
372315,English,en
37232,"",dz
37233,English,en
37234,English,en
372355,Français,fr
372355,"",ne
37237,English,en
37238,English,en
37238,Español,es
37239,日本語,ja
372411,English,en
37244,English,en
37247,English,en
372490,English,en
372490,Français,fr
37254,English,en
37257,Deutsch,de
37257,English,en
37258,English,en
37259,English,en
372631,English,en
37264,English,en
372640,Français,fr
37265,Italiano,it
37266,English,en
37269,English,en
372691,English,en
37270,English,en
37272,English,en
372754,日本語,ja
372821,日本語,ja
37284,한국어/조선말,ko
37288,한국어/조선말,ko
37291,English,en
37292,English,en
37294,Français,fr
372946,日本語,ja
37296,English,en
372981,English,en
372985,Français,fr
37300,English,en
37301,English,en
37302,English,en
37305,English,en
37306,English,en
37307,English,en
373072,English,en
37308,English,en
37308,Français,fr
37309,English,en
37311,English,en
37315,English,en
37316,Italiano,it
37317,English,en
37317,Español,es
373200,普通话,zh
373200,ภาษาไทย,th
373247,English,en
37327,English,en
37329,English,en
373314,English,en
373314,Italiano,it
373348,English,en
373349,English,en
37335,Français,fr
373355,English,en
373355,日本語,ja
373355,한국어/조선말,ko
37339,English,en
373397,Português,pt
37340,English,en
37342,English,en
37342,Français,fr
37343,English,en
373441,English,en
373442,Español,es
37345,English,en
373451,English,en
373453,English,en
37347,English,en
37347,Español,es
373471,English,en
373472,English,en
373473,English,en
373476,English,en
373479,English,en
37348,English,en
373480,English,en
373481,English,en
37351,Français,fr
37352,English,en
37354,English,en
373541,English,en
373546,English,en
373569,English,en
373569,Português,pt
373569,Español,es
37360,English,en
37368,English,en
37373,English,en
373745,English,en
373757,English,en
37376,English,en
37380,English,en
373838,Pусский,ru
373841,English,en
373878,Português,pt
373878,Español,es
373889,Deutsch,de
373922,广州话 / 廣州話,cn
373922,普通话,zh
373976,English,en
374003,Nederlands,nl
374003,English,en
374003,Italiano,it
374003,Español,es
374021,ελληνικά,el
37404,English,en
37405,Deutsch,de
374052,English,en
37406,English,en
37408,English,en
37410,English,en
37412,English,en
37413,English,en
37414,English,en
374142,suomi,fi
374142,English,en
374173,हिन्दी,hi
374174,English,en
37419,Türkçe,tr
37420,English,en
37420,Français,fr
37420,Deutsch,de
37420,Español,es
374205,日本語,ja
374247,Deutsch,de
374251,English,en
37426,English,en
37429,Türkçe,tr
37430,English,en
37431,English,en
37431,日本語,ja
37432,English,en
37433,日本語,ja
37434,English,en
37437,English,en
37438,हिन्दी,hi
37440,English,en
374416,Italiano,it
374430,English,en
374440,English,en
374440,한국어/조선말,ko
374440,Español,es
37445,English,en
374452,Română,ro
374458,Română,ro
374460,English,en
374461,English,en
374464,English,en
374464,Français,fr
374465,Français,fr
37447,English,en
374471,English,en
374471,Français,fr
374471,Português,pt
374473,English,en
374475,English,en
374475,Deutsch,de
374475,Română,ro
37451,English,en
37451,Italiano,it
37451,普通话,zh
374515,English,en
37454,Français,fr
37455,Français,fr
37460,हिन्दी,hi
374603,English,en
374607,English,en
374609,English,en
374614,English,en
374617,English,en
374618,English,en
37462,English,en
37463,English,en
37464,English,en
37467,English,en
374671,日本語,ja
37468,English,en
37472,普通话,zh
37472,广州话 / 廣州話,cn
37472,English,en
374720,English,en
374720,Français,fr
374720,Deutsch,de
374739,English,en
374764,Español,es
37481,English,en
37482,English,en
37484,English,en
37487,English,en
37488,English,en
374883,suomi,fi
37495,العربية,ar
37495,English,en
37495,اردو,ur
37497,English,en
37498,English,en
37498,Italiano,it
37501,Italiano,it
375012,فارسی,fa
37502,한국어/조선말,ko
37511,English,en
37512,Deutsch,de
37513,日本語,ja
37514,English,en
37516,English,en
375167,Italiano,it
37517,English,en
375170,普通话,zh
375183,English,en
375199,हिन्दी,hi
37520,English,en
37523,Türkçe,tr
37526,Deutsch,de
37526,English,en
37527,English,en
37529,English,en
37529,Română,ro
375290,العربية,ar
375290,हिन्दी,hi
375290,"",ml
37530,Český,cs
37530,English,en
375315,فارسی,fa
37533,Français,fr
37534,English,en
37534,Français,fr
37534,Polski,pl
375345,English,en
375355,English,en
375356,Français,fr
37536,English,en
375366,English,en
375384,English,en
37550,Deutsch,de
37550,Italiano,it
37557,普通话,zh
375572,Italiano,it
375573,English,en
37558,Français,fr
375599,한국어/조선말,ko
37560,English,en
37563,Français,fr
37564,English,en
37565,English,en
37567,English,en
37570,Türkçe,tr
37571,English,en
37573,English,en
37573,Türkçe,tr
375732,English,en
375742,Polski,pl
375746,Deutsch,de
375746,Polski,pl
375746,Français,fr
375794,Español,es
375798,Français,fr
37581,English,en
37581,Français,fr
37581,Deutsch,de
37581,日本語,ja
37581,Latin,la
37581,Pусский,ru
37582,English,en
37583,English,en
37584,Türkçe,tr
37585,日本語,ja
37586,Türkçe,tr
375867,English,en
375867,Italiano,it
37587,Magyar,hu
375872,Español,es
37588,广州话 / 廣州話,cn
37588,English,en
375898,Français,fr
37590,Deutsch,de
37590,ελληνικά,el
375950,Français,fr
37596,English,en
37596,ελληνικά,el
37598,English,en
37600,Nederlands,nl
37600,English,en
376003,English,en
376003,Español,es
376004,English,en
37601,Español,es
37602,Nederlands,nl
37603,Pусский,ru
37603,Deutsch,de
376047,हिन्दी,hi
37605,English,en
37606,English,en
37607,English,en
37608,English,en
37609,English,en
37609,Español,es
37610,English,en
37613,English,en
376134,English,en
37615,English,en
37616,English,en
376166,Français,fr
376166,Deutsch,de
376166,Español,es
37618,English,en
376188,Pусский,ru
37621,English,en
37621,Français,fr
376228,English,en
376233,English,en
376234,English,en
376237,English,en
376252,한국어/조선말,ko
376257,English,en
37626,English,en
376261,English,en
376263,English,en
37627,English,en
37628,Español,es
37629,日本語,ja
376290,English,en
376292,English,en
3763,日本語,ja
37630,Český,cs
37631,English,en
376311,English,en
376311,Português,pt
37632,العربية,ar
37632,English,en
37632,Français,fr
37632,עִבְרִית,he
37632,Український,uk
37633,Français,fr
37635,English,en
37636,English,en
37637,English,en
37637,Español,es
376386,Polski,pl
376387,English,en
376387,普通话,zh
376389,English,en
376389,普通话,zh
376391,日本語,ja
376391,English,en
376394,English,en
3764,日本語,ja
37640,English,en
37641,English,en
376424,English,en
376426,English,en
37645,English,en
37645,Français,fr
376453,English,en
37646,English,en
376482,English,en
37650,English,en
376501,English,en
376502,English,en
376515,English,en
37652,Français,fr
37653,Français,fr
376530,English,en
376530,қазақ,kk
376534,العربية,ar
376534,Bosanski,bs
376534,English,en
376538,日本語,ja
376543,日本語,ja
376548,日本語,ja
376549,广州话 / 廣州話,cn
376553,日本語,ja
37656,Pусский,ru
376565,Pусский,ru
376570,English,en
376579,English,en
37658,English,en
37658,Italiano,it
376581,English,en
376581,Magyar,hu
37659,English,en
3766,广州话 / 廣州話,cn
3766,English,en
37661,English,en
37662,English,en
37665,English,en
376651,English,en
376659,Pусский,ru
376659,English,en
376660,English,en
37667,English,en
37668,English,en
376681,தமிழ்,ta
376681,हिन्दी,hi
376681,English,en
376681,বাংলা,bn
3767,English,en
3767,Français,fr
3767,Deutsch,de
3767,Español,es
376716,Pусский,ru
37672,English,en
37673,العربية,ar
37673,Français,fr
37679,English,en
376812,English,en
376812,हिन्दी,hi
37684,English,en
376847,한국어/조선말,ko
37686,English,en
376866,English,en
376866,Español,es
376867,English,en
376869,हिन्दी,hi
37688,हिन्दी,hi
37688,اردو,ur
37690,हिन्दी,hi
37691,English,en
37691,Español,es
376916,广州话 / 廣州話,cn
376916,普通话,zh
37695,Pусский,ru
37696,English,en
37698,English,en
377,English,en
37700,Íslenska,is
37702,广州话 / 廣州話,cn
37707,English,en
37708,English,en
37708,Polski,pl
37710,English,en
37710,Français,fr
37710,Italiano,it
37710,Pусский,ru
37710,Español,es
37711,日本語,ja
37712,日本語,ja
37714,Pусский,ru
37714,עִבְרִית,he
37714,English,en
377150,فارسی,fa
377151,English,en
377151,Italiano,it
377154,Français,fr
377158,Polski,pl
377170,English,en
37718,English,en
37719,English,en
37719,Italiano,it
377206,English,en
37721,English,en
377210,English,en
377213,বাংলা,bn
377213,हिन्दी,hi
37722,English,en
37724,English,en
37725,English,en
377263,Deutsch,de
377263,Français,fr
377264,广州话 / 廣州話,cn
377264,English,en
37727,svenska,sv
377273,Português,pt
377274,English,en
377274,Italiano,it
377274,Latin,la
377274,普通话,zh
377274,Português,pt
377275,English,en
377275,Français,fr
377276,Français,fr
377278,Français,fr
37728,svenska,sv
377287,Français,fr
377290,svenska,sv
37730,svenska,sv
37731,Polski,pl
37731,svenska,sv
37731,English,en
37735,English,en
37736,普通话,zh
37736,English,en
377362,Português,pt
37737,English,en
37737,हिन्दी,hi
37737,Español,es
377428,English,en
377431,English,en
377431,Italiano,it
377432,English,en
37744,English,en
377446,English,en
377447,日本語,ja
377447,English,en
377447,普通话,zh
377448,English,en
377462,English,en
37748,English,en
37748,Italiano,it
37748,Español,es
37749,English,en
377492,English,en
377516,English,en
37753,English,en
37753,Italiano,it
37754,English,en
377565,ελληνικά,el
37757,English,en
377587,English,en
37765,Italiano,it
37766,Dansk,da
37766,Deutsch,de
37766,Norsk,no
37766,svenska,sv
37767,Español,es
37767,Italiano,it
37768,Italiano,it
37769,Italiano,it
377691,Dansk,da
3777,日本語,ja
37770,Italiano,it
37774,English,en
37775,Italiano,it
37779,Français,fr
377799,العربية,ar
377799,Français,fr
377823,English,en
377823,한국어/조선말,ko
377823,普通话,zh
377847,Deutsch,de
377852,English,en
377852,Deutsch,de
377852,日本語,ja
377853,Français,fr
37786,English,en
37786,العربية,ar
37789,日本語,ja
377897,English,en
37793,English,en
37797,日本語,ja
37797,Español,es
377985,हिन्दी,hi
37799,English,en
378,English,en
3780,日本語,ja
37801,English,en
378018,English,en
37803,日本語,ja
378064,日本語,ja
378087,Español,es
378092,English,en
37810,עִבְרִית,he
37810,"",yi
378108,日本語,ja
378111,svenska,sv
37813,English,en
37813,Deutsch,de
378137,English,en
37816,English,en
37816,Français,fr
37816,Português,pt
37817,Português,pt
37818,English,en
378195,English,en
3782,日本語,ja
37820,English,en
378200,English,en
37821,English,en
37822,हिन्दी,hi
378221,English,en
378227,"",mr
378236,English,en
378240,日本語,ja
37828,Dansk,da
37832,Français,fr
37833,English,en
37834,English,en
37834,Deutsch,de
37834,Español,es
378348,한국어/조선말,ko
37835,English,en
378350,suomi,fi
378379,English,en
378385,English,en
378385,Deutsch,de
378385,Português,pt
37839,Français,fr
3784,English,en
37840,한국어/조선말,ko
37842,Français,fr
37843,English,en
378435,Türkçe,tr
378441,English,en
378446,Français,fr
37845,Français,fr
378477,Română,ro
37848,普通话,zh
378483,ελληνικά,el
378485,Español,es
37849,普通话,zh
37850,广州话 / 廣州話,cn
37850,普通话,zh
37851,Pусский,ru
37853,English,en
37857,English,en
378570,English,en
378570,Italiano,it
3786,English,en
378607,Norsk,no
37861,English,en
37865,English,en
37865,Português,pt
37866,Norsk,no
37873,日本語,ja
37876,English,en
378813,Deutsch,de
378918,English,en
379,"",gd
379,Italiano,it
379,"",yi
379,English,en
37900,English,en
379008,English,en
379019,Deutsch,de
37903,Deutsch,de
37903,Italiano,it
37903,Latin,la
37903,Polski,pl
37905,Français,fr
37910,日本語,ja
37911,English,en
37916,Italiano,it
37917,English,en
37920,English,en
37920,Magyar,hu
37920,Italiano,it
37921,English,en
37921,Français,fr
37922,English,en
379220,Español,es
37923,English,en
37924,English,en
37925,English,en
37925,Français,fr
37926,English,en
37927,Français,fr
379275,Hrvatski,hr
379275,Español,es
37928,日本語,ja
37929,English,en
379291,English,en
379297,English,en
379300,日本語,ja
37931,English,en
37931,Pусский,ru
37932,English,en
37933,日本語,ja
379335,suomi,fi
37935,English,en
37936,English,en
37938,English,en
379388,Español,es
37939,日本語,ja
37941,"",ml
37941,தமிழ்,ta
37942,English,en
37943,English,en
379441,English,en
37949,English,en
37949,Français,fr
37950,English,en
379500,English,en
379508,ελληνικά,el
37951,हिन्दी,hi
37952,ελληνικά,el
37954,English,en
37958,ελληνικά,el
37958,English,en
37959,日本語,ja
37959,한국어/조선말,ko
37961,日本語,ja
37963,ภาษาไทย,th
379689,Italiano,it
37969,English,en
37973,한국어/조선말,ko
37973,ภาษาไทย,th
37975,Italiano,it
379779,English,en
37978,English,en
37978,Français,fr
37978,Srpski,sr
37984,广州话 / 廣州話,cn
37985,English,en
379873,Italiano,it
37988,suomi,fi
379887,한국어/조선말,ko
37991,Français,fr
37991,Italiano,it
37991,Pусский,ru
37992,English,en
379925,English,en
37993,Português,pt
37997,English,en
37998,English,en
37998,日本語,ja
379990,English,en
379992,English,en
379998,English,en
379998,Italiano,it
379998,svenska,sv
38,English,en
380,Italiano,it
380,English,en
38000,한국어/조선말,ko
380007,普通话,zh
380013,English,en
380057,English,en
380058,English,en
38006,English,en
380061,English,en
380075,Deutsch,de
38008,Deutsch,de
38010,日本語,ja
38011,한국어/조선말,ko
380111,Pусский,ru
380124,English,en
38013,日本語,ja
38015,한국어/조선말,ko
38017,English,en
38018,Français,fr
38019,普通话,zh
38020,English,en
38021,Français,fr
38022,हिन्दी,hi
380225,Italiano,it
38023,English,en
38025,English,en
38025,日本語,ja
38025,한국어/조선말,ko
38025,ภาษาไทย,th
380254,한국어/조선말,ko
38027,English,en
380282,Český,cs
38030,广州话 / 廣州話,cn
38030,普通话,zh
38031,English,en
38033,English,en
38034,普通话,zh
38035,English,en
380372,English,en
38043,English,en
380438,Français,fr
38046,English,en
38047,日本語,ja
38048,English,en
38048,Français,fr
38049,Français,fr
38050,English,en
38052,普通话,zh
38054,한국어/조선말,ko
38055,English,en
380565,English,en
38057,English,en
38057,普通话,zh
380592,svenska,sv
38060,English,en
380620,日本語,ja
380622,Français,fr
380623,Français,fr
380694,English,en
380699,English,en
38073,English,en
380731,English,en
380734,English,en
38074,Italiano,it
380754,English,en
380762,广州话 / 廣州話,cn
380762,普通话,zh
380762,ภาษาไทย,th
38077,English,en
380771,English,en
38080,Français,fr
380808,Pусский,ru
380808,Deutsch,de
380808,English,en
380808,فارسی,fa
380808,Français,fr
38082,English,en
38084,English,en
380864,suomi,fi
38087,English,en
380879,Français,fr
38091,Español,es
38093,English,en
38096,English,en
38099,普通话,zh
381,Français,fr
381,English,en
381008,English,en
381009,English,en
381011,English,en
381015,English,en
381018,English,en
381018,Español,es
381019,English,en
381028,English,en
381032,English,en
381034,English,en
381040,English,en
381041,English,en
381043,English,en
381045,English,en
381046,English,en
381054,English,en
381058,English,en
381063,English,en
381064,English,en
381066,Português,pt
381069,English,en
38107,English,en
381070,English,en
381070,हिन्दी,hi
381071,English,en
381073,English,en
381075,English,en
381080,English,en
381096,svenska,sv
381096,English,en
381096,Íslenska,is
38117,English,en
38119,English,en
38120,English,en
38124,English,en
38125,English,en
381255,Français,fr
38126,English,en
38126,Français,fr
381276,English,en
381277,svenska,sv
381284,English,en
381288,English,en
381289,English,en
38129,English,en
381298,हिन्दी,hi
38132,English,en
38134,English,en
381341,Italiano,it
381347,English,en
38135,English,en
38135,"",tl
381353,Français,fr
381356,Français,fr
381374,"",ml
38138,English,en
38140,Español,es
38141,English,en
381418,English,en
381418,हिन्दी,hi
38142,日本語,ja
38143,普通话,zh
381449,Deutsch,de
38145,English,en
38147,English,en
38150,English,en
38150,Français,fr
38150,Polski,pl
381507,English,en
38151,English,en
38151,Italiano,it
381518,English,en
381519,日本語,ja
381525,Deutsch,de
381525,English,en
38153,English,en
38153,Magyar,hu
38154,English,en
38154,日本語,ja
38155,广州话 / 廣州話,cn
38155,普通话,zh
38156,English,en
38157,English,en
381615,English,en
38162,English,en
38162,Français,fr
38163,English,en
38164,Italiano,it
381645,English,en
38165,Español,es
38166,English,en
38167,Português,pt
38167,English,en
38167,Italiano,it
381670,Latviešu,lv
381670,Pусский,ru
381691,"",ml
381707,Español,es
38171,English,en
38171,Magyar,hu
381737,English,en
381767,Dansk,da
38178,English,en
38183,English,en
38185,English,en
38187,English,en
38187,Español,es
38189,English,en
381890,普通话,zh
38190,English,en
38191,English,en
381935,English,en
38195,Français,fr
38198,Français,fr
38199,English,en
38199,Magyar,hu
38202,Deutsch,de
38203,suomi,fi
38205,suomi,fi
382079,English,en
382088,English,en
382125,العربية,ar
382125,English,en
382125,Français,fr
382125,Norsk,no
382125,Kiswahili,sw
382127,English,en
382127,Italiano,it
382143,Český,cs
382155,Polski,pl
382170,日本語,ja
38219,English,en
382200,日本語,ja
382207,English,en
38221,日本語,ja
382217,한국어/조선말,ko
38222,English,en
382220,한국어/조선말,ko
38223,English,en
38225,English,en
38226,English,en
382322,English,en
38234,English,en
38237,English,en
38238,Español,es
382399,English,en
38244,English,en
38244,Español,es
382455,Português,pt
38246,English,en
382474,English,en
382475,English,en
38248,Português,pt
38248,Srpski,sr
382501,Français,fr
382509,Français,fr
38251,ελληνικά,el
38251,Italiano,it
38251,Español,es
382511,Français,fr
382517,Dansk,da
382517,English,en
382517,ภาษาไทย,th
382518,Français,fr
38255,Dansk,da
38256,Français,fr
38256,Español,es
382563,普通话,zh
382581,English,en
382581,Español,es
382589,Français,fr
382591,English,en
382591,Français,fr
382595,English,en
382595,Français,fr
382595,Italiano,it
382597,Français,fr
382598,Français,fr
382602,日本語,ja
382614,English,en
38262,Italiano,it
38264,广州话 / 廣州話,cn
38264,普通话,zh
382651,English,en
382653,普通话,zh
38267,English,en
38268,日本語,ja
38269,English,en
38271,Italiano,it
38273,English,en
382751,العربية,ar
382751,עִבְרִית,he
38282,Français,fr
38285,Italiano,it
38286,Italiano,it
382873,Hrvatski,hr
382883,Afrikaans,af
382883,English,en
382885,English,en
382885,日本語,ja
382892,Français,fr
382899,Slovenščina,sl
382906,Español,es
38291,English,en
382913,Latviešu,lv
38294,English,en
38295,English,en
382951,English,en
382995,English,en
383,English,en
383,Español,es
383001,English,en
383001,Deutsch,de
38303,English,en
38304,العربية,ar
38304,English,en
38304,Français,fr
38304,Español,es
383064,العربية,ar
383064,Français,fr
383064,Türkçe,tr
38307,svenska,sv
38310,Italiano,it
38311,Pусский,ru
383121,English,en
38313,Italiano,it
383140,English,en
383146,Português,pt
38315,Italiano,it
38317,English,en
38318,Pусский,ru
38319,English,en
38321,Português,pt
38321,English,en
38321,ภาษาไทย,th
38322,English,en
38323,Pусский,ru
38325,Pусский,ru
383255,shqip,sq
383255,English,en
383255,Srpski,sr
383256,English,en
38326,Pусский,ru
38327,Italiano,it
38328,Italiano,it
38329,Pусский,ru
38330,English,en
38332,Pусский,ru
38336,Pусский,ru
383367,"",mr
38340,English,en
38344,English,en
38346,English,en
38348,English,en
38349,English,en
383526,Español,es
383535,English,en
383538,English,en
383559,Deutsch,de
38356,English,en
383567,English,en
38357,English,en
38357,Український,uk
38358,English,en
38359,Pусский,ru
38360,Pусский,ru
38361,Pусский,ru
383618,svenska,sv
38362,Magyar,hu
38362,Italiano,it
38363,English,en
38364,English,en
38365,English,en
38366,Italiano,it
38368,Français,fr
38368,ภาษาไทย,th
38371,Polski,pl
383725,Nederlands,nl
38373,Français,fr
38373,Polski,pl
38373,Srpski,sr
383743,Français,fr
38376,Français,fr
38376,Polski,pl
383785,English,en
383785,हिन्दी,hi
383785,普通话,zh
383785,ภาษาไทย,th
383788,English,en
383788,Deutsch,de
383807,Français,fr
383809,Français,fr
38381,English,en
38382,Magyar,hu
38382,English,en
383869,Français,fr
38389,English,en
38395,English,en
38396,Italiano,it
38397,Italiano,it
38398,Norsk,no
38399,English,en
38399,Français,fr
384021,English,en
38404,English,en
38407,Deutsch,de
38407,日本語,ja
38407,普通话,zh
38407,English,en
38408,English,en
38410,English,en
384111,Eesti,et
384130,English,en
38414,Français,fr
384160,English,en
38417,English,en
384205,English,en
38421,English,en
38421,Français,fr
38425,广州话 / 廣州話,cn
38425,普通话,zh
384262,English,en
384262,suomi,fi
384262,svenska,sv
38427,English,en
384289,English,en
38429,English,en
38430,Pусский,ru
38432,English,en
38433,English,en
38437,English,en
384371,Français,fr
38438,Français,fr
38440,English,en
38440,Français,fr
38440,हिन्दी,hi
38442,Český,cs
384450,English,en
384452,English,en
38446,Deutsch,de
38446,English,en
38448,English,en
38448,Français,fr
38448,Română,ro
38450,English,en
38453,English,en
38454,English,en
38455,English,en
38455,Français,fr
38456,English,en
38457,English,en
384573,English,en
38458,English,en
384581,Français,fr
38459,English,en
384594,English,en
38460,English,en
38461,English,en
38462,English,en
38463,English,en
38464,English,en
384641,日本語,ja
384641,한국어/조선말,ko
384641,普通话,zh
38465,English,en
384664,Deutsch,de
38467,Deutsch,de
38467,English,en
384673,English,en
38468,English,en
384682,English,en
384683,Polski,pl
38469,English,en
38470,English,en
38471,English,en
38472,English,en
384727,Français,fr
384737,English,en
384798,English,en
38499,English,en
38500,English,en
38500,Deutsch,de
38502,Français,fr
38503,English,en
385031,English,en
38505,Français,fr
38509,English,en
385114,Español,es
38516,Polski,pl
38517,English,en
38523,Français,fr
385232,English,en
38526,ภาษาไทย,th
38526,English,en
385261,한국어/조선말,ko
38530,Polski,pl
385305,English,en
38531,English,en
385317,English,en
385320,English,en
385320,Português,pt
385371,English,en
385371,Português,pt
385372,English,en
385390,English,en
38540,English,en
38540,Norsk,no
38541,English,en
38542,English,en
38543,Dansk,da
38543,English,en
38543,Magyar,hu
38543,Latin,la
38545,English,en
38546,English,en
38547,Türkçe,tr
38548,English,en
38551,日本語,ja
38553,English,en
38554,English,en
38556,English,en
38557,English,en
38558,English,en
385581,English,en
38560,English,en
38560,Español,es
385654,Hrvatski,hr
38568,English,en
38570,English,en
38570,Pусский,ru
385722,English,en
385736,English,en
385737,English,en
385738,English,en
38575,普通话,zh
38575,English,en
385750,English,en
385761,English,en
38577,English,en
38577,Español,es
38579,English,en
385805,Español,es
385805,English,en
38582,日本語,ja
38583,English,en
38585,English,en
38594,日本語,ja
385962,한국어/조선말,ko
38602,English,en
38604,日本語,ja
38606,English,en
38608,English,en
38608,ქართული,ka
38610,English,en
386100,Deutsch,de
38611,English,en
38611,Deutsch,de
38615,English,en
38616,English,en
38617,English,en
386172,Srpski,sr
386172,English,en
38618,English,en
38621,English,en
38621,Français,fr
38622,English,en
38625,日本語,ja
38626,English,en
38629,English,en
38631,English,en
38636,English,en
38637,"",ml
38637,தமிழ்,ta
38638,English,en
38643,English,en
38645,English,en
38646,English,en
38646,Français,fr
38646,Deutsch,de
38646,Pусский,ru
38646,Español,es
3865,Español,es
386501,English,en
38652,English,en
38652,Polski,pl
38654,English,en
38655,English,en
38659,English,en
38661,English,en
38661,Magyar,hu
38662,English,en
38665,English,en
38666,English,en
38668,Deutsch,de
38670,Italiano,it
38674,English,en
38677,తెలుగు,te
38680,English,en
38681,Français,fr
386827,English,en
38683,English,en
38684,Français,fr
38684,English,en
38688,English,en
38688,Español,es
386891,English,en
38691,English,en
38695,Français,fr
38697,English,en
387,Deutsch,de
387,English,en
387,Français,fr
3870,Italiano,it
38700,English,en
38701,English,en
38701,Deutsch,de
38702,English,en
38705,English,en
387054,English,en
38706,Italiano,it
38714,English,en
38716,English,en
38717,English,en
38718,English,en
38719,English,en
38720,English,en
38720,日本語,ja
38721,English,en
38722,English,en
38722,Español,es
38724,English,en
387252,தமிழ்,ta
38726,English,en
38726,Pусский,ru
38726,Español,es
38727,English,en
38728,日本語,ja
38729,English,en
38730,No Language,xx
38731,English,en
38732,English,en
387398,English,en
387399,English,en
38742,English,en
387426,English,en
387426,한국어/조선말,ko
387426,Español,es
38743,English,en
38745,English,en
38746,English,en
38749,English,en
3875,Dansk,da
38751,English,en
38753,English,en
387558,English,en
38757,English,en
38761,English,en
38765,English,en
38766,English,en
38766,日本語,ja
38766,Español,es
38769,Français,fr
38769,English,en
3877,English,en
38770,English,en
38772,English,en
38773,English,en
38774,English,en
38775,English,en
38778,English,en
38780,English,en
387801,Español,es
387805,Español,es
38782,English,en
38783,English,en
387845,한국어/조선말,ko
38787,English,en
387886,한국어/조선말,ko
387889,English,en
38789,svenska,sv
387893,English,en
38792,English,en
38792,Magyar,hu
387929,English,en
387938,Pусский,ru
38794,Türkçe,tr
387957,English,en
387999,English,en
388,English,en
388,shqip,sq
38800,English,en
38802,English,en
38804,English,en
388046,Português,pt
38805,English,en
38807,English,en
38808,English,en
38809,English,en
38810,ελληνικά,el
38811,Español,es
38812,English,en
388191,English,en
388192,Türkçe,tr
388202,English,en
38821,suomi,fi
38821,svenska,sv
388235,English,en
388237,suomi,fi
388243,English,en
388256,English,en
388273,English,en
38828,English,en
38830,English,en
38831,Pусский,ru
38834,suomi,fi
388347,English,en
38837,Pусский,ru
388399,العربية,ar
388399,English,en
388399,普通话,zh
388403,普通话,zh
388410,English,en
38842,English,en
38843,English,en
388440,English,en
38846,Français,fr
38846,Italiano,it
38846,Pусский,ru
38846,English,en
388468,Norsk,no
38849,English,en
38850,English,en
388624,English,en
38866,English,en
38867,English,en
38868,English,en
38869,Polski,pl
38872,Polski,pl
38874,English,en
38874,Français,fr
38874,Latin,la
38874,Português,pt
38874,Español,es
38875,Polski,pl
38876,Polski,pl
388764,English,en
388764,한국어/조선말,ko
388764,普通话,zh
388764,ภาษาไทย,th
38877,English,en
38878,English,en
38879,Français,fr
38880,العربية,ar
38880,English,en
38880,עִבְרִית,he
38883,Français,fr
38884,Català,ca
38884,English,en
38884,Español,es
388862,English,en
38890,English,en
38890,Français,fr
388907,ภาษาไทย,th
388910,English,en
38898,Polski,pl
389,English,en
38901,English,en
38904,English,en
389044,English,en
389044,Français,fr
389044,Íslenska,is
389053,English,en
38907,Română,ro
38908,English,en
38909,English,en
38909,Español,es
38911,English,en
389115,svenska,sv
38913,Dansk,da
38914,English,en
38916,English,en
38916,Deutsch,de
38918,Deutsch,de
389180,Français,fr
38920,English,en
38921,English,en
38923,English,en
38925,English,en
389272,English,en
38931,English,en
38932,English,en
38932,Polski,pl
389323,English,en
38937,English,en
38939,English,en
389396,English,en
38940,English,en
38940,Français,fr
38941,Polski,pl
389425,English,en
389425,Deutsch,de
389427,English,en
38944,suomi,fi
38950,English,en
38951,English,en
38953,English,en
38955,广州话 / 廣州話,cn
389578,Español,es
38960,svenska,sv
38961,English,en
389614,svenska,sv
38962,English,en
389627,English,en
38963,한국어/조선말,ko
389630,English,en
38964,English,en
38965,English,en
38966,English,en
38967,English,en
38970,English,en
38970,Français,fr
38970,Italiano,it
38971,English,en
38977,日本語,ja
38978,Deutsch,de
38978,English,en
38980,English,en
38981,Español,es
38981,English,en
38982,English,en
38983,한국어/조선말,ko
38984,English,en
38984,Français,fr
38984,Magyar,hu
38984,Pусский,ru
38985,English,en
38985,Français,fr
38985,Deutsch,de
38985,Español,es
38986,English,en
389868,한국어/조선말,ko
38987,English,en
38988,Français,fr
38996,English,en
389972,日本語,ja
389995,Español,es
390,English,en
390,Deutsch,de
390,Português,pt
39001,English,en
39002,English,en
39005,English,en
390051,English,en
390054,English,en
390059,English,en
39008,suomi,fi
39013,English,en
39015,English,en
39016,English,en
39016,Español,es
3902,English,en
39023,Bahasa indonesia,id
39024,Bahasa indonesia,id
39027,English,en
39027,Português,pt
39029,日本語,ja
390293,English,en
390296,English,en
390298,English,en
390319,العربية,ar
390319,English,en
390343,English,en
390353,English,en
390357,български език,bg
390357,Nederlands,nl
390357,English,en
390357,Français,fr
39037,Pусский,ru
390376,Pусский,ru
39039,हिन्दी,hi
390396,English,en
390409,English,en
390409,Deutsch,de
390409,Norsk,no
39041,English,en
390410,العربية,ar
390410,English,en
390410,Español,es
39042,English,en
390422,English,en
39043,English,en
390437,हिन्दी,hi
390437,தமிழ்,ta
390437,తెలుగు,te
39044,English,en
39045,English,en
39048,English,en
390497,한국어/조선말,ko
390512,English,en
390520,English,en
390526,English,en
39053,English,en
39053,Polski,pl
39055,English,en
39056,日本語,ja
39057,English,en
39057,Deutsch,de
39057,日本語,ja
390582,English,en
390582,Français,fr
390584,English,en
390587,English,en
390592,English,en
39060,Bahasa indonesia,id
39061,Bahasa indonesia,id
39062,English,en
39064,Bahasa indonesia,id
390669,Italiano,it
39067,Bahasa indonesia,id
39072,Français,fr
39072,English,en
390734,日本語,ja
39074,English,en
390747,English,en
390766,English,en
390777,English,en
390782,English,en
39083,English,en
390837,English,en
39084,Deutsch,de
39088,Pусский,ru
390880,Pусский,ru
390883,English,en
390930,日本語,ja
390959,English,en
390989,English,en
390991,English,en
391,Italiano,it
391,Español,es
39100,日本語,ja
39100,English,en
391004,日本語,ja
39101,English,en
39101,日本語,ja
39102,English,en
39102,日本語,ja
39103,English,en
39103,日本語,ja
391039,فارسی,fa
39104,日本語,ja
39105,Português,pt
39105,Español,es
39105,日本語,ja
39106,日本語,ja
39107,日本語,ja
39108,日本語,ja
39111,ภาษาไทย,th
39113,English,en
39123,日本語,ja
39125,English,en
39125,Français,fr
39125,Deutsch,de
39125,Pусский,ru
39125,Español,es
39127,English,en
39127,Français,fr
39128,English,en
39129,English,en
39130,English,en
391375,English,en
39140,English,en
39141,English,en
39141,Français,fr
39142,Français,fr
391438,Español,es
39144,日本語,ja
39145,日本語,ja
391477,广州话 / 廣州話,cn
39148,日本語,ja
39154,English,en
39155,English,en
391578,English,en
391578,普通话,zh
391617,Español,es
391618,Español,es
391626,English,en
391629,हिन्दी,hi
39164,English,en
391642,English,en
391642,日本語,ja
39166,English,en
39166,Español,es
391663,English,en
391663,Français,fr
391663,Deutsch,de
391663,Español,es
391698,English,en
391700,Français,fr
391709,English,en
391709,Bahasa melayu,ms
391757,English,en
39176,English,en
39177,Français,fr
391778,हिन्दी,hi
391779,हिन्दी,hi
39179,English,en
39179,Español,es
39179,svenska,sv
39180,Français,fr
39183,English,en
39185,English,en
391899,English,en
391934,English,en
39194,English,en
39195,English,en
391955,اردو,ur
39197,English,en
391975,English,en
391995,English,en
392,English,en
392,Français,fr
392011,Türkçe,tr
392058,English,en
392067,English,en
39209,Deutsch,de
39209,English,en
39209,Español,es
392091,English,en
39210,English,en
39210,Italiano,it
392124,Français,fr
39214,English,en
392142,Français,fr
39217,हिन्दी,hi
39219,English,en
39220,English,en
392207,euskera,eu
392207,English,en
392207,Español,es
39222,English,en
39222,Latin,la
39225,English,en
39227,English,en
392271,English,en
392271,हिन्दी,hi
39229,日本語,ja
39230,日本語,ja
39231,English,en
39233,English,en
392386,English,en
39240,English,en
39241,Nederlands,nl
392418,English,en
39242,English,en
39246,English,en
39253,Pусский,ru
39254,English,en
392553,English,en
392554,Eesti,et
39256,English,en
39256,日本語,ja
39256,Pусский,ru
392572,हिन्दी,hi
39260,Deutsch,de
39260,日本語,ja
39261,English,en
39261,Italiano,it
39262,English,en
392629,English,en
39263,English,en
39264,日本語,ja
39266,Deutsch,de
392660,English,en
39269,English,en
392734,English,en
39274,English,en
39276,English,en
39276,日本語,ja
39278,广州话 / 廣州話,cn
392788,Français,fr
392788,ελληνικά,el
392790,"",tl
392794,Français,fr
392807,English,en
392807,suomi,fi
392812,Română,ro
392817,Pусский,ru
392818,English,en
39282,English,en
392820,English,en
39283,English,en
392832,Italiano,it
39284,svenska,sv
39285,English,en
39286,English,en
39286,Español,es
39287,English,en
39288,English,en
392882,日本語,ja
392884,svenska,sv
392885,English,en
392891,English,en
39293,English,en
39293,Deutsch,de
392961,English,en
39298,עִבְרִית,he
392985,suomi,fi
393,English,en
393,普通话,zh
393,Español,es
393,广州话 / 廣州話,cn
393003,English,en
39301,עִבְרִית,he
39303,English,en
39305,Pусский,ru
39306,English,en
393079,Français,fr
39308,English,en
39309,English,en
39310,English,en
39311,English,en
39312,English,en
393134,Magyar,hu
39314,English,en
39314,Kiswahili,sw
39315,English,en
39315,Français,fr
393158,Español,es
39317,Polski,pl
393172,English,en
39318,English,en
393184,العربية,ar
39319,日本語,ja
393196,English,en
393196,Français,fr
393196,Magyar,hu
39323,日本語,ja
39324,日本語,ja
393263,English,en
39327,English,en
3933,English,en
39331,Polski,pl
39333,English,en
39333,Español,es
39334,English,en
39335,Español,es
393367,English,en
393367,"",mi
393368,English,en
39337,English,en
3934,Français,fr
39340,Italiano,it
393407,Français,fr
393407,Italiano,it
39341,English,en
39342,English,en
393441,हिन्दी,hi
393443,English,en
393445,हिन्दी,hi
39345,Dansk,da
39345,English,en
39345,Italiano,it
393457,English,en
39346,English,en
39347,हिन्दी,hi
39347,English,en
39348,English,en
39349,English,en
3935,Français,fr
393519,Français,fr
393521,עִבְרִית,he
393559,Français,fr
39356,English,en
39356,"",mi
393561,English,en
393562,हिन्दी,hi
39358,English,en
39358,Français,fr
3936,English,en
393603,English,en
393629,English,en
393656,English,en
393658,English,en
393659,English,en
39368,English,en
39369,English,en
39369,Français,fr
393695,Magyar,hu
3937,English,en
39371,Italiano,it
393729,Français,fr
393731,Français,fr
393732,English,en
39376,Română,ro
393764,Français,fr
393765,English,en
39378,Español,es
3938,English,en
39382,English,en
393834,English,en
393841,తెలుగు,te
39385,Français,fr
393857,English,en
393857,Français,fr
393857,Italiano,it
39386,Český,cs
39386,Français,fr
39387,Magyar,hu
39387,Český,cs
393877,English,en
39391,English,en
393939,English,en
393945,Français,fr
393949,English,en
39395,Română,ro
393961,English,en
39398,English,en
39400,Italiano,it
39401,Deutsch,de
39401,English,en
39402,Italiano,it
39402,Español,es
394034,हिन्दी,hi
394045,English,en
394047,English,en
394051,普通话,zh
39406,English,en
394063,English,en
39407,English,en
39408,English,en
39409,English,en
3941,English,en
39410,日本語,ja
39412,Français,fr
39413,Français,fr
39414,Français,fr
39415,Français,fr
394170,한국어/조선말,ko
394176,English,en
394185,English,en
39422,Français,fr
394223,English,en
394224,English,en
39424,English,en
394260,Français,fr
394260,Italiano,it
394269,English,en
39428,English,en
39433,English,en
39434,Italiano,it
39435,English,en
39436,Italiano,it
39437,English,en
394374,Español,es
394385,Deutsch,de
39440,English,en
394412,Italiano,it
394415,English,en
394423,English,en
39446,English,en
39448,广州话 / 廣州話,cn
39448,English,en
39449,English,en
394499,Português,pt
39451,English,en
39452,English,en
39452,Français,fr
39453,English,en
39458,English,en
39459,English,en
39462,日本語,ja
39463,English,en
394632,English,en
394632,Français,fr
39464,日本語,ja
394645,Nederlands,nl
39465,日本語,ja
39466,日本語,ja
394661,English,en
39467,English,en
39468,日本語,ja
394684,Español,es
394689,English,en
39469,日本語,ja
39472,English,en
394723,Español,es
39473,English,en
394759,Pусский,ru
39477,English,en
394770,English,en
394812,English,en
394812,한국어/조선말,ko
394812,普通话,zh
394812,"",tl
394812,日本語,ja
394822,English,en
39486,English,en
39488,Español,es
39493,日本語,ja
39494,Français,fr
39494,English,en
39495,English,en
395,Italiano,it
395,English,en
39503,English,en
39504,Bamanankan,bm
39504,Français,fr
39506,日本語,ja
39507,English,en
39509,English,en
39510,English,en
39513,English,en
39514,English,en
39514,Pусский,ru
39516,Polski,pl
39517,English,en
395181,普通话,zh
39519,Français,fr
39519,English,en
39519,日本語,ja
39522,English,en
39522,Español,es
395278,English,en
39535,Español,es
39536,English,en
39538,English,en
39538,广州话 / 廣州話,cn
39538,普通话,zh
39541,English,en
39543,Français,fr
39544,日本語,ja
39545,English,en
395452,English,en
395452,Français,fr
395452,Pусский,ru
395476,English,en
395479,English,en
395479,Pусский,ru
39554,English,en
39554,Deutsch,de
395560,English,en
39557,English,en
39558,English,en
39562,English,en
39563,English,en
39567,Deutsch,de
395763,Français,fr
395767,Français,fr
39578,English,en
395834,English,en
395883,English,en
395914,Pусский,ru
395925,English,en
395965,English,en
395982,English,en
395985,Français,fr
395992,广州话 / 廣州話,cn
395992,English,en
395992,日本語,ja
396,English,en
396,Latin,la
396004,Magyar,hu
396004,English,en
396109,English,en
396152,English,en
3962,Deutsch,de
396232,English,en
396263,日本語,ja
396269,English,en
396289,English,en
396292,English,en
396330,English,en
396392,English,en
396392,Italiano,it
396394,English,en
396395,English,en
396398,English,en
39641,Português,pt
396535,한국어/조선말,ko
3966,English,en
396616,Norsk,no
396643,हिन्दी,hi
396744,English,en
39681,Français,fr
396810,English,en
396899,Français,fr
39690,日本語,ja
39691,English,en
39691,ภาษาไทย,th
396920,Français,fr
396920,"",iu
39693,广州话 / 廣州話,cn
39693,English,en
39693,Français,fr
39693,普通话,zh
39695,English,en
396965,English,en
396987,Pусский,ru
397,Français,fr
397,English,en
397003,English,en
39704,English,en
397093,Português,pt
397243,English,en
397278,English,en
397365,हिन्दी,hi
397403,English,en
397415,English,en
397422,English,en
397442,English,en
39749,svenska,sv
39750,English,en
39751,广州话 / 廣州話,cn
39751,English,en
39751,Español,es
397514,English,en
397517,English,en
397520,English,en
397549,English,en
397552,Pусский,ru
39764,English,en
39767,日本語,ja
39768,Pусский,ru
39770,English,en
39770,Français,fr
39771,English,en
397717,English,en
39772,Nederlands,nl
39775,English,en
39776,广州话 / 廣州話,cn
39776,普通话,zh
39779,English,en
39780,Français,fr
39780,English,en
39781,English,en
397837,English,en
39785,English,en
39787,English,en
397873,English,en
39788,Polski,pl
397914,English,en
39793,日本語,ja
39797,svenska,sv
39798,日本語,ja
397981,English,en
397992,English,en
398,English,en
3980,English,en
39800,English,en
39806,English,en
3981,English,en
3981,Français,fr
398137,English,en
39814,English,en
39816,English,en
39816,हिन्दी,hi
39824,English,en
398265,English,en
398289,English,en
39829,English,en
39830,English,en
39833,English,en
39834,English,en
39837,हिन्दी,hi
39839,हिन्दी,hi
398390,No Language,xx
398395,Español,es
39840,Română,ro
39844,English,en
39845,English,en
398452,فارسی,fa
39850,English,en
39850,Italiano,it
39850,普通话,zh
39851,广州话 / 廣州話,cn
39851,English,en
39851,Français,fr
39853,English,en
39853,Français,fr
398535,हिन्दी,hi
398535,ਪੰਜਾਬੀ,pa
398541,English,en
39857,广州话 / 廣州話,cn
39857,English,en
39859,English,en
39861,English,en
398633,English,en
398649,广州话 / 廣州話,cn
398649,日本語,ja
39867,English,en
39868,English,en
39871,English,en
39872,日本語,ja
398738,English,en
39874,English,en
39875,English,en
398786,हिन्दी,hi
398786,"",ml
398792,English,en
398818,Français,fr
398818,English,en
398818,Italiano,it
39882,English,en
398830,Español,es
39885,日本語,ja
398854,English,en
39889,English,en
398891,English,en
398891,Polski,pl
398891,Español,es
3989,العربية,ar
3989,English,en
3989,Français,fr
3989,한국어/조선말,ko
39890,English,en
39891,English,en
398920,Français,fr
398924,Français,fr
398924,Deutsch,de
398929,Français,fr
39893,English,en
39895,English,en
39895,Deutsch,de
398959,Deutsch,de
39899,English,en
39901,广州话 / 廣州話,cn
399019,English,en
399019,Français,fr
39903,Deutsch,de
39903,Polski,pl
39903,svenska,sv
39907,ภาษาไทย,th
399097,English,en
399097,Eesti,et
399106,English,en
39914,English,en
39915,广州话 / 廣州話,cn
39916,Italiano,it
399173,English,en
399173,Português,pt
399217,English,en
39922,English,en
39925,English,en
39927,English,en
39927,Español,es
39928,Español,es
39929,English,en
39930,English,en
399300,普通话,zh
39931,Deutsch,de
39933,English,en
39934,English,en
39936,Polski,pl
39938,English,en
39938,Deutsch,de
39939,English,en
39940,English,en
399417,English,en
39943,English,en
39946,English,en
39948,English,en
39953,English,en
39957,English,en
39958,English,en
39958,Español,es
39959,English,en
39961,Dansk,da
399612,English,en
399615,Español,es
39962,日本語,ja
399621,فارسی,fa
399623,English,en
39964,English,en
39965,Italiano,it
39967,Français,fr
39968,Français,fr
39973,English,en
39973,Italiano,it
399747,English,en
39978,Français,fr
39979,Italiano,it
399790,English,en
399798,English,en
399802,English,en
399810,English,en
399811,English,en
399814,English,en
39982,English,en
39983,日本語,ja
39987,Italiano,it
39988,Italiano,it
399894,English,en
39991,English,en
39991,Italiano,it
39992,Deutsch,de
39992,Italiano,it
39993,Italiano,it
399938,English,en
39994,Deutsch,de
39994,Italiano,it
39995,English,en
39998,普通话,zh
39998,广州话 / 廣州話,cn
400,English,en
40000,English,en
400001,Español,es
40001,English,en
40004,Français,fr
400045,English,en
400114,普通话,zh
400121,English,en
400136,English,en
400136,日本語,ja
40016,English,en
400174,English,en
40022,Italiano,it
400247,తెలుగు,te
40025,广州话 / 廣州話,cn
40026,English,en
40028,English,en
40029,广州话 / 廣州話,cn
40029,Dansk,da
40029,日本語,ja
40029,普通话,zh
40034,English,en
400387,Nederlands,nl
40039,English,en
40040,English,en
40041,English,en
400411,English,en
40043,English,en
40044,English,en
40045,English,en
40047,English,en
40048,English,en
40054,Magyar,hu
400547,English,en
40055,Français,fr
40056,English,en
40059,English,en
40060,English,en
400605,English,en
400608,English,en
40061,Français,fr
400610,Nederlands,nl
400610,English,en
40064,English,en
40064,Latin,la
400668,English,en
40069,日本語,ja
40070,普通话,zh
40071,Nederlands,nl
40072,Nederlands,nl
40074,English,en
40074,Español,es
40075,Italiano,it
400753,ελληνικά,el
400791,English,en
40080,English,en
40081,普通话,zh
40082,Italiano,it
40082,English,en
40082,Español,es
40083,English,en
40084,Français,fr
40085,English,en
40085,Español,es
40087,English,en
40090,English,en
40092,English,en
40092,Français,fr
40092,Deutsch,de
400928,English,en
400948,English,en
40095,English,en
40096,Português,pt
401,English,en
40102,English,en
401060,English,en
401060,Deutsch,de
401061,English,en
401065,English,en
4011,English,en
401104,English,en
401123,English,en
40113,English,en
401132,English,en
401164,English,en
40119,日本語,ja
4012,English,en
4012,עִבְרִית,he
4012,Magyar,hu
40120,English,en
40121,日本語,ja
40122,한국어/조선말,ko
401222,English,en
40123,日本語,ja
40127,ภาษาไทย,th
401294,English,en
40130,Italiano,it
401359,English,en
401387,English,en
40139,English,en
40140,English,en
40140,Español,es
401408,English,en
401408,Français,fr
40141,Italiano,it
401442,English,en
40145,Français,fr
40145,Italiano,it
40146,English,en
401461,English,en
401484,English,en
40149,日本語,ja
401513,Pусский,ru
40154,English,en
401544,English,en
401546,English,en
40156,English,en
401593,English,en
40160,English,en
40160,Français,fr
40160,Pусский,ru
40161,English,en
40162,Italiano,it
40165,English,en
401650,English,en
40168,English,en
401687,English,en
401689,English,en
401698,Français,fr
40171,한국어/조선말,ko
40172,日本語,ja
401743,English,en
40180,Français,fr
401861,Pусский,ru
401895,Español,es
40192,Français,fr
40194,Français,fr
401971,English,en
401971,हिन्दी,hi
402,English,en
402042,English,en
402042,Français,fr
402042,Español,es
40205,English,en
40206,English,en
40208,English,en
40210,English,en
40211,한국어/조선말,ko
40213,广州话 / 廣州話,cn
40213,普通话,zh
40214,English,en
40216,English,en
40216,Français,fr
40217,English,en
40218,English,en
40219,English,en
402193,Pусский,ru
40220,English,en
40221,English,en
402217,"",ml
40222,English,en
402223,Pусский,ru
40225,Français,fr
40226,广州话 / 廣州話,cn
40227,English,en
40229,English,en
402298,English,en
40231,English,en
402331,English,en
40235,English,en
40235,Français,fr
402370,English,en
4024,Français,fr
40241,English,en
402423,Español,es
402423,English,en
40243,日本語,ja
40244,English,en
402446,English,en
402455,日本語,ja
402455,Türkçe,tr
40247,English,en
40249,English,en
40249,Deutsch,de
4025,English,en
40251,English,en
40252,English,en
402529,English,en
402536,Français,fr
40254,한국어/조선말,ko
402543,English,en
40258,Français,fr
402582,English,en
40261,Italiano,it
402612,Magyar,hu
40264,English,en
40264,Español,es
402672,हिन्दी,hi
402693,Español,es
402857,English,en
402877,普通话,zh
402877,English,en
402907,Français,fr
402919,English,en
402919,Deutsch,de
402976,English,en
403,English,en
403,Magyar,hu
403,Polski,pl
403052,English,en
4031,Français,fr
403114,English,en
403114,فارسی,fa
403119,English,en
403130,English,en
4032,Český,cs
4032,English,en
403232,Français,fr
403232,English,en
403252,Français,fr
403357,Español,es
403368,English,en
403390,English,en
4034,Français,fr
40341,English,en
40342,English,en
40342,Italiano,it
403429,Română,ro
40343,English,en
403431,English,en
403434,English,en
403434,Deutsch,de
40345,Italiano,it
403450,Italiano,it
40346,广州话 / 廣州話,cn
40346,普通话,zh
40348,Italiano,it
40350,English,en
403509,Español,es
40352,English,en
40352,Italiano,it
40353,English,en
40356,ภาษาไทย,th
403570,English,en
403593,English,en
403605,English,en
403605,Bahasa indonesia,id
403605,Português,pt
403605,Español,es
40364,Magyar,hu
40364,Italiano,it
40364,Latin,la
40364,English,en
403642,English,en
40365,Español,es
403667,Nederlands,nl
40368,English,en
40374,English,en
40378,Norsk,no
40383,English,en
403867,हिन्दी,hi
40387,English,en
403911,Español,es
403936,English,en
40394,Italiano,it
404,English,en
404022,English,en
404073,English,en
404117,Deutsch,de
404141,English,en
40417,Français,fr
40419,Français,fr
40420,Français,fr
404211,English,en
40423,Français,fr
40423,Português,pt
40427,فارسی,fa
40428,English,en
4043,Español,es
40430,English,en
40432,Español,es
40432,Polski,pl
40435,普通话,zh
404378,English,en
40440,English,en
404459,English,en
40446,English,en
404479,suomi,fi
40448,English,en
40451,English,en
40452,한국어/조선말,ko
40454,English,en
40456,English,en
404567,English,en
40458,English,en
404584,English,en
40460,English,en
404604,हिन्दी,hi
40461,English,en
40461,Italiano,it
40465,English,en
40465,Deutsch,de
40466,English,en
40467,English,en
40469,English,en
40470,English,en
40471,"",tl
404733,English,en
404733,Français,fr
404733,Deutsch,de
40474,Italiano,it
40474,Español,es
40476,עִבְרִית,he
40478,English,en
404791,svenska,sv
40480,English,en
404829,English,en
40485,English,en
40487,English,en
40487,Italiano,it
4049,Deutsch,de
40490,English,en
40494,English,en
40494,Italiano,it
405,Italiano,it
40502,English,en
405040,Bahasa indonesia,id
40505,English,en
405050,English,en
40506,English,en
40507,Español,es
40507,English,en
40508,English,en
40509,English,en
405203,suomi,fi
405204,English,en
405204,suomi,fi
405204,Deutsch,de
40522,Français,fr
405265,Slovenščina,sl
40534,English,en
40537,English,en
40537,Italiano,it
405388,English,en
40544,Français,fr
40544,日本語,ja
405446,Português,pt
405446,Español,es
405473,English,en
405473,Gaeilge,ga
40555,English,en
40562,Español,es
40562,English,en
405627,English,en
405653,English,en
405656,English,en
405670,Pусский,ru
405671,Magyar,hu
40572,Český,cs
40572,English,en
40573,Deutsch,de
40573,Český,cs
40577,English,en
405775,English,en
40578,English,en
40585,Français,fr
405882,English,en
40592,日本語,ja
40594,English,en
40599,English,en
406,Français,fr
40600,English,en
406042,हिन्दी,hi
406052,English,en
406099,普通话,zh
406107,English,en
406125,普通话,zh
40618,English,en
40623,Český,cs
40623,Français,fr
40623,Italiano,it
406231,English,en
40624,English,en
40627,Français,fr
40628,English,en
40630,English,en
40633,English,en
40634,English,en
40635,English,en
40636,English,en
406385,Italiano,it
40639,English,en
40641,English,en
40641,Français,fr
40642,English,en
406429,广州话 / 廣州話,cn
406429,普通话,zh
406429,ภาษาไทย,th
406431,English,en
40644,日本語,ja
406449,Deutsch,de
406449,Polski,pl
406449,Pусский,ru
406449,Український,uk
406449,"",yi
40649,English,en
40650,English,en
40650,Français,fr
40650,Deutsch,de
40651,English,en
40651,Deutsch,de
40652,Français,fr
40653,English,en
40655,English,en
40658,English,en
40660,suomi,fi
40661,English,en
40662,English,en
40663,English,en
40663,Français,fr
40664,suomi,fi
406785,English,en
406808,Dansk,da
40681,English,en
40682,English,en
40683,English,en
40685,English,en
40685,Español,es
40687,English,en
40688,English,en
40690,English,en
40692,English,en
40693,English,en
40693,Français,fr
40694,English,en
40694,Deutsch,de
406970,English,en
406990,English,en
406992,English,en
407,Deutsch,de
407,ελληνικά,el
407,"",sh
407,Türkçe,tr
40700,日本語,ja
40701,日本語,ja
407036,Pусский,ru
407036,English,en
40709,Pусский,ru
40713,日本語,ja
40715,English,en
40716,English,en
40717,English,en
407171,English,en
407172,English,en
407173,English,en
40718,English,en
40719,English,en
40720,English,en
407204,svenska,sv
40721,English,en
40722,English,en
40723,English,en
40723,Français,fr
40724,English,en
40729,English,en
40730,English,en
40732,svenska,sv
407334,English,en
407335,English,en
407375,English,en
407389,English,en
40739,English,en
40739,Français,fr
40739,Deutsch,de
40740,English,en
40740,Français,fr
40741,日本語,ja
40743,English,en
407430,日本語,ja
40744,English,en
407448,English,en
40748,English,en
40751,广州话 / 廣州話,cn
40751,普通话,zh
407518,English,en
40752,English,en
407531,English,en
407559,English,en
407575,Español,es
407588,English,en
40760,English,en
40761,English,en
407613,English,en
40765,English,en
407655,English,en
40767,English,en
40769,English,en
40770,English,en
40771,English,en
40772,English,en
40773,English,en
40775,English,en
407757,English,en
40777,हिन्दी,hi
407789,English,en
407799,English,en
407803,English,en
407806,English,en
40785,svenska,sv
407887,English,en
407887,한국어/조선말,ko
407897,English,en
40790,English,en
40790,"",qu
40790,Español,es
40793,English,en
40794,Italiano,it
40797,English,en
40798,Magyar,hu
40798,Español,es
40798,English,en
40799,English,en
407992,English,en
408,English,en
408024,Français,fr
40804,English,en
40804,Gaeilge,ga
40805,English,en
40805,普通话,zh
40807,English,en
40810,日本語,ja
40812,日本語,ja
40814,English,en
40815,Français,fr
408151,English,en
408159,English,en
40817,Italiano,it
40818,English,en
40819,English,en
40819,Italiano,it
408194,suomi,fi
408194,svenska,sv
40820,English,en
408203,suomi,fi
408219,English,en
408220,English,en
408220,Deutsch,de
408220,Español,es
40823,Português,pt
40824,English,en
40826,English,en
408267,български език,bg
408270,日本語,ja
408272,English,en
40829,普通话,zh
40829,广州话 / 廣州話,cn
408290,Italiano,it
408292,Polski,pl
40836,English,en
408374,ελληνικά,el
408381,English,en
40841,English,en
40842,English,en
408435,"",se
408435,svenska,sv
408438,Italiano,it
408439,English,en
40844,English,en
40850,English,en
408508,English,en
408509,Français,fr
408537,Español,es
40854,English,en
408543,Français,fr
408546,English,en
40855,English,en
40858,English,en
40859,Português,pt
40860,Português,pt
408616,English,en
408619,English,en
40862,English,en
408620,한국어/조선말,ko
408623,Português,pt
408623,English,en
408623,Español,es
408624,বাংলা,bn
408624,English,en
408626,English,en
40863,广州话 / 廣州話,cn
40863,English,en
408647,English,en
40867,English,en
40874,English,en
40874,Français,fr
408755,English,en
40876,English,en
40878,English,en
40879,English,en
40880,English,en
40882,فارسی,fa
40885,English,en
40885,日本語,ja
40886,日本語,ja
40890,Slovenščina,sl
40890,Hrvatski,hr
40890,Srpski,sr
40894,English,en
40894,Italiano,it
40895,English,en
40895,Français,fr
40895,Magyar,hu
40897,日本語,ja
409,Deutsch,de
409,Italiano,it
409,العربية,ar
409,English,en
40900,English,en
409082,Pусский,ru
40909,తెలుగు,te
40911,普通话,zh
40913,English,en
40916,English,en
409160,广州话 / 廣州話,cn
409160,普通话,zh
40920,English,en
40925,English,en
40926,English,en
40927,English,en
40929,English,en
409297,English,en
40930,Deutsch,de
40932,English,en
40933,Español,es
409366,English,en
40939,العربية,ar
40939,English,en
409421,日本語,ja
409447,English,en
40945,English,en
40947,Español,es
40950,English,en
409502,English,en
40951,English,en
40952,English,en
40952,Español,es
40953,English,en
409536,English,en
40954,English,en
40955,English,en
409550,日本語,ja
40957,English,en
40959,English,en
40961,English,en
40962,English,en
40969,English,en
409696,English,en
40970,English,en
40973,English,en
40974,普通话,zh
40978,Français,fr
40979,English,en
409820,English,en
40983,English,en
40985,English,en
40985,Deutsch,de
40990,English,en
409903,Pусский,ru
40993,Magyar,hu
40998,English,en
40998,"",si
40998,தமிழ்,ta
410,Deutsch,de
41002,Español,es
41003,English,en
41004,Español,es
41006,English,en
41007,English,en
41009,English,en
410117,English,en
410118,Norsk,no
41012,Magyar,hu
410126,English,en
410126,Íslenska,is
410126,svenska,sv
410142,English,en
41017,日本語,ja
41018,English,en
410199,English,en
41020,English,en
410205,English,en
41021,English,en
410212,English,en
410212,Deutsch,de
410212,Türkçe,tr
41023,English,en
41025,English,en
410259,English,en
41028,English,en
41030,English,en
410314,Deutsch,de
410315,English,en
41034,English,en
410348,English,en
41035,English,en
41038,English,en
41039,English,en
4104,English,en
4104,Português,pt
41043,Français,fr
41043,Pусский,ru
41044,English,en
4105,English,en
4105,日本語,ja
41050,Italiano,it
41051,English,en
41053,हिन्दी,hi
410537,English,en
41054,Italiano,it
410554,English,en
41058,English,en
41059,English,en
41061,Slovenčina,sk
410634,Pусский,ru
41066,English,en
41066,日本語,ja
410661,English,en
410694,English,en
4107,English,en
4107,Gaeilge,ga
41070,Deutsch,de
41070,Norsk,no
41070,svenska,sv
410718,English,en
410718,Français,fr
410718,Türkçe,tr
410729,日本語,ja
41073,English,en
41076,svenska,sv
41077,Magyar,hu
410774,Deutsch,de
41078,Magyar,hu
4108,English,en
4108,Français,fr
4108,普通话,zh
41084,English,en
410876,English,en
410876,Português,pt
41089,English,en
41089,Español,es
41090,English,en
41091,한국어/조선말,ko
41093,Magyar,hu
410936,Český,cs
410965,English,en
41097,Magyar,hu
410970,Español,es
410988,English,en
411,English,en
411,Deutsch,de
411005,普通话,zh
411007,English,en
411009,English,en
411009,Italiano,it
411012,English,en
411013,English,en
411019,English,en
411023,"",ny
411023,English,en
411023,普通话,zh
411023,Kiswahili,sw
411025,Pусский,ru
411025,Український,uk
411039,"",iu
411054,"",ml
411081,English,en
411088,Español,es
41109,Deutsch,de
41109,हिन्दी,hi
41109,Türkçe,tr
4111,English,en
41110,English,en
41110,Italiano,it
41110,Pусский,ru
41115,Italiano,it
41115,Español,es
41115,Français,fr
41116,English,en
41118,English,en
4112,English,en
41120,English,en
411201,English,en
411201,Pусский,ru
411201,Український,uk
41121,普通话,zh
411221,Español,es
41123,Français,fr
41125,English,en
411268,广州话 / 廣州話,cn
411268,普通话,zh
41127,English,en
411279,"",ml
41128,English,en
41131,Český,cs
41131,English,en
41131,Français,fr
41131,Deutsch,de
41131,עִבְרִית,he
41131,Magyar,hu
41131,Polski,pl
41135,English,en
41135,Polski,pl
41135,Türkçe,tr
411405,English,en
411405,Español,es
41142,suomi,fi
411432,广州话 / 廣州話,cn
41144,English,en
411442,普通话,zh
41149,English,en
411516,Deutsch,de
411518,English,en
41153,English,en
41154,English,en
41156,English,en
41158,广州话 / 廣州話,cn
41160,English,en
411632,English,en
411638,Español,es
41165,English,en
411656,Nederlands,nl
41166,English,en
411678,Polski,pl
41171,English,en
411717,தமிழ்,ta
411736,English,en
411741,English,en
41180,English,en
411802,English,en
41182,Deutsch,de
41182,Magyar,hu
411822,"",ml
41183,English,en
41186,한국어/조선말,ko
41187,Türkçe,tr
411873,English,en
41188,हिन्दी,hi
41189,English,en
41198,广州话 / 廣州話,cn
41198,普通话,zh
41201,Français,fr
41201,"",gd
41201,English,en
41203,English,en
41204,English,en
41205,suomi,fi
412059,English,en
41206,English,en
41209,English,en
41209,Italiano,it
412093,Italiano,it
41210,English,en
412103,English,en
412105,English,en
41211,Français,fr
41211,日本語,ja
41211,Español,es
41211,普通话,zh
41211,العربية,ar
41211,English,en
41212,English,en
412120,日本語,ja
41213,Český,cs
41214,English,en
41214,Italiano,it
41215,English,en
41216,English,en
412202,English,en
412203,العربية,ar
412203,עִבְרִית,he
412204,English,en
412204,Français,fr
412204,Deutsch,de
412204,Polski,pl
412205,English,en
412205,Deutsch,de
412205,עִבְרִית,he
412205,Polski,pl
412209,English,en
412213,עִבְרִית,he
412214,suomi,fi
41225,English,en
41225,Français,fr
41225,Deutsch,de
41225,Italiano,it
41227,English,en
41227,Español,es
41228,Český,cs
412280,English,en
412302,English,en
41233,English,en
41234,English,en
41235,English,en
412363,עִבְרִית,he
41237,English,en
41240,English,en
41241,English,en
41242,Español,es
41243,English,en
412437,suomi,fi
41244,广州话 / 廣州話,cn
41244,English,en
41244,Italiano,it
41244,Tiếng Việt,vi
41245,한국어/조선말,ko
412467,Deutsch,de
412467,English,en
41248,Français,fr
412518,English,en
412519,English,en
41252,हिन्दी,hi
41253,English,en
41261,日本語,ja
41263,English,en
41264,Italiano,it
412660,Português,pt
412678,English,en
41272,Español,es
41273,English,en
41273,Français,fr
41275,English,en
412758,English,en
41276,English,en
412766,English,en
41277,Français,fr
41278,No Language,xx
41279,English,en
41280,English,en
41281,Deutsch,de
412818,English,en
41282,English,en
41283,English,en
41289,Français,fr
41291,English,en
41292,普通话,zh
412924,English,en
41294,Español,es
412974,English,en
41298,Español,es
41301,English,en
41301,Français,fr
413011,English,en
413017,فارسی,fa
413017,Español,es
413049,English,en
413052,English,en
41308,Español,es
41311,Español,es
41312,English,en
41313,English,en
413198,广州话 / 廣州話,cn
413198,普通话,zh
41324,English,en
41326,English,en
413279,English,en
4133,English,en
41331,English,en
413349,English,en
413361,English,en
41338,한국어/조선말,ko
413391,English,en
4134,Nederlands,nl
413417,English,en
41342,English,en
413421,हिन्दी,hi
41343,广州话 / 廣州話,cn
413430,suomi,fi
413441,English,en
41345,English,en
413452,English,en
41347,English,en
413471,English,en
41349,English,en
413543,हिन्दी,hi
413547,हिन्दी,hi
41355,English,en
41357,English,en
413579,English,en
413588,हिन्दी,hi
41360,English,en
413644,English,en
413648,Français,fr
41365,日本語,ja
413658,English,en
413658,普通话,zh
41366,English,en
413666,Español,es
413669,English,en
41368,English,en
413687,العربية,ar
413687,עִבְרִית,he
41371,English,en
413736,English,en
41374,English,en
413762,English,en
413764,Polski,pl
413765,English,en
41377,普通话,zh
413770,English,en
413778,Français,fr
41378,广州话 / 廣州話,cn
41378,普通话,zh
413782,English,en
413782,日本語,ja
413785,English,en
41380,广州话 / 廣州話,cn
41380,普通话,zh
41381,हिन्दी,hi
41382,English,en
41383,普通话,zh
413834,English,en
413837,Français,fr
413837,اردو,ur
41384,English,en
41386,English,en
41387,广州话 / 廣州話,cn
413882,हिन्दी,hi
41391,Dansk,da
413927,Français,fr
41393,English,en
41394,English,en
413953,"",hy
413953,Pусский,ru
41397,English,en
413992,English,en
413998,English,en
413998,Italiano,it
414,English,en
4140,Italiano,it
4140,"",bo
41400,广州话 / 廣州話,cn
41402,English,en
4141,English,en
4141,Italiano,it
41411,Français,fr
41411,Deutsch,de
41411,"",yi
41413,Italiano,it
41415,English,en
41416,普通话,zh
41417,English,en
414173,English,en
41419,English,en
414190,English,en
41423,English,en
41426,English,en
41427,Italiano,it
414276,हिन्दी,hi
41428,日本語,ja
41434,English,en
41434,Deutsch,de
41434,Polski,pl
41436,English,en
414382,English,en
41439,English,en
414392,English,en
414392,suomi,fi
41441,한국어/조선말,ko
41445,English,en
414453,English,en
414453,한국어/조선말,ko
414455,English,en
41446,English,en
41453,日本語,ja
41454,Dansk,da
41454,svenska,sv
414547,suomi,fi
4146,Français,fr
41461,English,en
414610,English,en
41462,English,en
41462,Español,es
41463,English,en
414632,English,en
41464,English,en
41464,Italiano,it
41465,Français,fr
41465,English,en
41468,English,en
41469,English,en
4147,English,en
41471,日本語,ja
414719,English,en
41472,日本語,ja
41474,日本語,ja
414743,English,en
414749,English,en
41475,English,en
414767,English,en
41477,日本語,ja
414771,العربية,ar
414771,עִבְרִית,he
41478,English,en
41479,Český,cs
41479,English,en
41479,Français,fr
4148,English,en
41480,English,en
41482,日本語,ja
414827,Türkçe,tr
41483,English,en
41483,Srpski,sr
41486,日本語,ja
41487,English,en
41488,Français,fr
41488,Deutsch,de
41488,English,en
41488,Italiano,it
41488,Latin,la
414910,English,en
41493,svenska,sv
414937,Český,cs
414937,English,en
414937,Magyar,hu
41495,English,en
41495,Español,es
41496,Deutsch,de
41497,English,en
41497,Deutsch,de
414977,English,en
41498,日本語,ja
41499,Français,fr
415,English,en
41503,English,en
41503,Italiano,it
415032,Français,fr
41504,Français,fr
41505,English,en
415078,English,en
41508,English,en
41508,Deutsch,de
41508,עִבְרִית,he
41508,Magyar,hu
41508,Polski,pl
41508,"",yi
415086,English,en
41513,English,en
415132,Français,fr
415137,Français,fr
41515,English,en
41516,English,en
41517,हिन्दी,hi
41517,தமிழ்,ta
41518,हिन्दी,hi
41520,Português,pt
41521,English,en
415214,"",my
415214,English,en
415214,普通话,zh
415214,ภาษาไทย,th
41522,English,en
415255,Español,es
41530,Dansk,da
415358,हिन्दी,hi
41536,ภาษาไทย,th
415396,Español,es
4154,English,en
4154,Tiếng Việt,vi
41545,Pусский,ru
41551,English,en
41552,English,en
41553,English,en
415542,English,en
41556,English,en
41556,Français,fr
41558,English,en
41559,English,en
41559,Español,es
415633,English,en
41566,English,en
415665,Français,fr
41568,English,en
41569,English,en
41569,Deutsch,de
41571,No Language,xx
415725,English,en
415730,English,en
415735,English,en
41574,English,en
415766,English,en
41577,English,en
41577,日本語,ja
41578,English,en
41579,English,en
41580,Français,fr
41581,Pусский,ru
41582,English,en
41583,Italiano,it
41586,English,en
41587,English,en
41588,English,en
41589,English,en
415892,Pусский,ru
41590,English,en
41591,English,en
41592,English,en
41593,Italiano,it
41597,Deutsch,de
41597,English,en
41599,English,en
41602,English,en
41602,Română,ro
41604,English,en
41605,English,en
41608,Italiano,it
416086,English,en
41609,English,en
41610,Italiano,it
41611,English,en
41611,Español,es
416124,English,en
416127,English,en
41613,English,en
41614,English,en
41616,English,en
416166,English,en
41619,Deutsch,de
416211,العربية,ar
416211,English,en
41625,Italiano,it
416251,English,en
416256,English,en
41628,Deutsch,de
41628,English,en
41630,English,en
41636,English,en
41638,English,en
416445,English,en
41645,English,en
41645,Español,es
41647,Deutsch,de
416477,English,en
416477,اردو,ur
41648,Français,fr
41648,Italiano,it
416499,English,en
41651,English,en
41653,svenska,sv
41656,English,en
416569,suomi,fi
41659,English,en
41660,English,en
41661,English,en
41662,English,en
41663,Magyar,hu
41663,Italiano,it
416635,English,en
416635,Eesti,et
41664,Italiano,it
41665,Italiano,it
41666,English,en
41668,Italiano,it
416680,Español,es
416688,English,en
416691,English,en
41670,English,en
41670,עִבְרִית,he
41670,"",yi
41671,English,en
41671,Português,pt
41678,Română,ro
41682,English,en
416867,English,en
41689,Magyar,hu
4169,English,en
4169,Pусский,ru
4169,العربية,ar
4169,Latin,la
416951,English,en
416987,English,en
4170,Pусский,ru
4170,English,en
4170,Español,es
4170,Polski,pl
417004,English,en
417028,English,en
41703,English,en
41703,Pусский,ru
417056,English,en
41709,English,en
4171,Français,fr
41714,广州话 / 廣州話,cn
41714,English,en
41714,Bahasa melayu,ms
41714,普通话,zh
41714,Tiếng Việt,vi
41725,English,en
417263,English,en
417285,Español,es
4173,English,en
4173,Français,fr
4173,Deutsch,de
4173,Italiano,it
4173,Español,es
41730,English,en
417320,Dansk,da
417321,English,en
41733,English,en
41733,Español,es
41738,English,en
417399,suomi,fi
4174,English,en
417427,Pусский,ru
417489,English,en
417489,Français,fr
41749,English,en
4175,English,en
417503,Norsk,no
417503,Português,pt
41758,English,en
41759,English,en
41759,Deutsch,de
4176,svenska,sv
4176,English,en
4176,Français,fr
4176,Deutsch,de
4176,Türkçe,tr
4176,Italiano,it
41760,English,en
41762,English,en
41764,svenska,sv
417644,Español,es
417644,English,en
417678,English,en
41768,English,en
41769,English,en
41771,English,en
41774,English,en
41776,English,en
41777,Hrvatski,hr
41777,Srpski,sr
41778,English,en
41779,English,en
41780,English,en
41781,বাংলা,bn
41781,English,en
417820,English,en
41783,普通话,zh
417830,English,en
41784,"",cr
41784,English,en
41784,Latin,la
41785,Latin,la
41785,Español,es
41787,English,en
417870,English,en
417877,English,en
41791,English,en
41792,English,en
417936,English,en
41796,English,en
41799,English,en
4180,Français,fr
41800,English,en
41801,English,en
41804,Français,fr
41805,English,en
41805,Français,fr
41806,Italiano,it
41806,Polski,pl
41806,Español,es
418072,Español,es
418078,English,en
41808,English,en
41809,English,en
41810,English,en
41811,English,en
41816,English,en
41817,English,en
4182,Français,fr
41820,English,en
41821,普通话,zh
41822,广州话 / 廣州話,cn
41822,English,en
41822,日本語,ja
41822,普通话,zh
41823,English,en
41827,English,en
41828,English,en
41831,English,en
41834,Deutsch,de
41834,Türkçe,tr
418378,"",tl
41841,English,en
41842,Pусский,ru
41843,English,en
41843,Deutsch,de
418437,English,en
41845,English,en
41845,Deutsch,de
41845,日本語,ja
41847,English,en
41848,English,en
41848,Italiano,it
41851,English,en
41852,English,en
41857,English,en
418585,English,en
41863,日本語,ja
41869,English,en
418691,English,en
418693,English,en
418718,Español,es
41872,English,en
41876,Deutsch,de
41876,Italiano,it
418772,English,en
41878,Français,fr
41878,Deutsch,de
41878,Español,es
418787,日本語,ja
41886,English,en
41889,English,en
418969,English,en
41897,Italiano,it
418979,English,en
418985,English,en
418990,English,en
418992,English,en
41902,हिन्दी,hi
41903,हिन्दी,hi
419037,English,en
4191,Français,fr
41913,English,en
41914,Český,cs
419147,English,en
419192,English,en
4192,Deutsch,de
4192,English,en
4192,Français,fr
4192,العربية,ar
41923,English,en
41924,Español,es
41925,English,en
41927,English,en
4193,Français,fr
4193,English,en
4193,Deutsch,de
41930,Français,fr
41932,English,en
419330,English,en
41934,English,en
41936,Français,fr
41937,English,en
41937,Italiano,it
419371,English,en
41938,English,en
41939,日本語,ja
41940,English,en
419428,Pусский,ru
41943,English,en
419430,English,en
41944,English,en
41945,English,en
419459,English,en
41946,English,en
419471,English,en
41949,English,en
4195,Français,fr
41950,English,en
41951,English,en
41951,Français,fr
41952,English,en
41952,Deutsch,de
419522,Italiano,it
41954,English,en
41954,Français,fr
41954,Deutsch,de
41954,Español,es
419546,English,en
41955,Pусский,ru
41957,Pусский,ru
41959,English,en
4196,English,en
419601,Pусский,ru
41961,Pусский,ru
41962,日本語,ja
41963,English,en
41963,Français,fr
419639,English,en
41965,English,en
41966,English,en
41967,English,en
41967,Íslenska,is
41968,English,en
41968,Deutsch,de
41969,English,en
41970,English,en
419700,English,en
41971,Français,fr
41971,English,en
41973,English,en
41974,English,en
419747,English,en
41975,Français,fr
41975,Deutsch,de
41977,Pусский,ru
419771,Pусский,ru
41978,Pусский,ru
419786,English,en
41979,Pусский,ru
41980,广州话 / 廣州話,cn
41988,English,en
4199,English,en
41992,Deutsch,de
41992,Norsk,no
41992,svenska,sv
41993,广州话 / 廣州話,cn
41994,English,en
41996,English,en
41999,English,en
42000,日本語,ja
42001,English,en
42002,English,en
42002,Español,es
42003,English,en
42005,Magyar,hu
42006,普通话,zh
42008,English,en
42008,Italiano,it
42008,Español,es
4201,English,en
42010,English,en
42011,日本語,ja
42012,English,en
42012,ภาษาไทย,th
42013,English,en
42015,English,en
42017,English,en
4202,Français,fr
42020,Español,es
42021,English,en
42021,Italiano,it
42023,English,en
420245,English,en
4203,Español,es
42030,English,en
42031,Português,pt
42032,Deutsch,de
42033,English,en
42034,English,en
420346,English,en
42035,English,en
42039,English,en
4204,English,en
42040,English,en
42041,日本語,ja
42044,English,en
42044,Français,fr
42044,Deutsch,de
42044,עִבְרִית,he
42044,Polski,pl
42044,"",yi
42045,English,en
42046,English,en
42047,English,en
42048,English,en
420481,Pусский,ru
420511,English,en
420519,English,en
42053,English,en
42057,English,en
42057,ਪੰਜਾਬੀ,pa
42062,English,en
420648,Deutsch,de
420648,Español,es
42066,English,en
420703,Português,pt
420714,English,en
420743,فارسی,fa
42077,English,en
42078,English,en
42081,Deutsch,de
42082,English,en
42084,English,en
42085,Español,es
42086,English,en
42087,English,en
42090,svenska,sv
42092,বাংলা,bn
42093,English,en
42093,Français,fr
42093,Deutsch,de
42094,English,en
42095,日本語,ja
420967,English,en
42098,English,en
421,English,en
421,Íslenska,is
421,Português,pt
421,Français,fr
421,"",tl
421,Deutsch,de
421,Italiano,it
42100,English,en
42106,Español,es
421060,"",tl
42107,English,en
42108,Français,fr
42112,Français,fr
42112,Latin,la
421126,Український,uk
42113,日本語,ja
42114,English,en
42115,Français,fr
42116,日本語,ja
42120,广州话 / 廣州話,cn
42121,English,en
42122,English,en
42123,English,en
42123,"",mi
42124,English,en
42124,Deutsch,de
42124,Español,es
42128,Español,es
42128,English,en
421281,English,en
42129,Italiano,it
42130,Italiano,it
42131,Français,fr
42131,Italiano,it
421313,English,en
42132,Magyar,hu
42134,English,en
42134,Polski,pl
42135,English,en
42136,English,en
421365,ελληνικά,el
42137,日本語,ja
42138,Pусский,ru
42139,Español,es
42140,Deutsch,de
42142,Deutsch,de
42143,日本語,ja
42143,English,en
421443,English,en
42146,English,en
42147,Italiano,it
42148,Português,pt
42149,English,en
42150,Italiano,it
42151,English,en
42152,Deutsch,de
42153,Deutsch,de
421550,English,en
421552,English,en
421556,English,en
42156,English,en
42157,English,en
42158,English,en
42159,English,en
42160,English,en
421619,Hrvatski,hr
421623,English,en
42164,Polski,pl
42165,עִבְרִית,he
42165,English,en
42167,Português,pt
42168,English,en
42170,日本語,ja
42171,English,en
42172,English,en
421725,English,en
42173,English,en
421741,Pусский,ru
42175,English,en
421758,English,en
42176,English,en
42178,English,en
42179,English,en
42182,English,en
42185,English,en
421851,English,en
421854,English,en
42186,English,en
42187,English,en
42187,Deutsch,de
42188,English,en
42189,English,en
42191,English,en
421928,한국어/조선말,ko
42193,English,en
42194,日本語,ja
42194,普通话,zh
42194,English,en
42195,English,en
42195,Deutsch,de
42195,Español,es
42195,Français,fr
42195,Italiano,it
42195,Português,pt
42195,suomi,fi
42195,Pусский,ru
42195,Український,uk
42195,广州话 / 廣州話,cn
42195,日本語,ja
42195,한국어/조선말,ko
42195,普通话,zh
421958,Deutsch,de
42196,English,en
421962,English,en
422,Deutsch,de
422,English,en
422,Français,fr
422,Italiano,it
42200,English,en
42200,Español,es
422005,suomi,fi
42201,Français,fr
42203,English,en
42204,English,en
42205,English,en
42206,Deutsch,de
42211,Deutsch,de
42211,Italiano,it
42212,English,en
422127,English,en
42213,English,en
42215,English,en
42216,English,en
42216,Italiano,it
42217,English,en
42217,Français,fr
42218,English,en
42220,Italiano,it
42222,English,en
42222,Français,fr
42222,Deutsch,de
42222,Pусский,ru
42223,Deutsch,de
42225,Deutsch,de
42225,Italiano,it
42225,Latin,la
42225,"",sc
42226,Français,fr
42226,Deutsch,de
42228,English,en
42229,Italiano,it
42230,普通话,zh
42231,English,en
42232,English,en
42233,English,en
42234,Português,pt
42236,Italiano,it
42237,Français,fr
42238,Français,fr
42241,Latin,la
42242,English,en
42243,English,en
42244,English,en
42245,English,en
42246,English,en
422469,English,en
42247,English,en
42247,Pусский,ru
42250,Français,fr
422500,English,en
42251,English,en
422514,English,en
42252,English,en
42254,Français,fr
42254,Deutsch,de
422548,English,en
422550,English,en
422551,English,en
422559,English,en
422566,العربية,ar
422566,Français,fr
42257,English,en
42257,"",yi
42258,Nederlands,nl
4226,English,en
42260,Deutsch,de
422603,English,en
422603,"",ml
42261,English,en
42261,Deutsch,de
42262,English,en
42264,English,en
42266,Deutsch,de
42266,English,en
42267,English,en
42268,English,en
42269,Italiano,it
422715,Pусский,ru
42273,English,en
42275,Pусский,ru
42279,Pусский,ru
4228,English,en
4228,Français,fr
422842,English,en
42286,English,en
422874,English,en
422878,English,en
42288,English,en
42290,Italiano,it
42291,English,en
42293,Deutsch,de
42293,Tiếng Việt,vi
42295,English,en
42296,English,en
422960,العربية,ar
422960,English,en
422960,ελληνικά,el
422960,فارسی,fa
42297,English,en
422972,English,en
42298,English,en
423,English,en
423,Deutsch,de
423,Pусский,ru
42303,English,en
42305,English,en
42306,English,en
42307,English,en
42307,Türkçe,tr
423078,suomi,fi
42309,English,en
423093,Español,es
423122,English,en
42313,English,en
42313,Deutsch,de
42313,Pусский,ru
42313,svenska,sv
42314,English,en
42316,English,en
42316,Français,fr
42316,Deutsch,de
42316,Italiano,it
42316,Pусский,ru
42316,svenska,sv
42318,ελληνικά,el
4232,English,en
42323,हिन्दी,hi
42323,English,en
42325,English,en
42326,Italiano,it
42328,Español,es
42328,English,en
42329,English,en
4233,English,en
42332,English,en
42332,Pусский,ru
423360,Pусский,ru
423367,Pусский,ru
42337,Français,fr
423377,English,en
4234,English,en
42341,日本語,ja
42342,English,en
42343,English,en
42345,English,en
423453,English,en
423453,Français,fr
42346,Nederlands,nl
42347,English,en
42347,Deutsch,de
4235,English,en
4235,Français,fr
4235,Italiano,it
423525,suomi,fi
423536,English,en
42355,普通话,zh
42358,English,en
42358,Français,fr
42362,English,en
42363,English,en
423681,Deutsch,de
423681,Latviešu,lv
423681,Pусский,ru
42371,English,en
423733,English,en
42380,广州话 / 廣州話,cn
42383,English,en
42384,한국어/조선말,ko
42390,English,en
42390,עִבְרִית,he
42390,Deutsch,de
423917,suomi,fi
42395,Italiano,it
423988,English,en
42399,Italiano,it
424,Deutsch,de
424,Polski,pl
424,עִבְרִית,he
424,English,en
42401,English,en
42402,English,en
42407,English,en
4241,日本語,ja
42411,Italiano,it
42413,English,en
424145,Pусский,ru
42416,Italiano,it
42418,English,en
424182,English,en
42420,Italiano,it
424208,English,en
42424,English,en
42427,Français,fr
42430,日本語,ja
424322,Pусский,ru
42436,Italiano,it
42438,Italiano,it
4244,English,en
42441,Italiano,it
42444,Italiano,it
42448,English,en
424488,العربية,ar
424488,English,en
42449,English,en
42449,Français,fr
42449,Tiếng Việt,vi
42450,English,en
42451,English,en
42452,English,en
42453,Dansk,da
42453,Íslenska,is
42453,Norsk,no
42453,svenska,sv
42453,English,en
42455,English,en
42456,English,en
42457,English,en
42458,English,en
42458,Español,es
42459,English,en
42459,Español,es
42460,English,en
42460,Français,fr
42460,Deutsch,de
424600,English,en
42461,Deutsch,de
42463,Français,fr
424634,Italiano,it
424634,Deutsch,de
42464,English,en
424643,English,en
42466,English,en
424661,English,en
42467,Magyar,hu
42468,English,en
42469,English,en
4247,English,en
42470,English,en
42472,English,en
42472,Français,fr
42473,English,en
42476,English,en
42477,English,en
424782,Polski,pl
42479,English,en
4248,English,en
42481,Deutsch,de
42482,English,en
424822,English,en
42483,English,en
42485,Magyar,hu
42486,English,en
42487,English,en
42488,English,en
42488,svenska,sv
424889,English,en
424889,Deutsch,de
42489,English,en
42491,English,en
42492,English,en
42493,English,en
42494,English,en
42495,English,en
42496,English,en
42497,English,en
42497,Français,fr
42498,বাংলা,bn
42499,Italiano,it
424998,English,en
425,English,en
4250,Deutsch,de
4250,Italiano,it
42500,English,en
425002,English,en
425003,English,en
42501,Français,fr
42502,Español,es
42506,한국어/조선말,ko
42507,한국어/조선말,ko
4251,हिन्दी,hi
42511,English,en
42512,Deutsch,de
42513,English,en
42513,Français,fr
425134,Español,es
425134,English,en
42514,English,en
42515,Italiano,it
42515,Deutsch,de
42515,English,en
42516,Deutsch,de
42516,Magyar,hu
42517,English,en
42518,English,en
42519,English,en
4252,हिन्दी,hi
42521,English,en
42522,English,en
42525,English,en
42526,English,en
42527,English,en
42528,Français,fr
42529,Hrvatski,hr
42529,Deutsch,de
42529,English,en
42529,Pусский,ru
42529,Srpski,sr
4253,English,en
4253,Deutsch,de
4253,हिन्दी,hi
42530,English,en
42531,English,en
42532,English,en
42533,English,en
42537,English,en
425383,Dansk,da
42539,Polski,pl
4254,Deutsch,de
4254,हिन्दी,hi
42541,English,en
42542,English,en
42548,English,en
425488,English,en
425498,English,en
4255,English,en
42551,English,en
42552,English,en
42553,English,en
42554,English,en
425553,svenska,sv
425591,English,en
4256,English,en
42561,English,en
42564,English,en
42565,No Language,xx
42566,English,en
42567,English,en
42569,English,en
4257,English,en
42570,English,en
42571,Italiano,it
42571,Español,es
425716,Dansk,da
425716,English,en
425751,English,en
42576,Italiano,it
425774,English,en
42579,Italiano,it
4258,English,en
42580,English,en
42581,English,en
42581,Português,pt
42581,Español,es
42585,English,en
42586,Deutsch,de
42586,English,en
42587,Deutsch,de
42588,English,en
42589,English,en
42590,Italiano,it
42591,Deutsch,de
425916,English,en
42593,English,en
425931,English,en
425931,Français,fr
425942,Español,es
42595,Italiano,it
425961,Polski,pl
42597,English,en
42599,English,en
42599,Français,fr
426,English,en
42600,English,en
42601,日本語,ja
42602,Deutsch,de
42602,svenska,sv
42603,English,en
42604,English,en
42605,English,en
42606,English,en
42607,English,en
42611,Français,fr
42612,English,en
42614,English,en
42616,English,en
426166,한국어/조선말,ko
42617,English,en
42617,Italiano,it
42617,Português,pt
42618,English,en
42619,English,en
42621,English,en
42621,Español,es
42622,English,en
426224,English,en
42623,English,en
42623,Español,es
426230,English,en
426253,English,en
426253,Português,pt
426256,English,en
42626,English,en
426264,English,en
426264,Español,es
426265,English,en
426265,Português,pt
426272,English,en
42628,English,en
42628,日本語,ja
42630,English,en
42632,English,en
42633,English,en
42634,Español,es
42634,English,en
42635,English,en
42636,English,en
42640,English,en
42641,العربية,ar
42641,English,en
42641,Français,fr
42641,Italiano,it
42641,Español,es
42642,Pусский,ru
42645,English,en
426469,English,en
42647,Pусский,ru
42648,English,en
42649,English,en
42650,English,en
42651,Pусский,ru
42652,Pусский,ru
42655,Pусский,ru
42658,English,en
426580,English,en
42659,English,en
4266,Français,fr
42661,English,en
426634,English,en
42664,English,en
426670,English,en
42668,English,en
42669,English,en
4267,Français,fr
42673,English,en
42674,Italiano,it
42675,Italiano,it
42676,Italiano,it
42678,English,en
42679,Italiano,it
426808,English,en
42683,English,en
426830,Français,fr
42684,English,en
42685,English,en
42687,English,en
42688,English,en
42689,English,en
4269,Français,fr
42690,Français,fr
42690,Deutsch,de
426903,No Language,xx
42691,Italiano,it
42691,Română,ro
42692,Dansk,da
42692,svenska,sv
42693,English,en
42694,English,en
42695,svenska,sv
426958,Magyar,hu
42696,Srpski,sr
42697,English,en
42699,한국어/조선말,ko
427,Français,fr
42700,English,en
42700,Français,fr
42700,Italiano,it
42700,Español,es
42701,English,en
42701,Français,fr
42702,English,en
42702,Español,es
42703,English,en
427043,Deutsch,de
427045,English,en
42706,Italiano,it
42706,English,en
42707,English,en
42709,English,en
427095,Nederlands,nl
4271,Français,fr
42710,English,en
42711,English,en
42712,日本語,ja
42713,English,en
42714,English,en
42716,English,en
42717,English,en
42718,日本語,ja
42719,English,en
42719,Italiano,it
42720,日本語,ja
42721,日本語,ja
42722,Français,fr
42724,English,en
42725,English,en
42726,Français,fr
42727,English,en
42728,English,en
42729,English,en
42731,English,en
42732,English,en
42733,Italiano,it
42734,English,en
427342,Pусский,ru
42735,English,en
42737,English,en
42738,English,en
42739,English,en
4274,Français,fr
42740,English,en
42741,Français,fr
427416,Magyar,hu
42743,English,en
42744,English,en
427451,English,en
42748,Nederlands,nl
42748,Français,fr
42750,English,en
42752,English,en
42752,Español,es
42756,English,en
42757,Dansk,da
42758,English,en
42759,English,en
42762,English,en
42764,English,en
42764,Italiano,it
42767,English,en
427680,ภาษาไทย,th
42770,Íslenska,is
42772,English,en
42779,English,en
42780,English,en
42782,English,en
42782,Français,fr
42783,English,en
42786,English,en
42787,English,en
42788,Italiano,it
42789,English,en
4279,Français,fr
42790,Italiano,it
42791,English,en
42792,English,en
42793,English,en
42794,English,en
42795,English,en
42796,English,en
42797,English,en
42798,English,en
42798,Français,fr
428,Deutsch,de
42800,English,en
42801,Italiano,it
42802,Français,fr
42802,Pусский,ru
42807,English,en
428074,English,en
42808,Italiano,it
42808,Deutsch,de
42809,日本語,ja
4281,English,en
42811,English,en
42811,Deutsch,de
42812,English,en
42812,svenska,sv
42814,English,en
42814,Español,es
42815,English,en
42816,English,en
42818,Français,fr
42819,English,en
42819,Deutsch,de
42819,Polski,pl
42822,English,en
42825,English,en
4283,English,en
4283,Français,fr
4283,Kiswahili,sw
42832,Français,fr
428355,English,en
428356,Pусский,ru
42836,Français,fr
42836,Deutsch,de
42837,Deutsch,de
42839,English,en
428398,Pусский,ru
428449,English,en
42845,广州话 / 廣州話,cn
42848,English,en
428493,English,en
428495,Français,fr
428495,العربية,ar
428495,English,en
4285,Deutsch,de
428501,العربية,ar
42852,English,en
4286,Italiano,it
42861,English,en
42861,Français,fr
428612,English,en
42862,Deutsch,de
42863,English,en
428645,Português,pt
428687,English,en
42870,English,en
42870,Italiano,it
42871,English,en
42872,English,en
42872,Italiano,it
42879,English,en
4288,English,en
42881,English,en
42884,English,en
42885,English,en
42886,English,en
428863,Español,es
42888,English,en
42889,English,en
42889,Français,fr
4289,English,en
42891,English,en
42892,Italiano,it
428950,English,en
429,Italiano,it
4290,English,en
42903,English,en
429039,English,en
42904,English,en
429070,Français,fr
4291,日本語,ja
42910,English,en
429107,English,en
429107,Español,es
429126,English,en
42914,English,en
42916,English,en
429174,Pусский,ru
42918,English,en
429191,Español,es
429199,العربية,ar
429199,English,en
429199,suomi,fi
429199,svenska,sv
429200,English,en
429238,English,en
429238,Français,fr
429238,Deutsch,de
42938,日本語,ja
429389,English,en
42939,English,en
42941,English,en
42943,English,en
42943,Español,es
42944,English,en
429450,Deutsch,de
429450,한국어/조선말,ko
42949,English,en
42950,English,en
42952,Pусский,ru
429524,English,en
4296,English,en
42960,Deutsch,de
42960,suomi,fi
42966,हिन्दी,hi
429662,English,en
429662,हिन्दी,hi
429662,Português,pt
42968,Español,es
429698,English,en
42971,English,en
42973,English,en
42973,Français,fr
429732,Română,ro
429732,Pусский,ru
429779,English,en
429788,English,en
42979,English,en
429792,English,en
429797,English,en
429801,English,en
42983,Polski,pl
429838,English,en
42984,日本語,ja
42986,English,en
42987,English,en
42988,English,en
42988,Français,fr
42988,Italiano,it
42989,English,en
42990,Español,es
42990,English,en
42991,English,en
429918,日本語,ja
42994,Italiano,it
42994,日本語,ja
42995,English,en
42996,English,en
42996,Deutsch,de
42996,Español,es
42997,English,en
42997,Français,fr
42998,Italiano,it
42999,Italiano,it
430,English,en
430,Deutsch,de
430,Pусский,ru
43000,Français,fr
43000,Deutsch,de
43001,Français,fr
43002,English,en
43002,Español,es
43003,English,en
43003,Français,fr
43003,Español,es
43004,English,en
430058,Français,fr
43006,日本語,ja
43006,English,en
43007,English,en
43008,English,en
43009,English,en
43011,English,en
43012,English,en
43012,Latin,la
430128,Português,pt
43013,Dansk,da
43013,Deutsch,de
43013,English,en
43015,English,en
430156,English,en
430158,English,en
43016,English,en
430161,Español,es
43017,English,en
43018,English,en
43020,English,en
43020,Français,fr
43020,Italiano,it
43020,Español,es
43021,English,en
43022,English,en
43023,English,en
43023,Deutsch,de
430250,English,en
43026,Français,fr
430263,Pусский,ru
43027,বাংলা,bn
43028,English,en
43029,English,en
43029,Français,fr
43030,English,en
43031,বাংলা,bn
43034,English,en
43034,日本語,ja
43034,Español,es
43035,English,en
43036,Français,fr
430365,English,en
430365,Français,fr
430365,Pусский,ru
43037,English,en
43037,"",gd
43039,English,en
43039,ελληνικά,el
43039,Pусский,ru
43040,English,en
43041,Magyar,hu
43041,English,en
430413,Pусский,ru
430419,English,en
43042,English,en
430423,Français,fr
430448,English,en
43045,English,en
43046,Deutsch,de
43046,Français,fr
43046,Italiano,it
43046,English,en
43047,English,en
43048,English,en
43049,English,en
43051,English,en
430514,Français,fr
43052,svenska,sv
430598,English,en
43065,English,en
4307,Español,es
43071,Français,fr
43071,Español,es
43074,English,en
43075,English,en
43077,English,en
430780,English,en
43079,English,en
430826,English,en
43083,עִבְרִית,he
430830,English,en
430834,English,en
43084,English,en
43085,English,en
43088,普通话,zh
43089,English,en
43090,English,en
43092,English,en
43093,English,en
43094,English,en
43095,日本語,ja
43096,English,en
43097,English,en
430973,"",tl
430977,"",tl
430985,English,en
430988,Pусский,ru
431,Deutsch,de
431,English,en
43100,Deutsch,de
43100,Italiano,it
43101,Français,fr
43102,Français,fr
43103,English,en
43105,English,en
43106,English,en
431071,Pусский,ru
431071,English,en
43109,English,en
43109,Español,es
431093,English,en
431093,Español,es
4311,Français,fr
43110,English,en
43111,English,en
43111,Deutsch,de
43112,English,en
43112,Polski,pl
43113,Deutsch,de
43113,日本語,ja
43114,English,en
43115,English,en
43116,English,en
43117,English,en
43118,Pусский,ru
43119,English,en
43120,English,en
43121,日本語,ja
43122,English,en
431244,English,en
431244,Italiano,it
431251,한국어/조선말,ko
431261,English,en
43128,English,en
43130,English,en
43130,Español,es
43131,English,en
43132,English,en
43135,English,en
43136,English,en
43137,English,en
43138,Pусский,ru
43138,English,en
43138,Polski,pl
43139,English,en
431391,English,en
43141,English,en
43142,English,en
43143,English,en
431435,Pусский,ru
43144,English,en
43145,English,en
431458,Pусский,ru
43146,Français,fr
43147,English,en
43148,English,en
43149,English,en
43149,Deutsch,de
431490,English,en
43150,English,en
43151,English,en
43153,Français,fr
43155,English,en
43157,English,en
43158,English,en
43158,עִבְרִית,he
43158,Español,es
43167,English,en
431714,English,en
43172,English,en
431742,English,en
43176,English,en
43177,English,en
43187,English,en
43188,English,en
43189,English,en
43191,English,en
43192,English,en
43193,English,en
431937,Français,fr
43194,English,en
43194,Italiano,it
43195,Deutsch,de
43195,Italiano,it
43199,English,en
43200,Italiano,it
432025,Polski,pl
43205,English,en
43206,Norsk,no
43208,English,en
43209,普通话,zh
43209,ภาษาไทย,th
43211,Italiano,it
43212,한국어/조선말,ko
43213,English,en
43219,English,en
43226,日本語,ja
43228,English,en
43229,English,en
43230,English,en
43231,Italiano,it
43232,English,en
43234,English,en
43236,English,en
432364,English,en
43239,English,en
43240,English,en
43241,English,en
43248,English,en
43250,English,en
43252,English,en
43253,English,en
43254,English,en
43255,日本語,ja
43256,English,en
43257,English,en
43258,English,en
43259,English,en
4326,Deutsch,de
43260,English,en
432602,English,en
432607,English,en
43261,English,en
432615,English,en
43263,English,en
43263,Français,fr
43266,English,en
43266,Cymraeg,cy
43267,Italiano,it
43268,English,en
43268,Italiano,it
43269,English,en
4327,English,en
4327,Deutsch,de
4327,suomi,fi
4327,日本語,ja
4327,广州话 / 廣州話,cn
43271,Español,es
43275,English,en
43275,Italiano,it
43277,English,en
43278,English,en
432789,English,en
43279,English,en
432799,English,en
432799,Polski,pl
43281,Français,fr
432883,English,en
43292,Italiano,it
43294,Italiano,it
432959,English,en
433,English,en
43303,English,en
433054,English,en
433056,English,en
43306,English,en
433067,English,en
43307,English,en
43308,English,en
433082,Dansk,da
433082,Deutsch,de
433084,广州话 / 廣州話,cn
433084,English,en
433086,हिन्दी,hi
43309,English,en
43310,English,en
43311,English,en
43312,English,en
43313,English,en
43314,English,en
43314,Français,fr
43316,English,en
43317,English,en
43318,English,en
43318,Español,es
43319,English,en
43321,English,en
43322,Polski,pl
43323,English,en
43323,Latin,la
433244,English,en
433245,English,en
43326,English,en
43327,English,en
43329,English,en
43332,English,en
43333,English,en
433356,English,en
43336,English,en
43337,No Language,xx
43338,Español,es
43339,日本語,ja
43340,English,en
43341,English,en
43342,English,en
43343,English,en
43344,Español,es
43345,English,en
43345,Español,es
43346,English,en
43347,English,en
433471,English,en
43348,English,en
43348,Español,es
43349,日本語,ja
43350,English,en
43351,English,en
43351,Français,fr
43353,English,en
43354,English,en
43355,English,en
43357,English,en
43358,English,en
433583,English,en
433583,Dansk,da
43360,Français,fr
43361,Italiano,it
43362,English,en
43363,English,en
433630,English,en
43364,日本語,ja
43365,English,en
43367,English,en
43368,English,en
43369,English,en
43370,English,en
43371,English,en
433711,English,en
43372,Italiano,it
43373,English,en
43376,Français,fr
43378,English,en
43379,English,en
43379,Italiano,it
4338,English,en
43380,English,en
43381,English,en
43384,English,en
43385,English,en
43386,English,en
43387,English,en
433878,English,en
43388,English,en
43389,English,en
43389,Italiano,it
4339,Deutsch,de
43390,English,en
43391,English,en
43392,English,en
43394,English,en
433945,日本語,ja
43395,English,en
43396,English,en
43397,English,en
43398,English,en
434,Deutsch,de
43407,English,en
43407,Français,fr
43407,Deutsch,de
43407,日本語,ja
43409,Français,fr
43410,বাংলা,bn
43410,हिन्दी,hi
434119,한국어/조선말,ko
434166,English,en
434166,Deutsch,de
43417,English,en
43417,Español,es
434178,English,en
43418,English,en
43419,English,en
43422,Español,es
43423,فارسی,fa
434234,English,en
43429,Español,es
43430,Pусский,ru
434306,English,en
43432,Español,es
43434,Français,fr
43434,Deutsch,de
43434,English,en
43434,Español,es
43434,العربية,ar
43434,Magyar,hu
43434,日本語,ja
43434,Pусский,ru
43435,English,en
43436,English,en
43437,English,en
43438,English,en
43439,English,en
4344,English,en
4344,Deutsch,de
4344,हिन्दी,hi
4344,ภาษาไทย,th
43440,English,en
43440,Español,es
43441,English,en
43442,English,en
43442,Français,fr
43442,Norsk,no
43443,English,en
43444,Italiano,it
43445,Italiano,it
43448,English,en
43449,English,en
43449,Português,pt
43449,Español,es
43450,English,en
43451,English,en
434510,English,en
43452,English,en
43453,English,en
43454,English,en
43455,English,en
43456,English,en
43457,English,en
43458,English,en
43459,Español,es
43460,Français,fr
43461,English,en
434616,Français,fr
43462,Français,fr
43463,English,en
43464,Italiano,it
43466,English,en
43466,svenska,sv
43469,English,en
43469,Italiano,it
4347,English,en
4347,Français,fr
43470,English,en
43471,English,en
434711,Français,fr
434711,English,en
434724,한국어/조선말,ko
43473,English,en
43475,English,en
434758,English,en
43477,English,en
4348,English,en
43481,English,en
43485,English,en
43486,Français,fr
43487,日本語,ja
434873,English,en
43488,English,en
43488,Italiano,it
43489,English,en
4349,العربية,ar
4349,English,en
43490,English,en
43490,日本語,ja
43491,English,en
43492,English,en
43492,Cymraeg,cy
43494,English,en
43495,English,en
43497,English,en
43498,English,en
43499,English,en
435,English,en
435,日本語,ja
435,Français,fr
435,العربية,ar
435,Español,es
43500,English,en
43501,English,en
43503,English,en
43504,English,en
435041,Pусский,ru
43506,English,en
4351,English,en
4351,Deutsch,de
4351,Español,es
43510,English,en
43511,English,en
43512,English,en
43513,English,en
43514,English,en
43515,English,en
43516,Français,fr
43516,English,en
43517,English,en
43518,English,en
43522,English,en
43524,English,en
43525,English,en
43526,English,en
43529,English,en
43532,English,en
43533,English,en
43535,English,en
435351,English,en
435366,한국어/조선말,ko
43539,English,en
43542,English,en
43546,English,en
43546,Español,es
43546,Français,fr
435473,English,en
43548,Italiano,it
43549,English,en
43550,English,en
43551,English,en
43552,English,en
43562,English,en
43566,English,en
43566,Français,fr
43566,Deutsch,de
435707,Español,es
435737,English,en
43580,English,en
435821,한국어/조선말,ko
43584,Italiano,it
43585,English,en
43592,Italiano,it
435921,Italiano,it
43593,English,en
43594,English,en
43595,English,en
43596,Deutsch,de
43597,English,en
43597,"",yi
43598,English,en
43599,English,en
436,English,en
436,Español,es
43600,English,en
43601,English,en
43603,Français,fr
43603,English,en
43604,English,en
43605,English,en
43608,English,en
43610,English,en
43612,Français,fr
43614,Français,fr
43616,Français,fr
43619,Català,ca
43619,English,en
43619,Français,fr
43625,English,en
43626,English,en
43626,Magyar,hu
436279,Magyar,hu
43629,No Language,xx
436305,English,en
436334,English,en
436334,Français,fr
436334,Deutsch,de
436339,Português,pt
43634,English,en
43634,Español,es
436340,Français,fr
436343,Magyar,hu
43635,日本語,ja
436352,English,en
436352,Français,fr
436352,Deutsch,de
43637,广州话 / 廣州話,cn
43638,English,en
43638,"",km
43638,Tiếng Việt,vi
43641,English,en
43642,English,en
43643,English,en
43645,Italiano,it
436450,English,en
43646,Italiano,it
43648,Italiano,it
43649,Italiano,it
4365,English,en
43650,English,en
43651,English,en
43652,Deutsch,de
43654,English,en
43656,English,en
43657,English,en
43664,English,en
43664,Italiano,it
43670,English,en
43670,Pусский,ru
43673,English,en
4368,English,en
43680,Pусский,ru
43681,Dansk,da
43685,Pусский,ru
43687,English,en
43688,English,en
436882,Nederlands,nl
43689,English,en
43689,Français,fr
4369,Français,fr
43691,English,en
43692,English,en
43693,English,en
436932,English,en
43696,English,en
43699,English,en
436994,한국어/조선말,ko
437,English,en
43701,English,en
437031,Español,es
43705,English,en
43708,English,en
43710,English,en
43711,English,en
43713,日本語,ja
43715,English,en
43716,English,en
43719,English,en
437220,普通话,zh
43727,English,en
437311,Español,es
43734,English,en
43738,български език,bg
43739,English,en
43739,Français,fr
43740,English,en
43740,עִבְרִית,he
43741,Magyar,hu
43742,English,en
43749,English,en
4375,English,en
4375,Deutsch,de
43750,English,en
43751,English,en
43751,Deutsch,de
43751,Español,es
43752,English,en
43753,English,en
43754,English,en
43756,English,en
43757,English,en
43759,English,en
43761,فارسی,fa
437623,ქართული,ka
437623,Pусский,ru
43764,فارسی,fa
43765,فارسی,fa
43766,فارسی,fa
43767,فارسی,fa
43768,ελληνικά,el
43768,فارسی,fa
43768,Pусский,ru
43768,Türkçe,tr
4377,Deutsch,de
43771,فارسی,fa
43772,فارسی,fa
43773,فارسی,fa
43774,فارسی,fa
43775,Español,es
437752,English,en
43776,Español,es
43777,Español,es
43778,Español,es
43779,Norsk,no
43779,Deutsch,de
43779,English,en
43779,Français,fr
43779,עִבְרִית,he
43779,Español,es
43779,Polski,pl
43780,Nederlands,nl
43780,English,en
43780,Français,fr
43780,Deutsch,de
43780,Latin,la
43781,English,en
43783,English,en
437838,Deutsch,de
43785,Deutsch,de
43785,Italiano,it
43786,English,en
43786,日本語,ja
43787,English,en
43788,English,en
43789,English,en
4379,Český,cs
4379,English,en
4379,Português,pt
43790,English,en
43791,English,en
43791,Deutsch,de
43791,Latin,la
43791,Español,es
43792,English,en
43793,English,en
437941,Pусский,ru
43795,English,en
43797,English,en
43798,English,en
43798,Français,fr
43798,Italiano,it
43799,English,en
438,Español,es
438,English,en
438,Français,fr
4380,English,en
43800,English,en
43801,English,en
43802,English,en
43804,English,en
43805,English,en
43805,Magyar,hu
43806,English,en
43807,English,en
43807,Français,fr
43808,English,en
438081,普通话,zh
43809,English,en
43810,English,en
438108,English,en
43811,English,en
43812,English,en
438137,English,en
438144,Français,fr
43818,English,en
43819,English,en
43821,English,en
43822,English,en
43823,English,en
43824,English,en
43825,English,en
43828,English,en
43828,Pусский,ru
438283,English,en
43829,English,en
43832,Español,es
43832,English,en
43833,English,en
43836,English,en
43837,English,en
43838,English,en
43839,English,en
43841,Français,fr
43841,English,en
43844,Italiano,it
43844,Français,fr
438446,English,en
43845,Français,fr
43846,English,en
43847,English,en
43847,Español,es
43849,English,en
438493,English,en
43850,English,en
43852,English,en
43853,English,en
43855,English,en
43856,Français,fr
43856,English,en
43857,English,en
43858,English,en
438597,Pусский,ru
43860,English,en
43862,English,en
43863,English,en
438634,Català,ca
43864,English,en
438643,English,en
43865,English,en
43866,English,en
438665,English,en
43867,Español,es
43867,English,en
43868,English,en
43869,English,en
43871,English,en
43872,English,en
43873,Français,fr
43874,English,en
43875,English,en
43876,Français,fr
43877,日本語,ja
43878,Français,fr
43879,English,en
43880,English,en
43881,English,en
43882,English,en
43884,English,en
43885,English,en
43886,English,en
43887,English,en
43888,English,en
43888,Français,fr
43889,English,en
43890,English,en
43891,English,en
43892,English,en
43893,English,en
43894,English,en
43895,English,en
43896,English,en
43897,English,en
43898,English,en
43899,English,en
439,Deutsch,de
439,English,en
439,Français,fr
439,Italiano,it
43900,Français,fr
43901,English,en
43902,English,en
43903,English,en
43904,Français,fr
43904,Pусский,ru
43905,English,en
439050,فارسی,fa
439056,日本語,ja
43908,Türkçe,tr
439107,English,en
43911,English,en
43912,English,en
43913,English,en
43915,English,en
439154,Français,fr
43919,English,en
43920,English,en
43922,English,en
43923,English,en
43925,Português,pt
439263,suomi,fi
43930,English,en
43931,English,en
43933,Español,es
43933,English,en
43935,English,en
43935,Türkçe,tr
43936,Français,fr
43936,"",km
43937,English,en
43938,English,en
43939,English,en
43942,English,en
43943,English,en
43947,English,en
43949,English,en
43950,Français,fr
439502,English,en
439502,Français,fr
439502,Pусский,ru
43953,Dansk,da
43956,English,en
43956,Français,fr
43956,Español,es
43956,svenska,sv
43959,English,en
43960,English,en
43961,English,en
43962,English,en
43967,日本語,ja
43968,English,en
43969,فارسی,fa
439695,suomi,fi
43970,فارسی,fa
43974,فارسی,fa
43974,"",tg
43976,فارسی,fa
43978,فارسی,fa
4398,Deutsch,de
43980,فارسی,fa
43981,فارسی,fa
43984,فارسی,fa
43985,"",ku
43985,فارسی,fa
43987,한국어/조선말,ko
43990,English,en
43995,English,en
43997,English,en
439998,Italiano,it
440,English,en
44000,English,en
44001,English,en
44004,English,en
440047,English,en
44005,English,en
44006,English,en
44008,Deutsch,de
44008,English,en
44009,English,en
44010,English,en
44012,Français,fr
44014,English,en
440143,English,en
440145,Español,es
440145,English,en
44015,English,en
44018,Français,fr
44022,English,en
44023,English,en
440249,English,en
44025,English,en
44026,English,en
440266,فارسی,fa
44027,English,en
44028,English,en
44032,English,en
44037,English,en
44038,English,en
44040,Español,es
44040,English,en
44040,Український,uk
44041,English,en
44041,Español,es
44043,Český,cs
44043,English,en
44046,English,en
44047,English,en
44048,English,en
44049,English,en
440508,Pусский,ru
440508,English,en
44052,English,en
44053,English,en
44054,English,en
44055,日本語,ja
44059,हिन्दी,hi
440597,English,en
440642,Pусский,ru
44065,فارسی,fa
44066,فارسی,fa
44069,فارسی,fa
440708,Italiano,it
44072,فارسی,fa
44076,فارسی,fa
440767,English,en
440777,English,en
44081,فارسی,fa
44085,العربية,ar
44085,English,en
44085,Français,fr
44087,English,en
44092,普通话,zh
44092,English,en
44095,English,en
44098,English,en
441,English,en
44103,Nederlands,nl
44103,Français,fr
44103,Latin,la
44103,Español,es
44104,Español,es
44104,العربية,ar
44104,English,en
44104,עִבְרִית,he
44104,Italiano,it
441043,Français,fr
44105,Türkçe,tr
44113,English,en
44114,Español,es
44115,English,en
441168,English,en
44119,English,en
4412,Français,fr
44123,English,en
44124,日本語,ja
44125,Português,pt
44126,English,en
44129,English,en
4413,English,en
44131,English,en
44132,English,en
44132,Français,fr
44132,Deutsch,de
44132,Italiano,it
44133,广州话 / 廣州話,cn
44134,English,en
44135,English,en
44140,English,en
44142,Italiano,it
44147,English,en
4415,English,en
4415,Français,fr
4415,Español,es
44154,普通话,zh
44155,Français,fr
44157,English,en
44158,English,en
44159,English,en
44159,فارسی,fa
44160,Türkçe,tr
44162,普通话,zh
44163,日本語,ja
44164,Français,fr
44165,日本語,ja
441652,English,en
441728,English,en
44173,English,en
44181,English,en
44184,English,en
441881,हिन्दी,hi
4419,Italiano,it
44190,English,en
44191,English,en
44192,English,en
442,suomi,fi
442,svenska,sv
44203,日本語,ja
44208,English,en
44208,Français,fr
442087,English,en
4421,English,en
44211,Italiano,it
44214,English,en
44214,Français,fr
44214,Italiano,it
44216,English,en
44217,普通话,zh
44219,English,en
44220,English,en
44221,English,en
44222,English,en
44223,English,en
44223,Deutsch,de
44224,English,en
44224,Polski,pl
44233,English,en
44238,svenska,sv
44239,English,en
44244,English,en
44245,广州话 / 廣州話,cn
44246,Deutsch,de
44246,Türkçe,tr
44247,English,en
44249,广州话 / 廣州話,cn
44250,Pусский,ru
44250,English,en
44251,日本語,ja
44255,English,en
44256,Français,fr
44257,English,en
44258,English,en
44260,English,en
44263,广州话 / 廣州話,cn
44263,普通话,zh
44264,English,en
442640,suomi,fi
44265,Deutsch,de
44265,English,en
44268,Italiano,it
44269,Français,fr
442750,English,en
442752,suomi,fi
44281,العربية,ar
44282,Español,es
44283,Français,fr
44284,العربية,ar
44284,Français,fr
44287,English,en
44289,English,en
442949,English,en
44296,English,en
44297,English,en
44297,Italiano,it
44297,Kiswahili,sw
443007,English,en
44303,English,en
443053,English,en
44308,English,en
44308,Français,fr
443113,English,en
44320,Español,es
44321,Español,es
44322,普通话,zh
44323,English,en
44326,English,en
443297,English,en
443319,English,en
44333,No Language,xx
44334,English,en
44338,No Language,xx
44340,English,en
44341,English,en
44345,English,en
44349,English,en
44349,Magyar,hu
4435,हिन्दी,hi
44351,English,en
44357,"",hy
4436,Deutsch,de
44361,Pусский,ru
44363,English,en
44369,"",tl
4437,English,en
4437,Pусский,ru
443700,English,en
44373,English,en
44375,English,en
44379,Français,fr
44381,English,en
44383,English,en
44385,English,en
44386,English,en
44388,English,en
44389,English,en
44398,Deutsch,de
44398,English,en
44399,English,en
44407,English,en
44408,Français,fr
4441,English,en
44411,Português,pt
44412,English,en
44413,Español,es
44414,English,en
44415,English,en
44417,Nederlands,nl
444193,English,en
4442,English,en
4442,Français,fr
4442,Deutsch,de
4442,Italiano,it
44425,हिन्दी,hi
4443,Français,fr
44434,English,en
44435,English,en
44436,English,en
44441,No Language,xx
44442,Polski,pl
44443,English,en
44444,Italiano,it
44445,No Language,xx
44450,Français,fr
444513,English,en
44458,广州话 / 廣州話,cn
44458,English,en
44458,普通话,zh
44459,English,en
44461,Français,fr
44463,English,en
44465,English,en
44470,English,en
444705,English,en
444706,English,en
444713,हिन्दी,hi
44472,English,en
44473,Français,fr
44478,Français,fr
44479,English,en
44480,English,en
44480,Deutsch,de
44486,Deutsch,de
44488,English,en
44489,English,en
44490,English,en
444902,English,en
444935,Español,es
44494,Français,fr
44494,Deutsch,de
44495,English,en
44497,English,en
445,Français,fr
44502,English,en
44502,Português,pt
44507,English,en
44508,English,en
44510,English,en
44511,עִבְרִית,he
44511,普通话,zh
445126,English,en
44513,Pусский,ru
44516,Español,es
44517,Español,es
44519,हिन्दी,hi
44519,اردو,ur
44522,Français,fr
445224,广州话 / 廣州話,cn
445224,普通话,zh
44524,English,en
44524,Français,fr
44524,Deutsch,de
44527,Français,fr
44528,Deutsch,de
44533,Italiano,it
44533,English,en
44534,English,en
44535,English,en
44536,English,en
44539,Français,fr
44540,English,en
44545,English,en
44546,English,en
44548,English,en
44549,हिन्दी,hi
44549,English,en
44552,English,en
44552,svenska,sv
44552,"",yi
44554,广州话 / 廣州話,cn
44554,English,en
44555,普通话,zh
44559,English,en
44559,Français,fr
44559,Deutsch,de
445590,Deutsch,de
445590,Polski,pl
445590,"",yi
44560,普通话,zh
445602,English,en
445605,Italiano,it
44562,English,en
44563,Español,es
44564,English,en
44565,हिन्दी,hi
44566,हिन्दी,hi
4457,English,en
44570,"",tl
44571,English,en
445727,English,en
44578,English,en
445840,Español,es
44585,English,en
44588,Français,fr
44589,suomi,fi
4459,English,en
44591,English,en
445916,English,en
44592,English,en
44593,Polski,pl
44594,English,en
445993,English,en
4460,English,en
4460,Español,es
44603,English,en
44603,Français,fr
44606,English,en
446076,普通话,zh
4461,English,en
4461,Deutsch,de
44618,Français,fr
44618,svenska,sv
4462,English,en
44625,English,en
44626,English,en
44629,English,en
44630,Český,cs
44630,English,en
44630,Italiano,it
44631,English,en
44634,English,en
446345,Français,fr
44635,English,en
44635,Pусский,ru
44637,English,en
44639,English,en
4464,English,en
44641,English,en
44641,Italiano,it
44641,Español,es
44645,English,en
44645,Deutsch,de
44646,English,en
44647,English,en
446493,English,en
44655,Español,es
44656,한국어/조선말,ko
44658,Français,fr
44658,Italiano,it
44658,Pусский,ru
44661,Deutsch,de
44661,English,en
44662,日本語,ja
44663,English,en
44663,Pусский,ru
44664,Magyar,hu
44668,English,en
44669,English,en
44671,English,en
44672,English,en
44673,普通话,zh
44674,Français,fr
44678,English,en
44678,Français,fr
44680,English,en
44682,English,en
44683,English,en
44685,日本語,ja
446850,Pусский,ru
44687,English,en
44688,English,en
44690,English,en
44691,English,en
44692,English,en
44693,English,en
44694,English,en
44695,English,en
44697,English,en
44698,English,en
44705,English,en
44705,Español,es
44706,Français,fr
447061,English,en
447061,Português,pt
44708,普通话,zh
447091,Türkçe,tr
44710,Français,fr
44711,English,en
44716,Dansk,da
44716,English,en
44716,Pусский,ru
44716,svenska,sv
447169,No Language,xx
44718,English,en
44718,Français,fr
44720,Français,fr
44721,English,en
447236,Magyar,hu
44732,English,en
44734,日本語,ja
447352,English,en
44736,English,en
44737,Français,fr
44737,日本語,ja
44737,"",mn
4474,English,en
44741,Italiano,it
44745,English,en
44746,English,en
44747,English,en
44749,English,en
44749,हिन्दी,hi
4475,English,en
44750,English,en
44751,Nederlands,nl
447511,English,en
44752,English,en
44754,English,en
44756,English,en
4476,"",kw
4476,English,en
44766,English,en
44768,日本語,ja
44769,English,en
4477,English,en
44770,English,en
44772,English,en
44773,English,en
44773,Français,fr
44775,Français,fr
44775,English,en
447758,English,en
4478,English,en
44781,广州话 / 廣州話,cn
447818,English,en
44783,English,en
44785,日本語,ja
44787,English,en
44789,English,en
4479,English,en
44793,Français,fr
44796,English,en
4480,Italiano,it
4480,Français,fr
44800,English,en
44801,English,en
44804,Español,es
44807,English,en
44808,English,en
4481,Français,fr
44811,English,en
44811,Português,pt
44813,English,en
44814,日本語,ja
4482,Français,fr
4482,Español,es
44826,English,en
44827,हिन्दी,hi
448290,English,en
4483,Français,fr
44833,English,en
44833,ภาษาไทย,th
44835,English,en
44839,Pусский,ru
4484,Français,fr
448448,English,en
448449,English,en
44848,English,en
4485,English,en
4485,Français,fr
4485,Italiano,it
44850,한국어/조선말,ko
44853,English,en
448538,English,en
44857,English,en
44859,English,en
4486,English,en
4486,Français,fr
4486,Italiano,it
44862,English,en
44864,svenska,sv
44865,广州话 / 廣州話,cn
44865,日本語,ja
44865,普通话,zh
44868,English,en
44869,English,en
44874,English,en
44875,English,en
448763,Português,pt
448767,suomi,fi
44877,English,en
44878,Cymraeg,cy
44878,English,en
4488,English,en
448847,English,en
44885,日本語,ja
44886,English,en
44886,Français,fr
44886,Español,es
448879,Pусский,ru
44888,English,en
44890,English,en
44892,English,en
44895,English,en
44896,English,en
44898,العربية,ar
44898,English,en
44898,עִבְרִית,he
44899,English,en
44899,Deutsch,de
448992,Deutsch,de
44900,English,en
44902,English,en
44909,English,en
44912,English,en
44916,English,en
44918,English,en
44919,English,en
44921,English,en
44925,English,en
44932,Magyar,hu
44933,Italiano,it
44936,English,en
44937,Français,fr
4494,Español,es
44940,English,en
44941,English,en
44943,English,en
44944,English,en
44945,English,en
44946,English,en
44947,Français,fr
4495,Español,es
44950,日本語,ja
449503,English,en
44951,English,en
44952,English,en
44960,English,en
44963,日本語,ja
44966,English,en
44967,Pусский,ru
449674,English,en
44968,English,en
44969,English,en
449696,English,en
4497,Español,es
449742,தமிழ்,ta
449758,English,en
44977,हिन्दी,hi
44978,हिन्दी,hi
4498,Español,es
44982,English,en
44986,English,en
449863,Español,es
44988,English,en
44989,Español,es
4499,Español,es
44990,English,en
44991,English,en
44992,English,en
44998,English,en
44998,Español,es
44999,English,en
45000,Français,fr
45002,हिन्दी,hi
45004,Italiano,it
45005,Italiano,it
45006,English,en
45006,Deutsch,de
45007,English,en
45009,English,en
45013,English,en
45014,English,en
45014,Español,es
45017,English,en
45019,Français,fr
45019,English,en
45022,English,en
45029,English,en
45031,English,en
45033,Deutsch,de
45035,한국어/조선말,ko
45041,English,en
45042,English,en
45043,한국어/조선말,ko
45044,Français,fr
45046,English,en
45047,svenska,sv
45048,English,en
45052,English,en
450530,English,en
45054,English,en
45057,English,en
45057,"",hy
45064,svenska,sv
45069,English,en
4507,Español,es
45075,한국어/조선말,ko
450768,English,en
45077,English,en
45077,Polski,pl
45079,한국어/조선말,ko
45083,한국어/조선말,ko
450875,English,en
45089,Français,fr
45089,한국어/조선말,ko
45094,English,en
450945,English,en
45096,English,en
45098,한국어/조선말,ko
45099,English,en
45099,Français,fr
45099,Italiano,it
451,English,en
45103,English,en
45109,Português,pt
4512,English,en
45120,English,en
45126,Français,fr
45127,Español,es
45127,English,en
45129,English,en
45129,हिन्दी,hi
4513,English,en
45130,Français,fr
45130,Deutsch,de
45132,English,en
45133,svenska,sv
45136,English,en
45138,English,en
45139,English,en
45145,English,en
45147,English,en
4515,English,en
45153,English,en
45156,English,en
4516,Français,fr
45162,English,en
451644,English,en
45166,English,en
45167,English,en
45169,English,en
45169,Latin,la
4517,svenska,sv
4517,English,en
4517,Español,es
451709,English,en
45174,English,en
45176,Pусский,ru
45179,Português,pt
4518,Français,fr
4518,English,en
45181,Español,es
45184,English,en
45186,English,en
45189,Español,es
4519,Français,fr
45190,Español,es
45191,Español,es
45192,Español,es
451955,Français,fr
45197,广州话 / 廣州話,cn
452,Dansk,da
4520,English,en
45202,한국어/조선말,ko
45203,English,en
45204,Nederlands,nl
45205,日本語,ja
452068,English,en
45210,Deutsch,de
45210,Pусский,ru
45211,Italiano,it
45212,English,en
45213,Français,fr
45213,Italiano,it
452142,English,en
45215,English,en
452166,English,en
45218,English,en
45218,বাংলা,bn
45219,English,en
45220,English,en
45220,Deutsch,de
45220,Latin,la
45225,English,en
45226,English,en
45227,Pусский,ru
4523,English,en
45232,English,en
45233,English,en
45235,English,en
452372,English,en
45239,English,en
45241,English,en
45241,Français,fr
452413,普通话,zh
45243,English,en
45243,ภาษาไทย,th
45244,"",st
45247,English,en
45256,English,en
45256,Français,fr
452606,Türkçe,tr
45261,English,en
45266,English,en
45267,Deutsch,de
45267,Italiano,it
45269,English,en
45272,English,en
45273,English,en
45274,English,en
45284,日本語,ja
4529,English,en
452922,English,en
453,English,en
453008,العربية,ar
453008,English,en
45301,English,en
45302,English,en
45303,广州话 / 廣州話,cn
45303,English,en
453053,English,en
453062,Deutsch,de
45314,English,en
45316,English,en
45316,हिन्दी,hi
45317,English,en
45318,Português,pt
45320,English,en
45322,English,en
45324,English,en
45324,Français,fr
45325,English,en
45325,Deutsch,de
45326,English,en
45330,日本語,ja
45330,English,en
45335,English,en
453354,Français,fr
45336,Español,es
45341,Bosanski,bs
45341,Hrvatski,hr
45347,English,en
453596,Türkçe,tr
45368,Français,fr
45371,English,en
45377,English,en
45379,广州话 / 廣州話,cn
4538,English,en
4538,हिन्दी,hi
4538,Deutsch,de
4538,"",bo
45380,普通话,zh
45384,日本語,ja
4539,English,en
45397,广州话 / 廣州話,cn
45397,English,en
45398,English,en
454,English,en
4540,Deutsch,de
45407,한국어/조선말,ko
45408,广州话 / 廣州話,cn
45408,English,en
45408,Français,fr
45417,广州话 / 廣州話,cn
45418,广州话 / 廣州話,cn
45418,English,en
45418,Bahasa indonesia,id
45418,普通话,zh
4543,English,en
45431,English,en
454361,English,en
45438,广州话 / 廣州話,cn
45438,English,en
45438,日本語,ja
45438,Español,es
45441,日本語,ja
45452,广州话 / 廣州話,cn
45458,Français,fr
4546,English,en
4547,English,en
454774,English,en
454774,Deutsch,de
454787,English,en
4548,Français,fr
45485,English,en
45489,日本語,ja
45490,广州话 / 廣州話,cn
45490,English,en
45490,日本語,ja
45491,广州话 / 廣州話,cn
45492,日本語,ja
455,English,en
455,ਪੰਜਾਬੀ,pa
4550,English,en
4550,日本語,ja
4550,한국어/조선말,ko
455043,普通话,zh
45505,广州话 / 廣州話,cn
45505,日本語,ja
45509,한국어/조선말,ko
45509,广州话 / 廣州話,cn
4551,English,en
4551,Pусский,ru
45511,English,en
45512,English,en
45514,Français,fr
45514,English,en
45515,Français,fr
4552,한국어/조선말,ko
4552,Pусский,ru
45520,English,en
45522,English,en
45523,English,en
45527,English,en
45528,日本語,ja
4553,English,en
45533,हिन्दी,hi
455363,English,en
455368,English,en
45537,Français,fr
45538,Español,es
45549,English,en
45554,日本語,ja
45555,English,en
45555,Deutsch,de
45556,English,en
4556,English,en
4556,Français,fr
4556,Magyar,hu
45560,Deutsch,de
455601,English,en
45562,English,en
45562,Español,es
455661,English,en
455675,English,en
45568,English,en
45569,English,en
45572,Deutsch,de
45572,한국어/조선말,ko
45576,普通话,zh
45577,English,en
45578,English,en
45579,English,en
4558,Français,fr
45585,Français,fr
45588,English,en
45590,Pусский,ru
45592,No Language,xx
45593,English,en
45595,English,en
455968,English,en
45598,English,en
45599,English,en
45602,English,en
45608,English,en
45608,普通话,zh
45609,English,en
45609,Italiano,it
4561,Français,fr
45610,العربية,ar
45610,English,en
456101,English,en
45612,English,en
45615,suomi,fi
456187,English,en
456193,English,en
45627,English,en
45628,English,en
456348,English,en
4564,English,en
45649,English,en
45650,English,en
45657,English,en
45658,English,en
4566,English,en
45662,English,en
45664,English,en
45671,English,en
45675,English,en
45677,Français,fr
456781,English,en
45679,English,en
45682,普通话,zh
45690,svenska,sv
45691,English,en
45691,suomi,fi
45691,Français,fr
45691,Deutsch,de
45691,Italiano,it
45691,Latin,la
45691,Norsk,no
45691,Pусский,ru
45691,Español,es
45691,svenska,sv
45692,English,en
45693,English,en
45694,Deutsch,de
45695,English,en
45695,Italiano,it
45697,English,en
45698,Polski,pl
45699,Français,fr
457,Deutsch,de
45706,日本語,ja
45708,English,en
45712,English,en
45713,日本語,ja
45714,English,en
45715,English,en
45715,ελληνικά,el
45722,Español,es
45725,English,en
45726,English,en
45729,English,en
457307,Pусский,ru
45739,English,en
45745,English,en
457470,English,en
45752,English,en
45756,Deutsch,de
45756,Nederlands,nl
45757,English,en
45760,English,en
45763,Deutsch,de
45764,English,en
45764,Deutsch,de
45765,Deutsch,de
45765,Español,es
45767,English,en
45772,English,en
45774,English,en
45777,Français,fr
45778,English,en
45779,English,en
4578,English,en
45780,English,en
45783,Dansk,da
4579,English,en
45791,English,en
45792,English,en
45793,English,en
457962,English,en
45799,Italiano,it
458,Deutsch,de
4580,Français,fr
45800,English,en
45800,Español,es
45801,Deutsch,de
45801,English,en
45802,Français,fr
45803,Deutsch,de
45803,Français,fr
45803,Italiano,it
45803,English,en
45806,Nederlands,nl
45806,English,en
45806,Deutsch,de
45806,Gaeilge,ga
45807,English,en
45817,English,en
45823,English,en
45824,English,en
45827,Français,fr
45827,English,en
458298,English,en
458310,English,en
458310,हिन्दी,hi
458310,اردو,ur
45838,English,en
45839,English,en
4584,English,en
45840,English,en
458428,Español,es
458506,English,en
45852,English,en
45861,普通话,zh
458618,English,en
45862,English,en
45864,English,en
4587,English,en
45871,广州话 / 廣州話,cn
45873,Français,fr
45874,English,en
45875,Italiano,it
45875,English,en
45877,English,en
45878,English,en
4588,普通话,zh
45881,English,en
45882,العربية,ar
45882,فارسی,fa
45884,Deutsch,de
45884,Italiano,it
45884,Polski,pl
45884,Pусский,ru
45886,Pусский,ru
45887,English,en
45891,Norsk,no
458961,English,en
45899,فارسی,fa
459,Deutsch,de
4592,English,en
45921,English,en
45926,English,en
45928,English,en
45929,English,en
459295,English,en
4593,Français,fr
4593,Español,es
45930,English,en
45935,广州话 / 廣州話,cn
45938,English,en
45939,Français,fr
45940,বাংলা,bn
45943,Deutsch,de
45943,Italiano,it
45943,Pусский,ru
45945,Deutsch,de
45945,English,en
45948,Français,fr
45949,Deutsch,de
4595,Français,fr
45952,Český,cs
45958,广州话 / 廣州話,cn
45958,普通话,zh
45958,Español,es
45958,Wolof,wo
45960,English,en
45961,English,en
45964,English,en
45965,日本語,ja
45966,English,en
45967,日本語,ja
4597,English,en
4597,Deutsch,de
45970,English,en
45971,English,en
45974,English,en
45978,日本語,ja
459802,English,en
45987,日本語,ja
45988,English,en
4599,English,en
45990,Italiano,it
459928,English,en
45993,日本語,ja
459950,English,en
45996,广州话 / 廣州話,cn
45996,普通话,zh
45997,Italiano,it
45999,普通话,zh
460,Deutsch,de
46001,Italiano,it
460024,English,en
460024,Português,pt
46004,English,en
46007,English,en
46010,Pусский,ru
46011,English,en
460135,English,en
460135,Polski,pl
460135,Português,pt
46014,English,en
46018,English,en
46020,English,en
46021,English,en
46025,Français,fr
46026,العربية,ar
46026,English,en
46026,Français,fr
46027,English,en
46028,Italiano,it
46029,English,en
46040,हिन्दी,hi
46041,English,en
46041,Deutsch,de
46043,日本語,ja
46059,Český,cs
46059,English,en
46063,English,en
46067,English,en
46068,English,en
46069,日本語,ja
46076,English,en
46081,English,en
460822,English,en
460846,English,en
460870,English,en
46088,Français,fr
46094,English,en
46095,English,en
46096,English,en
46101,日本語,ja
46103,English,en
46105,English,en
461053,English,en
46106,日本語,ja
461088,فارسی,fa
461089,Polski,pl
46111,普通话,zh
46114,普通话,zh
46119,English,en
4612,English,en
46121,English,en
46124,广州话 / 廣州話,cn
46124,普通话,zh
461257,English,en
46127,English,en
46128,Italiano,it
461297,English,en
4613,English,en
46138,English,en
4614,العربية,ar
4614,English,en
4614,Pусский,ru
4614,Український,uk
4614,Deutsch,de
46145,English,en
46146,Norsk,no
46147,Dansk,da
46147,Deutsch,de
46147,Norsk,no
46147,svenska,sv
46149,日本語,ja
461533,English,en
46158,English,en
46159,English,en
461615,Français,fr
461634,English,en
46164,日本語,ja
46169,English,en
46169,Français,fr
46175,Nederlands,nl
46175,English,en
46175,Español,es
46178,Dansk,da
461805,English,en
461805,Pусский,ru
46184,English,en
46187,Pусский,ru
46189,English,en
46190,English,en
46193,English,en
46195,English,en
46195,Português,pt
461955,English,en
46196,English,en
46198,English,en
462,English,en
462,Français,fr
46203,English,en
46207,Français,fr
462108,English,en
46212,Český,cs
46212,Slovenčina,sk
46217,العربية,ar
46217,English,en
46221,English,en
46226,English,en
46226,日本語,ja
46228,English,en
46230,English,en
46247,English,en
46258,Deutsch,de
46260,English,en
46261,English,en
4627,Nederlands,nl
4627,English,en
4627,Deutsch,de
46278,ελληνικά,el
462788,English,en
4628,English,en
4628,Deutsch,de
46280,Français,fr
46280,English,en
46280,Italiano,it
46286,English,en
4629,English,en
46302,English,en
46314,Dansk,da
46315,Český,cs
46326,Français,fr
46332,العربية,ar
46332,Français,fr
46333,English,en
46334,English,en
46334,Français,fr
46334,Română,ro
46335,Français,fr
46335,Español,es
46336,English,en
46338,English,en
46341,Español,es
46342,English,en
46343,Français,fr
46351,English,en
46359,English,en
46360,English,en
46364,English,en
46368,English,en
46373,हिन्दी,hi
46375,हिन्दी,hi
4638,English,en
463800,English,en
463800,Tiếng Việt,vi
46383,हिन्दी,hi
46387,हिन्दी,hi
4639,English,en
463906,English,en
463906,Português,pt
46391,English,en
464,English,en
464,Italiano,it
464,svenska,sv
46403,हिन्दी,hi
46406,اردو,ur
46406,Deutsch,de
46406,हिन्दी,hi
46409,हिन्दी,hi
4641,English,en
464111,English,en
46420,English,en
464207,English,en
46421,English,en
46429,English,en
46429,Français,fr
4643,English,en
46430,हिन्दी,hi
46431,English,en
46434,English,en
46435,English,en
46435,Français,fr
46435,Deutsch,de
46435,Italiano,it
46435,日本語,ja
46436,Italiano,it
46439,English,en
4644,English,en
4644,Français,fr
4644,Deutsch,de
46441,English,en
46441,Polski,pl
46442,Deutsch,de
46443,Italiano,it
46445,English,en
46445,Italiano,it
46448,Italiano,it
4645,Deutsch,de
46451,English,en
46458,English,en
46458,日本語,ja
46460,English,en
46466,Français,fr
46469,Afrikaans,af
46469,Nederlands,nl
46469,English,en
46473,English,en
46473,Français,fr
464819,English,en
46492,日本語,ja
46493,日本語,ja
46494,English,en
46495,English,en
46495,Français,fr
46498,English,en
465,Français,fr
46500,English,en
46503,English,en
46504,English,en
46504,Français,fr
465044,English,en
46510,English,en
46513,English,en
46513,Español,es
4652,Deutsch,de
46521,Türkçe,tr
46521,ελληνικά,el
46521,Français,fr
46522,English,en
46523,Nederlands,nl
46525,English,en
46526,English,en
46526,Français,fr
46528,English,en
46528,ภาษาไทย,th
46529,Français,fr
46529,English,en
46531,English,en
46531,Español,es
46537,English,en
46541,English,en
46558,Español,es
46562,English,en
46563,English,en
46563,Español,es
46564,English,en
46565,Italiano,it
46567,Italiano,it
46568,Italiano,it
4657,English,en
46570,Italiano,it
46572,Italiano,it
46578,English,en
4658,English,en
46580,한국어/조선말,ko
46580,English,en
46581,Français,fr
46581,Magyar,hu
46584,Deutsch,de
46584,Français,fr
46584,Pусский,ru
46584,עִבְרִית,he
46584,English,en
46586,English,en
46588,Pусский,ru
46591,Italiano,it
46592,Pусский,ru
46594,Український,uk
46595,English,en
46595,Deutsch,de
46595,Slovenščina,sl
466,English,en
46612,English,en
46614,Italiano,it
46614,English,en
46615,English,en
46616,English,en
46616,Deutsch,de
46617,English,en
46623,English,en
46625,Español,es
46625,English,en
46626,English,en
46629,Türkçe,tr
46632,Český,cs
46632,Deutsch,de
46636,Italiano,it
46636,Deutsch,de
46641,English,en
46651,Português,pt
46658,English,en
46660,English,en
46663,Pусский,ru
46665,English,en
46667,English,en
46681,English,en
46681,Español,es
46686,English,en
46688,Deutsch,de
46688,English,en
46689,English,en
46689,Português,pt
46691,English,en
46696,English,en
46696,Français,fr
46696,Deutsch,de
46696,Magyar,hu
46696,Italiano,it
46697,English,en
467,English,en
46702,English,en
46705,English,en
46712,Español,es
46713,English,en
46713,Português,pt
46717,English,en
46718,English,en
46724,English,en
46725,English,en
46727,English,en
46729,English,en
46732,English,en
46734,English,en
46737,English,en
46737,Español,es
46738,Français,fr
46738,العربية,ar
46738,English,en
46740,Deutsch,de
46740,English,en
46741,Pусский,ru
46743,English,en
46744,Pусский,ru
46748,English,en
46748,Français,fr
46754,Norsk,no
46756,Deutsch,de
46756,English,en
46756,Eesti,et
46756,Français,fr
46756,Pусский,ru
46757,Español,es
46757,English,en
46758,English,en
4676,Français,fr
46760,English,en
46761,Français,fr
46767,Español,es
46768,Italiano,it
46769,Français,fr
46770,Español,es
46770,Français,fr
46772,Magyar,hu
46773,"",tl
467731,English,en
46774,Pусский,ru
46776,English,en
46780,English,en
46781,English,en
46783,English,en
46784,English,en
46785,فارسی,fa
46786,English,en
46787,English,en
46788,English,en
46789,Dansk,da
46793,Český,cs
46797,English,en
46798,English,en
46798,Español,es
46798,한국어/조선말,ko
46799,Polski,pl
468,English,en
4680,Français,fr
46804,Český,cs
46806,English,en
46808,Eesti,et
46809,Eesti,et
46812,English,en
46812,Polski,pl
46812,Español,es
46813,English,en
46814,suomi,fi
46814,svenska,sv
46817,Français,fr
46820,Español,es
46821,Português,pt
46825,Français,fr
46827,English,en
46828,English,en
46828,Italiano,it
46829,English,en
4683,Français,fr
46830,English,en
46830,Español,es
46831,Français,fr
46835,Español,es
46837,English,en
46838,English,en
46845,English,en
46847,Eesti,et
46849,English,en
46853,Italiano,it
46857,Eesti,et
46857,Pусский,ru
46863,Slovenčina,sk
46869,English,en
468707,suomi,fi
46871,广州话 / 廣州話,cn
46871,English,en
46872,English,en
46875,English,en
46878,English,en
46879,Deutsch,de
46879,Español,es
4688,English,en
46883,English,en
46884,English,en
46885,English,en
46886,Eesti,et
46886,suomi,fi
46886,Pусский,ru
46886,English,en
46888,English,en
46889,English,en
4689,한국어/조선말,ko
46891,English,en
46898,English,en
469,English,en
469,Magyar,hu
46902,English,en
46902,Polski,pl
46909,български език,bg
46909,English,en
46910,English,en
46914,广州话 / 廣州話,cn
46914,English,en
46914,普通话,zh
46914,"",tl
46915,English,en
46916,日本語,ja
46917,日本語,ja
469172,Português,pt
469172,Français,fr
46918,日本語,ja
46919,Český,cs
46920,Italiano,it
46923,Eesti,et
46924,English,en
46924,"",gd
46925,English,en
46927,Eesti,et
46929,English,en
46930,Eesti,et
46931,Eesti,et
46931,suomi,fi
46931,Pусский,ru
46932,English,en
46934,English,en
46941,English,en
46941,Español,es
46943,English,en
46948,English,en
4695,Deutsch,de
46953,svenska,sv
46967,English,en
46971,English,en
46973,English,en
46976,English,en
46978,Français,fr
46979,Italiano,it
46982,Český,cs
46983,Français,fr
46986,English,en
46986,Deutsch,de
46986,日本語,ja
46989,English,en
46991,Français,fr
46992,English,en
46993,Português,pt
46995,English,en
46997,Pусский,ru
46998,Deutsch,de
46998,ελληνικά,el
470,English,en
47001,English,en
47002,日本語,ja
47003,English,en
47007,Español,es
4701,English,en
47011,Italiano,it
47011,Pусский,ru
47018,English,en
4703,English,en
47033,Pусский,ru
47034,English,en
47034,Français,fr
47038,English,en
4704,English,en
47045,English,en
47046,ภาษาไทย,th
4705,Italiano,it
47059,English,en
4706,English,en
47060,普通话,zh
47065,English,en
47070,English,en
47072,English,en
47075,English,en
4708,English,en
4708,Français,fr
4708,Deutsch,de
47088,English,en
47089,Português,pt
4709,Français,fr
47090,English,en
47090,Deutsch,de
47095,English,en
47096,Italiano,it
47099,Pусский,ru
471,Polski,pl
471,English,en
4710,English,en
4710,Français,fr
4710,svenska,sv
47100,فارسی,fa
47104,فارسی,fa
47105,العربية,ar
47105,Français,fr
47105,Magyar,hu
47105,Slovenčina,sk
47105,Español,es
47105,Türkçe,tr
47108,Français,fr
47108,Español,es
47110,ελληνικά,el
47112,English,en
47112,"",gd
47112,Español,es
47115,English,en
47119,Français,fr
47120,Hrvatski,hr
47120,English,en
47120,Deutsch,de
47121,Español,es
47122,English,en
47139,English,en
47140,Português,pt
47143,English,en
47143,Français,fr
47143,한국어/조선말,ko
47143,Pусский,ru
47144,Srpski,sr
47149,English,en
47150,Eesti,et
47155,English,en
47156,English,en
47161,فارسی,fa
47166,English,en
47168,English,en
47168,Français,fr
47168,Magyar,hu
47171,English,en
47177,English,en
47184,日本語,ja
47186,English,en
47186,Français,fr
47189,Český,cs
47190,Pусский,ru
47194,English,en
47197,English,en
47199,English,en
47200,Pусский,ru
47201,English,en
47201,Español,es
47208,English,en
47211,Español,es
47212,English,en
47215,Nederlands,nl
47215,"",ku
47215,Türkçe,tr
47218,English,en
47219,English,en
4722,English,en
47226,Français,fr
4723,English,en
47231,Nederlands,nl
47232,English,en
47232,Français,fr
47232,Italiano,it
47234,ελληνικά,el
47237,English,en
47238,No Language,xx
47239,Deutsch,de
47240,Italiano,it
47241,Deutsch,de
47241,ελληνικά,el
47245,Italiano,it
47246,English,en
47247,ελληνικά,el
47249,English,en
47250,English,en
47251,Italiano,it
47252,English,en
47256,English,en
47257,Polski,pl
47257,English,en
47259,English,en
47260,English,en
47261,Português,pt
47261,Español,es
47263,English,en
4727,Français,fr
47278,English,en
4728,Français,fr
47282,English,en
47288,English,en
4729,Français,fr
47291,广州话 / 廣州話,cn
47292,日本語,ja
473,English,en
47302,English,en
47302,Français,fr
47310,English,en
47312,English,en
47313,English,en
47313,日本語,ja
47320,English,en
47324,العربية,ar
47325,العربية,ar
47325,Français,fr
47327,English,en
47329,English,en
47330,English,en
47331,日本語,ja
47333,English,en
47333,Français,fr
4734,Français,fr
47340,English,en
47342,English,en
47345,English,en
47350,English,en
47352,English,en
47354,English,en
47359,English,en
47360,English,en
47363,English,en
47364,English,en
47365,suomi,fi
47367,Italiano,it
47370,日本語,ja
47383,Español,es
47386,English,en
47386,Deutsch,de
47397,svenska,sv
47401,English,en
47404,English,en
47405,Norsk,no
47406,Italiano,it
47407,English,en
47408,日本語,ja
47410,English,en
47410,Deutsch,de
47412,English,en
47413,No Language,xx
47423,广州话 / 廣州話,cn
47426,Português,pt
47426,Español,es
47426,English,en
47430,Polski,pl
47432,English,en
47432,Français,fr
47432,ελληνικά,el
47434,English,en
47434,Français,fr
47435,Srpski,sr
47437,Français,fr
47437,Italiano,it
47439,Français,fr
47444,English,en
47446,English,en
47447,ελληνικά,el
47448,Norsk,no
47449,English,en
47452,English,en
47453,Italiano,it
47454,Français,fr
47455,Français,fr
47459,English,en
47459,Italiano,it
47467,English,en
4747,Français,fr
47473,svenska,sv
47474,Deutsch,de
47474,English,en
47475,English,en
47477,English,en
47481,Français,fr
47488,English,en
47489,Français,fr
47491,English,en
47493,English,en
47496,Français,fr
47497,Polski,pl
47499,Français,fr
475,English,en
47500,English,en
47501,English,en
47502,English,en
47504,English,en
47507,Français,fr
47517,English,en
47517,Français,fr
47517,Pусский,ru
47518,English,en
47525,English,en
47533,English,en
47535,English,en
47536,English,en
47540,English,en
47542,Dansk,da
47542,svenska,sv
47553,English,en
47555,English,en
47559,English,en
47561,English,en
47562,English,en
47570,English,en
47571,English,en
47574,English,en
47576,English,en
47576,Español,es
47578,日本語,ja
47582,Español,es
47585,English,en
47585,Français,fr
47585,Italiano,it
47587,Nederlands,nl
47587,English,en
47588,ελληνικά,el
47588,English,en
47590,Pусский,ru
47595,Français,fr
47595,svenska,sv
47596,English,en
47596,Magyar,hu
476,English,en
47605,Italiano,it
47605,English,en
47607,English,en
47608,English,en
47610,Deutsch,de
47612,Français,fr
47614,English,en
47614,Español,es
47615,English,en
47616,English,en
4762,Deutsch,de
47620,English,en
47626,English,en
47628,English,en
47628,Français,fr
47631,English,en
47638,English,en
47643,English,en
47646,English,en
47647,广州话 / 廣州話,cn
47648,广州话 / 廣州話,cn
47650,English,en
47653,English,en
47653,Italiano,it
47655,English,en
47655,हिन्दी,hi
47657,English,en
47658,English,en
47670,English,en
47675,English,en
47676,English,en
47680,Français,fr
47680,Türkçe,tr
47682,English,en
47683,ελληνικά,el
47684,English,en
47684,Español,es
47686,English,en
47692,English,en
47692,Français,fr
47692,"",gd
47694,普通话,zh
47695,English,en
47697,English,en
47699,ελληνικά,el
47703,No Language,xx
4771,English,en
47713,ελληνικά,el
47714,Italiano,it
47715,English,en
47715,Italiano,it
47715,日本語,ja
47717,ελληνικά,el
47718,Français,fr
4772,English,en
47721,svenska,sv
47723,svenska,sv
47724,English,en
47724,Français,fr
47735,svenska,sv
47736,ελληνικά,el
47737,English,en
47739,English,en
47745,English,en
47747,日本語,ja
47748,한국어/조선말,ko
47753,English,en
47758,English,en
47759,Dansk,da
47759,普通话,zh
47760,English,en
47761,English,en
47762,Français,fr
47762,English,en
47763,English,en
47771,English,en
47774,English,en
47778,ελληνικά,el
47790,ελληνικά,el
47792,English,en
47792,ελληνικά,el
47794,English,en
47795,ελληνικά,el
47796,Italiano,it
47798,English,en
4780,English,en
47802,English,en
47808,English,en
4781,Español,es
4781,Français,fr
47812,Pусский,ru
47813,English,en
47816,English,en
47817,English,en
47818,English,en
47819,English,en
47821,English,en
47825,English,en
47831,No Language,xx
47837,English,en
47841,English,en
47841,한국어/조선말,ko
47845,Deutsch,de
47848,Italiano,it
47850,Deutsch,de
47850,Italiano,it
47851,Pусский,ru
47854,广州话 / 廣州話,cn
47854,English,en
47854,日本語,ja
47855,English,en
47855,Italiano,it
47855,Pусский,ru
47855,Español,es
4786,Español,es
47860,Français,fr
47866,Español,es
47866,English,en
47867,English,en
47868,English,en
47869,English,en
4787,English,en
47870,English,en
47871,English,en
47874,English,en
47876,English,en
47878,English,en
47880,English,en
47881,English,en
47882,English,en
47883,English,en
47884,English,en
47886,Italiano,it
47886,English,en
47886,Español,es
47888,English,en
47889,English,en
4789,Italiano,it
47890,English,en
47891,English,en
47892,English,en
47893,English,en
47898,English,en
479,English,en
479,Español,es
479,Deutsch,de
4790,Français,fr
47900,Slovenčina,sk
47901,English,en
47902,English,en
47904,العربية,ar
47904,Français,fr
47906,English,en
47907,English,en
47908,English,en
47909,한국어/조선말,ko
47911,English,en
47912,English,en
47913,English,en
47914,English,en
47920,Español,es
47920,English,en
47921,English,en
47925,English,en
47931,Português,pt
47933,English,en
47934,English,en
47939,English,en
47940,தமிழ்,ta
47941,English,en
47942,English,en
47943,Français,fr
47944,English,en
47945,English,en
47946,English,en
47947,English,en
47951,日本語,ja
47952,English,en
47953,Français,fr
47953,Italiano,it
47953,Türkçe,tr
47955,English,en
47956,English,en
47957,English,en
47959,English,en
47959,Français,fr
47959,Italiano,it
47959,Español,es
47963,English,en
47964,English,en
47964,Pусский,ru
47971,English,en
47979,Deutsch,de
4798,Nederlands,nl
4798,English,en
4798,Français,fr
47985,Pусский,ru
480,English,en
480,हिन्दी,hi
48000,No Language,xx
48003,English,en
48008,English,en
48009,Français,fr
48014,English,en
48015,English,en
48016,English,en
48016,Türkçe,tr
48034,Français,fr
48035,Dansk,da
48038,English,en
4806,English,en
4808,English,en
4808,Français,fr
4808,Deutsch,de
4808,Italiano,it
4809,English,en
481,Español,es
48109,Español,es
48109,English,en
48110,English,en
48110,ελληνικά,el
48116,Română,ro
48118,English,en
48119,Polski,pl
48119,Pусский,ru
48121,Français,fr
48121,Italiano,it
48121,Português,pt
48121,Español,es
48121,English,en
48122,ελληνικά,el
48122,English,en
48122,Türkçe,tr
48125,ελληνικά,el
48127,English,en
48127,Deutsch,de
48127,Pусский,ru
48128,ελληνικά,el
48129,English,en
48130,English,en
48130,Français,fr
48130,Polski,pl
48131,English,en
48132,English,en
48133,Français,fr
48135,English,en
48136,English,en
48138,English,en
48138,Deutsch,de
48138,Türkçe,tr
48138,العربية,ar
48139,Español,es
48144,普通话,zh
48145,svenska,sv
48149,English,en
48149,Italiano,it
48150,Français,fr
48153,Français,fr
48153,English,en
48155,Español,es
48155,English,en
48156,English,en
4816,English,en
48161,English,en
48161,Français,fr
48161,Norsk,no
48169,Italiano,it
48171,English,en
48171,Italiano,it
48171,Magyar,hu
48171,Pусский,ru
48171,Latin,la
48171,Cymraeg,cy
48180,English,en
48186,English,en
48186,Deutsch,de
48193,English,en
48197,English,en
48199,Magyar,hu
482,English,en
4820,English,en
48202,English,en
48203,Italiano,it
48204,English,en
48205,Deutsch,de
48207,English,en
48209,Deutsch,de
48210,Français,fr
48210,ελληνικά,el
48211,English,en
48211,Italiano,it
48213,Deutsch,de
48213,Français,fr
48213,English,en
48215,日本語,ja
48216,Français,fr
48216,English,en
48216,Pусский,ru
48217,Français,fr
4822,English,en
48227,Français,fr
48227,Deutsch,de
4823,English,en
48231,English,en
48232,English,en
48233,हिन्दी,hi
4824,English,en
4824,Pусский,ru
48242,Español,es
48243,Polski,pl
48243,العربية,ar
48243,English,en
48249,ελληνικά,el
48249,English,en
4825,English,en
48250,Italiano,it
48254,Italiano,it
48259,English,en
48260,English,en
48263,Deutsch,de
48266,English,en
48266,Français,fr
48266,Deutsch,de
48266,Español,es
48267,Deutsch,de
48268,Deutsch,de
48268,Magyar,hu
48273,English,en
48281,English,en
48287,English,en
48289,Pусский,ru
48289,English,en
48289,Deutsch,de
48297,广州话 / 廣州話,cn
48297,普通话,zh
483,English,en
48300,普通话,zh
48301,广州话 / 廣州話,cn
48301,普通话,zh
48303,English,en
48303,Français,fr
48303,Italiano,it
48309,English,en
48311,English,en
48313,English,en
48315,English,en
48318,Magyar,hu
48319,English,en
4832,English,en
48329,English,en
48333,English,en
48336,Dansk,da
48336,English,en
48336,Français,fr
48336,ελληνικά,el
48336,日本語,ja
48336,普通话,zh
48336,Norsk,no
48336,svenska,sv
48339,English,en
48340,English,en
48341,日本語,ja
48345,English,en
48345,Polski,pl
48346,English,en
48347,English,en
48347,Français,fr
48350,English,en
48358,English,en
4836,English,en
4836,Română,ro
48364,English,en
48364,Deutsch,de
48365,Français,fr
48369,Français,fr
4837,Français,fr
4837,English,en
48373,English,en
48374,English,en
48376,English,en
48385,English,en
4839,Deutsch,de
4839,English,en
4839,Français,fr
48392,svenska,sv
48393,Español,es
48395,English,en
48395,suomi,fi
48397,English,en
48405,日本語,ja
48406,English,en
48407,English,en
48408,English,en
48409,English,en
48411,한국어/조선말,ko
48412,English,en
48414,Italiano,it
48414,Español,es
48415,Italiano,it
48417,广州话 / 廣州話,cn
48419,日本語,ja
48426,Français,fr
48443,No Language,xx
48448,English,en
48449,Nederlands,nl
48451,English,en
48451,Español,es
48453,Español,es
48457,English,en
48458,English,en
48464,English,en
48466,English,en
48466,Français,fr
48466,Polski,pl
48471,Português,pt
48471,English,en
48471,Español,es
48481,English,en
48482,English,en
48486,Français,fr
48488,English,en
48489,English,en
48489,Italiano,it
48489,ภาษาไทย,th
48490,Italiano,it
48492,普通话,zh
48492,Español,es
48495,English,en
48502,Español,es
48504,English,en
48508,한국어/조선말,ko
48515,日本語,ja
48522,Deutsch,de
48524,Français,fr
48561,Italiano,it
48564,English,en
48567,English,en
48567,Español,es
4857,English,en
4857,Français,fr
48572,English,en
48573,Español,es
4858,Pусский,ru
4858,English,en
48580,Français,fr
48584,Français,fr
48587,Deutsch,de
48587,English,en
48587,Italiano,it
48587,Pусский,ru
48591,No Language,xx
48594,Deutsch,de
48594,Español,es
48596,Español,es
48598,Deutsch,de
48599,Český,cs
48601,Français,fr
48609,English,en
48612,English,en
48613,Italiano,it
48615,Deutsch,de
48617,No Language,xx
48620,English,en
48623,Pусский,ru
48627,Français,fr
48627,English,en
48635,Español,es
48636,English,en
48636,Deutsch,de
48643,English,en
48645,English,en
48646,English,en
48650,euskera,eu
48650,Italiano,it
48650,Pусский,ru
48650,Español,es
48650,English,en
48660,English,en
48661,日本語,ja
48675,English,en
48676,Pусский,ru
48677,English,en
48678,English,en
4868,English,en
48686,English,en
48688,Italiano,it
48689,English,en
48689,Deutsch,de
48691,English,en
48691,Italiano,it
48693,Français,fr
48706,English,en
48707,日本語,ja
48709,Français,fr
48714,English,en
48717,English,en
48719,English,en
48730,English,en
48737,English,en
48742,Deutsch,de
48745,English,en
48746,Dansk,da
48747,English,en
48747,Français,fr
48748,Dansk,da
48750,Français,fr
48751,English,en
48752,English,en
48753,English,en
48761,Dansk,da
48761,English,en
48763,Türkçe,tr
48764,English,en
48764,Français,fr
48770,English,en
48773,广州话 / 廣州話,cn
48773,English,en
48775,Pусский,ru
48778,Français,fr
48780,English,en
48781,English,en
48784,English,en
48787,Pусский,ru
48787,English,en
4879,English,en
48791,English,en
48791,Dansk,da
48797,Español,es
48798,English,en
488,English,en
488,Deutsch,de
488,Kiswahili,sw
4880,English,en
4880,Deutsch,de
4880,Íslenska,is
4880,Italiano,it
48805,Italiano,it
4882,English,en
4883,English,en
48831,Français,fr
48833,English,en
48834,English,en
48836,English,en
48836,Polski,pl
48837,English,en
48838,English,en
48841,English,en
48842,English,en
48844,English,en
48845,ελληνικά,el
48846,English,en
48846,Deutsch,de
48846,Italiano,it
48847,English,en
48848,Italiano,it
4885,Pусский,ru
48852,English,en
48854,English,en
48854,Español,es
48854,Français,fr
48854,Magyar,hu
48854,Italiano,it
48854,Português,pt
48854,Pусский,ru
48855,Italiano,it
48856,Deutsch,de
4886,English,en
48862,English,en
48864,English,en
4887,Türkçe,tr
48871,English,en
48874,English,en
48880,English,en
48882,Pусский,ru
48885,English,en
4889,English,en
48894,"",bo
48894,Deutsch,de
489,English,en
48918,English,en
48918,Deutsch,de
48929,हिन्दी,hi
4893,English,en
48935,Italiano,it
48937,Italiano,it
48943,广州话 / 廣州話,cn
48946,English,en
48949,English,en
48954,"",gd
48954,English,en
48955,Italiano,it
48958,English,en
4896,English,en
4896,Deutsch,de
48962,Português,pt
48988,English,en
48992,English,en
48992,Español,es
48993,English,en
48994,English,en
48995,العربية,ar
48995,English,en
48995,Deutsch,de
48995,svenska,sv
48996,svenska,sv
490,svenska,sv
49001,Français,fr
49001,Polski,pl
49004,English,en
49007,English,en
49009,English,en
49009,Polski,pl
49009,Pусский,ru
49010,English,en
49012,English,en
49013,English,en
49013,日本語,ja
49013,Italiano,it
49013,Français,fr
49014,English,en
49017,English,en
49018,English,en
49020,English,en
49021,English,en
49022,English,en
49026,English,en
49028,हिन्दी,hi
49028,తెలుగు,te
49029,தமிழ்,ta
49035,தமிழ்,ta
49036,English,en
49038,English,en
49040,English,en
49040,Pусский,ru
49041,English,en
49047,English,en
49049,English,en
49050,English,en
49051,English,en
49057,English,en
49060,English,en
49069,English,en
49070,English,en
49070,فارسی,fa
49073,Español,es
49074,தமிழ்,ta
49081,English,en
49081,Français,fr
49087,한국어/조선말,ko
4909,Français,fr
4909,Italiano,it
4909,English,en
49092,English,en
49095,한국어/조선말,ko
49096,日本語,ja
49097,Polski,pl
49098,Polski,pl
49099,Dansk,da
4910,English,en
49104,العربية,ar
49104,English,en
49104,Français,fr
49104,עִבְרִית,he
49106,Deutsch,de
49106,Pусский,ru
4911,English,en
49110,English,en
49110,Español,es
4912,English,en
49125,Italiano,it
49126,English,en
4913,العربية,ar
4913,English,en
4913,Français,fr
49133,shqip,sq
49133,Italiano,it
49152,Italiano,it
49158,English,en
4916,English,en
49160,English,en
49162,English,en
49167,العربية,ar
49167,Français,fr
49168,العربية,ar
49168,עִבְרִית,he
49168,Türkçe,tr
49169,English,en
4917,English,en
49172,English,en
4918,English,en
49183,English,en
49184,العربية,ar
49184,Français,fr
49186,English,en
49190,Deutsch,de
49190,한국어/조선말,ko
49199,广州话 / 廣州話,cn
492,English,en
492,Français,fr
49207,العربية,ar
49207,Dansk,da
4921,Nederlands,nl
4921,Deutsch,de
4921,Italiano,it
49212,Italiano,it
49214,한국어/조선말,ko
49216,English,en
49216,普通话,zh
4922,English,en
49220,العربية,ar
49220,svenska,sv
49225,English,en
4923,English,en
49230,English,en
49237,English,en
49239,普通话,zh
49239,广州话 / 廣州話,cn
49239,"",tl
49249,English,en
4925,English,en
49256,Español,es
49258,日本語,ja
4926,English,en
49261,English,en
49264,English,en
4927,English,en
49270,English,en
49273,No Language,xx
49275,No Language,xx
49277,Français,fr
49277,No Language,xx
4928,Français,fr
4928,English,en
49280,No Language,xx
4929,English,en
49291,广州话 / 廣州話,cn
49291,English,en
49291,Deutsch,de
49291,普通话,zh
49291,Português,pt
49296,No Language,xx
49299,English,en
493,English,en
4930,English,en
49308,日本語,ja
4931,English,en
49314,English,en
49314,Italiano,it
4932,English,en
49320,suomi,fi
49321,Italiano,it
49322,suomi,fi
49326,English,en
4933,English,en
49334,English,en
4934,English,en
49343,English,en
49347,English,en
4935,日本語,ja
49350,English,en
49352,English,en
49354,English,en
49355,日本語,ja
49361,Italiano,it
49363,日本語,ja
49365,English,en
49367,Português,pt
49370,English,en
49375,English,en
49379,English,en
4938,English,en
4939,English,en
49391,English,en
49393,Português,pt
49397,Italiano,it
49398,Deutsch,de
49398,Français,fr
494,English,en
49409,English,en
49410,English,en
49411,English,en
49418,Pусский,ru
4942,English,en
4942,Deutsch,de
49426,Pусский,ru
49429,English,en
49431,English,en
4944,English,en
49444,English,en
49446,English,en
49452,Français,fr
49453,English,en
49455,English,en
49456,English,en
49456,Français,fr
49456,Deutsch,de
49456,Italiano,it
4946,Français,fr
49462,English,en
49467,Polski,pl
49471,English,en
49474,English,en
49475,Français,fr
49477,English,en
49478,English,en
49478,普通话,zh
4948,Français,fr
49481,Español,es
49483,Magyar,hu
49483,English,en
4949,English,en
49491,English,en
49494,English,en
49497,English,en
49498,English,en
49500,English,en
49502,English,en
49503,English,en
49508,English,en
4951,English,en
4951,Français,fr
49511,English,en
49514,广州话 / 廣州話,cn
49514,English,en
49517,Français,fr
49517,English,en
49517,Pусский,ru
49517,Magyar,hu
49518,हिन्दी,hi
49519,English,en
4952,English,en
4952,Magyar,hu
49520,English,en
49521,English,en
49522,English,en
49522,Pусский,ru
49524,English,en
49526,普通话,zh
49526,English,en
49527,English,en
49529,English,en
4953,English,en
49530,English,en
49538,Deutsch,de
49538,English,en
49538,Español,es
49538,Français,fr
49538,Pусский,ru
4954,English,en
49542,English,en
4955,Deutsch,de
49559,Français,fr
4956,Français,fr
49565,Français,fr
49571,日本語,ja
49574,Pусский,ru
49577,Pусский,ru
49578,Pусский,ru
49579,Pусский,ru
4958,English,en
49580,Pусский,ru
49583,Français,fr
49584,English,en
49585,Pусский,ru
49588,English,en
49588,Français,fr
49588,Polski,pl
4959,English,en
4959,Français,fr
4959,Deutsch,de
4959,Italiano,it
4959,Pусский,ru
49594,English,en
49597,English,en
496,English,en
496,עִבְרִית,he
496,қазақ,kk
4960,English,en
49600,English,en
49609,English,en
4961,English,en
4961,Italiano,it
49616,English,en
4962,Español,es
4962,Français,fr
49622,English,en
49633,English,en
49634,Italiano,it
49636,普通话,zh
49637,English,en
4964,English,en
49640,English,en
49642,广州话 / 廣州話,cn
49645,English,en
4965,English,en
49653,Pусский,ru
4966,Polski,pl
4967,עִבְרִית,he
4967,English,en
4967,Español,es
49671,English,en
49671,Français,fr
49671,Deutsch,de
49672,English,en
4968,English,en
49680,ქართული,ka
49680,עִבְרִית,he
49681,한국어/조선말,ko
49681,Español,es
49681,"",yi
49683,English,en
49684,English,en
49685,English,en
49685,Français,fr
49687,Italiano,it
49688,Español,es
49689,Deutsch,de
49689,עִבְרִית,he
49691,Français,fr
49693,Français,fr
49693,Deutsch,de
49695,日本語,ja
49696,Français,fr
49696,Italiano,it
49696,Română,ro
49697,Italiano,it
497,Français,fr
497,English,en
4970,English,en
49701,Français,fr
49704,普通话,zh
49706,广州话 / 廣州話,cn
49709,עִבְרִית,he
49711,Français,fr
49712,English,en
49712,Français,fr
49712,Italiano,it
49717,svenska,sv
49719,English,en
4972,Dansk,da
49721,English,en
49721,Pусский,ru
49722,English,en
49722,Français,fr
49725,Italiano,it
49728,English,en
49729,Français,fr
4973,Français,fr
49730,English,en
4974,Italiano,it
4974,Français,fr
4974,English,en
49742,English,en
49745,English,en
4975,English,en
49754,English,en
49760,English,en
49762,English,en
49763,English,en
49767,English,en
4977,English,en
4977,日本語,ja
49776,English,en
49776,Español,es
4978,English,en
49781,Italiano,it
49782,svenska,sv
49785,ελληνικά,el
49787,English,en
49787,Polski,pl
49788,English,en
49789,English,en
4979,Deutsch,de
49792,English,en
49797,한국어/조선말,ko
49798,English,en
49799,English,en
49802,Pусский,ru
49803,English,en
49805,English,en
49806,English,en
49807,Bosanski,bs
49813,English,en
49814,English,en
49815,English,en
4982,English,en
49823,English,en
49828,Türkçe,tr
4983,English,en
49830,English,en
49833,Türkçe,tr
49834,Türkçe,tr
49835,English,en
4984,English,en
49842,Français,fr
49843,English,en
49844,English,en
49845,Français,fr
49846,Français,fr
49847,English,en
49848,English,en
49849,English,en
4985,English,en
49850,English,en
49850,Deutsch,de
49850,Italiano,it
49852,Dansk,da
49852,English,en
49853,English,en
49853,Deutsch,de
49853,"",km
4986,English,en
49863,English,en
49870,English,en
49872,English,en
49872,Italiano,it
49874,svenska,sv
49876,English,en
4988,English,en
4989,English,en
49890,English,en
499,Français,fr
4990,English,en
49901,Deutsch,de
49907,Français,fr
49907,Italiano,it
49908,Magyar,hu
49913,Español,es
49914,English,en
4992,English,en
49920,English,en
49922,English,en
49927,普通话,zh
49928,English,en
49929,English,en
49929,Français,fr
49929,Deutsch,de
4993,English,en
4993,Français,fr
49934,Bosanski,bs
49935,Français,fr
49940,svenska,sv
49941,Deutsch,de
49943,Pусский,ru
49948,English,en
4995,English,en
49950,English,en
49953,English,en
49956,English,en
49958,English,en
49961,Português,pt
49963,English,en
49964,فارسی,fa
49967,普通话,zh
4997,English,en
49974,Português,pt
49978,Magyar,hu
4998,Deutsch,de
4998,Español,es
49980,English,en
49981,English,en
49982,日本語,ja
49982,普通话,zh
49982,广州话 / 廣州話,cn
49992,Dansk,da
49992,Français,fr
49992,Italiano,it
5,English,en
500,English,en
5000,Français,fr
50001,English,en
50004,Español,es
50006,svenska,sv
50008,English,en
5001,Español,es
5001,English,en
50010,한국어/조선말,ko
50010,普通话,zh
50011,English,en
50012,日本語,ja
50012,English,en
50012,Français,fr
50012,Pусский,ru
50013,Pусский,ru
50014,English,en
5002,English,en
50021,svenska,sv
50023,English,en
50025,Türkçe,tr
50030,Français,fr
50031,English,en
50032,English,en
50034,English,en
50035,English,en
50037,English,en
50042,English,en
50043,English,en
50053,English,en
50066,English,en
50070,English,en
50071,English,en
50072,English,en
50073,English,en
50075,No Language,xx
50076,English,en
50077,English,en
50077,Deutsch,de
50078,English,en
50079,English,en
50081,English,en
50085,English,en
50086,ภาษาไทย,th
50087,English,en
50087,Italiano,it
50087,日本語,ja
50090,한국어/조선말,ko
501,English,en
50106,Deutsch,de
50107,English,en
50108,ภาษาไทย,th
50113,日本語,ja
50114,English,en
50116,English,en
50117,English,en
50119,English,en
50123,English,en
50124,Français,fr
50124,Italiano,it
50125,English,en
50126,普通话,zh
50126,English,en
50126,Italiano,it
50126,Português,pt
50135,Deutsch,de
50153,English,en
50155,English,en
50155,Pусский,ru
50158,Français,fr
50161,English,en
50162,日本語,ja
50166,Français,fr
50173,日本語,ja
50177,English,en
50177,Français,fr
50177,Deutsch,de
50177,svenska,sv
50179,English,en
50179,Deutsch,de
50182,No Language,xx
50183,Deutsch,de
50183,Pусский,ru
50185,English,en
50186,Pусский,ru
50189,Italiano,it
50189,Pусский,ru
50196,Italiano,it
50197,Italiano,it
502,English,en
50204,English,en
50210,한국어/조선말,ko
50213,Français,fr
50217,English,en
50220,English,en
50221,English,en
50225,English,en
50225,Français,fr
50227,English,en
50231,English,en
50241,English,en
50247,日本語,ja
50253,日本語,ja
50254,English,en
50254,Français,fr
50254,Deutsch,de
50254,Norsk,no
50268,Deutsch,de
50268,Italiano,it
50271,English,en
50272,Español,es
50275,English,en
50275,svenska,sv
50277,English,en
50285,English,en
50288,English,en
50291,English,en
50294,Český,cs
50294,English,en
50295,English,en
50299,English,en
503,English,en
503,Español,es
50307,English,en
50317,English,en
50318,English,en
50321,English,en
50326,English,en
50327,English,en
50332,English,en
50338,Français,fr
50339,العربية,ar
50339,Français,fr
50340,한국어/조선말,ko
50341,한국어/조선말,ko
50346,English,en
50348,English,en
50350,العربية,ar
50350,English,en
50350,Français,fr
50350,Italiano,it
50350,Español,es
50356,English,en
50357,Český,cs
50357,English,en
50359,English,en
50359,日本語,ja
50359,ภาษาไทย,th
50363,English,en
50363,Italiano,it
50364,English,en
50364,Deutsch,de
50365,Français,fr
50372,English,en
50374,English,en
50379,English,en
5038,Español,es
5038,English,en
50380,English,en
50382,English,en
50382,Deutsch,de
50387,Nederlands,nl
50387,Español,es
50388,日本語,ja
50388,Español,es
50392,English,en
50392,Pусский,ru
50393,English,en
504,English,en
5040,Polski,pl
50400,български език,bg
50400,English,en
50400,Pусский,ru
50400,Srpski,sr
50401,English,en
50420,English,en
50425,Italiano,it
50435,Français,fr
50441,Deutsch,de
50451,English,en
50454,English,en
50456,English,en
50456,Français,fr
50456,Deutsch,de
50456,Italiano,it
50456,العربية,ar
50456,Español,es
50458,한국어/조선말,ko
50461,日本語,ja
50463,English,en
50467,English,en
50474,English,en
50475,한국어/조선말,ko
50479,English,en
5048,English,en
50489,Português,pt
50492,English,en
50497,English,en
505,English,en
505,Français,fr
50503,English,en
50506,English,en
50506,Français,fr
50507,广州话 / 廣州話,cn
50507,English,en
5051,English,en
50512,English,en
5052,English,en
50526,Polski,pl
50526,English,en
50530,Pусский,ru
50531,Italiano,it
50535,ελληνικά,el
50536,English,en
50541,English,en
50542,普通话,zh
50544,English,en
50546,English,en
50549,English,en
5055,Polski,pl
50553,English,en
50553,Italiano,it
5056,English,en
50560,English,en
50562,English,en
50571,广州话 / 廣州話,cn
50571,Deutsch,de
50571,Italiano,it
50571,普通话,zh
50573,English,en
50583,ภาษาไทย,th
50587,English,en
50590,English,en
506,English,en
506,Español,es
5060,English,en
50600,English,en
50601,English,en
50601,ქართული,ka
5061,English,en
50618,беларуская мова,be
50618,Deutsch,de
50618,Pусский,ru
50618,Український,uk
50619,English,en
50619,Português,pt
5062,Français,fr
50620,English,en
5063,Français,fr
5064,English,en
50641,English,en
50646,English,en
50647,English,en
5065,English,en
50650,广州话 / 廣州話,cn
50652,English,en
50656,Dansk,da
50658,Nederlands,nl
5066,English,en
50662,English,en
50669,English,en
5067,Français,fr
50670,English,en
50671,English,en
50674,English,en
50675,English,en
50687,English,en
50688,Español,es
50688,English,en
50696,日本語,ja
50697,English,en
50698,English,en
50699,English,en
507,English,en
507,Français,fr
5070,Français,fr
50700,English,en
50701,English,en
50704,English,en
5071,Français,fr
5071,Română,ro
50714,English,en
50715,English,en
50717,English,en
50719,English,en
5072,English,en
5072,Magyar,hu
5072,Pусский,ru
50722,Deutsch,de
50724,Español,es
50725,English,en
50730,Nederlands,nl
50737,Türkçe,tr
50754,English,en
50758,Italiano,it
50759,日本語,ja
50761,English,en
50765,English,en
50767,English,en
50779,English,en
50780,English,en
50785,Français,fr
50787,English,en
50789,English,en
50794,English,en
50797,Pусский,ru
508,English,en
508,Français,fr
508,Português,pt
50812,English,en
50819,English,en
50819,"",tl
50834,Slovenščina,sl
50835,English,en
50837,English,en
50838,English,en
50838,Français,fr
50839,English,en
50845,Français,fr
50848,Français,fr
50849,English,en
50849,Français,fr
50849,Magyar,hu
50850,English,en
50855,No Language,xx
5086,Italiano,it
50875,English,en
509,English,en
509,Español,es
50900,العربية,ar
50900,Français,fr
50926,English,en
50936,广州话 / 廣州話,cn
50938,ภาษาไทย,th
50942,English,en
50950,svenska,sv
50953,English,en
50958,English,en
50977,English,en
50988,suomi,fi
50990,suomi,fi
510,English,en
51000,Polski,pl
51010,Polski,pl
51017,English,en
51022,Srpski,sr
51036,English,en
51043,English,en
51044,English,en
51049,English,en
51052,English,en
51054,English,en
51059,English,en
51066,English,en
51071,Français,fr
51072,Français,fr
51079,English,en
51083,English,en
51090,English,en
51090,Français,fr
51091,English,en
51092,Italiano,it
511,Deutsch,de
511,Polski,pl
511,Pусский,ru
511,"",yi
51104,English,en
51106,日本語,ja
51122,English,en
51122,Français,fr
51122,Deutsch,de
51129,Pусский,ru
51136,English,en
51138,English,en
51141,Deutsch,de
51141,svenska,sv
51143,Deutsch,de
51143,svenska,sv
51144,svenska,sv
51162,English,en
51166,Français,fr
51170,English,en
51175,English,en
51177,English,en
51179,Español,es
51179,English,en
51182,English,en
51190,suomi,fi
51191,广州话 / 廣州話,cn
51191,English,en
51191,Français,fr
51191,Italiano,it
51195,Français,fr
51196,Français,fr
512,English,en
51200,English,en
51200,한국어/조선말,ko
51205,Français,fr
51209,English,en
5121,English,en
51210,English,en
51212,English,en
51212,Français,fr
51213,Français,fr
51215,English,en
51215,Français,fr
5122,English,en
51227,English,en
5123,English,en
51230,English,en
51239,English,en
51241,English,en
51241,Français,fr
51242,Italiano,it
51245,English,en
51245,普通话,zh
51247,English,en
51248,English,en
51248,Español,es
51249,Español,es
5125,العربية,ar
5125,English,en
51250,English,en
51259,Français,fr
5126,English,en
51260,English,en
51261,English,en
51267,Pусский,ru
51268,Français,fr
51270,English,en
51272,Pусский,ru
51273,Pусский,ru
51275,Pусский,ru
51276,Pусский,ru
51277,English,en
51281,Pусский,ru
51284,Pусский,ru
51285,Pусский,ru
51298,English,en
51299,English,en
513,English,en
513,हिन्दी,hi
51300,English,en
51300,Pусский,ru
51302,English,en
51306,普通话,zh
51309,English,en
51311,English,en
51311,Deutsch,de
51317,Español,es
51321,English,en
51322,ภาษาไทย,th
51322,Deutsch,de
51322,广州话 / 廣州話,cn
51330,English,en
51333,English,en
51334,Türkçe,tr
51349,Pусский,ru
51352,English,en
51355,English,en
51357,English,en
51358,No Language,xx
51359,English,en
51360,No Language,xx
51362,English,en
51363,English,en
51363,Français,fr
51363,Italiano,it
51364,English,en
51365,Deutsch,de
51365,Français,fr
51366,English,en
51367,English,en
5137,"",bo
5137,Deutsch,de
5137,English,en
51370,English,en
51371,English,en
51384,Deutsch,de
51389,English,en
5139,Français,fr
51391,English,en
51393,한국어/조선말,ko
51394,广州话 / 廣州話,cn
51394,English,en
51395,English,en
51395,Español,es
51402,English,en
51402,svenska,sv
51402,Íslenska,is
51402,العربية,ar
51403,English,en
51403,Deutsch,de
51403,Magyar,hu
51403,Română,ro
51403,Español,es
51406,No Language,xx
51409,English,en
51409,Deutsch,de
51409,Español,es
51411,English,en
51413,فارسی,fa
51416,English,en
51423,suomi,fi
51423,svenska,sv
51424,Český,cs
51426,Español,es
51426,English,en
51426,日本語,ja
51426,"",nv
51428,English,en
51429,日本語,ja
5143,English,en
51434,English,en
51434,Pусский,ru
51438,English,en
51442,English,en
51444,English,en
51447,Français,fr
5145,Español,es
5145,English,en
51450,Deutsch,de
51450,Français,fr
51450,Nederlands,nl
51452,English,en
5146,English,en
5146,Français,fr
5146,普通话,zh
5147,English,en
51476,English,en
51481,English,en
51484,广州话 / 廣州話,cn
51485,English,en
51485,हिन्दी,hi
51486,English,en
51490,Français,fr
51497,English,en
51497,Español,es
51497,Português,pt
51497,Italiano,it
51501,English,en
51505,English,en
51507,Český,cs
51512,English,en
51515,English,en
51520,普通话,zh
51521,English,en
51522,English,en
5153,No Language,xx
51533,普通话,zh
51540,English,en
51548,Español,es
51549,日本語,ja
5155,Italiano,it
5156,Italiano,it
51560,English,en
5157,English,en
51571,English,en
51578,Český,cs
51581,日本語,ja
51588,English,en
51590,English,en
51592,English,en
51594,English,en
51601,English,en
51604,Český,cs
51608,한국어/조선말,ko
51617,English,en
51618,English,en
51619,English,en
51620,English,en
51649,English,en
5165,Italiano,it
5165,English,en
5168,Français,fr
51681,English,en
51707,English,en
5172,English,en
51722,Română,ro
51730,广州话 / 廣州話,cn
51730,普通话,zh
51735,English,en
51735,Deutsch,de
51735,ελληνικά,el
51735,Pусский,ru
51736,English,en
51739,日本語,ja
5174,Latin,la
5174,English,en
5174,Français,fr
5174,日本語,ja
5174,普通话,zh
51743,English,en
5175,广州话 / 廣州話,cn
5175,English,en
5175,普通话,zh
51759,English,en
51759,Français,fr
5176,English,en
51763,English,en
51763,Deutsch,de
51765,English,en
51768,English,en
5177,Dansk,da
5178,English,en
5178,Italiano,it
51780,English,en
51786,English,en
51787,English,en
51787,Français,fr
51787,Deutsch,de
5179,English,en
5179,Français,fr
5179,Italiano,it
5179,Latin,la
51791,English,en
51792,English,en
51794,Türkçe,tr
51794,English,en
51795,English,en
51800,עִבְרִית,he
51800,Español,es
51802,English,en
51806,English,en
51808,Français,fr
51817,Srpski,sr
51822,Español,es
51823,English,en
51823,Español,es
51824,English,en
51828,English,en
5183,English,en
51831,English,en
51832,עִבְרִית,he
51836,English,en
51839,Nederlands,nl
51844,English,en
51844,Français,fr
51848,English,en
5185,Deutsch,de
5185,Français,fr
5185,Pусский,ru
5185,English,en
51851,Français,fr
51853,Français,fr
51854,English,en
51856,English,en
51857,Español,es
51859,日本語,ja
51863,English,en
51865,Français,fr
5187,Magyar,hu
5187,English,en
51871,Français,fr
51873,English,en
51875,English,en
51876,English,en
51876,Italiano,it
51876,Pусский,ru
51876,普通话,zh
51876,Français,fr
51878,English,en
51880,Français,fr
51885,"",ug
51885,Pусский,ru
51885,普通话,zh
51890,Français,fr
51890,日本語,ja
51902,Český,cs
51911,English,en
51912,Italiano,it
51917,Italiano,it
51929,日本語,ja
51935,Deutsch,de
51935,Français,fr
51935,"",lb
51935,English,en
51938,English,en
51939,English,en
51942,English,en
51945,Français,fr
51946,English,en
51947,English,en
51949,Français,fr
51949,Italiano,it
51949,Español,es
51953,Français,fr
51955,English,en
51956,English,en
51959,Český,cs
51962,Dansk,da
51971,Français,fr
51976,Español,es
51980,Français,fr
51985,English,en
51986,English,en
51986,Polski,pl
51991,Français,fr
51992,Français,fr
51992,English,en
51993,English,en
51994,English,en
51995,English,en
51996,English,en
51996,Italiano,it
51996,Polski,pl
51996,Español,es
51997,English,en
51999,Český,cs
51999,English,en
51999,Français,fr
52001,English,en
52001,Français,fr
52001,Deutsch,de
52009,Norsk,no
52009,English,en
52009,Pусский,ru
5201,English,en
52010,English,en
52011,日本語,ja
52013,English,en
52015,English,en
52017,English,en
52021,English,en
52022,Română,ro
52022,English,en
5203,English,en
5203,Português,pt
52032,English,en
52034,English,en
52035,No Language,xx
52036,English,en
52038,English,en
52039,English,en
5204,Magyar,hu
5204,Italiano,it
5204,Español,es
52044,English,en
52045,Français,fr
52047,日本語,ja
52048,English,en
5205,Český,cs
5205,English,en
5205,Deutsch,de
52050,English,en
52050,普通话,zh
52051,English,en
52058,English,en
5206,Dansk,da
5206,English,en
5206,Íslenska,is
5206,Pусский,ru
52060,English,en
52067,English,en
52072,Türkçe,tr
52073,Français,fr
52077,English,en
52077,Français,fr
52083,English,en
52083,Deutsch,de
52088,English,en
52088,Deutsch,de
521,English,en
52103,普通话,zh
52105,English,en
52109,English,en
52111,Türkçe,tr
52113,Italiano,it
52116,Deutsch,de
52117,English,en
52122,English,en
52143,日本語,ja
52147,Türkçe,tr
52150,Türkçe,tr
52183,Türkçe,tr
52188,Türkçe,tr
52199,English,en
522,English,en
52203,English,en
52204,English,en
52207,English,en
52208,English,en
52212,Italiano,it
52216,Français,fr
52221,English,en
52225,Nederlands,nl
52228,English,en
52229,English,en
52229,Italiano,it
52229,Español,es
52237,English,en
52238,Deutsch,de
52238,Italiano,it
52239,English,en
52247,Português,pt
52249,Dansk,da
52249,한국어/조선말,ko
52249,English,en
52251,Deutsch,de
52252,English,en
52254,Deutsch,de
52254,English,en
52254,हिन्दी,hi
52255,Tiếng Việt,vi
52256,Deutsch,de
52256,Italiano,it
52256,Polski,pl
52256,Pусский,ru
52256,Español,es
52258,English,en
52260,Nederlands,nl
52263,English,en
52264,Français,fr
5227,English,en
5227,Magyar,hu
5227,Español,es
52270,English,en
52273,English,en
52274,Español,es
52277,Íslenska,is
52278,English,en
5228,English,en
52280,English,en
52286,Français,fr
52297,English,en
523,Deutsch,de
52302,日本語,ja
52304,English,en
52311,English,en
52314,English,en
52315,Český,cs
52315,English,en
52318,English,en
52320,English,en
52320,Français,fr
52320,Norsk,no
52320,Srpski,sr
52323,Magyar,hu
52333,Português,pt
52338,English,en
52345,Português,pt
52349,Français,fr
52350,Français,fr
52355,English,en
52358,English,en
52359,English,en
5236,English,en
52360,English,en
52362,English,en
52364,English,en
52364,Español,es
52365,English,en
52366,Français,fr
52367,English,en
52369,Français,fr
5237,English,en
52371,Nederlands,nl
52395,English,en
524,English,en
52406,English,en
5241,English,en
5241,Pусский,ru
52415,한국어/조선말,ko
52416,한국어/조선말,ko
52418,한국어/조선말,ko
52429,English,en
52432,English,en
52440,Deutsch,de
52440,English,en
52440,Français,fr
52441,한국어/조선말,ko
52444,한국어/조선말,ko
52445,한국어/조선말,ko
52448,English,en
52449,English,en
52451,English,en
52452,English,en
52454,English,en
52454,Français,fr
52454,Español,es
52458,English,en
52461,English,en
52462,Deutsch,de
5247,English,en
52470,English,en
52472,English,en
52473,Dansk,da
52474,Français,fr
52475,Deutsch,de
52477,English,en
5248,English,en
52480,English,en
52485,English,en
52488,English,en
525,English,en
52505,English,en
52512,English,en
52512,日本語,ja
52517,English,en
5252,한국어/조선말,ko
52520,English,en
52520,Pусский,ru
52528,English,en
52531,日本語,ja
52537,English,en
5255,English,en
52555,العربية,ar
52555,Français,fr
52556,"",ku
52556,Türkçe,tr
52557,Français,fr
5256,English,en
52560,English,en
52561,English,en
5257,English,en
52587,Deutsch,de
52589,日本語,ja
5259,العربية,ar
5259,English,en
5259,עִבְרִית,he
52593,English,en
526,English,en
52605,English,en
52608,English,en
5261,Deutsch,de
52612,Français,fr
52615,English,en
52616,English,en
52616,普通话,zh
52620,English,en
52622,Français,fr
52623,Nederlands,nl
52627,English,en
52628,Français,fr
52629,Español,es
52633,English,en
52637,日本語,ja
52637,Français,fr
52639,English,en
52653,English,en
52654,English,en
52654,Italiano,it
52655,English,en
52660,English,en
52661,English,en
52663,한국어/조선말,ko
52666,Polski,pl
52677,Français,fr
52679,No Language,xx
52681,English,en
52685,English,en
52686,日本語,ja
52696,English,en
52696,हिन्दी,hi
52696,ਪੰਜਾਬੀ,pa
527,English,en
527,"",mi
52701,日本語,ja
52701,Pусский,ru
52702,English,en
52705,Français,fr
52710,Français,fr
52713,Français,fr
52717,Français,fr
52721,Italiano,it
52726,Français,fr
52728,日本語,ja
52734,English,en
52736,English,en
52744,English,en
52745,English,en
52748,English,en
52758,English,en
52761,Français,fr
52762,English,en
52767,فارسی,fa
52770,English,en
52770,Italiano,it
52772,English,en
52775,Nederlands,nl
52776,广州话 / 廣州話,cn
52777,English,en
52778,English,en
52779,No Language,xx
52780,English,en
52782,No Language,xx
52784,svenska,sv
52788,English,en
52788,Français,fr
52788,Deutsch,de
5279,English,en
52794,Français,fr
52796,English,en
52799,Español,es
52803,No Language,xx
52805,English,en
52810,Italiano,it
52817,English,en
52826,English,en
52827,English,en
52837,English,en
52841,English,en
52844,English,en
52846,English,en
52847,English,en
52848,English,en
52848,Français,fr
52849,English,en
52849,Español,es
52850,English,en
52853,English,en
52854,普通话,zh
52855,English,en
52855,Polski,pl
52856,English,en
52857,English,en
52859,English,en
52863,English,en
52864,English,en
52867,English,en
52868,English,en
52870,日本語,ja
52873,Français,fr
52874,日本語,ja
52885,Magyar,hu
52885,Pусский,ru
52886,English,en
52886,Magyar,hu
5289,English,en
52891,Polski,pl
52891,Pусский,ru
52894,English,en
52903,suomi,fi
52906,English,en
52907,English,en
52912,Italiano,it
52913,Deutsch,de
52913,Italiano,it
52914,Italiano,it
52916,English,en
52916,Italiano,it
52918,العربية,ar
52920,Polski,pl
52925,Français,fr
52936,English,en
52939,Pусский,ru
52941,English,en
52943,Español,es
52947,广州话 / 廣州話,cn
52949,English,en
52954,English,en
52954,Français,fr
52954,Español,es
52959,English,en
52960,English,en
52961,English,en
52970,日本語,ja
52979,日本語,ja
52980,日本語,ja
52989,Italiano,it
52991,English,en
52996,English,en
52998,Español,es
52999,Français,fr
530,English,en
53000,English,en
53000,Magyar,hu
53010,Français,fr
53010,한국어/조선말,ko
53019,Dansk,da
5302,English,en
53021,English,en
53023,Français,fr
53027,English,en
53031,English,en
53033,English,en
53034,日本語,ja
53034,Español,es
53042,Português,pt
53045,English,en
53049,English,en
53050,English,en
53064,日本語,ja
53074,Español,es
53079,English,en
53080,English,en
53085,Pусский,ru
53086,Pусский,ru
53092,English,en
53094,Deutsch,de
531,English,en
53100,English,en
53101,English,en
53103,Nederlands,nl
53103,Français,fr
53104,English,en
53113,English,en
53116,Español,es
53117,Español,es
53119,English,en
53119,עִבְרִית,he
53119,"",yi
53121,English,en
53128,ελληνικά,el
53129,Deutsch,de
53129,Pусский,ru
53144,English,en
53146,Deutsch,de
53146,עִבְרִית,he
53150,English,en
53151,English,en
53155,Italiano,it
53156,Français,fr
53157,English,en
53161,No Language,xx
53163,广州话 / 廣州話,cn
53168,广州话 / 廣州話,cn
53172,English,en
53174,Deutsch,de
53178,English,en
53179,Français,fr
53182,English,en
53185,English,en
53187,English,en
5319,हिन्दी,hi
53194,Deutsch,de
53194,Pусский,ru
53197,Español,es
53197,English,en
53197,Français,fr
53198,Italiano,it
53198,English,en
532,English,en
53200,العربية,ar
53200,English,en
53200,Deutsch,de
53202,English,en
53206,Türkçe,tr
53210,English,en
53211,English,en
53211,Français,fr
53216,English,en
53217,English,en
53217,Français,fr
53219,English,en
53220,English,en
53220,Français,fr
53222,Français,fr
53223,English,en
53229,English,en
53232,English,en
53234,English,en
53234,Français,fr
53234,Italiano,it
53237,English,en
53244,Français,fr
53252,Pусский,ru
53256,English,en
53256,Deutsch,de
53267,한국어/조선말,ko
53283,हिन्दी,hi
53284,हिन्दी,hi
53287,English,en
53287,Español,es
53290,Nederlands,nl
53290,English,en
53290,Français,fr
53290,Deutsch,de
53290,Italiano,it
53290,日本語,ja
53296,suomi,fi
533,English,en
53310,English,en
53315,English,en
53318,English,en
53318,svenska,sv
53319,Italiano,it
5332,English,en
53328,English,en
5333,English,en
53335,English,en
53336,English,en
5334,English,en
53342,Italiano,it
53344,English,en
5335,Italiano,it
53354,Français,fr
53355,English,en
53358,English,en
5336,Deutsch,de
5336,Français,fr
5336,Italiano,it
53367,English,en
53380,English,en
53389,Français,fr
53399,Italiano,it
534,English,en
534,Italiano,it
53404,English,en
53404,Français,fr
53404,日本語,ja
53406,English,en
53407,No Language,xx
53413,Português,pt
53417,English,en
53418,English,en
53419,English,en
53420,English,en
53425,English,en
53426,English,en
53435,English,en
53441,English,en
53445,English,en
53446,English,en
53446,Français,fr
53446,Español,es
53456,Français,fr
53457,English,en
53457,Français,fr
53457,Deutsch,de
53457,Italiano,it
53457,"",yi
53459,English,en
53463,English,en
53472,Nederlands,nl
53472,English,en
53482,Italiano,it
53486,Italiano,it
53486,Français,fr
53487,Français,fr
53487,Magyar,hu
535,English,en
535,Português,pt
53503,suomi,fi
53505,English,en
53514,한국어/조선말,ko
53520,English,en
53520,Français,fr
53520,普通话,zh
53522,English,en
53527,English,en
5353,English,en
5353,Magyar,hu
5353,"",sh
53544,English,en
53554,svenska,sv
53565,English,en
53567,svenska,sv
53567,Norsk,no
53569,हिन्दी,hi
53569,English,en
53574,English,en
53575,English,en
53596,Español,es
53598,English,en
53617,English,en
53619,English,en
53622,English,en
53623,Italiano,it
53624,English,en
53648,Italiano,it
53650,English,en
53651,English,en
53654,Italiano,it
53654,English,en
53655,English,en
53657,English,en
53670,English,en
53670,Español,es
53685,English,en
53688,svenska,sv
53689,svenska,sv
53693,Dansk,da
537,Français,fr
53701,日本語,ja
53712,English,en
53714,English,en
53729,English,en
53739,Español,es
53743,English,en
5375,English,en
53759,No Language,xx
53765,English,en
53767,English,en
53767,हिन्दी,hi
53769,English,en
53774,English,en
53774,Deutsch,de
53776,Français,fr
53778,English,en
53779,English,en
53779,Français,fr
53780,English,en
53792,English,en
53792,Italiano,it
53792,"",yi
53796,English,en
53798,English,en
53800,English,en
53804,हिन्दी,hi
53805,Italiano,it
53807,广州话 / 廣州話,cn
53827,English,en
53828,English,en
53830,English,en
53830,Deutsch,de
53834,English,en
53850,English,en
53851,English,en
53853,English,en
53857,English,en
53860,Français,fr
53861,English,en
53862,English,en
53863,English,en
53864,English,en
53865,English,en
53868,English,en
53870,English,en
53870,Français,fr
53870,Polski,pl
53875,English,en
53879,English,en
53879,普通话,zh
53882,English,en
53883,தமிழ்,ta
53896,English,en
53898,English,en
539,English,en
53905,English,en
53906,English,en
53914,Deutsch,de
53914,Italiano,it
53915,Italiano,it
53922,English,en
53928,English,en
5393,English,en
53931,English,en
53935,English,en
53939,English,en
53945,Deutsch,de
53947,English,en
53949,English,en
53950,English,en
53953,English,en
53953,Polski,pl
53957,Italiano,it
53961,Português,pt
53985,English,en
540,English,en
54000,English,en
54000,Français,fr
54000,ελληνικά,el
54001,فارسی,fa
54002,English,en
54003,English,en
54007,English,en
54008,English,en
54013,English,en
54022,Italiano,it
54028,English,en
54040,English,en
54045,Français,fr
54050,English,en
54051,English,en
54052,English,en
54054,English,en
54064,Français,fr
54075,English,en
54081,हिन्दी,hi
54083,English,en
54083,Français,fr
54083,Deutsch,de
54083,Italiano,it
54083,Pусский,ru
54083,Español,es
54093,English,en
541,English,en
541,Español,es
54102,English,en
54105,English,en
54107,English,en
54109,English,en
54111,한국어/조선말,ko
54113,Dansk,da
54113,English,en
54113,suomi,fi
54113,Deutsch,de
54113,Norsk,no
54113,Polski,pl
54113,Español,es
54113,svenska,sv
54117,广州话 / 廣州話,cn
54117,English,en
54117,한국어/조선말,ko
54117,普通话,zh
54117,ภาษาไทย,th
54118,English,en
54120,English,en
5413,English,en
54133,English,en
54138,English,en
54139,English,en
54140,English,en
54144,Español,es
54146,日本語,ja
54148,Español,es
54148,English,en
54154,English,en
54154,Deutsch,de
54154,Italiano,it
54155,Français,fr
54156,Deutsch,de
54156,Français,fr
54157,Français,fr
54160,日本語,ja
54164,Italiano,it
54165,Français,fr
54166,Italiano,it
54178,普通话,zh
54182,广州话 / 廣州話,cn
54182,普通话,zh
54186,日本語,ja
54194,Français,fr
54194,English,en
54195,English,en
54195,Deutsch,de
54198,English,en
542,Español,es
5421,Italiano,it
5422,Italiano,it
54220,English,en
54225,한국어/조선말,ko
54227,English,en
54229,Íslenska,is
54233,普通话,zh
54236,Español,es
5424,Deutsch,de
5424,Italiano,it
54242,English,en
54243,English,en
5425,Italiano,it
54254,فارسی,fa
54256,हिन्दी,hi
54257,svenska,sv
54265,日本語,ja
54266,日本語,ja
54271,English,en
54272,日本語,ja
54273,日本語,ja
54274,日本語,ja
54275,日本語,ja
54276,日本語,ja
54277,日本語,ja
54278,日本語,ja
54279,日本語,ja
54280,日本語,ja
54281,日本語,ja
54283,日本語,ja
54284,日本語,ja
54285,한국어/조선말,ko
54287,English,en
54288,Français,fr
54291,普通话,zh
54293,English,en
54297,English,en
543,English,en
54302,English,en
54306,日本語,ja
54307,日本語,ja
54309,Italiano,it
54312,Český,cs
54313,Italiano,it
54315,Deutsch,de
54316,English,en
54318,English,en
54320,English,en
54326,普通话,zh
54328,普通话,zh
54330,한국어/조선말,ko
5434,Italiano,it
54380,Português,pt
54384,Português,pt
54388,English,en
54390,English,en
54391,English,en
54392,English,en
54396,English,en
544,English,en
54400,English,en
54405,English,en
54406,English,en
54407,English,en
54415,English,en
54418,English,en
54419,Français,fr
54419,Română,ro
54421,普通话,zh
54424,Türkçe,tr
54430,English,en
54430,Français,fr
54436,Français,fr
54440,English,en
54445,English,en
54466,English,en
54471,Français,fr
54474,Deutsch,de
54474,Pусский,ru
54484,English,en
54487,English,en
54491,English,en
54491,Français,fr
54494,English,en
54503,普通话,zh
54505,English,en
54506,English,en
54507,English,en
54509,Italiano,it
54509,English,en
54509,Español,es
54514,Pусский,ru
54518,English,en
54523,English,en
54523,Italiano,it
54524,English,en
54524,Deutsch,de
54524,Italiano,it
54527,English,en
54540,Nederlands,nl
54540,English,en
54540,Deutsch,de
54541,English,en
54544,Français,fr
54546,广州话 / 廣州話,cn
54546,English,en
54546,普通话,zh
54548,Deutsch,de
54551,English,en
54551,Español,es
54555,한국어/조선말,ko
54557,English,en
54558,한국어/조선말,ko
54559,English,en
54559,Français,fr
54559,Español,es
54561,Italiano,it
54563,Français,fr
54568,English,en
54569,English,en
54570,English,en
54570,Italiano,it
54575,English,en
5458,English,en
54580,Español,es
54580,Deutsch,de
54597,English,en
54598,English,en
546,English,en
5460,English,en
54602,English,en
54613,English,en
54615,English,en
54627,Français,fr
54627,Deutsch,de
54627,Italiano,it
54635,English,en
54638,English,en
54642,English,en
54648,English,en
5465,Deutsch,de
54653,English,en
54655,English,en
54656,हिन्दी,hi
54657,తెలుగు,te
54657,हिन्दी,hi
54657,English,en
54658,English,en
54659,한국어/조선말,ko
54660,English,en
54662,English,en
54663,English,en
54669,suomi,fi
54669,Deutsch,de
54669,Pусский,ru
54690,한국어/조선말,ko
54692,Hrvatski,hr
54692,English,en
54692,Srpski,sr
54699,English,en
547,English,en
5470,English,en
5470,Pусский,ru
54700,English,en
5471,English,en
5471,Íslenska,is
5471,Latin,la
54715,English,en
54720,עִבְרִית,he
54720,English,en
54723,English,en
5473,Nederlands,nl
54734,English,en
54746,English,en
54752,English,en
54759,svenska,sv
54759,suomi,fi
54764,suomi,fi
54768,English,en
54769,Deutsch,de
54770,日本語,ja
54773,English,en
54779,English,en
54782,English,en
54794,English,en
54796,English,en
54797,Deutsch,de
54797,English,en
54797,ελληνικά,el
548,日本語,ja
54801,English,en
54803,English,en
54804,English,en
54807,English,en
5481,English,en
54812,English,en
54814,हिन्दी,hi
54814,English,en
54814,日本語,ja
5482,Italiano,it
54821,English,en
54825,English,en
54825,Deutsch,de
5483,Italiano,it
54832,English,en
54837,Español,es
5484,Italiano,it
54845,English,en
5485,Italiano,it
54857,English,en
54858,广州话 / 廣州話,cn
54858,普通话,zh
5486,Italiano,it
54860,日本語,ja
54861,广州话 / 廣州話,cn
54865,Français,fr
5488,한국어/조선말,ko
54880,Français,fr
54890,English,en
54890,हिन्दी,hi
54893,English,en
54894,English,en
54898,Français,fr
549,English,en
549,Español,es
54900,Türkçe,tr
5491,English,en
5491,Français,fr
54910,English,en
54911,English,en
54919,Deutsch,de
54919,Français,fr
54919,svenska,sv
54919,普通话,zh
54919,English,en
5493,English,en
5493,日本語,ja
54933,English,en
54934,English,en
5494,English,en
54940,English,en
54959,हिन्दी,hi
54966,اردو,ur
54968,English,en
54969,हिन्दी,hi
54970,Pусский,ru
54971,हिन्दी,hi
54973,English,en
54979,English,en
54979,Español,es
54982,English,en
54986,한국어/조선말,ko
54988,English,en
54994,English,en
55,Español,es
550,English,en
55008,日本語,ja
55015,Español,es
55015,English,en
55018,English,en
55027,English,en
5503,English,en
55032,English,en
55033,English,en
55035,Français,fr
55044,English,en
55045,English,en
55047,English,en
55049,Français,fr
55058,English,en
55059,English,en
5506,English,en
55061,English,en
55063,English,en
55066,English,en
55086,English,en
551,English,en
55106,English,en
55107,Français,fr
5511,Français,fr
55123,English,en
55125,Srpski,sr
55130,Srpski,sr
55134,English,en
55135,Srpski,sr
55138,Srpski,sr
55144,English,en
55149,English,en
55149,Tiếng Việt,vi
55150,English,en
55151,Français,fr
55151,Română,ro
55152,English,en
55154,Norsk,no
55156,广州话 / 廣州話,cn
55157,广州话 / 廣州話,cn
55157,普通话,zh
5516,English,en
5516,Tiếng Việt,vi
55165,svenska,sv
55167,suomi,fi
55177,English,en
55180,English,en
55184,suomi,fi
5519,Italiano,it
55190,English,en
55190,Français,fr
55192,日本語,ja
55194,English,en
55197,日本語,ja
55198,日本語,ja
552,Italiano,it
55204,English,en
55204,Español,es
55207,English,en
55208,Tiếng Việt,vi
5521,English,en
55215,English,en
55222,English,en
55229,English,en
55230,English,en
55236,Deutsch,de
55236,English,en
55238,English,en
55240,Deutsch,de
55240,English,en
55244,English,en
55246,English,en
55249,English,en
55253,Português,pt
55256,suomi,fi
55257,suomi,fi
55261,English,en
5528,Français,fr
55283,తెలుగు,te
55292,Français,fr
55292,普通话,zh
55292,Polski,pl
55294,English,en
553,English,en
55301,English,en
55306,English,en
55308,English,en
55309,English,en
55316,Français,fr
55317,Français,fr
55321,English,en
55322,English,en
55325,English,en
55327,Deutsch,de
55327,Français,fr
55327,English,en
55328,English,en
55343,English,en
55344,日本語,ja
55347,English,en
55347,Français,fr
55368,Français,fr
55370,Français,fr
55372,Français,fr
55372,Italiano,it
55376,हिन्दी,hi
55398,suomi,fi
554,suomi,fi
554,Deutsch,de
554,Pусский,ru
55412,suomi,fi
55418,suomi,fi
55420,English,en
55424,Français,fr
55426,日本語,ja
55429,Polski,pl
55430,日本語,ja
55431,日本語,ja
55433,English,en
55435,日本語,ja
55437,日本語,ja
55438,日本語,ja
5544,English,en
5544,Français,fr
5544,日本語,ja
55441,English,en
55448,English,en
55457,English,en
5546,English,en
55465,English,en
55470,日本語,ja
55472,English,en
55475,Español,es
55479,English,en
55479,Español,es
5548,English,en
5549,English,en
55496,suomi,fi
5550,English,en
5550,日本語,ja
55500,suomi,fi
55502,suomi,fi
55504,English,en
55505,English,en
5551,English,en
5552,English,en
5552,Français,fr
55520,suomi,fi
55522,suomi,fi
55529,English,en
55531,suomi,fi
55534,English,en
55536,Deutsch,de
55538,English,en
55539,English,en
55544,No Language,xx
55547,Deutsch,de
55547,English,en
55558,suomi,fi
55558,svenska,sv
55561,English,en
55562,Français,fr
55562,Deutsch,de
55562,Polski,pl
55567,English,en
55576,English,en
55576,Deutsch,de
5558,Français,fr
55580,English,en
55580,Italiano,it
55584,No Language,xx
55587,Deutsch,de
55589,Dansk,da
5559,English,en
55596,English,en
55602,English,en
55603,English,en
55604,English,en
55608,"",ce
55608,Pусский,ru
55612,Norsk,no
55613,Deutsch,de
55613,English,en
55615,日本語,ja
55616,English,en
5562,Français,fr
55624,Deutsch,de
55627,हिन्दी,hi
55628,English,en
55632,English,en
55648,No Language,xx
55650,svenska,sv
55657,English,en
55662,English,en
55663,English,en
55663,Deutsch,de
55667,English,en
55676,English,en
55680,English,en
55681,English,en
55685,Italiano,it
55687,English,en
55689,English,en
55689,Français,fr
55689,Italiano,it
55694,English,en
55694,Magyar,hu
55694,Português,pt
55694,Pусский,ru
55699,English,en
557,English,en
55700,Português,pt
55712,English,en
55715,English,en
55717,Français,fr
55717,Italiano,it
55717,"",oc
55720,English,en
55720,Español,es
55721,English,en
55723,English,en
55725,English,en
55727,English,en
55728,English,en
55730,English,en
55731,English,en
55733,English,en
55734,English,en
55735,English,en
55738,English,en
55739,English,en
55741,普通话,zh
55756,suomi,fi
55758,한국어/조선말,ko
55759,suomi,fi
55762,English,en
55765,한국어/조선말,ko
55767,한국어/조선말,ko
55769,English,en
55774,English,en
55776,suomi,fi
55779,English,en
55779,广州话 / 廣州話,cn
55784,Deutsch,de
55784,English,en
55785,English,en
55785,Latin,la
55787,English,en
55787,Polski,pl
55792,English,en
558,English,en
558,Pусский,ru
558,普通话,zh
55802,Română,ro
55804,English,en
55819,English,en
55823,Deutsch,de
55823,Italiano,it
55831,English,en
55836,Français,fr
55846,English,en
55847,Français,fr
55848,Français,fr
55853,Français,fr
55859,English,en
55859,Magyar,hu
55861,English,en
55863,English,en
55872,English,en
55872,Pусский,ru
55873,English,en
55873,Pусский,ru
55884,日本語,ja
55888,English,en
5589,Český,cs
55890,English,en
55892,日本語,ja
55893,English,en
55895,English,en
559,English,en
559,Français,fr
5590,Français,fr
55902,English,en
55903,Français,fr
55909,English,en
55912,English,en
55916,English,en
5592,Français,fr
55922,English,en
55922,Português,pt
55931,English,en
55931,日本語,ja
55934,English,en
55936,Pусский,ru
55949,English,en
5595,Español,es
55950,English,en
55951,தமிழ்,ta
55952,English,en
55955,English,en
55956,日本語,ja
55960,Italiano,it
55971,Deutsch,de
55971,Pусский,ru
55989,English,en
55996,English,en
55998,Pусский,ru
560,English,en
56002,Français,fr
56007,English,en
5601,Français,fr
56014,Italiano,it
5602,Français,fr
56036,Dansk,da
56041,Italiano,it
56049,Português,pt
56067,English,en
56068,Italiano,it
56077,English,en
56078,Polski,pl
5608,Deutsch,de
56083,Português,pt
56085,Český,cs
56085,English,en
56085,Français,fr
56092,English,en
56095,Deutsch,de
56095,普通话,zh
561,English,en
561,Português,pt
561,"",tl
56100,English,en
56109,English,en
56113,English,en
56115,English,en
56122,Italiano,it
56126,"",tl
56132,English,en
56133,English,en
56134,Italiano,it
56135,English,en
56135,Français,fr
56137,English,en
56137,"",gd
56142,English,en
56142,Italiano,it
56143,English,en
56146,English,en
56147,English,en
56147,Italiano,it
56150,English,en
56150,Magyar,hu
56151,English,en
56152,English,en
56153,Italiano,it
56154,English,en
56156,English,en
56157,English,en
56162,English,en
56162,Deutsch,de
56164,English,en
56165,English,en
56167,English,en
56167,Français,fr
56167,Magyar,hu
56167,Italiano,it
56168,English,en
56171,English,en
56171,Français,fr
56171,Deutsch,de
56177,Italiano,it
56178,Français,fr
56179,English,en
56179,Deutsch,de
5618,Français,fr
56180,Español,es
56188,English,en
56191,日本語,ja
56192,English,en
56195,English,en
562,English,en
562,Deutsch,de
562,Italiano,it
5620,Français,fr
5620,Deutsch,de
56212,Pусский,ru
56214,English,en
5622,Italiano,it
56224,English,en
56231,Italiano,it
56232,日本語,ja
56233,English,en
56233,Italiano,it
56235,English,en
56245,Dansk,da
56255,日本語,ja
56256,Română,ro
56259,English,en
56263,Français,fr
56268,Français,fr
56271,English,en
56272,English,en
56275,English,en
56287,Italiano,it
56288,English,en
56290,Italiano,it
56292,English,en
56292,Pусский,ru
56292,Français,fr
56292,العربية,ar
56292,svenska,sv
56295,ภาษาไทย,th
56296,English,en
563,English,en
56304,Pусский,ru
56309,English,en
56314,Dansk,da
56320,English,en
56321,Français,fr
56329,广州话 / 廣州話,cn
56332,Italiano,it
56338,हिन्दी,hi
56338,اردو,ur
56339,Italiano,it
56340,Italiano,it
56341,Italiano,it
56343,Deutsch,de
56343,Italiano,it
56345,Deutsch,de
56354,English,en
56354,Magyar,hu
56364,English,en
56364,Español,es
56366,Italiano,it
56369,Italiano,it
56372,Pусский,ru
56373,English,en
56373,Italiano,it
56379,Italiano,it
5638,English,en
56383,English,en
56385,English,en
56386,Italiano,it
56391,Pусский,ru
564,English,en
564,العربية,ar
56400,Italiano,it
56401,English,en
56402,Italiano,it
56405,Afrikaans,af
56405,Nederlands,nl
56405,English,en
56405,Français,fr
56415,Français,fr
56418,العربية,ar
56418,Deutsch,de
56418,Español,es
56419,English,en
56419,Deutsch,de
56424,Français,fr
56428,English,en
56429,English,en
56431,Italiano,it
56435,Italiano,it
56440,Español,es
56448,English,en
5646,English,en
56474,Română,ro
56475,日本語,ja
56475,English,en
5648,English,en
56481,Deutsch,de
56481,Norsk,no
56481,svenska,sv
56482,Italiano,it
56486,Deutsch,de
56487,Deutsch,de
56489,Deutsch,de
56491,English,en
56499,Français,fr
565,English,en
56500,svenska,sv
56508,Français,fr
5651,English,en
56511,Français,fr
56512,Français,fr
56515,Français,fr
56516,No Language,xx
56518,Italiano,it
56518,Latin,la
5652,English,en
56525,Pусский,ru
56527,English,en
56527,Polski,pl
56529,English,en
5653,English,en
5653,Latin,la
56531,Srpski,sr
56533,English,en
56539,English,en
5654,English,en
5654,Français,fr
5654,Pусский,ru
56544,Français,fr
56544,Italiano,it
56547,Pусский,ru
56549,Pусский,ru
56554,English,en
56557,English,en
56558,English,en
56578,한국어/조선말,ko
56579,English,en
56583,English,en
56584,English,en
56589,Français,fr
56590,English,en
56591,English,en
56596,svenska,sv
56598,English,en
56599,日本語,ja
56601,English,en
56616,普通话,zh
56619,Český,cs
56623,Français,fr
56624,Deutsch,de
56647,Español,es
56648,Français,fr
56651,English,en
56653,Français,fr
56663,English,en
56666,हिन्दी,hi
56666,اردو,ur
56669,English,en
56672,English,en
56685,Português,pt
56685,svenska,sv
56691,Norsk,no
56693,English,en
56697,Norsk,no
567,English,en
56702,English,en
56705,English,en
56705,Deutsch,de
56709,English,en
56715,English,en
56715,Français,fr
56718,English,en
56724,English,en
56725,English,en
56743,English,en
56744,English,en
56746,Español,es
56759,Français,fr
56763,普通话,zh
56763,广州话 / 廣州話,cn
56764,English,en
56766,English,en
5677,English,en
5677,Français,fr
56778,English,en
5678,English,en
56780,English,en
56784,Italiano,it
56787,English,en
56790,한국어/조선말,ko
56798,Italiano,it
568,English,en
5680,English,en
56800,Français,fr
56804,Italiano,it
56807,العربية,ar
56810,Español,es
56811,English,en
56812,Español,es
56815,Español,es
56816,suomi,fi
56820,Pусский,ru
56821,English,en
56825,Italiano,it
56828,Español,es
56828,English,en
5683,English,en
56831,English,en
56832,日本語,ja
56841,svenska,sv
56844,Italiano,it
56853,Italiano,it
56858,Dansk,da
5686,English,en
56860,English,en
5689,English,en
56897,हिन्दी,hi
56901,हिन्दी,hi
56906,English,en
56909,Italiano,it
5691,Italiano,it
5691,English,en
56913,English,en
56919,Türkçe,tr
56920,Italiano,it
56922,Italiano,it
56927,Magyar,hu
56928,English,en
56929,English,en
5693,English,en
56930,English,en
56931,English,en
56931,Deutsch,de
56934,English,en
56935,Français,fr
56937,Norsk,no
56942,English,en
56943,Italiano,it
56946,"",hy
56946,Français,fr
56946,"",ku
56946,Pусский,ru
56947,Français,fr
56948,Español,es
56949,Español,es
56949,Français,fr
56950,Nederlands,nl
56952,فارسی,fa
56952,English,en
56952,Français,fr
56952,हिन्दी,hi
56959,Italiano,it
56965,English,en
56968,English,en
56969,हिन्दी,hi
56971,Italiano,it
56974,Italiano,it
56975,Italiano,it
56978,Italiano,it
5698,No Language,xx
56986,తెలుగు,te
56991,svenska,sv
56994,Italiano,it
570,English,en
570,Français,fr
570,Italiano,it
57000,English,en
57000,Français,fr
57000,Deutsch,de
57005,普通话,zh
57011,日本語,ja
57012,English,en
57016,English,en
57019,Español,es
57022,English,en
57035,English,en
57047,English,en
57047,Français,fr
57047,Deutsch,de
57047,Srpski,sr
57052,Italiano,it
57059,Nederlands,nl
57059,Polski,pl
5707,English,en
5708,English,en
57082,English,en
57088,English,en
57089,English,en
5709,English,en
571,English,en
57100,English,en
57100,普通话,zh
57103,English,en
57106,Français,fr
57106,Deutsch,de
57112,Italiano,it
57118,English,en
57119,English,en
57120,English,en
57144,Français,fr
57157,English,en
57158,English,en
57165,English,en
5717,English,en
57173,English,en
5718,Español,es
5718,English,en
57186,Srpski,sr
5719,English,en
57190,English,en
572,Norsk,no
572,svenska,sv
57201,English,en
57203,English,en
57204,English,en
57207,Pусский,ru
57209,Pусский,ru
5721,English,en
57210,English,en
57211,English,en
57212,ภาษาไทย,th
57212,English,en
57214,English,en
57215,English,en
57218,shqip,sq
57218,български език,bg
57218,Hrvatski,hr
57218,Italiano,it
57218,"",mk
57218,Pусский,ru
57219,English,en
5722,English,en
57221,English,en
5723,English,en
57230,Pусский,ru
57241,Norsk,no
57241,svenska,sv
57243,Français,fr
57243,Español,es
57248,English,en
5725,English,en
57251,shqip,sq
57251,English,en
57251,Deutsch,de
57251,Italiano,it
57251,فارسی,fa
57256,Dansk,da
57258,English,en
5726,English,en
57269,English,en
57276,Hrvatski,hr
57276,English,en
57276,Français,fr
57276,Deutsch,de
57276,Italiano,it
57276,한국어/조선말,ko
57276,Português,pt
57276,Pусский,ru
57276,Español,es
57277,English,en
57278,Polski,pl
5728,Deutsch,de
57283,No Language,xx
5729,No Language,xx
573,English,en
57305,ελληνικά,el
57307,Français,fr
57308,Français,fr
57309,ภาษาไทย,th
5731,English,en
57310,Italiano,it
57311,Français,fr
57313,English,en
57326,English,en
57327,Français,fr
57330,Magyar,hu
57331,English,en
57331,Français,fr
57331,Srpski,sr
57331,ภาษาไทย,th
57337,English,en
57342,English,en
57342,Italiano,it
57342,Español,es
57343,English,en
57346,English,en
57351,English,en
57353,English,en
57353,Srpski,sr
57353,Türkçe,tr
57361,한국어/조선말,ko
57361,普通话,zh
57382,Français,fr
57387,Français,fr
57389,Italiano,it
57393,English,en
57394,한국어/조선말,ko
57395,普通话,zh
574,العربية,ar
574,English,en
574,Français,fr
574,Italiano,it
57400,English,en
57400,עִבְרִית,he
57400,Română,ro
57403,English,en
57403,Français,fr
57403,Português,pt
57406,English,en
57409,English,en
5741,English,en
57412,English,en
57412,Français,fr
57413,Español,es
57419,български език,bg
57419,Français,fr
57419,Srpski,sr
5742,English,en
57424,Italiano,it
57425,Italiano,it
57431,English,en
57436,Dansk,da
57436,English,en
57436,Français,fr
57436,Português,pt
57438,Norsk,no
5744,English,en
5744,Deutsch,de
57440,日本語,ja
57447,Italiano,it
57448,Français,fr
57458,ภาษาไทย,th
5747,English,en
57476,English,en
57479,English,en
5748,English,en
57483,English,en
57483,Deutsch,de
57489,Español,es
575,Deutsch,de
57500,svenska,sv
57510,English,en
57518,English,en
57521,Català,ca
57521,Español,es
57529,English,en
5753,English,en
57536,Català,ca
57536,English,en
57536,Español,es
57537,English,en
57544,Español,es
57563,Français,fr
57564,普通话,zh
57565,English,en
57568,ภาษาไทย,th
5757,English,en
57573,English,en
57575,English,en
57575,Magyar,hu
57578,ελληνικά,el
57578,English,en
57585,English,en
57586,English,en
5759,English,en
57597,English,en
576,English,en
576,Deutsch,de
576,Español,es
57602,Français,fr
5761,English,en
57622,English,en
57627,ภาษาไทย,th
5764,English,en
57644,English,en
5765,English,en
57654,Kinyarwanda,rw
57655,English,en
57656,English,en
57662,English,en
57664,English,en
57665,English,en
57666,English,en
5767,English,en
5767,Français,fr
57680,English,en
57681,English,en
57683,English,en
57684,English,en
5769,English,en
57695,Français,fr
57698,English,en
577,English,en
57701,Pусский,ru
57703,日本語,ja
57706,日本語,ja
57709,English,en
57709,Français,fr
57714,Français,fr
57718,English,en
57722,English,en
57722,Français,fr
57726,Français,fr
57733,English,en
57733,Deutsch,de
57737,English,en
57739,Türkçe,tr
57743,English,en
57744,English,en
57745,English,en
57749,English,en
57757,Pусский,ru
57768,Nederlands,nl
57770,Pусский,ru
57771,English,en
57775,Pусский,ru
57776,Pусский,ru
57778,Italiano,it
57778,Pусский,ru
57779,Pусский,ru
57781,Pусский,ru
57784,English,en
57784,Pусский,ru
57789,English,en
57789,Français,fr
57789,Português,pt
578,English,en
5780,English,en
5780,Deutsch,de
5780,Norsk,no
5780,svenska,sv
57800,English,en
57809,Pусский,ru
5781,Français,fr
5781,Español,es
57811,Português,pt
57812,English,en
57812,Français,fr
57816,English,en
57816,Français,fr
57816,Deutsch,de
57816,日本語,ja
57816,普通话,zh
57825,English,en
57825,हिन्दी,hi
57825,Magyar,hu
57825,Italiano,it
57825,ਪੰਜਾਬੀ,pa
57825,Español,es
57829,English,en
57829,Español,es
57830,Română,ro
57834,Français,fr
57834,English,en
57837,English,en
57840,English,en
57843,English,en
57845,English,en
57849,English,en
57855,English,en
57855,Deutsch,de
57857,English,en
57859,한국어/조선말,ko
57866,English,en
57875,日本語,ja
57876,English,en
57876,Português,pt
57880,广州话 / 廣州話,cn
57889,Pусский,ru
579,English,en
57911,Dansk,da
57914,Italiano,it
57918,Italiano,it
57924,Deutsch,de
57946,English,en
57953,English,en
57965,Italiano,it
57967,Italiano,it
57976,English,en
57977,Español,es
57978,English,en
57979,Português,pt
57983,Český,cs
57992,English,en
57992,Français,fr
57992,Português,pt
57993,English,en
57996,Italiano,it
58,English,en
58,Türkçe,tr
58,ελληνικά,el
58,普通话,zh
580,English,en
5800,English,en
58007,Italiano,it
5801,বাংলা,bn
58011,Italiano,it
58012,English,en
58012,Français,fr
58013,Italiano,it
58018,Polski,pl
58028,English,en
58035,English,en
5804,English,en
58043,English,en
58043,Français,fr
58048,English,en
58051,हिन्दी,hi
58058,Français,fr
58060,Italiano,it
58061,Italiano,it
58062,English,en
58069,한국어/조선말,ko
58070,Italiano,it
58074,Italiano,it
58075,English,en
58076,English,en
58080,Italiano,it
58081,Italiano,it
58083,Italiano,it
58084,English,en
58086,Italiano,it
58089,Italiano,it
58096,English,en
58097,Español,es
58098,Italiano,it
581,English,en
58102,English,en
58102,Gaeilge,ga
58106,English,en
58128,हिन्दी,hi
58128,اردو,ur
58129,No Language,xx
58133,Français,fr
58151,English,en
58156,svenska,sv
58159,English,en
5816,Nederlands,nl
58160,English,en
58166,Deutsch,de
5817,svenska,sv
58182,English,en
58188,Italiano,it
58191,Italiano,it
58192,English,en
58194,English,en
58195,Italiano,it
58197,English,en
582,Deutsch,de
5820,English,en
58200,English,en
58204,Italiano,it
58207,English,en
58218,Français,fr
58219,Italiano,it
5822,English,en
58224,English,en
58227,English,en
58231,English,en
58232,Deutsch,de
58232,English,en
58233,Deutsch,de
58233,广州话 / 廣州話,cn
58233,English,en
58233,普通话,zh
58233,Pусский,ru
58235,Português,pt
58242,Magyar,hu
58242,English,en
58244,English,en
5825,English,en
58251,English,en
58255,English,en
58257,English,en
58258,English,en
58258,Français,fr
58258,Español,es
58261,English,en
58287,Bahasa indonesia,id
58293,English,en
58296,Pусский,ru
583,English,en
58301,English,en
58302,हिन्दी,hi
58306,English,en
58309,Français,fr
58311,广州话 / 廣州話,cn
5833,English,en
5833,Polski,pl
5833,Pусский,ru
58333,Deutsch,de
58333,हिन्दी,hi
58365,普通话,zh
58368,广州话 / 廣州話,cn
58368,普通话,zh
58372,English,en
58376,Español,es
58383,Italiano,it
58384,Deutsch,de
58384,svenska,sv
5839,Deutsch,de
5839,Italiano,it
58390,English,en
58390,Italiano,it
58390,فارسی,fa
58390,svenska,sv
58391,suomi,fi
584,English,en
584,Español,es
58400,Italiano,it
58402,Italiano,it
58404,Italiano,it
58405,日本語,ja
58411,English,en
58416,suomi,fi
58416,Pусский,ru
58419,English,en
58419,Italiano,it
5842,English,en
5842,日本語,ja
58421,English,en
58427,English,en
58427,Deutsch,de
58428,English,en
58429,Español,es
58430,English,en
58431,English,en
58432,Español,es
58433,English,en
58433,Français,fr
58433,Deutsch,de
58433,Português,pt
58434,English,en
58435,Deutsch,de
58435,English,en
5844,日本語,ja
58443,English,en
58444,Italiano,it
58446,English,en
58447,Türkçe,tr
5845,日本語,ja
58450,Italiano,it
58450,Pусский,ru
58455,English,en
58455,Italiano,it
5846,日本語,ja
58462,English,en
58470,English,en
58473,English,en
58483,Dansk,da
58487,Français,fr
58492,English,en
58493,"",ki
58493,English,en
58493,Kiswahili,sw
58493,svenska,sv
58494,English,en
58496,Português,pt
58496,English,en
58496,Français,fr
58496,日本語,ja
585,English,en
5850,Italiano,it
5850,Türkçe,tr
58500,English,en
58507,English,en
58509,Italiano,it
5851,English,en
58511,Italiano,it
58517,Português,pt
5852,English,en
58522,Italiano,it
58526,Français,fr
58526,Italiano,it
58529,English,en
58529,Deutsch,de
58529,Magyar,hu
58531,shqip,sq
58531,Italiano,it
5854,English,en
58545,Italiano,it
58547,English,en
58550,English,en
58550,日本語,ja
58553,Polski,pl
58559,English,en
5856,Deutsch,de
5856,Norsk,no
5857,English,en
5857,Polski,pl
5857,Español,es
58570,广州话 / 廣州話,cn
58574,English,en
58587,Español,es
58589,English,en
58591,English,en
58595,English,en
586,shqip,sq
586,English,en
58607,English,en
58611,Italiano,it
58613,Italiano,it
58625,English,en
58626,English,en
58631,English,en
58648,English,en
58655,Français,fr
58658,Italiano,it
58664,English,en
58669,English,en
58679,普通话,zh
58680,English,en
58692,Pусский,ru
58699,English,en
587,English,en
58700,한국어/조선말,ko
58701,English,en
58701,Italiano,it
58702,Italiano,it
58704,日本語,ja
5871,български език,bg
5871,Deutsch,de
58718,English,en
58720,English,en
58725,বাংলা,bn
58725,हिन्दी,hi
58725,اردو,ur
58732,English,en
58733,English,en
58757,Deutsch,de
5876,English,en
58760,English,en
58763,English,en
58764,suomi,fi
58767,English,en
58769,Deutsch,de
58770,English,en
58772,English,en
58772,Deutsch,de
58772,עִבְרִית,he
58772,Polski,pl
58772,"",yi
58777,Français,fr
58781,English,en
58782,English,en
58788,English,en
5879,日本語,ja
58790,English,en
58792,English,en
58799,English,en
588,English,en
5881,English,en
5881,Français,fr
58820,English,en
58820,Italiano,it
58828,English,en
58832,English,en
58833,Français,fr
58857,日本語,ja
58858,Français,fr
58859,??????,ky
58865,ελληνικά,el
58877,Français,fr
58877,"",ln
58877,English,en
58877,Nederlands,nl
58878,日本語,ja
58882,普通话,zh
58882,English,en
58884,English,en
58886,Nederlands,nl
58887,English,en
5889,日本語,ja
5889,Português,pt
58891,English,en
58895,English,en
58897,Türkçe,tr
58899,English,en
5890,日本語,ja
5890,Português,pt
58902,English,en
58903,English,en
58904,English,en
58905,English,en
58911,English,en
58918,English,en
58920,English,en
58923,English,en
58925,Français,fr
58928,Français,fr
58936,English,en
58937,English,en
5894,English,en
58954,普通话,zh
58959,한국어/조선말,ko
5896,English,en
5896,Deutsch,de
5898,English,en
58985,English,en
5899,Nederlands,nl
58995,English,en
58997,English,en
59,English,en
590,English,en
5900,Nederlands,nl
59005,English,en
59006,English,en
59013,Český,cs
59013,English,en
59015,Français,fr
59017,English,en
5902,English,en
5902,Nederlands,nl
5902,Polski,pl
5902,Deutsch,de
5902,Latin,la
59040,Italiano,it
59045,Italiano,it
59050,Italiano,it
59051,English,en
59053,Italiano,it
59058,English,en
59060,English,en
59065,English,en
59075,English,en
59087,English,en
59088,Srpski,sr
59098,English,en
591,English,en
591,Français,fr
591,Latin,la
591,Español,es
5910,日本語,ja
59101,English,en
59108,English,en
59110,English,en
59111,English,en
59115,English,en
59117,Español,es
59118,Français,fr
59120,English,en
59120,Polski,pl
59122,English,en
59126,English,en
59138,English,en
59139,Italiano,it
59142,English,en
59143,עִבְרִית,he
59143,English,en
59145,العربية,ar
59145,Français,fr
59146,普通话,zh
59147,Italiano,it
5915,Dansk,da
5915,English,en
59159,English,en
5916,English,en
59169,English,en
5917,English,en
59171,English,en
59173,English,en
59178,English,en
59181,English,en
59189,English,en
5919,English,en
59191,English,en
59197,English,en
59197,日本語,ja
59197,普通话,zh
59197,ภาษาไทย,th
59199,English,en
592,English,en
5920,English,en
59201,English,en
59206,English,en
5921,English,en
59210,English,en
59219,Polski,pl
5922,English,en
5923,English,en
5923,普通话,zh
59230,English,en
59230,Italiano,it
59231,English,en
59232,English,en
59238,English,en
59238,Français,fr
59239,বাংলা,bn
5924,English,en
5924,Español,es
59241,Italiano,it
59248,English,en
59248,Italiano,it
59249,Italiano,it
5925,English,en
5925,Deutsch,de
5925,Français,fr
5925,Pусский,ru
59255,Deutsch,de
59266,English,en
5927,English,en
5928,English,en
59290,English,en
59296,English,en
59297,日本語,ja
59298,日本語,ja
593,Pусский,ru
59314,English,en
59333,English,en
59336,Italiano,it
59346,Français,fr
59349,Deutsch,de
59349,Français,fr
59362,हिन्दी,hi
5937,Deutsch,de
5937,English,en
5937,日本語,ja
5937,普通话,zh
5937,广州话 / 廣州話,cn
5937,Український,uk
59372,हिन्दी,hi
59387,English,en
59388,English,en
59388,suomi,fi
59390,English,en
59392,English,en
59392,Français,fr
594,български език,bg
594,English,en
594,Français,fr
594,Pусский,ru
594,Español,es
59401,English,en
59402,Magyar,hu
59402,普通话,zh
59403,English,en
59404,普通话,zh
59405,普通话,zh
59406,English,en
59408,English,en
59419,English,en
59421,한국어/조선말,ko
59423,한국어/조선말,ko
59424,Nederlands,nl
59426,Pусский,ru
59427,English,en
59427,"",gd
59429,日本語,ja
59434,Français,fr
59435,English,en
59436,English,en
59436,Français,fr
59436,Deutsch,de
59436,Español,es
59437,English,en
59439,English,en
59440,English,en
59441,English,en
59444,广州话 / 廣州話,cn
59455,Français,fr
59457,English,en
59468,Français,fr
59468,English,en
59468,Español,es
59474,English,en
59474,Português,pt
59475,Pусский,ru
59481,English,en
59482,English,en
59482,Français,fr
59484,Français,fr
59490,English,en
59490,Français,fr
59490,Deutsch,de
59499,广州话 / 廣州話,cn
595,English,en
59500,suomi,fi
59500,普通话,zh
59500,Pусский,ru
59507,English,en
59507,Français,fr
5951,English,en
59517,English,en
59527,English,en
59529,Pусский,ru
5953,English,en
5953,Français,fr
5955,English,en
59557,English,en
59558,English,en
5956,English,en
59566,English,en
59569,English,en
59570,Italiano,it
59581,English,en
59582,Français,fr
59584,English,en
59585,English,en
59589,English,en
59596,Français,fr
596,English,en
5961,English,en
5961,Deutsch,de
5961,svenska,sv
5961,"",yi
5965,English,en
5965,Polski,pl
5966,English,en
5967,Français,fr
59678,English,en
5968,English,en
597,English,en
597,Français,fr
597,Deutsch,de
597,svenska,sv
597,Italiano,it
597,Pусский,ru
59700,English,en
59701,English,en
59704,Italiano,it
59704,English,en
59706,English,en
5971,English,en
5971,Magyar,hu
5971,Italiano,it
59719,日本語,ja
59722,English,en
59726,English,en
59733,English,en
59735,Español,es
59735,English,en
59738,English,en
59744,English,en
59762,English,en
59797,English,en
598,Português,pt
59802,Esperanto,eo
59803,Pусский,ru
59807,English,en
59809,English,en
59820,English,en
59820,Français,fr
59833,English,en
59835,Deutsch,de
59835,Español,es
59838,English,en
59839,English,en
59843,广州话 / 廣州話,cn
59847,Français,fr
59852,English,en
59853,Italiano,it
59859,English,en
59860,English,en
59861,English,en
59873,Italiano,it
59881,English,en
59882,English,en
59883,English,en
59892,Český,cs
59895,English,en
59897,English,en
599,English,en
59908,suomi,fi
59908,English,en
5991,No Language,xx
59912,Italiano,it
59914,Français,fr
59917,English,en
59930,English,en
59935,فارسی,fa
59935,English,en
59939,English,en
5994,English,en
59940,English,en
59944,日本語,ja
5995,svenska,sv
59950,Français,fr
59958,English,en
59959,Français,fr
5996,English,en
5996,Français,fr
59961,English,en
59961,Afrikaans,af
59961,Español,es
59962,English,en
59963,English,en
59964,English,en
59965,English,en
59967,English,en
59968,English,en
59974,English,en
59981,English,en
59990,Português,pt
59995,English,en
59996,English,en
6,English,en
600,English,en
600,Tiếng Việt,vi
60005,English,en
60009,English,en
60011,"",xh
60011,English,en
60011,Afrikaans,af
60011,isiZulu,zu
60014,Italiano,it
60015,Español,es
60015,Français,fr
60018,Italiano,it
60025,Français,fr
60029,English,en
6003,English,en
6003,Italiano,it
60033,English,en
60038,Italiano,it
60041,English,en
60046,Italiano,it
60061,Italiano,it
60062,English,en
60063,English,en
60067,Italiano,it
60068,Pусский,ru
6007,Norsk,no
60071,English,en
60079,English,en
60082,English,en
60083,Français,fr
60085,English,en
60086,English,en
60087,English,en
601,English,en
60106,Français,fr
60116,Italiano,it
60120,English,en
60120,Català,ca
60120,Pусский,ru
60120,Español,es
60125,English,en
60139,English,en
60140,English,en
60141,Português,pt
60142,English,en
60142,Português,pt
60152,English,en
60153,Polski,pl
6016,English,en
60160,日本語,ja
60163,日本語,ja
60164,English,en
60170,English,en
60170,Deutsch,de
60173,English,en
60175,Français,fr
60181,Français,fr
60189,Pусский,ru
60190,English,en
60191,Italiano,it
60194,Français,fr
60194,Pусский,ru
60195,Italiano,it
60199,English,en
602,English,en
6020,English,en
60202,Italiano,it
60213,Français,fr
60213,Español,es
60216,English,en
60216,Deutsch,de
6022,English,en
60221,Français,fr
60221,Español,es
60225,Español,es
60228,Türkçe,tr
6023,English,en
60230,English,en
60233,English,en
60234,Français,fr
60236,Pусский,ru
60238,English,en
60243,فارسی,fa
60254,Français,fr
60261,Magyar,hu
60269,English,en
60270,English,en
60276,English,en
60278,广州话 / 廣州話,cn
60278,普通话,zh
60279,English,en
60279,Magyar,hu
6028,English,en
60281,English,en
60285,English,en
60287,English,en
6029,Pусский,ru
60290,Français,fr
60293,English,en
603,English,en
60302,English,en
60304,English,en
60306,English,en
60307,English,en
60308,English,en
60309,English,en
60315,Español,es
60315,English,en
60315,Français,fr
60363,English,en
60364,English,en
60364,Deutsch,de
60364,Polski,pl
60366,English,en
6037,English,en
60375,suomi,fi
60378,Deutsch,de
6038,English,en
6038,普通话,zh
60387,English,en
60387,Italiano,it
60389,हिन्दी,hi
60392,हिन्दी,hi
604,English,en
60400,English,en
60400,Français,fr
60405,English,en
60409,Türkçe,tr
60409,suomi,fi
60409,English,en
60410,English,en
60415,普通话,zh
60420,English,en
60421,English,en
60421,Français,fr
60421,فارسی,fa
60422,English,en
60422,Français,fr
60422,Deutsch,de
60430,Français,fr
60434,Română,ro
60434,English,en
60437,English,en
60438,English,en
60447,English,en
60479,Français,fr
60479,Deutsch,de
60488,English,en
60488,Deutsch,de
60489,English,en
605,English,en
605,Français,fr
60504,English,en
60505,English,en
60531,Français,fr
60534,Deutsch,de
60539,English,en
60540,English,en
60541,English,en
60543,Italiano,it
60547,English,en
60551,English,en
60555,English,en
60562,English,en
60566,English,en
60566,Español,es
60567,বাংলা,bn
60568,广州话 / 廣州話,cn
60568,普通话,zh
60573,English,en
60575,English,en
60575,Deutsch,de
60579,हिन्दी,hi
60579,தமிழ்,ta
6058,English,en
60587,Deutsch,de
60587,English,en
60591,English,en
60592,svenska,sv
60595,English,en
60599,English,en
606,English,en
606,Kiswahili,sw
60604,日本語,ja
60608,Français,fr
60612,Français,fr
60616,Français,fr
60616,Deutsch,de
60623,Français,fr
60629,English,en
60631,English,en
60639,普通话,zh
60643,English,en
60645,English,en
60650,Français,fr
60650,Italiano,it
60662,English,en
60664,English,en
60670,Français,fr
60672,Deutsch,de
60672,Français,fr
60672,Italiano,it
60677,suomi,fi
60678,suomi,fi
60678,svenska,sv
6068,English,en
6068,Deutsch,de
6068,ภาษาไทย,th
6069,English,en
60695,English,en
607,English,en
607,Español,es
60700,العربية,ar
60703,English,en
60708,"",ay
60708,Español,es
6071,English,en
6072,English,en
6072,Español,es
6073,English,en
6073,Español,es
60730,हिन्दी,hi
60747,English,en
60747,한국어/조선말,ko
6075,English,en
6075,Español,es
60759,English,en
6076,Deutsch,de
60760,Français,fr
60769,Norsk,no
6077,Français,fr
6077,ქართული,ka
6077,Deutsch,de
60773,Français,fr
60775,Nederlands,nl
60778,English,en
6078,English,en
60785,广州话 / 廣州話,cn
6079,Deutsch,de
6079,Český,cs
60792,English,en
60794,Español,es
608,English,en
60800,Magyar,hu
60807,తెలుగు,te
60809,Deutsch,de
60809,English,en
6081,English,en
6081,Français,fr
60810,Italiano,it
60813,Français,fr
60821,English,en
60821,Français,fr
60824,Français,fr
60825,English,en
60825,Français,fr
60828,English,en
60836,English,en
60843,日本語,ja
60850,Deutsch,de
60853,English,en
60855,广州话 / 廣州話,cn
60855,English,en
60859,Français,fr
60859,Español,es
60897,English,en
60898,广州话 / 廣州話,cn
60899,svenska,sv
609,English,en
60908,English,en
60932,English,en
60935,English,en
60935,Norsk,no
60935,Dansk,da
60938,English,en
60948,Český,cs
60949,"",ce
60951,English,en
60964,日本語,ja
60965,English,en
60966,English,en
60971,日本語,ja
60981,Deutsch,de
60981,Pусский,ru
60985,Español,es
60993,suomi,fi
60994,English,en
61002,English,en
61005,English,en
61012,English,en
61016,English,en
61020,Português,pt
61020,English,en
6103,English,en
61033,English,en
61035,Deutsch,de
61038,English,en
61041,English,en
61044,English,en
61044,Italiano,it
61044,Español,es
61046,English,en
61048,English,en
61049,English,en
6105,English,en
6105,Français,fr
61050,English,en
61054,English,en
6106,English,en
6106,Español,es
61062,한국어/조선말,ko
6107,English,en
61070,suomi,fi
61080,English,en
61086,English,en
61095,English,en
6110,English,en
6110,Deutsch,de
61104,English,en
61104,Deutsch,de
61105,English,en
61108,Français,fr
61109,English,en
61111,English,en
61111,ελληνικά,el
61112,Français,fr
61112,English,en
61113,English,en
61117,English,en
61120,English,en
61121,svenska,sv
61123,suomi,fi
61125,suomi,fi
61138,English,en
61139,Pусский,ru
6114,Latin,la
6114,Română,ro
6114,български език,bg
6114,ελληνικά,el
6114,English,en
61151,English,en
6116,English,en
61168,English,en
61178,English,en
61187,广州话 / 廣州話,cn
61187,English,en
61187,한국어/조선말,ko
61194,English,en
61198,English,en
612,العربية,ar
612,Deutsch,de
612,ελληνικά,el
612,English,en
612,Français,fr
612,עִבְרִית,he
612,Italiano,it
612,Pусский,ru
61202,English,en
61202,हिन्दी,hi
61202,Español,es
61203,हिन्दी,hi
61203,English,en
61212,Italiano,it
61221,English,en
61222,Français,fr
61225,English,en
61233,English,en
61237,Italiano,it
61263,English,en
61263,Français,fr
61263,Pусский,ru
61266,Pусский,ru
61267,Français,fr
61271,हिन्दी,hi
61280,English,en
61293,Pусский,ru
61294,English,en
61294,Pусский,ru
61296,Français,fr
613,Magyar,hu
613,Deutsch,de
613,Pусский,ru
61302,English,en
61302,"",gd
61303,Italiano,it
61312,English,en
61313,Český,cs
61314,Italiano,it
61320,Český,cs
61337,English,en
61341,English,en
61348,English,en
61369,English,en
61370,English,en
61372,English,en
61382,English,en
61385,Pусский,ru
61391,English,en
614,Latin,la
614,svenska,sv
61400,हिन्दी,hi
61401,English,en
61404,Český,cs
61404,Français,fr
61404,Español,es
61410,English,en
61411,English,en
61411,Español,es
61415,Français,fr
61415,English,en
61416,English,en
61418,English,en
61420,English,en
61430,English,en
61431,English,en
61434,English,en
61436,English,en
6145,English,en
61461,Italiano,it
61462,Italiano,it
61473,English,en
61475,日本語,ja
61477,普通话,zh
61485,普通话,zh
61487,English,en
61492,日本語,ja
61495,svenska,sv
61495,suomi,fi
615,עִבְרִית,he
615,Latin,la
61501,English,en
61502,English,en
61523,English,en
61523,Pусский,ru
61523,Esperanto,eo
61524,English,en
61525,English,en
61525,Italiano,it
61527,English,en
61528,English,en
61533,English,en
61535,English,en
61536,English,en
61537,English,en
61539,Deutsch,de
61539,Español,es
61540,Italiano,it
61541,English,en
61542,English,en
61542,Français,fr
61545,العربية,ar
61545,English,en
61545,עִבְרִית,he
61545,Pусский,ru
61546,English,en
61548,English,en
61550,English,en
61552,Deutsch,de
61559,العربية,ar
61559,English,en
61560,Français,fr
61563,English,en
61564,English,en
61574,English,en
61578,English,en
61580,Polski,pl
61581,Italiano,it
61591,日本語,ja
61594,English,en
61594,Italiano,it
616,English,en
616,日本語,ja
61613,English,en
61629,English,en
6163,English,en
61638,Italiano,it
61642,English,en
61644,English,en
61645,English,en
61647,English,en
61648,English,en
61650,English,en
61650,Deutsch,de
61651,English,en
61658,Français,fr
6166,English,en
6166,Deutsch,de
61662,Français,fr
61663,Français,fr
61667,English,en
61667,Français,fr
61667,Deutsch,de
61667,Italiano,it
61667,Latin,la
61667,Polski,pl
61667,Español,es
61669,English,en
61672,Français,fr
61675,English,en
61682,日本語,ja
61683,Français,fr
61686,العربية,ar
61686,Français,fr
61689,English,en
61699,English,en
61699,עִבְרִית,he
617,English,en
61702,English,en
61708,English,en
6171,English,en
61711,Français,fr
61716,English,en
61717,English,en
61718,English,en
61718,Español,es
61719,English,en
6172,"",yi
6172,Deutsch,de
6172,עִבְרִית,he
61722,Deutsch,de
6173,Français,fr
61730,English,en
61738,Italiano,it
61751,Nederlands,nl
61752,English,en
61755,Italiano,it
61755,Português,pt
61765,Français,fr
61777,English,en
61783,Français,fr
61791,English,en
61799,Italiano,it
618,No Language,xx
61803,English,en
61807,English,en
61813,English,en
61814,Français,fr
6182,English,en
61820,فارسی,fa
61823,Français,fr
61823,Italiano,it
61828,English,en
61829,Italiano,it
6183,Deutsch,de
6183,Polski,pl
61852,Français,fr
61855,English,en
61856,English,en
61863,English,en
61864,Français,fr
61865,Deutsch,de
61865,Türkçe,tr
6187,Français,fr
61880,English,en
61888,日本語,ja
61891,English,en
61892,English,en
61895,English,en
61896,English,en
619,English,en
61901,English,en
61901,Français,fr
61901,Deutsch,de
61903,English,en
61904,Bahasa indonesia,id
61908,English,en
61925,Italiano,it
61933,Català,ca
61933,English,en
61933,Français,fr
61933,Deutsch,de
61933,Español,es
61934,English,en
61935,Nederlands,nl
61936,English,en
61939,Português,pt
61940,Italiano,it
61943,Italiano,it
61950,English,en
61952,한국어/조선말,ko
61954,English,en
61966,Pусский,ru
61979,Español,es
61984,日本語,ja
61985,English,en
61988,English,en
61988,Español,es
61991,Français,fr
61997,English,en
61998,Pусский,ru
61999,Český,cs
61999,Polski,pl
62,English,en
62,Pусский,ru
620,English,en
62000,English,en
62001,English,en
62001,Français,fr
62001,Deutsch,de
62001,Español,es
62006,English,en
62008,English,en
62009,Français,fr
62009,Deutsch,de
62012,Français,fr
62029,Deutsch,de
62029,Italiano,it
62033,English,en
62034,Italiano,it
62036,Italiano,it
62039,English,en
62040,English,en
62045,Português,pt
62045,Español,es
62045,English,en
62046,English,en
62069,svenska,sv
62071,普通话,zh
62077,Polski,pl
62077,Español,es
62091,English,en
621,English,en
62103,English,en
62103,Español,es
62106,English,en
62108,English,en
62116,Français,fr
62124,Français,fr
62127,English,en
62128,English,en
62131,English,en
62132,English,en
62132,Français,fr
62143,English,en
62143,Magyar,hu
62143,Kiswahili,sw
62156,Português,pt
6217,English,en
62177,English,en
62184,English,en
62185,English,en
62186,English,en
62188,English,en
622,English,en
622,Français,fr
622,Latin,la
622,Polski,pl
622,Português,pt
622,Español,es
62204,No Language,xx
62206,English,en
62206,Deutsch,de
62206,Español,es
62211,English,en
62213,English,en
62214,English,en
62215,English,en
62241,English,en
62243,Italiano,it
62255,English,en
62276,Pусский,ru
62289,English,en
62297,English,en
62297,Nederlands,nl
623,English,en
623,Italiano,it
623,Pусский,ru
62301,日本語,ja
62301,普通话,zh
62320,Français,fr
62321,English,en
62321,ελληνικά,el
62327,English,en
62330,English,en
62337,Deutsch,de
62342,Español,es
62347,English,en
62347,Deutsch,de
62352,svenska,sv
62363,Français,fr
62364,Español,es
62368,English,en
62368,日本語,ja
62382,Italiano,it
62385,日本語,ja
62392,English,en
62394,English,en
62395,Español,es
62396,English,en
62397,Italiano,it
624,English,en
62409,Español,es
62410,English,en
62422,English,en
62425,English,en
62429,suomi,fi
62429,svenska,sv
62432,English,en
62437,Deutsch,de
62439,한국어/조선말,ko
62441,English,en
62441,Deutsch,de
62447,日本語,ja
62463,English,en
62472,Deutsch,de
62472,日本語,ja
62472,English,en
62488,English,en
62491,Italiano,it
62492,English,en
62495,Italiano,it
625,Português,pt
625,English,en
625,Français,fr
625,Magyar,hu
625,"",km
62503,English,en
62522,English,en
62527,English,en
62529,English,en
62545,Italiano,it
62547,Français,fr
62564,English,en
62564,Norsk,no
62567,English,en
62570,Français,fr
62580,Français,fr
62592,English,en
626,No Language,xx
62616,Pусский,ru
62630,English,en
62635,English,en
62635,हिन्दी,hi
62635,"",ne
62635,"",bo
62637,한국어/조선말,ko
6264,English,en
62643,Pусский,ru
62648,English,en
62648,Français,fr
62652,Bamanankan,bm
62652,Français,fr
62655,English,en
62655,Italiano,it
62661,English,en
62664,Pусский,ru
62670,English,en
62675,Français,fr
62676,English,en
62677,English,en
62678,Pусский,ru
62684,Deutsch,de
62688,Pусский,ru
62691,日本語,ja
62692,Pусский,ru
62694,English,en
62697,English,en
627,English,en
62709,English,en
62709,Français,fr
62715,Italiano,it
62717,Português,pt
62719,suomi,fi
62719,Deutsch,de
62719,svenska,sv
62720,English,en
62721,Pусский,ru
62722,English,en
62722,Français,fr
62725,Italiano,it
62726,Pусский,ru
62727,English,en
62728,English,en
62729,Pусский,ru
62730,Deutsch,de
62730,English,en
62731,Pусский,ru
62732,Pусский,ru
62737,Pусский,ru
62738,Pусский,ru
62741,Pусский,ru
62749,English,en
62753,English,en
62755,English,en
62755,日本語,ja
62756,தமிழ்,ta
62757,Pусский,ru
62759,Dansk,da
62759,English,en
62761,English,en
62762,普通话,zh
62764,English,en
62768,English,en
6277,Français,fr
6277,English,en
62775,suomi,fi
6278,English,en
62783,Pусский,ru
62787,Pусский,ru
62789,Italiano,it
6279,English,en
628,English,en
628,Français,fr
6280,English,en
62803,हिन्दी,hi
62804,English,en
6282,English,en
62825,suomi,fi
6283,English,en
62835,English,en
62835,Español,es
62836,English,en
62837,English,en
62838,English,en
62842,Srpski,sr
62843,Český,cs
62847,English,en
62851,日本語,ja
62852,日本語,ja
62855,日本語,ja
62871,Français,fr
62876,Français,fr
62878,English,en
62880,English,en
62883,हिन्दी,hi
62894,suomi,fi
62897,suomi,fi
62898,suomi,fi
629,Español,es
629,English,en
629,Français,fr
629,Magyar,hu
62900,suomi,fi
62904,English,en
62931,English,en
62934,English,en
62941,English,en
62947,English,en
62947,Italiano,it
62956,English,en
62967,English,en
62976,普通话,zh
62977,普通话,zh
62978,Français,fr
62981,Français,fr
62989,English,en
62994,English,en
62996,English,en
62997,Pусский,ru
62999,Pусский,ru
63,English,en
63,Français,fr
630,English,en
63004,Español,es
63006,English,en
63006,हिन्दी,hi
63020,English,en
63025,English,en
63025,Italiano,it
63026,English,en
63026,Italiano,it
63029,Italiano,it
63039,English,en
63044,Nederlands,nl
63045,English,en
63046,Français,fr
63054,English,en
63064,普通话,zh
63065,Deutsch,de
63066,Español,es
63067,Italiano,it
63069,English,en
63071,Italiano,it
63074,Italiano,it
63075,English,en
63076,English,en
63077,Deutsch,de
63081,ภาษาไทย,th
63083,English,en
63087,English,en
63088,English,en
6309,English,en
63096,English,en
63097,English,en
631,No Language,xx
63100,English,en
63105,English,en
63107,Pусский,ru
63112,English,en
63112,Italiano,it
63115,English,en
6312,Français,fr
6312,Deutsch,de
6312,Italiano,it
63139,English,en
63140,English,en
63142,English,en
63143,English,en
63144,English,en
63146,English,en
63147,English,en
63154,English,en
63160,English,en
63163,Pусский,ru
6317,English,en
6317,Deutsch,de
63171,English,en
63171,Français,fr
63172,Français,fr
63176,Italiano,it
63178,Italiano,it
63179,Italiano,it
6318,Deutsch,de
6318,Español,es
63180,English,en
63186,Italiano,it
63187,Italiano,it
63187,svenska,sv
63193,English,en
63193,Italiano,it
63194,English,en
63195,Français,fr
63197,English,en
632,English,en
632,Deutsch,de
632,Pусский,ru
6320,Français,fr
63207,English,en
63207,Français,fr
63207,Español,es
63212,Français,fr
63215,English,en
63215,Français,fr
63217,English,en
63224,Français,fr
63229,Français,fr
63230,Français,fr
63244,English,en
63258,Pусский,ru
63260,Italiano,it
63266,Pусский,ru
63269,Italiano,it
63273,English,en
63276,Italiano,it
63281,Pусский,ru
63287,English,en
63287,Español,es
63290,English,en
63290,Deutsch,de
63290,Bahasa indonesia,id
63290,普通话,zh
63290,پښتو,ps
63290,Pусский,ru
63291,Pусский,ru
63293,Pусский,ru
63297,English,en
63299,Pусский,ru
633,Nederlands,nl
633,English,en
633,Deutsch,de
63300,Pусский,ru
63303,Pусский,ru
63304,Pусский,ru
63310,Nederlands,nl
63310,Français,fr
63311,Español,es
63315,Deutsch,de
63315,English,en
63317,English,en
63318,Français,fr
63319,Français,fr
63320,English,en
63326,English,en
63327,English,en
63327,Français,fr
63333,English,en
63334,English,en
63339,English,en
63340,English,en
63348,English,en
63350,English,en
63358,English,en
63360,English,en
63365,Italiano,it
63375,Pусский,ru
63376,తెలుగు,te
63378,తెలుగు,te
63383,English,en
63395,English,en
63398,Français,fr
634,English,en
63401,Français,fr
6341,English,en
63414,తెలుగు,te
63418,Français,fr
63423,Deutsch,de
63423,English,en
63423,ελληνικά,el
63427,English,en
63432,English,en
63432,Italiano,it
63435,English,en
63437,English,en
63438,English,en
63441,普通话,zh
63443,English,en
63447,Norsk,no
63449,Pусский,ru
63452,Pусский,ru
6346,English,en
6346,Polski,pl
63460,English,en
63465,한국어/조선말,ko
63472,English,en
63474,English,en
63481,Français,fr
63484,日本語,ja
63486,日本語,ja
63492,English,en
63493,English,en
63498,Español,es
63498,English,en
63498,Français,fr
635,English,en
635,Français,fr
63505,English,en
63510,English,en
63512,English,en
63517,English,en
63536,Pусский,ru
63537,Pусский,ru
63538,Pусский,ru
63540,Pусский,ru
63555,Deutsch,de
63555,Español,es
63564,English,en
63568,Pусский,ru
63569,Pусский,ru
63572,Pусский,ru
63573,Pусский,ru
63574,English,en
63578,English,en
63579,English,en
63581,English,en
63584,Pусский,ru
63585,English,en
63590,English,en
63591,English,en
636,English,en
6360,Français,fr
6360,Italiano,it
63607,English,en
63607,Français,fr
63607,ქართული,ka
63607,Pусский,ru
63611,Español,es
63612,Español,es
63615,Español,es
63617,English,en
63618,English,en
63624,English,en
63625,Magyar,hu
63639,English,en
63654,தமிழ்,ta
63665,English,en
63670,తెలుగు,te
63670,தமிழ்,ta
63681,Français,fr
63686,English,en
63687,Español,es
63691,Français,fr
637,English,en
637,Deutsch,de
637,Italiano,it
63700,English,en
63702,Français,fr
63709,English,en
63710,English,en
63717,Français,fr
63721,广州话 / 廣州話,cn
63721,English,en
63727,English,en
63727,Polski,pl
63727,Español,es
6373,English,en
63736,English,en
63749,English,en
63764,Français,fr
63766,Français,fr
63771,Français,fr
63774,Français,fr
63775,Français,fr
63795,English,en
638,English,en
63809,English,en
6382,English,en
63825,தமிழ்,ta
63831,Français,fr
63838,Pусский,ru
63840,Srpski,sr
63848,English,en
63849,Deutsch,de
63849,Türkçe,tr
63858,English,en
63859,English,en
63876,Français,fr
63877,English,en
63880,Français,fr
63883,Español,es
63887,English,en
63888,English,en
63892,English,en
63892,Français,fr
63898,Pусский,ru
63899,Pусский,ru
639,English,en
63907,Français,fr
63907,Íslenska,is
6391,English,en
6391,Français,fr
6391,עִבְרִית,he
63923,Bahasa indonesia,id
63923,"",jv
63924,English,en
6393,English,en
63930,Pусский,ru
63938,suomi,fi
63943,English,en
63943,ਪੰਜਾਬੀ,pa
63945,English,en
63946,Français,fr
63946,"",ln
63951,English,en
63954,English,en
63958,Pусский,ru
63959,English,en
6396,English,en
63963,한국어/조선말,ko
63964,தமிழ்,ta
63971,English,en
63978,Français,fr
63988,English,en
63989,Français,fr
6399,Italiano,it
63990,Français,fr
63990,Deutsch,de
63990,Polski,pl
63996,Nederlands,nl
64,Español,es
640,English,en
640,Français,fr
64015,广州话 / 廣州話,cn
64015,English,en
64015,日本語,ja
64029,suomi,fi
64032,Italiano,it
6404,English,en
6404,Deutsch,de
64042,Pусский,ru
64044,Pусский,ru
64046,Pусский,ru
64047,English,en
64051,English,en
64071,English,en
64074,Français,fr
64074,English,en
64075,English,en
64076,English,en
64077,English,en
64078,English,en
64079,English,en
64084,English,en
64091,English,en
64091,Français,fr
641,English,en
64100,Français,fr
64100,Deutsch,de
64104,English,en
64108,English,en
64109,हिन्दी,hi
64115,Polski,pl
64116,Norsk,no
64124,Français,fr
64129,English,en
64130,English,en
64131,Français,fr
64133,Français,fr
6414,English,en
6414,日本語,ja
6414,ภาษาไทย,th
64142,English,en
64143,English,en
6415,English,en
6415,العربية,ar
64155,Italiano,it
64156,普通话,zh
64160,English,en
64161,English,en
64161,Deutsch,de
64166,English,en
64167,English,en
6417,Magyar,hu
6417,Română,ro
6418,English,en
6418,Français,fr
64183,English,en
64190,English,en
64191,English,en
64197,Pусский,ru
64199,Pусский,ru
642,English,en
642,Español,es
64202,English,en
64204,English,en
64212,Polski,pl
64215,ภาษาไทย,th
64218,English,en
64225,Français,fr
64228,Español,es
64239,Français,fr
64239,Español,es
64246,日本語,ja
64257,普通话,zh
64264,Pусский,ru
64265,English,en
64266,Pусский,ru
64268,Pусский,ru
64272,普通话,zh
64278,English,en
64288,English,en
64291,English,en
643,Pусский,ru
64304,普通话,zh
64305,广州话 / 廣州話,cn
64307,普通话,zh
64310,Français,fr
64316,广州话 / 廣州話,cn
64318,English,en
64320,English,en
64325,English,en
64328,English,en
64334,Français,fr
64335,Türkçe,tr
64340,Français,fr
64347,Français,fr
64348,广州话 / 廣州話,cn
64349,Français,fr
6435,English,en
64353,English,en
6436,English,en
64362,Français,fr
64372,English,en
64382,English,en
64383,Français,fr
64386,Français,fr
6439,English,en
64393,Pусский,ru
64397,Português,pt
64398,English,en
644,English,en
6440,English,en
64403,Italiano,it
64403,Português,pt
64404,Français,fr
64407,Français,fr
64414,English,en
64414,Français,fr
64414,Italiano,it
64418,Français,fr
64423,Français,fr
64428,English,en
6443,Deutsch,de
64433,Türkçe,tr
64437,Français,fr
6444,Français,fr
64441,Français,fr
64442,Français,fr
64450,"",tl
64454,Deutsch,de
64456,English,en
64456,Español,es
64458,Italiano,it
64458,English,en
64458,Português,pt
64462,Español,es
64465,Italiano,it
64468,Türkçe,tr
64481,Français,fr
64483,Pусский,ru
64484,Pусский,ru
64494,English,en
64499,English,en
64501,हिन्दी,hi
64502,English,en
64504,Français,fr
64508,Deutsch,de
64519,English,en
64522,English,en
64524,English,en
64525,Italiano,it
64527,日本語,ja
64528,Italiano,it
64534,Français,fr
64544,Français,fr
64551,English,en
64551,Español,es
64559,Français,fr
64559,Magyar,hu
64566,English,en
64567,English,en
64567,Français,fr
64568,English,en
64576,日本語,ja
64577,Italiano,it
64584,Français,fr
64586,English,en
646,English,en
646,Français,fr
64605,English,en
64605,Français,fr
6461,Deutsch,de
64624,English,en
64624,Español,es
64627,English,en
64627,Deutsch,de
64628,English,en
6463,English,en
64630,Italiano,it
64632,Deutsch,de
64632,English,en
64635,English,en
64639,English,en
64649,日本語,ja
64650,Italiano,it
64655,English,en
6466,English,en
64666,Italiano,it
64666,English,en
64674,ελληνικά,el
64678,English,en
64679,English,en
64682,English,en
64683,English,en
64685,English,en
64686,English,en
64686,日本語,ja
64688,English,en
64689,English,en
64690,English,en
64694,Español,es
647,日本語,ja
6470,English,en
6471,English,en
64714,Pусский,ru
6472,English,en
64720,English,en
64725,Italiano,it
64728,日本語,ja
6473,English,en
6473,Português,pt
64735,English,en
64736,Pусский,ru
64739,Italiano,it
6474,Italiano,it
6476,English,en
64765,Pусский,ru
6477,English,en
6477,Español,es
6477,Français,fr
6477,日本語,ja
6478,English,en
64782,svenska,sv
64784,日本語,ja
64786,ภาษาไทย,th
6479,English,en
64792,한국어/조선말,ko
648,Français,fr
64802,English,en
64802,Pусский,ru
64805,Français,fr
64805,Pусский,ru
64807,English,en
64811,Français,fr
64811,English,en
64820,English,en
64822,Italiano,it
64827,Italiano,it
64828,English,en
64831,English,en
64832,English,en
64834,euskera,eu
64834,Español,es
64835,Italiano,it
64836,English,en
64836,Pусский,ru
64847,日本語,ja
64850,Français,fr
64851,English,en
64852,English,en
64854,English,en
64861,English,en
64868,English,en
64869,English,en
64871,English,en
64872,English,en
64875,English,en
64876,日本語,ja
64877,English,en
6488,English,en
6488,Español,es
64880,हिन्दी,hi
64882,한국어/조선말,ko
64897,Français,fr
649,Français,fr
649,"",mn
649,Español,es
64900,English,en
64900,Français,fr
64900,Pусский,ru
64901,English,en
64901,Français,fr
64901,Magyar,hu
64912,日本語,ja
64923,English,en
64924,English,en
64926,svenska,sv
64928,English,en
64931,한국어/조선말,ko
64934,Français,fr
64935,Français,fr
64936,English,en
64942,English,en
64942,Français,fr
64942,Deutsch,de
64942,עִבְרִית,he
64942,Italiano,it
64943,Italiano,it
64944,Français,fr
64945,English,en
64961,Italiano,it
64963,English,en
64964,Magyar,hu
64965,Italiano,it
64968,Français,fr
64973,English,en
64976,English,en
6498,Dansk,da
6498,Español,es
64984,English,en
6499,English,en
64992,普通话,zh
64994,广州话 / 廣州話,cn
64998,普通话,zh
65,English,en
650,English,en
65002,العربية,ar
65002,English,en
65002,Français,fr
65002,Deutsch,de
65010,Türkçe,tr
65012,English,en
65014,English,en
65015,English,en
65016,Français,fr
65020,English,en
65034,English,en
65040,Français,fr
65041,Français,fr
65041,Deutsch,de
65041,ελληνικά,el
65041,Pусский,ru
65044,普通话,zh
65045,Italiano,it
65046,English,en
65049,English,en
65055,English,en
65055,Português,pt
65057,English,en
65058,English,en
65066,English,en
65075,English,en
65075,Español,es
65081,Français,fr
65086,English,en
65089,Pусский,ru
65092,svenska,sv
65096,English,en
65099,Pусский,ru
651,English,en
651,Français,fr
651,日本語,ja
651,한국어/조선말,ko
65102,Pусский,ru
65104,Pусский,ru
65107,Pусский,ru
65110,Pусский,ru
65114,English,en
65118,Polski,pl
65123,Pусский,ru
65131,Pусский,ru
65137,English,en
65142,Pусский,ru
65156,English,en
65157,English,en
65158,English,en
65186,English,en
65188,Français,fr
65188,Deutsch,de
6519,English,en
65192,Deutsch,de
65192,English,en
652,English,en
6520,English,en
6520,Français,fr
65203,English,en
65207,普通话,zh
6521,English,en
65210,English,en
65211,English,en
65212,English,en
65213,English,en
65214,English,en
65215,English,en
65216,English,en
65218,English,en
6522,English,en
65229,Français,fr
6523,English,en
65233,Français,fr
6524,English,en
6524,Español,es
65252,English,en
65256,English,en
65256,Deutsch,de
65262,English,en
65262,Deutsch,de
65264,Pусский,ru
65275,English,en
65282,English,en
65283,Français,fr
65283,Español,es
6529,English,en
65291,English,en
65296,Français,fr
65300,English,en
65310,English,en
65317,Italiano,it
65320,Italiano,it
65326,English,en
65332,Italiano,it
65345,English,en
6535,English,en
65364,English,en
65367,English,en
6537,Español,es
65374,English,en
6538,العربية,ar
6538,English,en
6538,Pусский,ru
6538,اردو,ur
6538,עִבְרִית,he
65386,Pусский,ru
654,English,en
65403,English,en
65416,English,en
65421,No Language,xx
65431,English,en
65435,English,en
65442,Deutsch,de
65448,English,en
65452,English,en
65456,English,en
65460,English,en
6547,Deutsch,de
65481,Deutsch,de
65482,Français,fr
65485,Italiano,it
65488,English,en
65489,English,en
65496,Français,fr
65496,Italiano,it
65497,English,en
655,English,en
65501,English,en
65502,English,en
65502,Deutsch,de
65503,English,en
65504,Français,fr
65506,English,en
65507,English,en
65509,English,en
65513,Français,fr
65515,English,en
6552,English,en
65534,Français,fr
65545,Pусский,ru
65546,English,en
65550,English,en
6557,English,en
65572,English,en
65573,Italiano,it
65579,English,en
65586,English,en
65591,Pусский,ru
65592,Français,fr
65594,Pусский,ru
65596,English,en
65599,English,en
65603,English,en
65611,Français,fr
65612,Français,fr
65614,Pусский,ru
65615,Français,fr
65628,Italiano,it
65632,Italiano,it
65642,Français,fr
65646,Français,fr
65650,English,en
65650,Español,es
65651,English,en
65656,Français,fr
65656,Deutsch,de
65662,English,en
65673,English,en
65674,English,en
65674,Français,fr
65679,Pусский,ru
65683,हिन्दी,hi
65684,English,en
65696,Polski,pl
657,English,en
657,Pусский,ru
657,Türkçe,tr
657,Română,ro
65703,Français,fr
65707,Français,fr
65713,Pусский,ru
65718,Français,fr
65718,Italiano,it
65719,Français,fr
65726,English,en
65726,Español,es
65749,Español,es
6575,English,en
65754,English,en
65759,English,en
65760,English,en
65760,Română,ro
65760,Pусский,ru
65760,Srpski,sr
65762,English,en
65766,Deutsch,de
65766,Español,es
65771,Dansk,da
65777,English,en
65787,English,en
65793,Deutsch,de
65793,English,en
65795,English,en
65795,Français,fr
65795,Español,es
65796,广州话 / 廣州話,cn
65796,English,en
65799,English,en
658,普通话,zh
658,English,en
658,Español,es
65830,English,en
65831,Deutsch,de
65831,"",sh
65831,English,en
65831,Bosanski,bs
65839,Pусский,ru
65851,English,en
65869,English,en
65871,English,en
65881,한국어/조선말,ko
65885,Français,fr
65887,Français,fr
65889,English,en
6589,English,en
65891,English,en
65892,English,en
65896,Český,cs
65898,Français,fr
659,Deutsch,de
659,עִבְרִית,he
659,Italiano,it
659,Polski,pl
659,Pусский,ru
65900,Český,cs
65904,Český,cs
6591,English,en
6591,Deutsch,de
6591,Italiano,it
6593,日本語,ja
65953,English,en
65958,Français,fr
65967,Český,cs
65973,日本語,ja
65990,English,en
65990,Français,fr
65990,Magyar,hu
65990,Español,es
65994,English,en
65997,Français,fr
66,English,en
66,Español,es
660,English,en
660,Français,fr
66013,普通话,zh
66018,广州话 / 廣州話,cn
66022,English,en
66025,English,en
66027,English,en
66034,English,en
66035,English,en
66043,English,en
66045,日本語,ja
66055,Italiano,it
66060,日本語,ja
66062,日本語,ja
66066,Nederlands,nl
66068,Nederlands,nl
66082,Français,fr
66084,Pусский,ru
66085,Pусский,ru
66087,Italiano,it
6609,Italiano,it
66091,Pусский,ru
66092,English,en
661,English,en
661,Deutsch,de
6610,English,en
6610,Français,fr
66105,日本語,ja
66113,English,en
66115,English,en
66118,Français,fr
66120,Français,fr
66125,English,en
66125,Polski,pl
66127,Český,cs
66129,Français,fr
66135,Français,fr
66144,English,en
66144,Português,pt
66148,Français,fr
6615,English,en
6615,Español,es
66150,English,en
66159,English,en
66160,普通话,zh
66164,English,en
66175,English,en
66178,English,en
66180,Italiano,it
66187,Français,fr
6619,English,en
6619,Français,fr
6619,Italiano,it
6619,Polski,pl
66192,English,en
66193,English,en
66194,English,en
66195,English,en
662,Français,fr
662,Deutsch,de
6620,English,en
6620,Italiano,it
66212,广州话 / 廣州話,cn
6623,English,en
6623,Pусский,ru
6623,Srpski,sr
6623,Bosanski,bs
6623,Hrvatski,hr
66247,"",ml
66247,தமிழ்,ta
66292,हिन्दी,hi
663,English,en
66340,தமிழ்,ta
66344,தமிழ்,ta
66346,தமிழ்,ta
6636,Español,es
6637,Latin,la
6637,English,en
6637,Français,fr
6639,English,en
664,English,en
6641,English,en
6643,Italiano,it
66436,Français,fr
6644,English,en
6644,Español,es
66447,Français,fr
6646,English,en
66469,English,en
66473,English,en
66485,English,en
66488,English,en
665,English,en
66526,தமிழ்,ta
66536,தமிழ்,ta
66537,Français,fr
66538,Français,fr
66540,Français,fr
66541,Français,fr
66566,English,en
66568,English,en
66568,Français,fr
66568,Română,ro
66584,Français,fr
66588,English,en
66592,English,en
66592,Deutsch,de
66597,English,en
66599,English,en
666,Português,pt
66600,English,en
66605,English,en
66608,English,en
66623,English,en
66628,日本語,ja
66634,English,en
66638,English,en
66659,English,en
66664,Deutsch,de
66664,Italiano,it
66668,English,en
667,English,en
667,日本語,ja
667,Pусский,ru
66700,Italiano,it
66701,English,en
66701,Deutsch,de
66702,Deutsch,de
66706,English,en
66707,English,en
66720,English,en
66722,English,en
66730,普通话,zh
66733,English,en
66741,Deutsch,de
66741,English,en
66745,English,en
66753,Français,fr
66753,العربية,ar
66753,English,en
66762,English,en
66770,English,en
66772,Deutsch,de
66775,English,en
66787,English,en
66799,English,en
668,English,en
668,Deutsch,de
66819,English,en
66824,English,en
66834,English,en
6687,English,en
6687,Français,fr
6687,普通话,zh
6687,Pусский,ru
6687,Español,es
66878,English,en
66881,English,en
66892,English,en
66893,Italiano,it
66894,English,en
66897,Français,fr
669,English,en
6691,English,en
6691,Français,fr
66918,English,en
66925,English,en
66926,Magyar,hu
66942,English,en
66942,Português,pt
66944,Hrvatski,hr
66945,English,en
66946,English,en
66949,Français,fr
66953,English,en
66953,Français,fr
66956,Français,fr
66963,Français,fr
66965,Français,fr
66966,Français,fr
66967,Français,fr
66968,Français,fr
66969,Français,fr
66984,English,en
66997,English,en
67,العربية,ar
67,English,en
670,한국어/조선말,ko
67018,English,en
67018,Français,fr
67022,English,en
67022,Français,fr
67025,한국어/조선말,ko
67062,Português,pt
67067,English,en
67079,English,en
67083,English,en
67087,English,en
67089,한국어/조선말,ko
671,English,en
67102,Eesti,et
67102,Polski,pl
67102,Pусский,ru
67109,English,en
67109,हिन्दी,hi
67113,English,en
67130,English,en
6715,English,en
67162,English,en
67174,"",tl
67177,Italiano,it
67179,Italiano,it
67183,English,en
67198,English,en
672,English,en
67216,English,en
67216,Deutsch,de
67217,Deutsch,de
67217,ελληνικά,el
67219,Italiano,it
67220,English,en
67221,English,en
67221,Italiano,it
67221,Español,es
6723,English,en
67236,Français,fr
67236,Português,pt
67255,日本語,ja
67263,Deutsch,de
67272,svenska,sv
67273,English,en
67276,English,en
67297,Deutsch,de
67297,Pусский,ru
67297,Español,es
67298,English,en
673,English,en
67303,Português,pt
67307,English,en
67308,广州话 / 廣州話,cn
67313,English,en
67314,Français,fr
67317,English,en
67320,English,en
67323,English,en
67327,"",my
67327,Français,fr
67327,日本語,ja
67327,ภาษาไทย,th
67328,English,en
67328,Français,fr
6733,Deutsch,de
67337,普通话,zh
67339,广州话 / 廣州話,cn
67342,广州话 / 廣州話,cn
67355,English,en
67365,English,en
67367,Français,fr
67375,English,en
67377,English,en
67378,Italiano,it
67381,Français,fr
67384,Français,fr
67385,Français,fr
67387,English,en
67390,English,en
67390,Deutsch,de
67394,English,en
674,English,en
674,Français,fr
67404,Română,ro
67409,English,en
67409,Français,fr
67429,Deutsch,de
67429,English,en
67429,Français,fr
67431,Français,fr
67441,Français,fr
67441,Español,es
67443,Français,fr
67445,English,en
67451,Français,fr
67455,Français,fr
67467,Pусский,ru
67499,Nederlands,nl
675,English,en
67509,Français,fr
67515,English,en
67521,English,en
67521,Español,es
67530,English,en
67532,Français,fr
67556,Français,fr
67560,日本語,ja
67572,English,en
67592,English,en
67595,English,en
676,Français,fr
676,English,en
676,日本語,ja
67612,Português,pt
67617,Português,pt
67619,English,en
67626,English,en
67633,Hrvatski,hr
67633,Srpski,sr
67654,Français,fr
67657,Français,fr
67659,English,en
67660,English,en
67661,English,en
67669,English,en
67675,English,en
67687,Pусский,ru
67693,English,en
67696,English,en
67699,English,en
677,Deutsch,de
67713,English,en
67736,Français,fr
67737,Italiano,it
67740,English,en
67748,English,en
67750,English,en
67753,Français,fr
67756,Français,fr
67758,English,en
67772,English,en
67790,English,en
67793,广州话 / 廣州話,cn
67794,English,en
678,English,en
67809,English,en
67822,English,en
67846,English,en
67849,English,en
67852,English,en
67852,Română,ro
67852,Pусский,ru
67857,English,en
67866,English,en
67869,Pусский,ru
67880,English,en
67880,Français,fr
67883,Italiano,it
67884,普通话,zh
67884,Español,es
67899,English,en
679,English,en
67900,English,en
67908,English,en
67911,English,en
67911,Polski,pl
67913,Gaeilge,ga
67913,English,en
67927,svenska,sv
6793,Deutsch,de
67941,Polski,pl
67941,Français,fr
6795,English,en
67952,English,en
67958,Pусский,ru
67962,English,en
67967,English,en
67967,Português,pt
67988,English,en
68,English,en
680,English,en
680,Español,es
680,Français,fr
68004,广州话 / 廣州話,cn
68004,普通话,zh
68013,English,en
68016,தமிழ்,ta
68023,Français,fr
68029,English,en
68029,हिन्दी,hi
68044,English,en
68047,Español,es
68048,Français,fr
68048,English,en
68050,English,en
68053,Italiano,it
68063,Italiano,it
68064,English,en
68097,Français,fr
68097,English,en
68098,suomi,fi
681,English,en
681,Deutsch,de
68115,English,en
68116,English,en
68123,Deutsch,de
68139,English,en
68143,English,en
68146,Italiano,it
68163,English,en
68173,Português,pt
68174,English,en
68174,Deutsch,de
68178,العربية,ar
68178,Français,fr
68179,English,en
68180,English,en
68184,English,en
68189,suomi,fi
68191,English,en
68193,English,en
68197,English,en
68197,Español,es
682,ภาษาไทย,th
682,广州话 / 廣州話,cn
682,English,en
68200,English,en
68202,English,en
68208,English,en
68213,English,en
68242,English,en
68247,English,en
68252,한국어/조선말,ko
68256,English,en
68256,"",gu
68256,हिन्दी,hi
68259,Español,es
68271,Pусский,ru
68274,English,en
68275,Italiano,it
68280,Français,fr
68297,English,en
68297,日本語,ja
68309,English,en
68335,English,en
68337,English,en
68339,English,en
68340,English,en
68341,日本語,ja
68347,English,en
68348,svenska,sv
68351,English,en
68352,English,en
68360,Français,fr
68365,ภาษาไทย,th
68370,English,en
68387,English,en
68412,English,en
68419,English,en
68426,English,en
68427,English,en
68429,日本語,ja
68430,English,en
68437,svenska,sv
6844,English,en
68440,English,en
68443,English,en
68444,Nederlands,nl
68445,Deutsch,de
68445,Íslenska,is
68445,日本語,ja
68445,English,en
68450,English,en
68472,English,en
68482,English,en
685,Deutsch,de
68503,Français,fr
68507,ภาษาไทย,th
68528,日本語,ja
68529,한국어/조선말,ko
68545,English,en
68546,English,en
68551,Nederlands,nl
68551,English,en
68553,Pусский,ru
68555,日本語,ja
68556,Español,es
68569,English,en
68572,English,en
68590,广州话 / 廣州話,cn
68591,English,en
686,English,en
68623,广州话 / 廣州話,cn
68635,English,en
68636,Español,es
68637,Français,fr
68649,日本語,ja
68659,English,en
68663,English,en
68684,English,en
68692,English,en
687,English,en
68701,日本語,ja
68701,English,en
68712,English,en
68713,Français,fr
68715,日本語,ja
68716,English,en
68718,English,en
68718,Français,fr
68718,Deutsch,de
68720,English,en
68721,English,en
68722,English,en
68724,English,en
68726,English,en
68727,English,en
68727,Français,fr
68728,English,en
68730,日本語,ja
68730,English,en
68732,English,en
68734,English,en
68734,فارسی,fa
68735,English,en
68736,English,en
68737,English,en
68744,English,en
68745,English,en
68750,English,en
68752,Deutsch,de
68752,Pусский,ru
68752,English,en
68754,Français,fr
68756,Français,fr
68757,Français,fr
68761,English,en
6877,English,en
68773,English,en
6878,English,en
68780,Polski,pl
688,English,en
68802,Polski,pl
68806,Italiano,it
68812,English,en
68817,English,en
68818,Español,es
68818,English,en
68821,Italiano,it
68822,Français,fr
68823,Italiano,it
68827,Français,fr
68828,日本語,ja
6883,English,en
6884,English,en
68849,English,en
68850,العربية,ar
68850,English,en
68850,Deutsch,de
68861,suomi,fi
68864,Français,fr
68865,Italiano,it
68876,English,en
68883,广州话 / 廣州話,cn
68894,English,en
68894,普通话,zh
68895,English,en
689,ελληνικά,el
68922,日本語,ja
68924,English,en
68927,English,en
68954,English,en
68972,Français,fr
68976,English,en
68977,English,en
68979,English,en
68981,广州话 / 廣州話,cn
68981,普通话,zh
68982,English,en
69,English,en
69,Pусский,ru
690,Français,fr
69016,English,en
69017,English,en
69019,English,en
69022,Pусский,ru
69035,Español,es
69035,English,en
69040,English,en
69054,English,en
69056,English,en
69058,English,en
69060,Español,es
69065,English,en
69069,English,en
69072,English,en
69075,English,en
69097,Pусский,ru
691,English,en
691,Italiano,it
691,العربية,ar
69103,English,en
69119,English,en
69150,English,en
69152,English,en
69152,Deutsch,de
69152,Italiano,it
6916,English,en
6916,Italiano,it
69161,ภาษาไทย,th
69161,Tiếng Việt,vi
69161,广州话 / 廣州話,cn
69161,English,en
69165,English,en
69169,English,en
6917,English,en
692,English,en
69204,English,en
69214,Polski,pl
69217,English,en
69225,Français,fr
69234,English,en
69234,Italiano,it
69266,English,en
69278,Español,es
69292,English,en
69299,English,en
693,English,en
69310,广州话 / 廣州話,cn
69310,普通话,zh
69313,svenska,sv
69315,English,en
69319,Türkçe,tr
69321,English,en
69324,English,en
69325,English,en
69326,Deutsch,de
69326,日本語,ja
69328,Français,fr
6933,English,en
69335,Português,pt
6934,isiZulu,zu
69342,English,en
69346,हिन्दी,hi
6935,Français,fr
69352,Türkçe,tr
6936,Nederlands,nl
69393,English,en
69399,தமிழ்,ta
694,English,en
69401,தமிழ்,ta
69404,தமிழ்,ta
69406,English,en
69406,Français,fr
69407,தமிழ்,ta
69417,தமிழ்,ta
69422,தமிழ்,ta
69423,தமிழ்,ta
69426,English,en
69426,தமிழ்,ta
69426,తెలుగు,te
69427,தமிழ்,ta
69428,தமிழ்,ta
6945,English,en
6947,English,en
69471,English,en
6948,English,en
69480,English,en
69483,English,en
69484,日本語,ja
6949,English,en
69492,English,en
69495,English,en
69499,தமிழ்,ta
695,English,en
6950,English,en
6950,한국어/조선말,ko
6950,Français,fr
6951,English,en
69517,Français,fr
69520,தமிழ்,ta
69526,Italiano,it
69526,English,en
69526,Français,fr
69544,Français,fr
69544,svenska,sv
69550,தமிழ்,ta
69557,English,en
69559,Français,fr
69560,English,en
69569,Italiano,it
6957,English,en
6957,Español,es
69576,Français,fr
69576,Italiano,it
69578,Italiano,it
69579,Italiano,it
69592,English,en
69598,தமிழ்,ta
69599,广州话 / 廣州話,cn
696,English,en
69605,English,en
6961,English,en
69610,Türkçe,tr
69619,广州话 / 廣州話,cn
69619,ภาษาไทย,th
6962,Deutsch,de
69621,English,en
6963,Český,cs
6963,English,en
69635,தமிழ்,ta
69635,తెలుగు,te
69636,தமிழ்,ta
69636,తెలుగు,te
69638,தமிழ்,ta
6964,Français,fr
6964,English,en
69668,English,en
6967,English,en
6967,Deutsch,de
6967,Kiswahili,sw
6968,English,en
6968,Français,fr
6968,Deutsch,de
6968,svenska,sv
69696,English,en
697,No Language,xx
6970,English,en
69716,English,en
69717,English,en
69717,Deutsch,de
6972,English,en
6972,日本語,ja
69722,Deutsch,de
69722,English,en
69727,广州话 / 廣州話,cn
69727,English,en
6973,English,en
69735,English,en
69735,Português,pt
6974,English,en
69740,Nederlands,nl
69746,Français,fr
6976,English,en
69765,Français,fr
6977,English,en
6977,Español,es
69775,English,en
69775,हिन्दी,hi
69778,English,en
6978,广州话 / 廣州話,cn
6978,English,en
69780,English,en
69784,English,en
69785,हिन्दी,hi
69787,English,en
69787,Français,fr
69787,Magyar,hu
69787,Español,es
69792,English,en
69794,English,en
69798,English,en
698,English,en
698,Italiano,it
6980,English,en
69803,English,en
69828,English,en
6984,English,en
69841,Pусский,ru
69846,日本語,ja
69847,English,en
69848,English,en
69851,Español,es
69870,English,en
69872,Italiano,it
69899,Pусский,ru
699,ελληνικά,el
699,English,en
699,Italiano,it
69903,English,en
69912,Français,fr
69921,English,en
69921,Français,fr
69976,Pусский,ru
69977,English,en
69985,Español,es
69990,English,en
69999,English,en
70,English,en
70,Gaeilge,ga
700,Deutsch,de
700,English,en
700,Pусский,ru
700,Español,es
70005,English,en
70006,English,en
70008,English,en
70009,English,en
70011,English,en
70027,English,en
70044,English,en
70046,English,en
70051,English,en
70054,Français,fr
70057,普通话,zh
7006,English,en
70061,Pусский,ru
70069,English,en
7007,日本語,ja
7007,English,en
70074,English,en
7008,English,en
70086,English,en
70089,日本語,ja
70090,English,en
70090,Français,fr
70090,Italiano,it
701,English,en
7010,English,en
70104,English,en
7011,English,en
70113,English,en
70113,日本語,ja
70115,English,en
70119,Français,fr
7012,English,en
70121,English,en
70122,Eesti,et
70131,한국어/조선말,ko
70133,English,en
70133,Français,fr
70133,Magyar,hu
70133,Português,pt
70133,Español,es
70133,"",yi
7014,No Language,xx
70149,Magyar,hu
70149,Română,ro
7015,English,en
70151,English,en
70160,English,en
70177,English,en
70190,English,en
70191,English,en
70192,English,en
70193,English,en
70193,日本語,ja
70196,English,en
70199,English,en
702,English,en
70202,English,en
70207,English,en
70224,Bahasa melayu,ms
70247,English,en
70247,Deutsch,de
70259,English,en
70278,Eesti,et
70282,English,en
70282,Français,fr
703,English,en
703,Deutsch,de
70313,English,en
70324,English,en
70327,日本語,ja
70342,English,en
70345,English,en
70349,Český,cs
70351,English,en
70366,हिन्दी,hi
70374,English,en
70386,English,en
70387,English,en
704,English,en
70404,English,en
70410,Français,fr
70410,Deutsch,de
70412,日本語,ja
70417,English,en
70417,Italiano,it
70418,English,en
70422,English,en
70423,English,en
70435,English,en
70435,Español,es
70436,English,en
70443,Français,fr
70448,English,en
70449,Français,fr
70457,Nederlands,nl
70461,Français,fr
70476,English,en
70489,English,en
70490,English,en
70490,Italiano,it
70498,English,en
705,English,en
705,Français,fr
70500,English,en
70503,Nederlands,nl
70512,Italiano,it
70527,Srpski,sr
70530,普通话,zh
70553,English,en
70554,English,en
70555,Deutsch,de
70575,English,en
70577,English,en
70578,English,en
70581,日本語,ja
70581,English,en
70584,English,en
70584,Español,es
70586,English,en
70587,English,en
70587,Polski,pl
70587,svenska,sv
70588,English,en
70590,English,en
70590,"",gu
70590,हिन्दी,hi
70590,"",mr
70591,English,en
706,Deutsch,de
70609,Deutsch,de
70627,English,en
70635,English,en
70636,English,en
70648,Slovenščina,sl
70665,English,en
70666,Português,pt
70667,svenska,sv
70667,Norsk,no
70667,English,en
70667,Français,fr
70668,English,en
70669,Norsk,no
70670,Dansk,da
70670,English,en
70670,Norsk,no
70670,Pусский,ru
70690,Italiano,it
70695,English,en
707,English,en
70702,English,en
70703,English,en
70703,Français,fr
70706,English,en
70709,English,en
70712,Español,es
70736,English,en
70738,English,en
70740,English,en
70747,Español,es
70748,Português,pt
70752,Deutsch,de
70757,Deutsch,de
70758,English,en
70772,English,en
70779,English,en
70793,Français,fr
70794,Français,fr
70798,日本語,ja
708,English,en
708,العربية,ar
708,Français,fr
708,Deutsch,de
708,Pусский,ru
708,Český,cs
708,Slovenčina,sk
70800,No Language,xx
70805,English,en
70807,Deutsch,de
70808,Deutsch,de
70810,English,en
70811,English,en
70815,Português,pt
70816,Português,pt
70821,English,en
70829,한국어/조선말,ko
70842,English,en
70845,English,en
70846,日本語,ja
7085,Deutsch,de
70859,English,en
70859,日本語,ja
70862,English,en
70863,English,en
70864,Italiano,it
70868,English,en
70872,日本語,ja
70874,Pусский,ru
70876,English,en
70877,English,en
7088,English,en
70881,English,en
709,English,en
709,Español,es
7090,English,en
70903,English,en
7091,English,en
70912,Deutsch,de
70912,English,en
70912,Polski,pl
70916,普通话,zh
7092,English,en
7092,Español,es
70925,English,en
70926,English,en
7093,English,en
70939,English,en
7095,English,en
70954,English,en
70955,Français,fr
7096,English,en
7096,Deutsch,de
70965,Pусский,ru
70966,Pусский,ru
70967,Français,fr
70971,English,en
70981,"",gd
70981,English,en
70984,English,en
70988,தமிழ்,ta
70993,Français,fr
70993,English,en
71,English,en
710,English,en
710,Pусский,ru
710,Español,es
71002,Français,fr
71016,English,en
71031,English,en
71034,English,en
71041,Deutsch,de
71051,Pусский,ru
71055,Français,fr
71063,Nederlands,nl
71063,Français,fr
71063,Italiano,it
71064,हिन्दी,hi
71066,English,en
71068,English,en
71072,English,en
71097,svenska,sv
71097,English,en
71098,English,en
71099,English,en
711,English,en
71103,Pусский,ru
71110,Español,es
71114,Español,es
71117,日本語,ja
71118,Español,es
71120,English,en
71125,English,en
71133,Italiano,it
71134,English,en
71138,日本語,ja
71140,English,en
71142,English,en
71147,English,en
71157,العربية,ar
71157,Français,fr
71171,English,en
71181,English,en
71184,English,en
71186,Pусский,ru
71189,English,en
71191,Français,fr
712,English,en
71200,English,en
71203,English,en
71204,English,en
71206,Italiano,it
71206,Pусский,ru
71208,English,en
71243,English,en
71254,English,en
71254,普通话,zh
71261,日本語,ja
71271,English,en
71282,English,en
71288,English,en
71288,Español,es
713,English,en
713,"",mi
71308,हिन्दी,hi
7131,English,en
7131,Latin,la
71316,English,en
71317,Pусский,ru
71320,English,en
71322,Pусский,ru
71325,svenska,sv
71326,English,en
71329,Bamanankan,bm
71329,Fulfulde,ff
71336,Pусский,ru
71357,English,en
71370,English,en
71373,English,en
71374,English,en
71376,English,en
71378,English,en
71378,Español,es
71381,Pусский,ru
71382,Pусский,ru
71392,English,en
71393,Pусский,ru
71394,English,en
71395,English,en
714,Deutsch,de
714,English,en
714,Dansk,da
714,普通话,zh
714,广州话 / 廣州話,cn
71402,English,en
71444,日本語,ja
71445,English,en
71449,日本語,ja
71456,English,en
71461,English,en
71469,English,en
71481,हिन्दी,hi
71482,Norsk,no
71496,Français,fr
71503,English,en
71507,English,en
71508,English,en
71511,English,en
71520,English,en
71524,Français,fr
71539,English,en
71543,עִבְרִית,he
71548,English,en
71552,English,en
71559,Français,fr
71575,Español,es
71576,Español,es
71587,English,en
71617,Hrvatski,hr
71620,한국어/조선말,ko
71622,Español,es
71623,English,en
71623,Français,fr
71626,English,en
71630,Français,fr
71642,English,en
71642,Deutsch,de
71662,Pусский,ru
71665,Español,es
71668,English,en
71670,Český,cs
71670,English,en
71670,Français,fr
71670,Deutsch,de
71670,Magyar,hu
71670,Polski,pl
71672,English,en
71676,English,en
71677,English,en
71679,English,en
71688,English,en
71689,English,en
71697,English,en
71700,English,en
71701,English,en
71704,English,en
71704,Pусский,ru
71714,Español,es
71719,日本語,ja
71720,日本語,ja
71721,suomi,fi
71721,svenska,sv
71722,日本語,ja
71723,日本語,ja
71725,"",sh
71732,Français,fr
71744,English,en
71750,English,en
71754,English,en
71756,हिन्दी,hi
71762,Pусский,ru
71763,English,en
71767,Español,es
71768,English,en
71772,English,en
71786,Català,ca
71786,Español,es
71805,English,en
71805,Norsk,no
7182,English,en
7182,Italiano,it
71821,Bahasa indonesia,id
71822,Français,fr
71825,English,en
71827,日本語,ja
7183,Český,cs
7183,English,en
71839,English,en
71841,Deutsch,de
71841,English,en
71859,English,en
71864,English,en
71864,Español,es
71866,English,en
71866,Deutsch,de
71880,English,en
71881,English,en
71883,日本語,ja
71884,English,en
71885,English,en
71886,English,en
71887,English,en
71905,English,en
7191,Pусский,ru
7191,English,en
71910,English,en
71918,తెలుగు,te
71921,English,en
71933,Polski,pl
71943,English,en
71945,English,en
71982,English,en
71984,English,en
71990,English,en
71995,Italiano,it
71996,English,en
72002,English,en
72003,English,en
72013,English,en
72013,日本語,ja
72026,日本語,ja
72031,English,en
72032,English,en
72032,Italiano,it
72049,English,en
72051,हिन्दी,hi
72054,Dansk,da
72057,Italiano,it
72066,한국어/조선말,ko
72074,广州话 / 廣州話,cn
72074,普通话,zh
72083,Español,es
72086,English,en
72087,English,en
72091,English,en
72093,Pусский,ru
72094,English,en
72095,Pусский,ru
72096,English,en
7210,Français,fr
7210,Deutsch,de
72100,English,en
72103,English,en
72105,English,en
7211,English,en
72111,English,en
72113,English,en
72114,English,en
72123,English,en
7214,English,en
72140,Français,fr
72152,हिन्दी,hi
72153,English,en
7216,Italiano,it
7216,Tiếng Việt,vi
72160,English,en
72163,English,en
72163,Deutsch,de
72172,עִבְרִית,he
72172,Español,es
72174,English,en
72183,English,en
72185,English,en
72186,English,en
72188,日本語,ja
7219,English,en
7219,Italiano,it
72190,English,en
72197,English,en
72199,Pусский,ru
7220,English,en
72203,Pусский,ru
72204,Pусский,ru
72205,Pусский,ru
72207,English,en
72210,Pусский,ru
72211,Pусский,ru
72213,English,en
72214,Pусский,ru
72215,Pусский,ru
72232,English,en
72240,English,en
72241,English,en
72245,普通话,zh
72246,Español,es
72251,English,en
72268,العربية,ar
72268,svenska,sv
7227,English,en
7227,Magyar,hu
72270,English,en
72272,Français,fr
72277,English,en
72277,Italiano,it
72278,Français,fr
72279,Italiano,it
7229,Français,fr
72309,Italiano,it
72313,English,en
72317,English,en
7233,English,en
72331,English,en
72334,English,en
7234,English,en
72340,English,en
72354,English,en
72356,Français,fr
72358,English,en
72359,English,en
72363,Français,fr
7237,English,en
72375,Français,fr
72386,English,en
72387,English,en
72387,普通话,zh
72387,Pусский,ru
72391,English,en
72394,English,en
72400,Français,fr
72412,English,en
72412,Français,fr
72412,Deutsch,de
72413,Deutsch,de
72419,Deutsch,de
72431,English,en
72431,Français,fr
72431,Deutsch,de
72432,English,en
72432,Français,fr
72440,తెలుగు,te
72443,日本語,ja
72445,广州话 / 廣州話,cn
72445,日本語,ja
72445,Tiếng Việt,vi
72447,English,en
72447,Português,pt
72447,Español,es
72449,English,en
72455,English,en
72460,English,en
72465,Français,fr
72471,English,en
72472,English,en
72472,Français,fr
72473,English,en
72474,English,en
72477,English,en
72478,Polski,pl
72479,English,en
72480,العربية,ar
72480,Français,fr
72483,English,en
72485,English,en
7249,English,en
72490,日本語,ja
72494,English,en
72494,Deutsch,de
72495,Deutsch,de
72495,Italiano,it
72505,日本語,ja
72508,English,en
72525,English,en
72544,English,en
72545,English,en
72551,עִבְרִית,he
72553,Español,es
72558,Íslenska,is
72559,English,en
72560,Português,pt
72570,English,en
72571,English,en
72574,Português,pt
72574,English,en
72585,English,en
72589,Deutsch,de
72592,日本語,ja
72596,Íslenska,is
72602,English,en
72602,Español,es
72608,English,en
72609,English,en
72611,Pусский,ru
72613,English,en
72614,Pусский,ru
72615,svenska,sv
72638,English,en
72639,English,en
72640,English,en
72642,English,en
72648,English,en
72650,广州话 / 廣州話,cn
72650,普通话,zh
72654,Íslenska,is
72655,Français,fr
72660,Português,pt
72661,Íslenska,is
72663,Pусский,ru
72664,Français,fr
72664,Deutsch,de
7267,Français,fr
7267,Nederlands,nl
72678,Français,fr
7269,English,en
72693,English,en
7270,English,en
72701,Português,pt
72710,English,en
72711,English,en
72715,English,en
72720,English,en
72721,English,en
72721,Español,es
72733,ภาษาไทย,th
7274,Español,es
72744,English,en
72753,English,en
72767,English,en
72767,Pусский,ru
7278,English,en
72784,English,en
72790,Deutsch,de
72808,Italiano,it
72809,Pусский,ru
72811,Pусский,ru
72822,Français,fr
72823,English,en
72826,日本語,ja
72834,日本語,ja
72841,English,en
72842,English,en
72845,English,en
72847,English,en
72850,English,en
72852,Français,fr
72852,العربية,ar
72856,English,en
72857,한국어/조선말,ko
72872,English,en
72875,English,en
7288,English,en
72881,English,en
72882,English,en
72882,Deutsch,de
72886,English,en
72888,Pусский,ru
72890,Română,ro
72890,English,en
72891,Pусский,ru
72892,Pусский,ru
72898,Français,fr
72899,Magyar,hu
72899,English,en
72899,Français,fr
7290,English,en
72900,Español,es
72901,English,en
72903,English,en
7291,Français,fr
72912,English,en
72913,English,en
72914,English,en
72917,Français,fr
72933,日本語,ja
7294,suomi,fi
72946,English,en
72949,Pусский,ru
7295,English,en
7295,Magyar,hu
72951,English,en
72953,English,en
72953,Português,pt
72955,English,en
72955,Polski,pl
72955,Pусский,ru
72958,বাংলা,bn
72962,English,en
72968,Pусский,ru
72972,English,en
72972,svenska,sv
72976,English,en
72977,English,en
7298,English,en
72984,English,en
72985,"",tl
72987,English,en
72987,Français,fr
7299,English,en
72993,svenska,sv
72996,"",ce
72996,Pусский,ru
72997,English,en
73,English,en
7300,English,en
7301,English,en
73027,English,en
73027,Español,es
7303,English,en
7303,Français,fr
7304,English,en
7304,Pусский,ru
73043,Deutsch,de
73043,日本語,ja
7305,English,en
7305,Português,pt
73059,Bosanski,bs
73065,English,en
73065,Italiano,it
73066,English,en
73067,English,en
73074,Italiano,it
73077,Italiano,it
73079,English,en
73085,Deutsch,de
73085,English,en
73091,English,en
73091,Français,fr
73091,Tiếng Việt,vi
73094,English,en
73098,English,en
73100,Pусский,ru
73108,English,en
73116,English,en
73120,English,en
73123,Nederlands,nl
73128,Español,es
73129,Magyar,hu
73132,Deutsch,de
73134,Français,fr
73134,Italiano,it
73135,English,en
73144,English,en
73147,עִבְרִית,he
73160,Português,pt
73169,Português,pt
73179,English,en
73191,English,en
73194,English,en
73203,English,en
73208,English,en
73211,Norsk,no
73211,Español,es
73215,Nederlands,nl
73241,English,en
73247,English,en
73257,English,en
73257,Español,es
7326,English,en
73262,Français,fr
73262,Deutsch,de
73267,Pусский,ru
73281,Pусский,ru
73283,Deutsch,de
73283,Français,fr
73283,English,en
73290,English,en
73293,Español,es
73294,Pусский,ru
73306,日本語,ja
73307,English,en
73311,Magyar,hu
73313,English,en
73329,ελληνικά,el
73335,English,en
73336,English,en
73336,Español,es
73348,English,en
73351,English,en
73353,English,en
73358,English,en
73369,English,en
73376,English,en
7340,English,en
7341,English,en
7342,English,en
73420,English,en
73424,English,en
7343,Português,pt
73430,English,en
7344,Pусский,ru
73448,Dansk,da
7345,English,en
73454,English,en
73455,Español,es
73456,English,en
7346,广州话 / 廣州話,cn
7346,普通话,zh
73462,English,en
7347,Português,pt
73473,Español,es
73477,Italiano,it
73478,Deutsch,de
73478,English,en
73478,Español,es
7348,English,en
73492,English,en
73499,English,en
7350,English,en
73500,English,en
73503,Íslenska,is
7351,English,en
7351,Español,es
73515,English,en
73517,日本語,ja
73527,English,en
73529,日本語,ja
7353,English,en
73530,日本語,ja
73532,Français,fr
73534,Pусский,ru
73541,English,en
73545,Pусский,ru
73546,Français,fr
73546,Pусский,ru
73548,English,en
73551,English,en
73554,English,en
73562,Français,fr
73563,English,en
73563,Français,fr
73565,English,en
73567,English,en
73575,English,en
73576,Pусский,ru
73578,తెలుగు,te
73582,हिन्दी,hi
73588,English,en
73595,English,en
73600,English,en
73604,English,en
73614,English,en
73614,Deutsch,de
73621,English,en
73624,Português,pt
7364,English,en
7364,Français,fr
7364,العربية,ar
73642,English,en
73649,Italiano,it
73652,广州话 / 廣州話,cn
73661,English,en
73680,Hrvatski,hr
73682,Română,ro
73686,Polski,pl
73686,Deutsch,de
73686,Український,uk
73686,Français,fr
73690,English,en
73697,Italiano,it
73700,English,en
73714,日本語,ja
73723,English,en
73740,Italiano,it
73755,Italiano,it
73770,English,en
73770,Deutsch,de
73770,Türkçe,tr
73772,English,en
73775,Deutsch,de
73791,Italiano,it
73799,日本語,ja
73800,广州话 / 廣州話,cn
73818,English,en
73823,English,en
73827,Italiano,it
73832,Español,es
73835,Italiano,it
73846,English,en
73856,Pусский,ru
73861,Deutsch,de
73861,Srpski,sr
73869,Italiano,it
73872,"",am
73872,Italiano,it
73873,English,en
73873,Français,fr
73881,Français,fr
73881,Deutsch,de
73884,广州话 / 廣州話,cn
73889,English,en
73889,Deutsch,de
73889,Español,es
73896,English,en
73897,普通话,zh
73901,English,en
73907,English,en
73919,Português,pt
73919,Deutsch,de
7392,English,en
73920,Pусский,ru
73921,Español,es
73922,Pусский,ru
73930,Português,pt
73931,English,en
73933,English,en
73935,English,en
73936,English,en
73937,English,en
73939,English,en
73941,English,en
73943,English,en
73952,English,en
73953,العربية,ar
73953,English,en
73963,English,en
73969,English,en
73976,Português,pt
73981,English,en
73981,हिन्दी,hi
73983,English,en
73984,Magyar,hu
73984,English,en
73997,English,en
74,English,en
74008,English,en
74012,Deutsch,de
74012,English,en
74018,English,en
74035,English,en
74052,Español,es
74057,English,en
74071,Italiano,it
74074,English,en
74076,Français,fr
74080,Français,fr
74080,Deutsch,de
74080,Italiano,it
74080,Español,es
74082,Italiano,it
74087,Deutsch,de
74087,Italiano,it
74088,English,en
74092,한국어/조선말,ko
74103,Français,fr
74103,Deutsch,de
74119,Français,fr
74119,Polski,pl
74121,English,en
74121,日本語,ja
74122,English,en
74124,English,en
74124,日本語,ja
74126,日本語,ja
74128,English,en
74128,svenska,sv
74130,English,en
74135,日本語,ja
74137,English,en
74154,తెలుగు,te
74183,suomi,fi
74192,Español,es
74197,Italiano,it
74199,Český,cs
742,svenska,sv
74215,Italiano,it
74225,English,en
74237,English,en
74239,English,en
74241,English,en
74241,日本語,ja
74254,Deutsch,de
74257,普通话,zh
74257,广州话 / 廣州話,cn
74276,English,en
74286,English,en
74289,日本語,ja
74295,suomi,fi
74302,Türkçe,tr
74306,English,en
74308,English,en
74310,English,en
74314,English,en
74336,한국어/조선말,ko
74340,English,en
74343,English,en
74349,Português,pt
74379,Italiano,it
74387,English,en
74394,English,en
74395,English,en
74397,English,en
744,English,en
74402,Français,fr
74405,English,en
74405,Français,fr
74405,Magyar,hu
74405,Português,pt
74406,English,en
74415,English,en
74417,Italiano,it
7442,English,en
7442,Français,fr
74420,English,en
7443,English,en
74430,English,en
74436,Português,pt
74436,English,en
74436,Pусский,ru
74437,English,en
74447,English,en
7445,English,en
7445,Français,fr
74457,English,en
74458,हिन्दी,hi
74458,English,en
7446,English,en
7446,普通话,zh
74460,English,en
74461,English,en
74464,Nederlands,nl
74465,English,en
74469,English,en
74471,English,en
74481,हिन्दी,hi
74493,日本語,ja
74495,日本語,ja
745,Latin,la
745,Español,es
745,English,en
7450,English,en
7450,普通话,zh
74505,English,en
74505,Français,fr
7451,Český,cs
7451,English,en
7451,Deutsch,de
7451,Español,es
7451,Pусский,ru
74510,English,en
74513,Français,fr
74513,English,en
74518,English,en
74518,Français,fr
7452,English,en
74523,English,en
74525,English,en
74527,English,en
74529,English,en
7453,English,en
74534,हिन्दी,hi
74534,English,en
74535,Pусский,ru
74536,English,en
7454,English,en
7454,Deutsch,de
74544,English,en
74545,English,en
74546,Nederlands,nl
74546,English,en
74546,Français,fr
74549,English,en
74550,English,en
74555,English,en
7456,Deutsch,de
74561,English,en
74561,Français,fr
7457,Český,cs
7457,English,en
74579,English,en
74580,Français,fr
74581,日本語,ja
74585,English,en
74585,Français,fr
74585,Deutsch,de
74585,Italiano,it
74586,עִבְרִית,he
7459,English,en
746,Český,cs
746,English,en
746,日本語,ja
746,普通话,zh
746,Pусский,ru
74604,English,en
74608,English,en
7461,Español,es
7461,English,en
74626,svenska,sv
74629,English,en
74639,广州话 / 廣州話,cn
74643,Français,fr
74645,Deutsch,de
74645,Italiano,it
74656,Italiano,it
74657,Italiano,it
74661,Deutsch,de
74661,Nederlands,nl
74666,العربية,ar
74666,עִבְרִית,he
74674,Dansk,da
74681,English,en
74684,Français,fr
74689,English,en
74689,Français,fr
74692,English,en
74694,English,en
74695,Pусский,ru
747,English,en
74705,Pусский,ru
74711,Pусский,ru
74714,Français,fr
74717,Português,pt
74719,English,en
74722,English,en
74725,svenska,sv
74725,English,en
74726,Español,es
74727,English,en
74746,Italiano,it
74746,English,en
74746,svenska,sv
74753,English,en
74759,English,en
74767,Français,fr
74777,English,en
74779,English,en
74790,English,en
74809,Français,fr
74810,Français,fr
74822,Français,fr
74829,English,en
74829,"",tl
7483,العربية,ar
7483,English,en
7483,עִבְרִית,he
7483,Español,es
74830,English,en
74831,Italiano,it
7484,English,en
74840,Español,es
74842,日本語,ja
74849,English,en
7485,English,en
74852,Pусский,ru
74860,한국어/조선말,ko
74877,English,en
74878,Français,fr
74879,Türkçe,tr
74884,Deutsch,de
74896,English,en
74899,English,en
74903,Magyar,hu
74911,English,en
74919,Polski,pl
74921,Polski,pl
74922,Polski,pl
74924,English,en
74935,English,en
74935,Deutsch,de
74938,Deutsch,de
74938,Español,es
74942,English,en
74944,Français,fr
74945,Français,fr
74946,English,en
74948,English,en
74949,Deutsch,de
74950,Deutsch,de
74955,English,en
74955,Íslenska,is
74961,English,en
74974,English,en
74997,English,en
74998,English,en
75,English,en
75,Français,fr
750,English,en
7500,日本語,ja
75000,English,en
75000,svenska,sv
75001,Italiano,it
75004,한국어/조선말,ko
75006,한국어/조선말,ko
75007,English,en
7501,Český,cs
7501,English,en
75012,English,en
75015,Deutsch,de
75015,Polski,pl
75018,English,en
75020,English,en
75025,English,en
75028,English,en
75033,English,en
7504,हिन्दी,hi
75046,Español,es
75046,English,en
75046,한국어/조선말,ko
7506,English,en
75063,English,en
75066,Français,fr
75074,English,en
7508,हिन्दी,hi
75086,Italiano,it
7509,हिन्दी,hi
75090,English,en
751,English,en
7510,English,en
75100,한국어/조선말,ko
75101,English,en
7511,English,en
7512,English,en
75130,Español,es
75130,English,en
75133,English,en
75133,Magyar,hu
75134,English,en
75134,Magyar,hu
75136,English,en
75136,Magyar,hu
75136,Pусский,ru
75137,English,en
75137,Magyar,hu
75137,Pусский,ru
75138,English,en
75138,Magyar,hu
75138,Pусский,ru
7514,English,en
75140,English,en
75140,Magyar,hu
75140,Pусский,ru
75141,English,en
75142,English,en
75142,Magyar,hu
75142,Pусский,ru
75143,English,en
75143,Magyar,hu
75143,Pусский,ru
75145,English,en
7515,English,en
75151,English,en
7516,English,en
75162,English,en
7517,English,en
75170,English,en
75174,English,en
75179,Nederlands,nl
7518,English,en
75190,English,en
75193,Español,es
75198,Français,fr
752,English,en
7520,English,en
7520,Português,pt
75203,English,en
75204,English,en
75224,Français,fr
75224,English,en
75229,Norsk,no
75229,Polski,pl
75229,svenska,sv
75232,Español,es
75233,Norsk,no
75233,English,en
75244,English,en
75250,English,en
75258,English,en
75262,Pусский,ru
75282,English,en
75294,Pусский,ru
75298,Pусский,ru
753,English,en
75300,English,en
75301,English,en
75315,English,en
75317,Türkçe,tr
75329,English,en
75336,Magyar,hu
75336,Italiano,it
75341,العربية,ar
75341,עִבְרִית,he
75341,English,en
75345,English,en
75350,English,en
75363,English,en
75363,Deutsch,de
75364,Français,fr
75375,English,en
75386,English,en
75393,Pусский,ru
754,English,en
754,Latin,la
75400,Italiano,it
75400,English,en
75400,Français,fr
75404,فارسی,fa
75438,Pусский,ru
75442,English,en
75450,English,en
75450,"",km
75452,Dansk,da
75452,Norsk,no
75465,广州话 / 廣州話,cn
75469,Français,fr
75469,English,en
7547,English,en
75471,English,en
7548,English,en
7549,English,en
7549,日本語,ja
7549,普通话,zh
75490,English,en
75491,Français,fr
755,English,en
755,Español,es
75506,English,en
75507,English,en
7551,English,en
75510,English,en
7552,English,en
7553,English,en
7553,Pусский,ru
75531,English,en
75532,Italiano,it
75547,English,en
7555,English,en
7555,"",my
7555,ภาษาไทย,th
75552,English,en
75552,Français,fr
75555,English,en
75562,Italiano,it
75564,English,en
75578,Nederlands,nl
75595,English,en
75596,English,en
756,English,en
75604,English,en
75608,English,en
75612,English,en
75622,English,en
75623,English,en
75623,Magyar,hu
75626,English,en
75629,日本語,ja
75634,English,en
75634,Deutsch,de
75638,English,en
75641,English,en
75656,Français,fr
75656,English,en
75674,English,en
75674,Pусский,ru
75680,English,en
757,English,en
75710,Italiano,it
75713,English,en
75713,Português,pt
75720,English,en
75720,Français,fr
75720,Deutsch,de
75720,Pусский,ru
75725,Español,es
75733,Français,fr
75735,English,en
75735,Português,pt
75735,Pусский,ru
75736,English,en
75744,हिन्दी,hi
75752,English,en
75754,Italiano,it
75757,English,en
75759,English,en
75760,English,en
75761,English,en
75770,Italiano,it
75770,English,en
75778,English,en
75780,English,en
75785,English,en
75793,English,en
75799,English,en
758,English,en
75802,English,en
75803,English,en
75804,English,en
75808,English,en
75810,English,en
75822,English,en
75826,English,en
75834,English,en
75861,English,en
75865,ελληνικά,el
75874,English,en
75877,Español,es
75878,English,en
75888,English,en
75889,English,en
75892,Español,es
75892,English,en
75896,हिन्दी,hi
75897,Deutsch,de
759,Français,fr
759,English,en
75900,English,en
75901,Italiano,it
75901,English,en
75903,English,en
75905,English,en
75910,English,en
75926,English,en
75931,한국어/조선말,ko
75938,English,en
75944,Français,fr
75945,Español,es
75947,English,en
75948,普通话,zh
75950,English,en
75958,English,en
75958,Italiano,it
75964,English,en
75969,Deutsch,de
75976,English,en
75981,Français,fr
75989,svenska,sv
76,English,en
76,Deutsch,de
76,Français,fr
760,English,en
760,Français,fr
760,עִבְרִית,he
760,"",yi
76000,English,en
76002,English,en
76010,Español,es
76011,English,en
76012,English,en
76013,Français,fr
76013,Español,es
76018,English,en
76025,English,en
76040,English,en
76047,svenska,sv
76059,Nederlands,nl
76076,English,en
76081,English,en
76083,English,en
76084,English,en
76094,English,en
76097,Deutsch,de
76099,Français,fr
761,Français,fr
76101,English,en
76102,English,en
76112,English,en
76115,English,en
76116,తెలుగు,te
76117,English,en
76121,English,en
76122,English,en
76127,English,en
76142,English,en
76142,Français,fr
76155,Nederlands,nl
76157,Italiano,it
76163,English,en
76164,English,en
76170,English,en
76171,English,en
76172,English,en
76172,Français,fr
76176,English,en
76180,English,en
76198,Français,fr
76199,English,en
762,Français,fr
762,Latin,la
762,English,en
76200,Français,fr
76202,English,en
76203,English,en
76207,Français,fr
76211,English,en
76226,Français,fr
76229,English,en
76234,English,en
76235,Dansk,da
76235,Norsk,no
76235,svenska,sv
76264,English,en
76268,Français,fr
76277,Pусский,ru
76285,English,en
76286,English,en
76287,English,en
76289,Français,fr
76289,Español,es
76297,English,en
763,English,en
76312,Dansk,da
76323,Dansk,da
76329,Français,fr
76330,English,en
76330,Français,fr
76330,Italiano,it
76333,Español,es
76338,English,en
76341,English,en
76344,English,en
76346,English,en
76346,Português,pt
76348,Français,fr
76349,Français,fr
76349,普通话,zh
76349,English,en
76350,Français,fr
76354,English,en
76360,English,en
76372,Deutsch,de
76372,English,en
76380,svenska,sv
76382,English,en
76395,English,en
76397,English,en
76397,Español,es
76399,English,en
764,English,en
76403,Deutsch,de
76403,English,en
76406,English,en
76406,Deutsch,de
76406,日本語,ja
76411,English,en
76420,English,en
76421,English,en
76424,English,en
76438,қазақ,kk
76438,Pусский,ru
76464,English,en
76465,English,en
76468,English,en
76474,English,en
76475,Magyar,hu
76475,English,en
76483,English,en
76487,English,en
76489,English,en
76492,English,en
76493,English,en
76493,עִבְרִית,he
76494,English,en
76498,English,en
76499,English,en
765,English,en
76516,English,en
76532,Français,fr
76533,English,en
76535,English,en
76543,English,en
76544,广州话 / 廣州話,cn
76544,English,en
76544,普通话,zh
76547,Français,fr
76568,English,en
76575,Italiano,it
76589,English,en
76589,Español,es
766,English,en
76600,English,en
76600,Deutsch,de
76609,Français,fr
76617,English,en
76636,Français,fr
76636,Wolof,wo
76638,Český,cs
76640,English,en
76642,Français,fr
76649,English,en
76681,English,en
76684,हिन्दी,hi
76686,Deutsch,de
76686,English,en
76686,فارسی,fa
76696,Español,es
767,English,en
76703,Français,fr
76706,English,en
76714,English,en
76714,Magyar,hu
76714,Pусский,ru
76726,English,en
76746,Pусский,ru
76750,English,en
76754,日本語,ja
76757,English,en
76758,普通话,zh
76758,日本語,ja
76758,English,en
76760,日本語,ja
76764,English,en
76772,Français,fr
76775,Français,fr
76777,Français,fr
76784,Nederlands,nl
76785,English,en
76788,தமிழ்,ta
76793,Français,fr
76794,English,en
768,English,en
768,Magyar,hu
768,Pусский,ru
76800,English,en
76808,Nederlands,nl
76808,Français,fr
76808,Deutsch,de
76809,日本語,ja
76812,English,en
76815,English,en
76816,Português,pt
76817,Deutsch,de
76821,Français,fr
76822,日本語,ja
76825,ελληνικά,el
76829,Français,fr
76829,English,en
76833,Italiano,it
76846,svenska,sv
76848,svenska,sv
76850,తెలుగు,te
76850,தமிழ்,ta
76851,English,en
76853,Český,cs
76853,Deutsch,de
76857,English,en
76864,Italiano,it
76864,svenska,sv
76871,Français,fr
76875,English,en
76891,English,en
769,Italiano,it
769,English,en
76940,日本語,ja
76960,suomi,fi
76960,български език,bg
76960,English,en
76964,English,en
76996,English,en
77,English,en
770,English,en
77000,Italiano,it
77010,English,en
77010,Français,fr
77012,English,en
77016,English,en
77016,Español,es
77022,English,en
77029,Italiano,it
77041,English,en
77051,Pусский,ru
77056,Français,fr
77057,日本語,ja
77060,Pусский,ru
77067,English,en
77068,English,en
77073,English,en
77074,English,en
77076,Italiano,it
77078,English,en
77079,English,en
77079,Italiano,it
77079,Español,es
77084,English,en
77084,"",sh
77084,Español,es
77094,ภาษาไทย,th
771,English,en
77117,한국어/조선말,ko
77121,English,en
77123,English,en
77124,日本語,ja
77128,English,en
77133,No Language,xx
77137,Italiano,it
77147,Italiano,it
77161,English,en
77165,Italiano,it
77166,English,en
77171,English,en
77172,English,en
77173,English,en
77174,English,en
77175,한국어/조선말,ko
77185,Pусский,ru
77194,日本語,ja
77197,English,en
77198,English,en
77198,Français,fr
77198,Español,es
772,English,en
772,Français,fr
77210,English,en
77210,Français,fr
77221,English,en
77233,English,en
77234,English,en
77235,English,en
77241,Türkçe,tr
77245,English,en
77245,Español,es
77246,English,en
77248,日本語,ja
77250,English,en
77250,Español,es
77257,Español,es
77261,English,en
77269,English,en
77269,Deutsch,de
77269,Português,pt
77269,Español,es
77270,English,en
77280,Français,fr
77283,English,en
77285,日本語,ja
77287,English,en
77291,Português,pt
77292,English,en
77294,Pусский,ru
773,English,en
77304,Pусский,ru
77322,"",sm
77331,svenska,sv
77333,English,en
77334,Italiano,it
77338,English,en
77338,Français,fr
77348,English,en
7735,Deutsch,de
77350,English,en
77352,Deutsch,de
77352,日本語,ja
7736,Deutsch,de
77360,Español,es
77365,English,en
7737,English,en
77381,Český,cs
774,No Language,xx
77403,English,en
77412,English,en
77434,English,en
77434,Español,es
77434,Tiếng Việt,vi
77434,"",yi
77439,English,en
77444,English,en
77448,English,en
77449,한국어/조선말,ko
77451,Español,es
77458,العربية,ar
77458,English,en
77458,עִבְרִית,he
77459,Français,fr
77460,Français,fr
77461,العربية,ar
77461,English,en
77461,Pусский,ru
77462,Français,fr
77468,svenska,sv
77469,English,en
77473,svenska,sv
77495,Español,es
77499,English,en
775,Français,fr
775,No Language,xx
77504,한국어/조선말,ko
77512,Pусский,ru
77514,Український,uk
77519,Deutsch,de
77519,Français,fr
77528,English,en
77534,Pусский,ru
77546,English,en
77553,English,en
77560,Deutsch,de
77561,Español,es
77564,Pусский,ru
77571,English,en
77571,Deutsch,de
77583,English,en
77585,English,en
77593,English,en
776,Français,fr
77606,English,en
77625,English,en
77632,English,en
77632,עִבְרִית,he
77633,English,en
77633,普通话,zh
77635,English,en
77635,Español,es
77642,Español,es
77642,English,en
77645,English,en
77649,English,en
77650,English,en
77660,Magyar,hu
77663,English,en
77664,English,en
77670,English,en
77673,Français,fr
77678,English,en
77680,Español,es
777,Pусский,ru
777,Deutsch,de
777,Français,fr
777,English,en
77710,Português,pt
77716,English,en
77716,Français,fr
77720,Pусский,ru
77728,Français,fr
77744,English,en
77745,"",mr
77759,Pусский,ru
77762,Pусский,ru
77765,English,en
77770,Pусский,ru
77771,العربية,ar
77771,Français,fr
77771,Wolof,wo
77775,English,en
77780,English,en
77786,English,en
77786,Deutsch,de
77787,English,en
77794,English,en
77794,Français,fr
778,Français,fr
77801,English,en
77805,English,en
77822,English,en
77825,普通话,zh
77829,English,en
77845,English,en
77850,English,en
77855,Polski,pl
77855,Español,es
77859,日本語,ja
77860,English,en
77861,English,en
77864,हिन्दी,hi
77864,English,en
77866,English,en
77874,English,en
77875,English,en
77876,"",bo
77876,English,en
77877,English,en
77878,English,en
77878,"",my
77879,English,en
77879,Polski,pl
77880,English,en
77881,English,en
77882,English,en
77883,English,en
77887,English,en
77889,English,en
779,Deutsch,de
77910,English,en
77915,English,en
77921,English,en
77922,English,en
77925,English,en
77930,English,en
77931,English,en
77936,Français,fr
77939,Français,fr
77944,Italiano,it
77946,English,en
77948,English,en
77948,Español,es
77949,Français,fr
77949,English,en
77950,English,en
77951,English,en
77953,English,en
77955,English,en
77957,English,en
77958,Italiano,it
77960,English,en
77964,English,en
77966,English,en
77966,Français,fr
7797,English,en
7797,Français,fr
7797,Deutsch,de
7797,Italiano,it
7797,"",sa
7797,Español,es
77985,English,en
77986,Pусский,ru
77987,English,en
77987,ภาษาไทย,th
78,English,en
78,Deutsch,de
78,广州话 / 廣州話,cn
78,日本語,ja
78,Magyar,hu
780,Français,fr
78022,普通话,zh
78022,广州话 / 廣州話,cn
78028,English,en
78041,English,en
78047,English,en
78049,English,en
78056,English,en
78071,Français,fr
78075,English,en
78076,English,en
78080,Italiano,it
78088,English,en
78093,English,en
78094,English,en
78096,English,en
78098,English,en
781,Deutsch,de
78101,Italiano,it
78115,Español,es
78117,日本語,ja
78124,Deutsch,de
78128,普通话,zh
78128,svenska,sv
78128,English,en
78132,Pусский,ru
78133,English,en
78140,English,en
78143,English,en
78146,English,en
78149,English,en
78149,Pусский,ru
78163,日本語,ja
78174,Français,fr
78177,English,en
78182,Pусский,ru
78187,English,en
78193,Français,fr
782,English,en
782,Esperanto,eo
78202,Deutsch,de
78206,English,en
78206,Français,fr
78208,Français,fr
78210,Français,fr
78215,Deutsch,de
78215,Norsk,no
78215,English,en
78224,English,en
78231,English,en
78233,עִבְרִית,he
78235,English,en
78237,Español,es
78239,English,en
78247,English,en
78248,Bamanankan,bm
78248,Français,fr
78250,English,en
78256,English,en
78258,Français,fr
78263,اردو,ur
78265,English,en
78278,Français,fr
78281,Français,fr
78282,Français,fr
78285,Français,fr
78293,English,en
78293,Français,fr
78294,English,en
783,English,en
783,हिन्दी,hi
78307,English,en
78308,English,en
78309,English,en
78313,Deutsch,de
78315,English,en
78318,English,en
78318,Español,es
78320,English,en
78321,English,en
78321,Français,fr
78323,Pусский,ru
78326,Polski,pl
78327,English,en
78329,English,en
78331,English,en
78338,עִבְרִית,he
78339,English,en
78340,Français,fr
78344,עִבְרִית,he
78353,English,en
78354,English,en
78355,English,en
78358,English,en
78359,Polski,pl
78362,English,en
78363,Română,ro
78363,Français,fr
78363,English,en
78364,English,en
7837,English,en
78373,English,en
78375,English,en
78377,Français,fr
78381,English,en
78383,English,en
78387,English,en
7839,English,en
78399,Français,fr
784,Český,cs
784,Pусский,ru
784,Slovenčina,sk
7840,English,en
78400,Deutsch,de
78401,Deutsch,de
78401,Français,fr
78401,العربية,ar
78401,English,en
78402,Deutsch,de
78402,Italiano,it
78403,English,en
78406,English,en
78432,Deutsch,de
78432,"",ku
78432,Türkçe,tr
78441,Íslenska,is
78450,普通话,zh
78461,English,en
78461,Français,fr
78463,Deutsch,de
78464,Pусский,ru
78475,Français,fr
78476,Français,fr
78478,Français,fr
78479,suomi,fi
78480,Français,fr
78492,日本語,ja
78504,English,en
78507,No Language,xx
78522,English,en
78534,Français,fr
78537,Français,fr
78539,Français,fr
78546,Italiano,it
78547,Français,fr
78550,English,en
78552,Deutsch,de
78552,English,en
78563,Français,fr
78563,Pусский,ru
78568,Français,fr
7857,ελληνικά,el
7857,Italiano,it
78570,Español,es
78571,English,en
78571,Français,fr
78572,Français,fr
78573,English,en
7859,English,en
78595,Français,fr
786,English,en
7860,العربية,ar
7860,עִבְרִית,he
78604,Deutsch,de
7861,English,en
7861,हिन्दी,hi
7862,English,en
7862,Deutsch,de
7862,עִבְרִית,he
7862,Pусский,ru
7863,English,en
7863,"",yi
78646,svenska,sv
78657,Français,fr
78691,English,en
78694,Deutsch,de
78696,Eesti,et
78698,English,en
787,English,en
787,Español,es
7870,English,en
7870,Italiano,it
78701,English,en
78701,हिन्दी,hi
78705,Español,es
7871,English,en
78713,English,en
7872,English,en
7872,اردو,ur
7873,English,en
7873,Español,es
7873,한국어/조선말,ko
78734,English,en
7874,Český,cs
7874,English,en
78789,Français,fr
788,English,en
78802,English,en
78812,Italiano,it
78827,हिन्दी,hi
78854,Italiano,it
789,Český,cs
789,Deutsch,de
78992,Français,fr
78998,Español,es
78998,English,en
78999,English,en
79,普通话,zh
790,English,en
79000,Français,fr
79008,English,en
79009,Český,cs
79016,Deutsch,de
79025,Italiano,it
79031,Français,fr
79040,Nederlands,nl
79042,English,en
79043,Français,fr
79051,Español,es
79054,English,en
79070,Français,fr
79072,Deutsch,de
79073,English,en
79078,Deutsch,de
79094,Italiano,it
791,English,en
791,Magyar,hu
791,Italiano,it
79106,English,en
79108,Español,es
79108,Français,fr
79113,English,en
79113,Français,fr
79118,Dansk,da
79118,English,en
79118,Deutsch,de
79118,Norsk,no
79118,svenska,sv
79120,English,en
7913,हिन्दी,hi
79133,English,en
79137,English,en
79145,English,en
79151,普通话,zh
79156,العربية,ar
79156,עִבְרִית,he
7916,English,en
79163,English,en
79172,English,en
79179,English,en
79180,English,en
79190,English,en
79192,English,en
79194,Italiano,it
792,English,en
792,Tiếng Việt,vi
79201,English,en
79212,Türkçe,tr
79216,Pусский,ru
79218,English,en
79221,Polski,pl
79224,한국어/조선말,ko
79234,Pусский,ru
79236,suomi,fi
79247,Polski,pl
79255,English,en
79257,English,en
79280,한국어/조선말,ko
793,English,en
79306,English,en
79308,English,en
79316,English,en
79319,English,en
79327,English,en
79329,English,en
79331,English,en
79354,தமிழ்,ta
79361,Deutsch,de
79362,Deutsch,de
79363,English,en
79365,English,en
79367,English,en
79372,English,en
79374,한국어/조선말,ko
79376,Italiano,it
79376,Français,fr
79376,Nederlands,nl
79376,English,en
79382,日本語,ja
794,English,en
794,Italiano,it
794,Latin,la
79401,English,en
79406,日本語,ja
79419,Deutsch,de
7942,English,en
79426,Italiano,it
79431,English,en
79431,Eesti,et
79433,Dansk,da
79434,广州话 / 廣州話,cn
79434,English,en
79435,Français,fr
79435,Deutsch,de
7944,English,en
79464,Český,cs
79464,English,en
79464,हिन्दी,hi
79465,English,en
79466,English,en
79474,Español,es
79475,English,en
79483,English,en
795,English,en
795,Polski,pl
79500,English,en
79506,Italiano,it
79509,English,en
79515,English,en
79516,English,en
79516,日本語,ja
79516,Português,pt
79516,Español,es
79519,English,en
79521,English,en
79526,Nederlands,nl
79526,Pусский,ru
79528,English,en
79544,English,en
79548,English,en
79550,English,en
79550,Français,fr
79550,Italiano,it
79553,한국어/조선말,ko
79554,English,en
79572,Italiano,it
79580,Pусский,ru
79591,English,en
79591,Français,fr
79591,Deutsch,de
79591,Magyar,hu
79593,English,en
79594,Pусский,ru
79596,Český,cs
79599,English,en
796,Tiếng Việt,vi
796,English,en
796,Français,fr
79611,Deutsch,de
79611,Pусский,ru
79615,English,en
79628,English,en
79631,Français,fr
79640,English,en
79644,English,en
79645,English,en
79649,English,en
79683,Español,es
79684,English,en
79694,English,en
79697,English,en
79698,English,en
79699,English,en
797,svenska,sv
79700,English,en
79701,Pусский,ru
79707,日本語,ja
7972,English,en
79720,English,en
79721,English,en
79722,English,en
79723,Nederlands,nl
79728,Français,fr
79728,Deutsch,de
79728,ελληνικά,el
7973,Français,fr
7973,العربية,ar
79730,English,en
79731,हिन्दी,hi
79733,Pусский,ru
79735,English,en
79737,English,en
7974,suomi,fi
79743,suomi,fi
79743,Pусский,ru
7975,suomi,fi
7975,English,en
79750,Italiano,it
79754,Español,es
79761,No Language,xx
79761,English,en
79767,Español,es
79771,English,en
79771,Deutsch,de
79773,English,en
79773,Français,fr
79775,English,en
79777,Bosanski,bs
79777,Hrvatski,hr
79777,English,en
79777,Srpski,sr
79778,English,en
79779,Español,es
7978,English,en
79781,English,en
79782,Polski,pl
79785,English,en
7979,English,en
7979,Português,pt
7979,پښتو,ps
7979,Pусский,ru
7979,اردو,ur
798,Deutsch,de
7980,English,en
79816,Deutsch,de
79823,English,en
79825,English,en
79827,English,en
79829,English,en
7983,Deutsch,de
79833,English,en
79836,Italiano,it
7984,English,en
79842,English,en
7985,English,en
79850,Français,fr
79853,Pусский,ru
79854,Galego,gl
79854,Español,es
79854,"",mk
79854,English,en
79860,日本語,ja
79869,English,en
79871,广州话 / 廣州話,cn
79877,Français,fr
7988,English,en
79887,English,en
79888,Deutsch,de
79888,English,en
79890,Pусский,ru
79890,English,en
79890,Deutsch,de
79892,Français,fr
79893,Português,pt
79896,English,en
79896,Polski,pl
79896,Pусский,ru
799,Deutsch,de
79909,日本語,ja
79911,English,en
79919,Deutsch,de
7992,English,en
7992,Polski,pl
79921,Français,fr
79927,English,en
79934,Português,pt
79935,English,en
79940,English,en
79950,English,en
79964,English,en
79968,English,en
79983,English,en
79983,Español,es
79990,हिन्दी,hi
79995,English,en
79997,Polski,pl
80,English,en
80,Français,fr
800,Español,es
80012,English,en
80015,English,en
80015,Français,fr
80027,English,en
80030,English,en
80031,English,en
80032,English,en
80034,English,en
80035,English,en
80038,English,en
80041,English,en
80046,English,en
80047,English,en
8005,English,en
80054,English,en
80067,Italiano,it
8007,Český,cs
8007,English,en
8007,Español,es
8007,"",sh
80070,English,en
8008,English,en
80080,Český,cs
80082,English,en
80086,English,en
80089,日本語,ja
8009,English,en
80090,English,en
80094,Český,cs
801,English,en
8010,English,en
80105,Español,es
8011,English,en
80115,Română,ro
8012,English,en
80122,Español,es
80125,Deutsch,de
80125,Français,fr
80125,English,en
80136,Deutsch,de
8014,हिन्दी,hi
8014,日本語,ja
80142,English,en
80145,Español,es
80147,English,en
80151,English,en
80153,Nederlands,nl
80155,Pусский,ru
80156,हिन्दी,hi
8016,English,en
8016,Deutsch,de
8016,Italiano,it
80168,English,en
80169,English,en
80169,Deutsch,de
80177,English,en
80178,Dansk,da
80184,Español,es
80188,English,en
80193,English,en
80193,Español,es
80196,English,en
80198,English,en
802,English,en
80200,English,en
80211,English,en
80215,English,en
80218,English,en
80219,English,en
80220,Français,fr
80241,English,en
80243,普通话,zh
80256,English,en
80256,suomi,fi
80264,English,en
80271,English,en
80274,English,en
80276,తెలుగు,te
80277,Español,es
80278,English,en
80278,Español,es
80278,svenska,sv
80278,ภาษาไทย,th
80280,Français,fr
80280,Català,ca
80280,Español,es
80281,తెలుగు,te
80284,Español,es
80287,English,en
80296,Español,es
803,Français,fr
80301,English,en
80301,Français,fr
80303,日本語,ja
80304,English,en
80304,Español,es
80314,日本語,ja
80316,English,en
80318,English,en
80320,English,en
80321,English,en
80321,Español,es
80321,ภาษาไทย,th
80324,Polski,pl
80327,English,en
80337,English,en
80343,English,en
80343,Bahasa indonesia,id
80346,English,en
80350,English,en
80351,English,en
80351,Deutsch,de
80364,English,en
80368,English,en
80379,English,en
80382,English,en
80384,English,en
80387,English,en
80389,English,en
80389,Español,es
804,English,en
804,Italiano,it
80410,English,en
80427,普通话,zh
8043,English,en
8043,Français,fr
80432,English,en
80435,English,en
80437,Español,es
80440,Italiano,it
80440,Français,fr
80440,English,en
80441,Italiano,it
80443,Italiano,it
8046,English,en
80468,English,en
80469,Nederlands,nl
8047,Español,es
80470,Français,fr
80471,Català,ca
80473,English,en
8049,Français,fr
805,English,en
8051,English,en
80518,日本語,ja
8052,English,en
80520,English,en
80520,Pусский,ru
80521,English,en
80527,English,en
8053,English,en
8053,Español,es
80530,English,en
80539,తెలుగు,te
8054,English,en
8054,Pусский,ru
8054,Français,fr
80544,English,en
80545,English,en
8055,English,en
8055,Deutsch,de
8055,ελληνικά,el
8055,Latin,la
80555,English,en
80556,हिन्दी,hi
80556,اردو,ur
8056,Français,fr
8056,Deutsch,de
80560,English,en
80572,English,en
80582,English,en
80585,English,en
80585,ภาษาไทย,th
80591,Pусский,ru
80591,English,en
80591,Français,fr
80592,English,en
80592,Español,es
80595,English,en
80596,English,en
80597,Pусский,ru
806,English,en
8060,English,en
80601,Italiano,it
80607,English,en
80609,English,en
80613,English,en
80616,English,en
80618,English,en
80624,English,en
8063,English,en
8063,Italiano,it
8063,Pусский,ru
80633,English,en
80633,Français,fr
80639,English,en
8064,Deutsch,de
80647,日本語,ja
80648,English,en
80648,Deutsch,de
8065,English,en
80653,Italiano,it
80659,English,en
8066,English,en
80660,English,en
80662,日本語,ja
8067,English,en
80670,Pусский,ru
80677,Français,fr
8068,English,en
80680,English,en
8069,English,en
80699,Dansk,da
807,English,en
8070,Français,fr
80701,Italiano,it
80701,Srpski,sr
80705,Deutsch,de
80708,English,en
80709,English,en
80709,Pусский,ru
8071,English,en
8071,Français,fr
80713,Español,es
80717,Français,fr
80717,Polski,pl
80717,Español,es
8072,Français,fr
80720,English,en
8073,English,en
8073,Français,fr
8074,Français,fr
80742,Español,es
8075,Français,fr
80754,Italiano,it
80754,Deutsch,de
80754,English,en
8076,Deutsch,de
80767,日本語,ja
8077,English,en
80771,English,en
80775,English,en
8078,English,en
80787,English,en
8079,हिन्दी,hi
80799,Français,fr
80799,Deutsch,de
808,English,en
8080,English,en
80801,日本語,ja
80805,తెలుగు,te
80806,Español,es
80806,English,en
80809,English,en
80831,Bahasa indonesia,id
80837,English,en
80844,English,en
80849,Deutsch,de
80849,Magyar,hu
80849,svenska,sv
80850,English,en
80853,English,en
8088,English,en
8088,Español,es
80880,తెలుగు,te
80890,English,en
809,English,en
8090,English,en
80911,English,en
80918,English,en
80919,English,en
8092,English,en
8092,Deutsch,de
80920,English,en
80928,English,en
8093,"",mn
8094,English,en
80941,English,en
8095,English,en
8095,Português,pt
80957,English,en
80957,Français,fr
80957,Deutsch,de
80960,Deutsch,de
80961,Türkçe,tr
80965,English,en
80970,Français,fr
80973,English,en
80988,ελληνικά,el
80990,Français,fr
80992,Nederlands,nl
81,日本語,ja
810,English,en
81001,English,en
81003,English,en
81005,English,en
81009,English,en
81010,Français,fr
81021,English,en
81022,Español,es
81025,English,en
81030,English,en
81038,English,en
81048,English,en
81060,తెలుగు,te
81086,Deutsch,de
811,English,en
811,Deutsch,de
81110,English,en
81111,English,en
81113,English,en
81115,English,en
81116,English,en
81120,English,en
81167,English,en
81178,English,en
81179,English,en
81182,English,en
81188,Français,fr
81188,English,en
81189,Deutsch,de
812,English,en
81202,Pусский,ru
81213,Polski,pl
81215,English,en
81215,Kinyarwanda,rw
81217,Polski,pl
81219,Polski,pl
81220,English,en
81223,Polski,pl
81225,Deutsch,de
81231,Polski,pl
81232,English,en
81242,한국어/조선말,ko
81244,English,en
81250,English,en
81250,Français,fr
81273,English,en
81273,हिन्दी,hi
81273,தமிழ்,ta
81274,English,en
8128,Český,cs
8129,English,en
81294,English,en
81296,日本語,ja
813,English,en
8130,English,en
81309,Polski,pl
81310,English,en
81318,Polski,pl
81332,English,en
81338,English,en
81342,Français,fr
81342,Español,es
81346,Español,es
81347,suomi,fi
81365,ελληνικά,el
81367,English,en
81367,Français,fr
81382,Italiano,it
81389,Nederlands,nl
81390,English,en
81390,Italiano,it
81391,日本語,ja
81393,English,en
81396,English,en
81399,Français,fr
814,English,en
81400,Český,cs
81401,Deutsch,de
81401,Magyar,hu
81409,Italiano,it
8141,English,en
81416,English,en
81420,English,en
81424,English,en
81435,العربية,ar
81436,English,en
81438,English,en
81438,Français,fr
8144,Italiano,it
8144,Español,es
81440,English,en
81440,Pусский,ru
81442,English,en
81446,Español,es
81446,English,en
81450,English,en
81457,English,en
81460,한국어/조선말,ko
81462,English,en
81463,Español,es
81470,English,en
81472,English,en
81475,English,en
81477,English,en
81481,한국어/조선말,ko
815,English,en
81509,Deutsch,de
81512,English,en
81515,English,en
81521,English,en
81522,English,en
81522,Français,fr
81522,Italiano,it
81527,Română,ro
81534,Deutsch,de
81534,Srpski,sr
81538,English,en
81538,Deutsch,de
81538,עִבְרִית,he
81540,English,en
81541,Italiano,it
81543,English,en
81549,Türkçe,tr
81551,हिन्दी,hi
81551,اردو,ur
81556,Français,fr
81556,Deutsch,de
81560,日本語,ja
81576,Català,ca
81576,English,en
81576,Español,es
81589,English,en
816,English,en
81600,Nederlands,nl
81604,Pусский,ru
81616,Deutsch,de
81619,English,en
81622,Srpski,sr
81623,Español,es
81626,English,en
81633,日本語,ja
81634,English,en
81634,Español,es
81634,"",cr
81644,English,en
81649,हिन्दी,hi
81654,Italiano,it
81666,Italiano,it
81670,English,en
81672,Italiano,it
81675,Română,ro
81678,English,en
81684,English,en
81687,English,en
81687,Français,fr
81687,Español,es
81694,English,en
81699,English,en
817,Deutsch,de
817,English,en
81704,English,en
81704,Deutsch,de
81704,Italiano,it
81707,English,en
81708,ελληνικά,el
81708,Türkçe,tr
81716,English,en
81720,English,en
81724,English,en
81751,English,en
81751,Español,es
81760,한국어/조선말,ko
81772,Italiano,it
81775,Español,es
81783,English,en
81787,Italiano,it
81792,日本語,ja
81796,English,en
818,English,en
818,日本語,ja
818,Deutsch,de
818,Français,fr
81824,English,en
81828,English,en
81829,English,en
81831,Italiano,it
81836,Italiano,it
81836,English,en
81847,English,en
81850,日本語,ja
81857,ελληνικά,el
81867,English,en
81870,普通话,zh
81871,English,en
81871,Italiano,it
81878,English,en
81887,English,en
81894,Deutsch,de
81894,English,en
81895,English,en
81895,Français,fr
81899,English,en
819,English,en
81900,English,en
8193,English,en
81937,English,en
8194,Español,es
8194,English,en
81949,English,en
81949,Română,ro
8195,English,en
8195,Français,fr
8195,Pусский,ru
8197,English,en
81972,English,en
81976,English,en
8198,English,en
8198,Français,fr
8198,Tiếng Việt,vi
81981,svenska,sv
8199,English,en
82,English,en
82,Español,es
820,English,en
820,Español,es
8202,English,en
82020,English,en
82027,Polski,pl
82028,Nederlands,nl
82028,Deutsch,de
82029,Français,fr
82036,English,en
8204,English,en
82040,Český,cs
82046,Français,fr
82066,Italiano,it
82077,English,en
82077,Italiano,it
82079,English,en
8208,English,en
82080,Italiano,it
82088,Pусский,ru
8209,Deutsch,de
8209,Türkçe,tr
82094,Český,cs
82096,English,en
82098,English,en
82098,Français,fr
82098,Deutsch,de
82099,English,en
821,English,en
82100,English,en
82101,English,en
82103,Português,pt
82106,English,en
8211,Polski,pl
82114,Italiano,it
82120,No Language,xx
82124,தமிழ்,ta
8213,English,en
8213,Deutsch,de
82134,English,en
82136,English,en
8214,suomi,fi
82151,English,en
82157,Deutsch,de
8216,English,en
8217,English,en
82178,English,en
82181,English,en
82185,Français,fr
8219,Español,es
82191,English,en
822,বাংলা,bn
8220,Español,es
82203,English,en
8221,Français,fr
8221,Deutsch,de
8221,Español,es
8222,Español,es
8223,Español,es
82237,English,en
82239,English,en
8224,English,en
82243,हिन्दी,hi
82257,English,en
82260,"",yi
82260,English,en
82269,Français,fr
82279,Český,cs
82283,English,en
823,日本語,ja
82309,English,en
82311,English,en
82321,English,en
82326,English,en
82327,English,en
82327,Dansk,da
82327,Deutsch,de
82327,Français,fr
82341,Italiano,it
82362,English,en
82362,Italiano,it
82368,Italiano,it
82377,English,en
82386,Español,es
82386,日本語,ja
82390,English,en
82394,Français,fr
82394,Deutsch,de
82395,English,en
82397,English,en
824,Français,fr
824,Español,es
824,English,en
82401,English,en
82404,Português,pt
82405,العربية,ar
82406,한국어/조선말,ko
82407,English,en
82409,Português,pt
82414,Português,pt
82418,English,en
82424,English,en
82430,English,en
82432,English,en
82447,svenska,sv
82448,Deutsch,de
82448,svenska,sv
82450,Pусский,ru
82450,svenska,sv
82450,العربية,ar
82450,English,en
82460,English,en
82465,English,en
82466,English,en
82469,한국어/조선말,ko
82469,ภาษาไทย,th
8247,Français,fr
82477,한국어/조선말,ko
82481,Italiano,it
82485,English,en
82485,Polski,pl
82492,English,en
82495,Français,fr
825,English,en
82501,English,en
82501,Français,fr
82505,English,en
82507,English,en
82507,Português,pt
82507,Français,fr
82507,"",br
82510,English,en
82519,English,en
82520,English,en
82523,English,en
82523,svenska,sv
82525,English,en
82529,العربية,ar
82529,English,en
82529,Deutsch,de
82532,English,en
82533,English,en
82545,English,en
82549,English,en
82550,Français,fr
82550,Italiano,it
82550,Deutsch,de
82550,English,en
82567,हिन्दी,hi
82575,हिन्दी,hi
82598,English,en
826,日本語,ja
826,ภาษาไทย,th
826,English,en
82618,Español,es
82618,English,en
82620,English,en
82622,English,en
82623,English,en
82624,shqip,sq
82626,English,en
82627,English,en
82631,English,en
82633,English,en
82634,English,en
82639,English,en
82642,English,en
82649,English,en
8265,Français,fr
82650,English,en
82654,English,en
82655,English,en
82657,日本語,ja
82657,English,en
8266,English,en
8266,Français,fr
8266,Deutsch,de
8266,Italiano,it
82662,Italiano,it
82664,Deutsch,de
82667,English,en
8267,Español,es
82675,English,en
82675,Türkçe,tr
82675,العربية,ar
82676,English,en
82679,English,en
82682,English,en
82684,English,en
82685,English,en
82686,English,en
82687,English,en
82688,Català,ca
82688,English,en
82688,Français,fr
8269,Srpski,sr
82690,English,en
82693,English,en
82695,English,en
82696,English,en
82698,हिन्दी,hi
827,English,en
827,Français,fr
8270,English,en
82700,English,en
82702,English,en
82703,English,en
82708,Eesti,et
82708,Français,fr
82708,Deutsch,de
82708,Pусский,ru
8271,English,en
8271,Español,es
82716,Český,cs
82716,Slovenčina,sk
8272,English,en
8273,English,en
82731,English,en
82737,"",ce
82737,English,en
82737,Pусский,ru
8274,English,en
82743,English,en
82745,Português,pt
8275,English,en
8276,English,en
8276,Français,fr
82760,svenska,sv
82767,Español,es
8277,English,en
82776,Español,es
8279,Français,fr
82792,English,en
828,English,en
828,Français,fr
828,हिन्दी,hi
828,Pусский,ru
8280,Français,fr
8281,Français,fr
82817,Français,fr
82817,Italiano,it
82819,English,en
8282,Français,fr
82825,English,en
82825,हिन्दी,hi
82827,Italiano,it
82838,English,en
8284,English,en
8285,English,en
8285,Français,fr
8285,Pусский,ru
8286,Français,fr
82877,English,en
8288,English,en
82881,English,en
8289,English,en
829,Español,es
829,广州话 / 廣州話,cn
829,English,en
8290,Deutsch,de
8290,Français,fr
8290,English,en
8291,English,en
8291,Français,fr
82911,English,en
82916,日本語,ja
8292,Español,es
8292,English,en
82929,English,en
8293,English,en
8293,Deutsch,de
82932,English,en
82935,English,en
82937,English,en
82939,Español,es
82941,English,en
82941,Deutsch,de
82942,English,en
82944,English,en
82962,English,en
82963,English,en
82966,Français,fr
82967,English,en
82968,Português,pt
82970,English,en
82990,English,en
82992,English,en
82992,Pусский,ru
82992,Español,es
82999,Español,es
83,English,en
830,English,en
83001,English,en
83007,English,en
83013,한국어/조선말,ko
83015,English,en
83036,English,en
83040,English,en
83052,Français,fr
83079,Español,es
83079,English,en
83088,日本語,ja
83090,日本語,ja
83091,日本語,ja
83099,English,en
831,English,en
83105,English,en
83114,日本語,ja
83119,English,en
83121,Italiano,it
83122,Italiano,it
83124,Italiano,it
83125,English,en
83136,Italiano,it
83140,Italiano,it
83147,English,en
8316,Český,cs
8316,English,en
83183,日本語,ja
83185,Português,pt
83186,English,en
83188,English,en
8319,English,en
8319,Français,fr
83191,English,en
83191,Français,fr
83191,Deutsch,de
83195,普通话,zh
832,Deutsch,de
83201,English,en
83201,Français,fr
83201,svenska,sv
83209,Deutsch,de
8321,English,en
83214,日本語,ja
83215,Português,pt
83221,"",si
83223,Italiano,it
83226,Português,pt
83228,Português,pt
83229,English,en
83229,Français,fr
83229,Deutsch,de
83229,Italiano,it
83229,Português,pt
83230,Português,pt
83232,English,en
83233,Português,pt
83234,ქართული,ka
83235,Pусский,ru
83235,ქართული,ka
8324,English,en
8325,English,en
8326,English,en
83266,Español,es
8327,English,en
8327,Deutsch,de
8327,Español,es
83271,Español,es
83272,"",tl
8328,Pусский,ru
8328,English,en
83288,English,en
8329,日本語,ja
8329,Español,es
83292,English,en
83295,English,en
83297,日本語,ja
83299,日本語,ja
833,Italiano,it
8332,Deutsch,de
8333,English,en
83330,English,en
83342,Deutsch,de
83345,Català,ca
83345,Español,es
83346,English,en
83354,English,en
8336,English,en
83360,English,en
83361,English,en
8337,English,en
8338,日本語,ja
8338,English,en
83382,हिन्दी,hi
83384,English,en
83388,Français,fr
83389,日本語,ja
834,English,en
834,Français,fr
834,Magyar,hu
8340,"",ku
83403,English,en
83403,Magyar,hu
8341,"",bo
83413,English,en
83415,English,en
8342,Bosanski,bs
8342,English,en
8342,Français,fr
8342,Deutsch,de
8342,Español,es
83429,Pусский,ru
83429,Український,uk
83430,English,en
83430,Français,fr
83430,فارسی,fa
83430,"",qu
83430,Español,es
83435,Pусский,ru
83443,English,en
83443,日本語,ja
83443,Pусский,ru
83444,Pусский,ru
83446,Pусский,ru
83451,Français,fr
83451,English,en
83451,Deutsch,de
83456,Pусский,ru
83459,Pусский,ru
8346,ελληνικά,el
8346,English,en
83461,Pусский,ru
83473,English,en
83475,Pусский,ru
83479,English,en
8348,English,en
83481,Català,ca
83481,Magyar,hu
83481,Español,es
83486,Pусский,ru
8349,Deutsch,de
8349,Français,fr
8349,English,en
83491,Pусский,ru
83492,Pусский,ru
83495,Pусский,ru
83501,Pусский,ru
83505,Español,es
83519,English,en
83524,Pусский,ru
8353,Português,pt
83539,Pусский,ru
83540,English,en
83542,English,en
8355,English,en
83552,فارسی,fa
8356,English,en
8356,Français,fr
8356,Italiano,it
8356,Português,pt
83562,English,en
83564,English,en
83567,Türkçe,tr
8357,English,en
8357,Deutsch,de
8357,Español,es
83573,svenska,sv
83579,English,en
8358,Pусский,ru
8358,English,en
83581,English,en
83583,English,en
83583,Français,fr
83587,English,en
83588,English,en
83589,English,en
8359,English,en
83599,"",hy
83599,English,en
83599,Deutsch,de
83599,עִבְרִית,he
83599,Pусский,ru
836,Português,pt
83613,English,en
83614,Pусский,ru
83617,Magyar,hu
8363,English,en
83633,English,en
83651,Türkçe,tr
8366,Deutsch,de
83660,English,en
83664,English,en
83665,English,en
83666,English,en
83667,English,en
8367,English,en
83670,English,en
83678,svenska,sv
8368,English,en
83683,English,en
83686,English,en
83686,Français,fr
837,English,en
83706,广州话 / 廣州話,cn
83706,English,en
83706,普通话,zh
8371,Deutsch,de
83714,English,en
83716,English,en
83718,English,en
8372,English,en
83721,普通话,zh
83723,English,en
83726,English,en
83727,Français,fr
83727,English,en
83728,English,en
83729,Deutsch,de
83729,Türkçe,tr
8373,English,en
8373,Español,es
83732,English,en
83735,English,en
83738,English,en
8374,English,en
8374,Español,es
83746,English,en
83746,Français,fr
83750,English,en
83750,Français,fr
83754,한국어/조선말,ko
83761,فارسی,fa
83765,English,en
83765,Français,fr
83770,English,en
83770,Français,fr
83782,Italiano,it
83785,English,en
83788,Français,fr
83788,Pусский,ru
838,English,en
83801,Français,fr
83802,English,en
83816,English,en
83817,English,en
8382,English,en
83827,Português,pt
8383,Deutsch,de
83831,English,en
83834,English,en
83834,Deutsch,de
83834,Italiano,it
83838,English,en
83849,English,en
83857,English,en
8386,English,en
83860,English,en
83865,Pусский,ru
83868,English,en
83869,English,en
83876,普通话,zh
8388,English,en
8388,Deutsch,de
8388,Español,es
83880,English,en
83889,हिन्दी,hi
83889,தமிழ்,ta
83889,తెలుగు,te
83890,English,en
83896,English,en
83897,Português,pt
83899,English,en
839,English,en
8390,English,en
83900,Français,fr
83902,English,en
83902,हिन्दी,hi
83903,हिन्दी,hi
83903,English,en
83907,日本語,ja
83909,English,en
83909,Dansk,da
8391,English,en
83912,Dansk,da
8392,日本語,ja
8393,Afrikaans,af
8393,English,en
83944,日本語,ja
83957,English,en
83957,Français,fr
83965,English,en
83965,Français,fr
83965,Deutsch,de
8398,English,en
83980,English,en
83989,English,en
83989,Italiano,it
83989,Español,es
83995,English,en
840,हिन्दी,hi
840,English,en
840,Français,fr
840,Español,es
84002,Pусский,ru
84012,Deutsch,de
84012,English,en
84023,??????,ky
84028,Español,es
84030,Český,cs
84038,Dansk,da
84038,Français,fr
84050,English,en
84056,Italiano,it
84058,English,en
84060,English,en
84062,English,en
84066,Italiano,it
84071,Deutsch,de
84079,English,en
8408,English,en
84084,English,en
84086,English,en
84087,English,en
84089,English,en
84089,Italiano,it
8409,English,en
8409,Español,es
84090,English,en
84094,日本語,ja
84097,English,en
84097,Italiano,it
84099,English,en
841,English,en
841,Italiano,it
8410,English,en
84100,English,en
84104,English,en
84105,English,en
84106,Português,pt
84108,English,en
84111,普通话,zh
84114,English,en
84116,English,en
84119,English,en
84119,Français,fr
8413,English,en
8413,Latin,la
8414,English,en
84140,English,en
8415,English,en
8415,日本語,ja
84152,English,en
84154,English,en
8416,English,en
8416,Français,fr
8416,Italiano,it
8416,Latin,la
8416,普通话,zh
84165,English,en
84165,Français,fr
84165,Italiano,it
84166,English,en
84167,日本語,ja
84169,普通话,zh
84169,English,en
8417,Deutsch,de
84170,العربية,ar
84170,עִבְרִית,he
84171,English,en
84172,Dansk,da
84172,Français,fr
84172,"",sg
84172,English,en
84174,English,en
84175,English,en
84176,Français,fr
84177,svenska,sv
84178,English,en
84179,English,en
8418,Deutsch,de
84180,English,en
84184,English,en
84185,English,en
84187,English,en
84188,English,en
84188,Français,fr
84188,Deutsch,de
84190,English,en
84191,English,en
84192,English,en
84193,English,en
84194,English,en
84195,Português,pt
84196,English,en
84198,English,en
84199,English,en
842,English,en
8420,English,en
8420,Français,fr
84200,English,en
84201,English,en
84203,English,en
84204,English,en
84207,English,en
84209,English,en
8421,Français,fr
8421,Español,es
84211,English,en
84214,English,en
8422,Italiano,it
84226,English,en
84226,Deutsch,de
84228,English,en
84228,Français,fr
84233,English,en
84237,日本語,ja
8424,Français,fr
84240,हिन्दी,hi
84242,English,en
84248,Français,fr
84249,English,en
8425,Français,fr
84254,Český,cs
84254,Pусский,ru
84259,English,en
8427,English,en
8427,Magyar,hu
8427,Pусский,ru
84273,No Language,xx
84275,广州话 / 廣州話,cn
84278,English,en
8428,English,en
84281,English,en
84283,English,en
84284,English,en
84286,English,en
84287,English,en
84288,English,en
84289,English,en
8429,English,en
8429,Deutsch,de
8429,Italiano,it
84290,Dansk,da
84290,English,en
84295,English,en
84296,English,en
84298,English,en
84298,Español,es
84299,English,en
843,广州话 / 廣州話,cn
843,Français,fr
843,Español,es
8430,Italiano,it
84300,ελληνικά,el
84302,English,en
84302,Español,es
84303,English,en
84305,English,en
84305,Español,es
84306,English,en
84308,Español,es
84309,English,en
84312,English,en
84312,Español,es
84316,English,en
84317,Italiano,it
84317,English,en
84318,English,en
84319,English,en
84323,English,en
84324,English,en
84326,English,en
84326,Pусский,ru
84327,English,en
84328,English,en
84329,English,en
84330,English,en
84332,English,en
84333,English,en
84334,English,en
84336,English,en
84337,English,en
84338,English,en
84338,Français,fr
8434,English,en
8434,Français,fr
8434,Deutsch,de
8434,Italiano,it
84340,English,en
84341,English,en
84342,English,en
84344,Dansk,da
84344,English,en
84344,ภาษาไทย,th
84346,日本語,ja
84347,English,en
84348,English,en
8435,English,en
84351,English,en
84352,English,en
84354,Español,es
84355,English,en
8436,Français,fr
84362,Español,es
84364,English,en
84365,English,en
84368,தமிழ்,ta
84368,"",ml
8438,English,en
84383,English,en
84383,Français,fr
8439,Português,pt
8439,Español,es
84391,English,en
84397,English,en
844,广州话 / 廣州話,cn
844,日本語,ja
844,普通话,zh
8440,Français,fr
8440,Português,pt
84404,English,en
8441,Português,pt
84418,English,en
84419,English,en
84422,English,en
84425,English,en
84425,Français,fr
84425,Italiano,it
84427,Français,fr
8443,Português,pt
8443,Español,es
8443,English,en
8444,Português,pt
84442,English,en
84442,Pусский,ru
84449,English,en
84449,Deutsch,de
8445,suomi,fi
8445,svenska,sv
84450,English,en
8446,English,en
8446,Italiano,it
84465,English,en
8447,English,en
84473,Français,fr
84479,English,en
84479,Français,fr
84493,English,en
84496,English,en
84499,English,en
845,Français,fr
845,English,en
84505,English,en
84508,日本語,ja
84511,English,en
8452,English,en
84520,English,en
8453,हिन्दी,hi
8453,Italiano,it
8453,اردو,ur
84540,English,en
8456,English,en
84562,Español,es
84562,English,en
84567,English,en
84569,English,en
8457,English,en
84572,English,en
84575,English,en
84577,English,en
84584,Italiano,it
846,English,en
8460,English,en
8461,English,en
84617,English,en
8462,No Language,xx
84626,English,en
84628,English,en
8463,English,en
84633,English,en
84636,Français,fr
8464,English,en
84642,English,en
84643,English,en
84643,Italiano,it
84655,English,en
84658,English,en
84660,한국어/조선말,ko
8467,English,en
84672,English,en
8468,English,en
8469,English,en
84690,English,en
84693,हिन्दी,hi
847,English,en
8470,English,en
8470,Español,es
84701,English,en
84705,广州话 / 廣州話,cn
84705,普通话,zh
84708,English,en
8471,English,en
8471,Pусский,ru
84710,English,en
84711,English,en
84718,English,en
84719,English,en
84720,English,en
84724,English,en
84727,English,en
84728,English,en
84730,Magyar,hu
84734,English,en
84735,English,en
84741,English,en
84742,English,en
84760,English,en
84765,"",tl
84771,English,en
84774,Pусский,ru
84782,Pусский,ru
84784,English,en
84796,English,en
84797,Français,fr
84797,Polski,pl
84797,Español,es
848,English,en
848,Magyar,hu
84801,English,en
84820,Français,fr
84823,Français,fr
84831,English,en
84834,English,en
84839,English,en
84844,English,en
84847,English,en
84848,Español,es
84857,Deutsch,de
84858,English,en
84858,हिन्दी,hi
84858,"",mr
84865,Italiano,it
8487,English,en
84875,Français,fr
8488,English,en
84880,English,en
8489,English,en
84892,English,en
849,English,en
8490,English,en
8490,Español,es
84903,English,en
84904,Deutsch,de
84904,Italiano,it
84905,English,en
84906,English,en
84907,English,en
8491,English,en
84911,Deutsch,de
84912,English,en
84922,English,en
8494,English,en
84942,English,en
84944,suomi,fi
84951,English,en
84954,Deutsch,de
84956,No Language,xx
84971,English,en
84972,Français,fr
84984,Italiano,it
84986,English,en
84993,English,en
84994,English,en
84997,English,en
85,English,en
85,Español,es
85,Deutsch,de
85,עִבְרִית,he
85,العربية,ar
85,"",ne
850,English,en
85009,English,en
85013,English,en
85014,广州话 / 廣州話,cn
85023,English,en
85024,English,en
85025,Français,fr
85032,日本語,ja
85033,Français,fr
85038,Italiano,it
85039,English,en
85043,हिन्दी,hi
85050,हिन्दी,hi
85052,हिन्दी,hi
85058,English,en
85087,Français,fr
85097,English,en
85097,Español,es
851,English,en
85107,English,en
85110,No Language,xx
8512,English,en
85125,हिन्दी,hi
85125,English,en
85126,English,en
85129,English,en
85160,English,en
85162,English,en
85163,English,en
85184,English,en
85196,English,en
85200,English,en
85204,English,en
85207,English,en
85220,No Language,xx
85221,No Language,xx
85230,English,en
85231,English,en
85232,English,en
85236,English,en
85239,English,en
85247,English,en
85255,English,en
85262,English,en
85265,"",tl
85268,English,en
85277,Nederlands,nl
85285,Italiano,it
85285,English,en
85290,English,en
85293,English,en
853,Deutsch,de
853,English,en
853,Pусский,ru
85304,English,en
85312,English,en
85317,Pусский,ru
85325,English,en
85327,English,en
85328,English,en
85336,Nederlands,nl
85340,svenska,sv
85341,Français,fr
85341,English,en
85346,English,en
85349,日本語,ja
85350,Español,es
85350,English,en
8536,English,en
85365,Français,fr
85365,Italiano,it
85367,English,en
85373,English,en
85373,Français,fr
85377,日本語,ja
85389,Português,pt
85393,日本語,ja
85394,English,en
85394,Deutsch,de
85394,Polski,pl
85398,日本語,ja
854,svenska,sv
854,English,en
85411,English,en
85414,English,en
85420,English,en
85424,Eesti,et
85429,Français,fr
85430,English,en
85431,English,en
85434,Español,es
85435,English,en
85439,English,en
85439,Català,ca
85442,English,en
85444,English,en
85444,Galego,gl
85444,Español,es
85446,English,en
85449,English,en
85449,Français,fr
8545,English,en
85463,Italiano,it
85469,Deutsch,de
85472,English,en
85483,English,en
85494,English,en
85498,English,en
855,English,en
855,Somali,so
85502,广州话 / 廣州話,cn
85504,English,en
85504,Français,fr
85505,English,en
85507,English,en
85509,English,en
85510,English,en
85511,English,en
85512,English,en
85514,English,en
85516,English,en
85518,English,en
85521,English,en
85525,한국어/조선말,ko
85533,বাংলা,bn
85533,Deutsch,de
85533,Français,fr
85533,English,en
85533,ภาษาไทย,th
85533,日本語,ja
85533,Español,es
85535,English,en
85540,English,en
85542,English,en
85542,हिन्दी,hi
85543,Español,es
85544,Español,es
85545,Polski,pl
85545,Français,fr
85545,English,en
85546,Français,fr
85546,English,en
85547,Français,fr
85549,Español,es
8555,English,en
85550,한국어/조선말,ko
85556,English,en
85559,English,en
8556,Deutsch,de
85564,English,en
8557,English,en
8557,普通话,zh
85574,English,en
85574,Español,es
85580,English,en
85581,Nederlands,nl
85589,Norsk,no
85593,English,en
85598,English,en
856,English,en
85602,English,en
85609,English,en
85610,English,en
85611,English,en
85613,English,en
85615,English,en
85616,Dansk,da
85620,Français,fr
85621,Český,cs
85628,Český,cs
85633,English,en
85638,English,en
85639,Français,fr
85640,English,en
85642,English,en
85643,English,en
85644,English,en
85648,English,en
85651,English,en
85652,English,en
85654,English,en
85656,日本語,ja
85657,English,en
85658,English,en
85658,普通话,zh
85670,English,en
85672,English,en
85673,English,en
85673,"",tl
85674,English,en
85677,English,en
85689,English,en
85689,Français,fr
85690,Deutsch,de
85692,日本語,ja
85693,English,en
85695,English,en
85696,English,en
85699,Deutsch,de
85699,Italiano,it
85699,Pусский,ru
85699,Español,es
857,Český,cs
857,Deutsch,de
857,English,en
857,Français,fr
85702,日本語,ja
85708,हिन्दी,hi
85709,普通话,zh
85709,한국어/조선말,ko
85711,Norsk,no
85715,Pусский,ru
85721,English,en
85729,Pусский,ru
85735,English,en
85735,Français,fr
85739,Italiano,it
85741,Français,fr
85743,svenska,sv
85753,English,en
85753,Deutsch,de
85755,English,en
85758,English,en
85763,English,en
85765,English,en
85766,English,en
85768,Español,es
85769,ελληνικά,el
85778,English,en
85783,English,en
85784,Italiano,it
85787,日本語,ja
858,English,en
85814,English,en
85819,English,en
85820,Deutsch,de
85820,Français,fr
85820,English,en
85821,English,en
85821,日本語,ja
85827,English,en
8583,English,en
85836,日本語,ja
85837,English,en
8584,English,en
8584,普通话,zh
8584,Español,es
85840,English,en
85841,English,en
85841,ελληνικά,el
85844,日本語,ja
85854,English,en
85860,English,en
8587,English,en
85870,Français,fr
85870,Italiano,it
85870,العربية,ar
85870,English,en
85872,English,en
85872,Español,es
85872,Français,fr
85872,日本語,ja
85873,English,en
85876,English,en
85878,广州话 / 廣州話,cn
85878,普通话,zh
8588,English,en
8588,Français,fr
8588,Deutsch,de
85883,Français,fr
85886,Español,es
85887,English,en
85889,English,en
859,English,en
85901,Pусский,ru
85901,Український,uk
85904,English,en
85904,Français,fr
85904,Deutsch,de
85910,English,en
85916,English,en
8592,English,en
85926,English,en
85927,Français,fr
85942,English,en
85944,English,en
85948,English,en
85949,English,en
85959,한국어/조선말,ko
85966,English,en
85968,English,en
85971,English,en
85984,English,en
85988,suomi,fi
86,English,en
86,Deutsch,de
860,English,en
86000,한국어/조선말,ko
86004,हिन्दी,hi
86004,"",mr
86023,English,en
86040,English,en
86049,English,en
86059,English,en
86068,English,en
86082,עִבְרִית,he
86084,English,en
86087,English,en
86093,English,en
86096,Français,fr
86099,Deutsch,de
861,English,en
86118,No Language,xx
86126,Español,es
86133,English,en
86154,English,en
86157,Pусский,ru
86168,English,en
8617,Italiano,it
8617,English,en
86172,Português,pt
8618,English,en
86182,English,en
86186,English,en
8619,Français,fr
8619,Português,pt
8619,English,en
86190,English,en
86193,English,en
862,English,en
86207,English,en
86209,English,en
86210,English,en
86215,English,en
86223,English,en
86225,English,en
86231,English,en
86232,English,en
86233,English,en
86234,Português,pt
86235,English,en
86236,English,en
86239,English,en
86240,English,en
86241,English,en
86244,English,en
86244,Deutsch,de
86251,Italiano,it
86254,English,en
86256,Türkçe,tr
86258,English,en
86261,한국어/조선말,ko
86262,한국어/조선말,ko
86266,한국어/조선말,ko
86267,한국어/조선말,ko
86269,English,en
86271,English,en
86274,English,en
86279,"",mr
86282,普通话,zh
86283,English,en
86284,English,en
86284,Deutsch,de
86295,English,en
86297,English,en
863,English,en
86303,বাংলা,bn
86304,English,en
86305,English,en
86320,Español,es
86320,Português,pt
86321,Português,pt
86324,Português,pt
86331,Français,fr
86332,English,en
86337,English,en
86337,Magyar,hu
86360,English,en
86363,English,en
86381,English,en
86382,Pусский,ru
86391,Český,cs
86391,Français,fr
86391,Magyar,hu
864,English,en
864,Français,fr
864,Deutsch,de
864,Pусский,ru
86404,Français,fr
86410,Italiano,it
86410,English,en
86412,No Language,xx
86416,English,en
8643,English,en
86431,Magyar,hu
86440,Español,es
8645,English,en
8645,Français,fr
86457,English,en
86458,English,en
86458,Português,pt
86462,English,en
86463,English,en
86467,Český,cs
86467,English,en
86467,Français,fr
86472,Italiano,it
86482,Nederlands,nl
86483,Deutsch,de
8649,English,en
86493,Deutsch,de
86495,English,en
86497,English,en
865,English,en
86508,Deutsch,de
8651,Deutsch,de
86517,English,en
8652,한국어/조선말,ko
86520,日本語,ja
86522,English,en
8653,한국어/조선말,ko
86531,Português,pt
86541,Español,es
86543,English,en
86549,Español,es
86549,English,en
86555,English,en
86556,English,en
8656,English,en
86576,हिन्दी,hi
86577,English,en
86593,English,en
86597,Français,fr
866,English,en
86600,Deutsch,de
86603,English,en
86604,English,en
86608,English,en
86616,English,en
86633,English,en
86637,Italiano,it
86637,Español,es
86640,Italiano,it
86640,Português,pt
86643,English,en
86647,Deutsch,de
8665,English,en
86655,English,en
86664,日本語,ja
86666,English,en
86666,日本語,ja
86667,English,en
86680,English,en
8669,English,en
867,English,en
86700,普通话,zh
86703,English,en
86705,English,en
86707,suomi,fi
86709,English,en
86713,Italiano,it
86718,English,en
86718,தமிழ்,ta
8672,Deutsch,de
8672,English,en
8672,Español,es
86726,English,en
86732,English,en
86732,Magyar,hu
86732,Latin,la
8675,English,en
8675,日本語,ja
86750,English,en
86751,English,en
86759,English,en
8676,English,en
86763,English,en
86764,Français,fr
86768,English,en
8677,Český,cs
8677,English,en
8677,Français,fr
8677,Deutsch,de
86772,English,en
86777,English,en
86778,English,en
86782,English,en
86785,Italiano,it
86791,日本語,ja
86792,English,en
86792,Polski,pl
868,Afrikaans,af
868,"",xh
868,isiZulu,zu
8681,English,en
8681,Français,fr
8681,العربية,ar
8681,shqip,sq
86812,English,en
86814,Français,fr
86816,English,en
86817,English,en
86819,Český,cs
86820,English,en
86821,English,en
86822,English,en
86823,日本語,ja
86825,English,en
86828,English,en
86829,English,en
86834,English,en
86835,Deutsch,de
86835,English,en
86835,Srpski,sr
86837,Français,fr
86838,English,en
86838,Tiếng Việt,vi
86843,English,en
86850,English,en
86850,Français,fr
86868,Français,fr
8688,Český,cs
8688,English,en
86889,English,en
8689,English,en
8689,Italiano,it
8689,Español,es
869,English,en
8690,Italiano,it
86901,English,en
8691,Español,es
8691,Italiano,it
86913,English,en
8692,Español,es
8692,Italiano,it
86920,English,en
86942,English,en
86955,No Language,xx
86956,English,en
86959,English,en
8696,English,en
8697,Nederlands,nl
8697,广州话 / 廣州話,cn
8697,English,en
86970,English,en
86971,English,en
86975,English,en
86979,English,en
8698,English,en
8698,Deutsch,de
8698,Italiano,it
86980,ภาษาไทย,th
86980,svenska,sv
86980,Norsk,no
86980,English,en
86983,Français,fr
86983,svenska,sv
86985,Dansk,da
86985,English,en
86985,Polski,pl
86987,Norsk,no
86987,svenska,sv
8699,English,en
86990,English,en
86997,العربية,ar
87,English,en
87,"",si
870,日本語,ja
87017,Español,es
87022,Nederlands,nl
8703,Český,cs
8703,Deutsch,de
87060,English,en
87061,English,en
87061,Français,fr
87063,Português,pt
87065,English,en
87078,English,en
87090,English,en
87093,Italiano,it
87093,English,en
87093,Français,fr
871,English,en
87101,English,en
87115,English,en
87123,English,en
87148,Español,es
87151,English,en
87178,English,en
87190,English,en
872,English,en
87204,Norsk,no
87204,svenska,sv
87229,Íslenska,is
87233,English,en
87235,English,en
87245,Deutsch,de
87245,Français,fr
87267,English,en
87293,English,en
87296,日本語,ja
873,English,en
87300,English,en
87302,Español,es
87302,English,en
87311,English,en
87321,English,en
87335,Italiano,it
87339,日本語,ja
87343,English,en
87349,English,en
87358,Italiano,it
87358,English,en
87358,Deutsch,de
8736,Français,fr
87362,Italiano,it
87368,Français,fr
8737,English,en
8738,Pусский,ru
8738,English,en
8738,日本語,ja
87380,Español,es
87388,English,en
87392,Português,pt
874,English,en
874,Français,fr
874,Latin,la
874,Español,es
8740,Nederlands,nl
8740,English,en
8740,Français,fr
87408,العربية,ar
8741,English,en
8741,Pусский,ru
87415,Italiano,it
87417,English,en
87421,English,en
87428,English,en
8743,Deutsch,de
8743,svenska,sv
8743,suomi,fi
8743,Français,fr
87436,한국어/조선말,ko
87436,English,en
87436,Español,es
87436,日本語,ja
87436,Deutsch,de
87436,Français,fr
8744,English,en
87440,English,en
8745,English,en
87462,English,en
8747,English,en
8748,English,en
87481,普通话,zh
8749,suomi,fi
87492,English,en
87496,English,en
87499,English,en
875,广州话 / 廣州話,cn
875,English,en
87502,English,en
87503,English,en
87504,English,en
87506,English,en
87506,Norsk,no
87506,Dansk,da
87514,English,en
87516,English,en
87531,English,en
87533,English,en
87541,Deutsch,de
87561,Français,fr
87567,English,en
87567,Español,es
87567,Latin,la
87587,English,en
87588,English,en
87593,English,en
876,English,en
876,Français,fr
876,Italiano,it
876,Pусский,ru
87612,English,en
87621,Deutsch,de
87621,English,en
87636,日本語,ja
8764,English,en
8764,"",yi
8764,Deutsch,de
8765,English,en
8765,Italiano,it
87654,Norsk,no
8766,English,en
8767,Français,fr
87673,日本語,ja
87677,English,en
8768,Français,fr
87683,Bahasa indonesia,id
87683,English,en
8769,English,en
877,English,en
877,Italiano,it
8770,English,en
87706,English,en
87729,English,en
87734,English,en
87737,English,en
87759,Pусский,ru
8776,Magyar,hu
87774,English,en
87788,English,en
8779,Český,cs
8779,Deutsch,de
87799,Pусский,ru
878,Deutsch,de
8780,English,en
87817,Português,pt
87818,English,en
87825,English,en
87826,English,en
87827,English,en
87827,Français,fr
87827,हिन्दी,hi
87827,日本語,ja
87827,普通话,zh
87827,தமிழ்,ta
87835,English,en
87847,English,en
8785,Polski,pl
87851,English,en
87852,English,en
87874,English,en
87881,English,en
87884,English,en
87897,English,en
879,English,en
87906,Italiano,it
87908,ελληνικά,el
87909,English,en
87911,English,en
87914,English,en
87925,English,en
87936,English,en
87939,English,en
87943,English,en
87953,普通话,zh
87966,English,en
87983,English,en
87992,svenska,sv
87995,हिन्दी,hi
88,English,en
880,Nederlands,nl
88005,English,en
88012,English,en
88013,No Language,xx
88018,English,en
88018,No Language,xx
88030,English,en
88030,Português,pt
88034,Français,fr
88036,English,en
88036,Français,fr
88042,English,en
88051,English,en
88057,English,en
88059,suomi,fi
88061,English,en
88065,English,en
88067,English,en
88075,Español,es
88075,English,en
881,English,en
8810,English,en
88107,English,en
88126,suomi,fi
8814,日本語,ja
8814,English,en
8816,svenska,sv
88174,English,en
88176,Deutsch,de
8818,English,en
8818,Español,es
88192,English,en
88209,English,en
88224,English,en
88237,Português,pt
88253,English,en
88266,Italiano,it
88269,日本語,ja
8827,Français,fr
88271,日本語,ja
88273,Deutsch,de
88273,Dansk,da
88273,English,en
88273,Français,fr
88274,Română,ro
88284,Deutsch,de
88285,English,en
88288,English,en
88293,English,en
883,English,en
88302,ქართული,ka
88302,Pусский,ru
88309,English,en
88309,Français,fr
8831,English,en
88318,English,en
8832,Italiano,it
88320,English,en
8833,English,en
8833,Português,pt
88334,Polski,pl
88338,English,en
8834,English,en
88348,English,en
8835,English,en
88359,English,en
8836,English,en
88375,English,en
88376,English,en
88377,English,en
8838,English,en
8839,English,en
88390,English,en
88395,Italiano,it
884,English,en
884,svenska,sv
8840,English,en
8841,Français,fr
88418,Deutsch,de
8842,English,en
88421,No Language,xx
88423,English,en
8843,English,en
88435,日本語,ja
8844,English,en
8844,Français,fr
8845,English,en
88451,English,en
8846,Deutsch,de
8847,English,en
88478,English,en
8848,English,en
88486,Italiano,it
8849,English,en
88491,Pусский,ru
88496,English,en
885,No Language,xx
8850,English,en
8851,English,en
88518,English,en
8852,Latin,la
8852,English,en
88527,日本語,ja
88528,日本語,ja
88529,日本語,ja
88534,български език,bg
88534,English,en
88535,日本語,ja
8854,English,en
88557,Dansk,da
88557,English,en
88557,Français,fr
88557,Deutsch,de
88557,Italiano,it
88557,日本語,ja
88558,English,en
8856,English,en
88562,日本語,ja
88564,Pусский,ru
88573,ภาษาไทย,th
88580,English,en
88583,English,en
8859,English,en
8859,Français,fr
8859,日本語,ja
88599,Español,es
886,English,en
8860,English,en
88609,English,en
88641,English,en
88658,English,en
8866,English,en
88665,Italiano,it
8867,English,en
8868,Français,fr
8869,English,en
887,English,en
8870,English,en
8871,English,en
8872,广州话 / 廣州話,cn
8872,English,en
88722,suomi,fi
88727,Norsk,no
8873,广州话 / 廣州話,cn
8873,English,en
88737,English,en
8874,English,en
8874,Français,fr
8874,Italiano,it
88744,Deutsch,de
8875,English,en
88751,English,en
88751,Íslenska,is
88751,Italiano,it
88762,English,en
8879,English,en
88794,English,en
888,English,en
8880,English,en
8880,Español,es
8881,English,en
8881,Español,es
88811,普通话,zh
88812,English,en
88818,English,en
8882,Italiano,it
8882,普通话,zh
8882,Français,fr
8883,Dansk,da
8883,Deutsch,de
8884,English,en
88844,Nederlands,nl
88844,English,en
8885,עִבְרִית,he
8885,العربية,ar
8885,Deutsch,de
8885,English,en
8886,English,en
8886,Deutsch,de
8886,Italiano,it
88863,English,en
88865,English,en
88875,English,en
8888,Deutsch,de
88893,Italiano,it
88893,English,en
889,English,en
88905,English,en
88912,English,en
8892,Français,fr
88920,English,en
88922,普通话,zh
8893,Français,fr
88930,English,en
88937,English,en
88947,Italiano,it
88949,Español,es
8895,English,en
8895,Français,fr
8895,עִבְרִית,he
88950,English,en
88953,Český,cs
8896,Magyar,hu
8897,Français,fr
8898,Español,es
8899,Français,fr
8899,Deutsch,de
89,Deutsch,de
89,ελληνικά,el
89,English,en
890,Deutsch,de
8900,Español,es
89008,English,en
8902,Português,pt
8904,"",tl
89049,English,en
8905,Türkçe,tr
8906,Deutsch,de
89065,فارسی,fa
89068,广州话 / 廣州話,cn
89068,English,en
89068,Español,es
89070,Pусский,ru
89072,English,en
8908,English,en
8908,Italiano,it
8908,Srpski,sr
8908,Español,es
89086,English,en
8909,English,en
89092,English,en
891,Español,es
891,English,en
89116,日本語,ja
89126,Français,fr
89126,Deutsch,de
89126,Italiano,it
8913,English,en
8914,English,en
89145,English,en
8915,English,en
89156,Deutsch,de
89156,Polski,pl
89156,Pусский,ru
8916,English,en
89185,English,en
89187,English,en
89191,اردو,ur
89191,English,en
89199,English,en
892,Français,fr
8920,English,en
8922,English,en
8923,English,en
89237,English,en
89242,English,en
89247,Español,es
8926,English,en
8927,svenska,sv
89271,Português,pt
89280,English,en
89287,Français,fr
8929,English,en
89292,English,en
8930,Français,fr
89307,English,en
89309,Română,ro
89309,Français,fr
8931,Español,es
89315,Italiano,it
89315,English,en
8932,العربية,ar
8932,עִבְרִית,he
8932,English,en
89325,English,en
89326,English,en
8933,Norsk,no
89330,suomi,fi
89333,English,en
89337,English,en
89337,Italiano,it
8935,普通话,zh
89351,English,en
8937,日本語,ja
8938,Français,fr
8938,日本語,ja
8939,қазақ,kk
8939,Pусский,ru
8940,English,en
89403,English,en
8941,Français,fr
89417,English,en
8942,English,en
89433,广州话 / 廣州話,cn
8944,Français,fr
8944,English,en
8944,עִבְרִית,he
89445,English,en
89453,English,en
89455,English,en
89455,Deutsch,de
89455,العربية,ar
89455,Français,fr
89455,Português,pt
89455,Pусский,ru
89456,Français,fr
89458,日本語,ja
89462,日本語,ja
89463,English,en
8948,Deutsch,de
89481,English,en
89482,shqip,sq
89482,English,en
89482,Français,fr
89482,Pусский,ru
89482,"",sh
89482,Español,es
89484,Deutsch,de
89484,English,en
89488,Deutsch,de
89492,English,en
895,"",tt
895,Pусский,ru
895,Italiano,it
89501,한국어/조선말,ko
8951,Italiano,it
8952,English,en
8953,English,en
8953,日本語,ja
8953,Polski,pl
89531,No Language,xx
8954,English,en
89540,Español,es
89547,English,en
89551,English,en
89560,Français,fr
89571,English,en
89573,English,en
89581,English,en
89584,Français,fr
89584,Türkçe,tr
89587,Italiano,it
89591,English,en
89593,English,en
896,বাংলা,bn
8960,English,en
8960,日本語,ja
89602,English,en
89604,Polski,pl
89606,English,en
8961,English,en
8961,Español,es
89623,한국어/조선말,ko
89625,English,en
89625,Deutsch,de
8963,English,en
89638,English,en
89645,English,en
8965,English,en
89651,Italiano,it
89652,Italiano,it
89656,English,en
89659,English,en
8966,English,en
89662,Italiano,it
89662,English,en
8967,English,en
89670,suomi,fi
8968,English,en
8968,Français,fr
8968,Polski,pl
89681,English,en
89681,Português,pt
89681,Español,es
89688,Español,es
89691,English,en
897,বাংলা,bn
8970,English,en
89702,English,en
89704,English,en
89704,Pусский,ru
89708,English,en
89720,English,en
89723,English,en
8973,English,en
89738,English,en
89738,Italiano,it
8974,Český,cs
8974,English,en
8974,Español,es
89743,English,en
8975,العربية,ar
8975,English,en
89750,English,en
89751,English,en
89756,English,en
8976,English,en
89763,English,en
8978,English,en
8978,Srpski,sr
8978,Español,es
89785,Deutsch,de
898,English,en
8980,Català,ca
8980,English,en
8980,Français,fr
8980,Español,es
89800,日本語,ja
8981,English,en
89816,English,en
89816,Français,fr
89817,Italiano,it
8982,English,en
8982,普通话,zh
8982,ภาษาไทย,th
8982,Tiếng Việt,vi
89823,Polski,pl
89825,日本語,ja
8983,Deutsch,de
8984,English,en
89847,English,en
89857,English,en
8986,English,en
89861,English,en
89868,English,en
8987,English,en
89870,English,en
89872,English,en
89873,English,en
89874,English,en
89877,Dansk,da
8988,English,en
89883,English,en
89888,English,en
8989,English,en
899,No Language,xx
89904,English,en
89909,English,en
8991,English,en
8992,English,en
8992,Magyar,hu
89921,Français,fr
89924,English,en
89931,English,en
8995,Deutsch,de
8996,Deutsch,de
8996,עִבְרִית,he
8996,Polski,pl
8996,Pусский,ru
8997,English,en
8998,English,en
8999,English,en
8999,Français,fr
89992,广州话 / 廣州話,cn
89993,English,en
89995,English,en
89998,English,en
90,English,en
900,English,en
90001,Pусский,ru
90015,Français,fr
90019,Italiano,it
90029,English,en
90029,Italiano,it
9003,English,en
90030,English,en
90034,Français,fr
9005,English,en
90052,English,en
90056,No Language,xx
90063,Español,es
9007,English,en
9007,普通话,zh
9007,Español,es
90079,English,en
9008,العربية,ar
9008,English,en
9008,日本語,ja
9008,فارسی,fa
90086,English,en
9009,English,en
90092,Italiano,it
90094,English,en
90094,Italiano,it
901,English,en
9010,Deutsch,de
90100,Italiano,it
9011,English,en
90110,English,en
90118,English,en
90118,Español,es
9012,English,en
90121,English,en
90122,English,en
90125,English,en
9013,Český,cs
9013,English,en
90147,广州话 / 廣州話,cn
90147,普通话,zh
90148,English,en
90148,Español,es
9016,English,en
90164,Español,es
90164,Italiano,it
9017,English,en
90171,Español,es
902,广州话 / 廣州話,cn
902,Français,fr
9021,English,en
90214,English,en
9022,English,en
90228,Français,fr
9023,English,en
90231,Nederlands,nl
9024,English,en
9025,Deutsch,de
9026,Deutsch,de
9026,English,en
9027,English,en
9027,हिन्दी,hi
9027,Magyar,hu
9027,Español,es
90272,Français,fr
9028,English,en
9028,Italiano,it
9029,English,en
9029,"",sh
903,English,en
9030,Español,es
9030,English,en
9031,Italiano,it
90319,Pусский,ru
9032,English,en
9032,Italiano,it
90324,English,en
90324,Український,uk
9033,English,en
9033,Deutsch,de
9034,English,en
9035,English,en
9035,Français,fr
90351,日本語,ja
90358,English,en
9036,English,en
90369,English,en
90369,Français,fr
90369,Deutsch,de
9037,English,en
90374,Português,pt
90376,English,en
9038,English,en
9038,Español,es
90387,Deutsch,de
9039,English,en
90395,English,en
9040,English,en
9040,Italiano,it
9040,Español,es
90406,English,en
9041,Français,fr
90414,English,en
9042,Český,cs
9042,English,en
9043,English,en
9044,English,en
9045,English,en
9045,Français,fr
9045,Deutsch,de
9045,Italiano,it
90460,English,en
90461,English,en
90465,English,en
9048,普通话,zh
905,Deutsch,de
9050,普通话,zh
90503,Nederlands,nl
9051,English,en
9051,Deutsch,de
90511,Español,es
90511,English,en
90517,English,en
90523,English,en
9053,English,en
90532,"",mr
9054,English,en
90540,Italiano,it
9056,广州话 / 廣州話,cn
90560,日本語,ja
90563,English,en
9057,English,en
9058,English,en
90582,English,en
9059,English,en
90590,English,en
9060,广州话 / 廣州話,cn
9060,普通话,zh
90603,English,en
9061,English,en
90616,English,en
90617,Bosanski,bs
90617,Deutsch,de
9062,English,en
9062,Español,es
9063,العربية,ar
9063,English,en
90634,हिन्दी,hi
9064,English,en
90645,suomi,fi
9065,English,en
9065,Deutsch,de
90652,English,en
90652,Deutsch,de
90652,Português,pt
9066,Italiano,it
9066,Deutsch,de
9066,English,en
9066,Magyar,hu
9067,English,en
907,English,en
907,Pусский,ru
9070,English,en
9071,English,en
90715,English,en
9072,English,en
90720,Italiano,it
90726,Italiano,it
90728,English,en
9073,English,en
9073,Bahasa indonesia,id
9073,Bahasa melayu,ms
9074,English,en
9075,Nederlands,nl
9075,Deutsch,de
9075,English,en
9075,עִבְרִית,he
9076,Deutsch,de
90762,English,en
90762,"",mk
9077,English,en
90770,Français,fr
90770,Italiano,it
90770,English,en
9078,English,en
90781,Français,fr
90785,English,en
9079,English,en
9079,Français,fr
9079,Português,pt
90799,English,en
9080,English,en
9080,Pусский,ru
90800,English,en
90806,English,en
90807,English,en
9081,English,en
90816,Italiano,it
90816,English,en
90816,Español,es
9082,Deutsch,de
90829,suomi,fi
9084,Deutsch,de
90843,বাংলা,bn
9085,English,en
9085,Pусский,ru
9086,English,en
9087,English,en
90873,English,en
90879,English,en
90888,English,en
9089,English,en
9089,Español,es
909,English,en
9090,English,en
9090,Español,es
90908,Nederlands,nl
90908,Français,fr
9091,English,en
9092,English,en
90928,English,en
9093,English,en
90932,English,en
90944,Italiano,it
90949,English,en
9095,English,en
90955,English,en
90956,English,en
90957,English,en
9096,English,en
90966,English,en
90967,English,en
90968,English,en
90974,English,en
90978,English,en
9098,Deutsch,de
90980,English,en
9099,English,en
90992,English,en
91,Español,es
910,English,en
9100,English,en
91001,English,en
91007,广州话 / 廣州話,cn
9101,English,en
91010,English,en
9102,English,en
9103,English,en
91030,Deutsch,de
9104,English,en
91052,Français,fr
91060,Italiano,it
91063,English,en
91067,普通话,zh
91070,English,en
91073,English,en
91073,한국어/조선말,ko
91073,普通话,zh
91076,English,en
91088,한국어/조선말,ko
91094,日本語,ja
91099,Español,es
911,English,en
91101,English,en
91122,English,en
91150,日本語,ja
91181,English,en
91186,普通话,zh
91186,广州话 / 廣州話,cn
91186,English,en
91198,English,en
912,English,en
91205,English,en
91207,English,en
91208,English,en
91217,English,en
91226,English,en
91237,한국어/조선말,ko
91245,English,en
91250,English,en
91255,Italiano,it
91259,English,en
91261,Pусский,ru
91262,Français,fr
91265,English,en
91265,Italiano,it
913,English,en
91311,English,en
91314,English,en
91316,English,en
91322,English,en
91325,English,en
91333,Český,cs
91333,English,en
91334,English,en
91339,English,en
91342,English,en
91343,English,en
91352,English,en
91356,English,en
91367,English,en
91380,Français,fr
91390,English,en
91390,Deutsch,de
91391,English,en
91396,English,en
914,English,en
914,Esperanto,eo
91410,ελληνικά,el
91417,English,en
91419,English,en
91419,Español,es
91422,English,en
91426,日本語,ja
91459,English,en
91470,English,en
91471,English,en
91472,English,en
91477,English,en
91487,Français,fr
91548,Magyar,hu
91549,English,en
91550,English,en
91551,English,en
91551,Deutsch,de
91552,Español,es
91556,English,en
91563,English,en
91571,Français,fr
91580,English,en
91583,English,en
91584,shqip,sq
91584,English,en
91584,ελληνικά,el
91586,English,en
91586,ภาษาไทย,th
916,English,en
91607,English,en
91618,English,en
91624,English,en
91627,English,en
91628,Deutsch,de
91673,Pусский,ru
91679,English,en
91683,English,en
91690,Français,fr
91691,Polski,pl
91694,日本語,ja
917,हिन्दी,hi
91715,English,en
91722,English,en
91727,English,en
91737,English,en
91739,English,en
91745,English,en
91767,English,en
91767,Español,es
91781,English,en
91795,English,en
91796,English,en
918,English,en
91817,English,en
91873,svenska,sv
91878,Italiano,it
91891,English,en
91893,Deutsch,de
919,English,en
919,日本語,ja
91901,Français,fr
91902,English,en
91908,English,en
91911,English,en
91913,Íslenska,is
91921,English,en
91926,English,en
91929,Italiano,it
91930,English,en
91950,Español,es
91958,Español,es
91961,English,en
91973,English,en
91973,Deutsch,de
91979,English,en
92,Pусский,ru
92,Español,es
92,हिन्दी,hi
92,English,en
920,English,en
920,Italiano,it
920,日本語,ja
920,"",yi
92000,English,en
92000,Français,fr
92011,English,en
92038,한국어/조선말,ko
92060,English,en
9208,English,en
92096,Română,ro
921,English,en
92108,Polski,pl
92117,English,en
92117,Português,pt
92132,Pусский,ru
92168,English,en
92171,English,en
92180,Français,fr
92182,English,en
92189,English,en
92193,हिन्दी,hi
922,English,en
922,Español,es
92208,English,en
92233,Italiano,it
92251,Français,fr
92254,Français,fr
92257,Français,fr
92269,English,en
92272,English,en
92272,Français,fr
92283,English,en
92285,English,en
92286,English,en
92287,English,en
92292,English,en
92298,English,en
92299,English,en
92299,Français,fr
923,English,en
92311,Français,fr
92311,English,en
92312,Italiano,it
92316,Français,fr
92316,Italiano,it
92321,日本語,ja
92331,English,en
92332,Deutsch,de
92341,English,en
92348,English,en
92348,Français,fr
92349,English,en
92352,English,en
92371,English,en
92381,English,en
92384,English,en
92389,English,en
92391,English,en
92393,English,en
92395,English,en
92397,English,en
92398,English,en
92399,English,en
924,English,en
924,Italiano,it
92401,English,en
92413,Français,fr
92424,Français,fr
92432,English,en
92432,Français,fr
92432,עִבְרִית,he
92432,Italiano,it
92452,English,en
92459,English,en
92464,English,en
92465,suomi,fi
92465,svenska,sv
92469,English,en
92469,Español,es
92473,日本語,ja
92475,Pусский,ru
92484,Pусский,ru
92484,English,en
92493,English,en
92493,Magyar,hu
92493,Polski,pl
92496,English,en
92499,한국어/조선말,ko
925,English,en
92501,English,en
92506,English,en
9252,Deutsch,de
9255,English,en
9256,English,en
9256,svenska,sv
92562,English,en
9257,English,en
9257,Español,es
9257,Français,fr
92572,English,en
92572,Italiano,it
92591,English,en
926,English,en
9260,English,en
92603,Español,es
9261,English,en
9261,普通话,zh
9262,English,en
92620,English,en
9263,English,en
92635,English,en
9264,English,en
92647,العربية,ar
92647,Hrvatski,hr
92647,English,en
92647,한국어/조선말,ko
92647,Srpski,sr
92647,Español,es
92647,svenska,sv
92657,English,en
9266,English,en
92662,English,en
92663,Azərbaycan,az
92663,ქართული,ka
92667,English,en
9267,English,en
92670,English,en
92670,日本語,ja
92673,Italiano,it
92675,English,en
9268,English,en
92681,English,en
92690,Español,es
92691,日本語,ja
927,English,en
927,Español,es
9270,English,en
92705,English,en
92705,Italiano,it
92705,svenska,sv
9271,English,en
92716,English,en
9272,English,en
92727,普通话,zh
92728,English,en
9273,English,en
9274,Deutsch,de
9275,English,en
92751,Italiano,it
9276,English,en
92769,English,en
9277,English,en
92771,Pусский,ru
92779,English,en
9278,English,en
92780,Deutsch,de
92780,Español,es
92787,English,en
9279,English,en
92796,English,en
92798,English,en
928,English,en
9280,English,en
9280,Français,fr
9280,Español,es
92802,English,en
92804,English,en
92809,English,en
9281,Deutsch,de
9281,English,en
92819,English,en
9282,English,en
9283,English,en
92834,Türkçe,tr
92837,English,en
92848,English,en
9285,English,en
92850,English,en
9286,English,en
9287,English,en
9288,English,en
9289,English,en
9289,Français,fr
9289,Deutsch,de
929,English,en
929,Français,fr
929,日本語,ja
929,Pусский,ru
929,Español,es
9290,English,en
9291,English,en
9292,English,en
9292,Italiano,it
92927,English,en
92927,Italiano,it
9293,English,en
92931,English,en
9294,English,en
92940,English,en
92943,Deutsch,de
9295,Deutsch,de
92950,日本語,ja
9296,English,en
92968,English,en
9297,English,en
9298,English,en
9298,Français,fr
9298,Español,es
92983,Pусский,ru
92988,Deutsch,de
92989,普通话,zh
9299,Español,es
92990,普通话,zh
93,English,en
9300,English,en
93006,English,en
9301,Deutsch,de
9302,Français,fr
9303,English,en
9304,English,en
93041,English,en
9305,Français,fr
93057,Français,fr
9306,English,en
93061,English,en
93064,Italiano,it
93072,English,en
93077,English,en
9308,English,en
93084,English,en
93084,Français,fr
93091,English,en
931,Italiano,it
931,English,en
9310,English,en
9310,Español,es
93103,English,en
9311,English,en
9311,"",iu
93114,No Language,xx
93115,English,en
93116,English,en
9312,English,en
93122,English,en
9313,English,en
9314,English,en
93142,Italiano,it
9315,العربية,ar
9315,Deutsch,de
9315,English,en
9315,Français,fr
9315,Italiano,it
9315,日本語,ja
9316,English,en
9316,ภาษาไทย,th
93164,বাংলা,bn
9317,Français,fr
93178,日本語,ja
9318,Français,fr
93188,Français,fr
9319,English,en
93193,English,en
932,Deutsch,de
9320,English,en
9321,Deutsch,de
93212,English,en
93215,English,en
9322,English,en
9322,Français,fr
9322,Italiano,it
93222,svenska,sv
9323,日本語,ja
93230,English,en
93230,svenska,sv
9325,English,en
9326,Français,fr
9326,English,en
9326,Español,es
93260,English,en
93263,English,en
9327,English,en
93289,Český,cs
93289,Français,fr
9331,English,en
93313,English,en
9333,English,en
93335,English,en
9334,English,en
9334,ภาษาไทย,th
9335,English,en
9335,Français,fr
9335,Italiano,it
93350,English,en
9336,English,en
9337,Deutsch,de
9339,English,en
9339,Português,pt
9339,日本語,ja
93394,English,en
93394,Français,fr
934,English,en
934,Français,fr
934,Italiano,it
9340,English,en
9340,Italiano,it
9340,Español,es
9340,广州话 / 廣州話,cn
93407,Český,cs
93407,English,en
93407,Français,fr
9341,English,en
9342,English,en
93427,English,en
93427,Deutsch,de
9343,Deutsch,de
9343,Italiano,it
9343,Español,es
9344,English,en
93440,Pусский,ru
9345,Dansk,da
9345,English,en
9345,svenska,sv
93456,English,en
93457,English,en
9346,Deutsch,de
9346,English,en
93462,English,en
9348,English,en
9349,English,en
93492,Italiano,it
93498,English,en
935,English,en
9350,English,en
93511,English,en
93519,हिन्दी,hi
9352,English,en
9352,Français,fr
9352,Italiano,it
9352,日本語,ja
9352,Deutsch,de
93521,No Language,xx
93528,English,en
93528,Español,es
9353,Español,es
9353,English,en
9354,English,en
9355,English,en
93553,ภาษาไทย,th
93556,English,en
9356,English,en
93560,English,en
93562,English,en
9357,English,en
9358,English,en
9359,English,en
936,English,en
936,Français,fr
936,Italiano,it
9360,English,en
9361,English,en
9361,Français,fr
9362,English,en
9364,English,en
9366,日本語,ja
9366,English,en
9366,Italiano,it
93669,Français,fr
9367,Español,es
93676,English,en
93676,日本語,ja
93685,Nederlands,nl
9369,Deutsch,de
9369,Français,fr
9369,English,en
93708,English,en
93715,English,en
9372,English,en
9373,English,en
9374,English,en
93743,No Language,xx
9375,Deutsch,de
9377,English,en
93775,English,en
9378,English,en
9379,Deutsch,de
938,Italiano,it
9381,English,en
9381,Pусский,ru
9382,English,en
93828,English,en
9383,English,en
93837,English,en
9384,English,en
9384,한국어/조선말,ko
93840,Français,fr
9385,Français,fr
93855,Italiano,it
93856,English,en
93858,English,en
93858,Polski,pl
93858,Português,pt
9386,English,en
93862,English,en
93863,Italiano,it
9387,English,en
9388,English,en
9389,English,en
9389,Français,fr
93890,English,en
93891,日本語,ja
93892,English,en
939,English,en
939,Español,es
939,"",yi
9390,English,en
9390,Polski,pl
93904,English,en
93907,English,en
9391,English,en
9392,English,en
93922,English,en
9393,Deutsch,de
93934,Français,fr
93935,Deutsch,de
93935,English,en
93939,English,en
9394,Italiano,it
93946,English,en
9395,English,en
9395,Español,es
9396,English,en
9397,English,en
9398,English,en
9399,English,en
940,Italiano,it
940,English,en
940,Deutsch,de
940,Français,fr
9400,English,en
94009,English,en
9401,English,en
9401,Tiếng Việt,vi
9403,English,en
9404,English,en
9404,Pусский,ru
9404,Український,uk
9404,普通话,zh
9404,广州话 / 廣州話,cn
94047,한국어/조선말,ko
94047,日本語,ja
94047,Pусский,ru
94047,Deutsch,de
94047,普通话,zh
94047,English,en
9405,English,en
94052,Pусский,ru
94055,English,en
9406,English,en
9406,Français,fr
94065,English,en
94066,English,en
94067,English,en
94069,English,en
9407,English,en
9407,普通话,zh
9408,English,en
9409,English,en
94092,English,en
941,English,en
9410,English,en
94104,English,en
94105,English,en
94108,Italiano,it
9411,English,en
94123,English,en
9413,English,en
9413,Français,fr
94135,English,en
94139,English,en
9414,English,en
9415,English,en
9416,English,en
9417,English,en
94170,English,en
94176,English,en
94182,English,en
94182,Español,es
94192,English,en
94196,Français,fr
94196,Deutsch,de
942,English,en
942,Afrikaans,af
94201,English,en
94204,English,en
94205,日本語,ja
94209,English,en
9421,Français,fr
9422,English,en
94225,English,en
94228,Deutsch,de
9423,English,en
9423,Pусский,ru
94236,English,en
9424,English,en
94241,English,en
94248,English,en
9425,English,en
94251,English,en
9426,English,en
9427,English,en
9428,English,en
9428,Italiano,it
9429,English,en
943,English,en
9430,English,en
9431,English,en
9431,Español,es
94326,English,en
94329,Bahasa indonesia,id
9433,English,en
9433,Français,fr
9433,Pусский,ru
94331,English,en
94336,Deutsch,de
9434,English,en
94340,English,en
94344,Deutsch,de
94348,English,en
94348,Deutsch,de
94352,English,en
94356,Français,fr
94356,English,en
94363,English,en
94365,English,en
9437,English,en
9437,普通话,zh
9438,English,en
94380,English,en
9439,Español,es
94393,English,en
944,English,en
944,广州话 / 廣州話,cn
944,普通话,zh
9440,English,en
94405,English,en
9441,English,en
9442,English,en
9443,English,en
9443,Français,fr
9444,English,en
9444,Pусский,ru
9444,Français,fr
94440,English,en
9445,English,en
9445,Deutsch,de
9446,English,en
94466,日本語,ja
94468,English,en
9447,English,en
94478,English,en
94478,Français,fr
9448,English,en
94480,English,en
9449,English,en
9450,English,en
94502,English,en
94509,Español,es
94509,English,en
9451,English,en
94510,English,en
94513,فارسی,fa
9452,English,en
94525,日本語,ja
94529,English,en
94529,Italiano,it
9453,English,en
9453,Italiano,it
94532,English,en
94533,English,en
9454,English,en
94548,English,en
9455,广州话 / 廣州話,cn
9455,English,en
9455,普通话,zh
94551,English,en
94555,한국어/조선말,ko
9456,English,en
9456,Deutsch,de
94563,English,en
94568,English,en
9457,한국어/조선말,ko
9457,English,en
94570,No Language,xx
9458,English,en
94585,English,en
94587,English,en
9459,English,en
94590,English,en
94592,Deutsch,de
946,English,en
9460,广州话 / 廣州話,cn
9460,English,en
94608,English,en
9461,广州话 / 廣州話,cn
9461,English,en
94618,English,en
9462,English,en
9462,Italiano,it
9462,普通话,zh
94623,English,en
9463,日本語,ja
94630,Nederlands,nl
94638,Deutsch,de
94638,Pусский,ru
94639,Português,pt
94639,Español,es
9464,English,en
94641,English,en
94643,No Language,xx
94649,Español,es
9465,English,en
94653,English,en
94655,Italiano,it
94655,English,en
94658,No Language,xx
94659,日本語,ja
9466,English,en
94663,Magyar,hu
94664,Magyar,hu
94664,Pусский,ru
94666,English,en
94671,English,en
94674,Nederlands,nl
9469,English,en
94696,Pусский,ru
947,العربية,ar
947,English,en
947,Türkçe,tr
9470,广州话 / 廣州話,cn
94702,No Language,xx
94706,Español,es
94709,Italiano,it
9471,English,en
9471,普通话,zh
9471,Español,es
94716,English,en
9472,English,en
9472,Deutsch,de
94720,Bahasa indonesia,id
94725,English,en
94727,No Language,xx
9473,English,en
94739,English,en
9474,Italiano,it
94741,English,en
94744,Italiano,it
94747,English,en
9475,English,en
9475,Magyar,hu
94752,English,en
9476,English,en
9477,English,en
9477,"",gd
9477,Gaeilge,ga
9477,Latin,la
9477,Cymraeg,cy
94770,Italiano,it
94771,English,en
94771,Français,fr
94771,Italiano,it
9478,Deutsch,de
9479,English,en
94790,日本語,ja
94792,English,en
94794,English,en
94798,বাংলা,bn
948,English,en
9480,English,en
9480,Italiano,it
9480,ελληνικά,el
94803,Deutsch,de
94809,Italiano,it
9481,English,en
94811,English,en
94818,English,en
9482,English,en
94820,English,en
9483,Deutsch,de
9483,Français,fr
9483,English,en
94831,English,en
94841,English,en
94854,English,en
94857,English,en
9486,日本語,ja
9486,English,en
9486,Français,fr
9487,English,en
94874,English,en
9488,English,en
94881,English,en
94887,English,en
9489,English,en
94894,English,en
949,English,en
949,Español,es
9490,English,en
9490,Türkçe,tr
94901,English,en
94904,Español,es
9491,English,en
94917,English,en
9493,English,en
94935,"",mr
9494,English,en
9495,English,en
94959,English,en
9496,Deutsch,de
9497,Deutsch,de
9499,Français,fr
9499,English,en
95,English,en
95,Pусский,ru
950,English,en
95004,English,en
95006,English,en
9501,English,en
9501,日本語,ja
95010,English,en
95012,English,en
95015,English,en
95019,English,en
95019,Italiano,it
9502,English,en
95029,English,en
9503,English,en
9503,Latin,la
95037,English,en
9504,English,en
95043,Polski,pl
95046,English,en
95056,English,en
9506,English,en
95060,English,en
9507,English,en
95077,English,en
9509,English,en
9509,Español,es
951,English,en
951,Español,es
9510,Deutsch,de
9511,Deutsch,de
9513,English,en
9513,Português,pt
95134,Deutsch,de
95136,English,en
95137,English,en
9514,Deutsch,de
95140,English,en
95140,Français,fr
9515,English,en
9515,Polski,pl
9516,English,en
95164,日本語,ja
95164,普通话,zh
9517,English,en
95177,English,en
9519,English,en
95190,English,en
95197,Français,fr
9520,English,en
9522,English,en
9523,English,en
9524,English,en
9524,Deutsch,de
95240,日本語,ja
95243,English,en
9526,English,en
9526,Norsk,no
9527,Deutsch,de
9528,English,en
9528,Français,fr
9528,Deutsch,de
9528,Polski,pl
9529,English,en
953,English,en
953,Français,fr
953,Português,pt
953,Español,es
953,ภาษาไทย,th
9530,English,en
9531,English,en
9531,Italiano,it
9531,Español,es
9531,ภาษาไทย,th
9532,English,en
9532,Français,fr
9533,English,en
9534,Español,es
9535,English,en
95358,English,en
95359,English,en
9536,English,en
9536,Pусский,ru
95372,普通话,zh
95375,Italiano,it
9538,English,en
9538,Deutsch,de
95383,English,en
95385,Dansk,da
9539,Français,fr
954,English,en
954,Français,fr
954,Český,cs
9540,English,en
95400,English,en
95402,English,en
9541,English,en
95410,English,en
95414,English,en
9542,English,en
9543,English,en
95431,Pусский,ru
9544,English,en
9544,Pусский,ru
95448,Français,fr
95448,Deutsch,de
9545,English,en
95453,한국어/조선말,ko
9546,English,en
9546,Français,fr
95466,English,en
9547,Deutsch,de
9548,English,en
95482,한국어/조선말,ko
9549,English,en
9549,Pусский,ru
95493,English,en
955,English,en
9550,普通话,zh
95503,日本語,ja
95504,English,en
95506,日本語,ja
95508,日本語,ja
9551,Deutsch,de
95511,English,en
95516,English,en
9552,Deutsch,de
9552,Français,fr
9552,Latin,la
9552,العربية,ar
9552,ελληνικά,el
9552,English,en
95536,English,en
95536,Français,fr
95536,ελληνικά,el
95536,Italiano,it
95536,Português,pt
95538,English,en
95538,Deutsch,de
95538,Português,pt
95548,English,en
9555,English,en
95551,Español,es
95551,English,en
95555,English,en
95556,English,en
9556,English,en
95560,English,en
95565,English,en
9557,English,en
9557,Español,es
9557,svenska,sv
95578,English,en
9558,English,en
9558,Español,es
9559,English,en
95597,Français,fr
95597,Wolof,wo
956,Deutsch,de
956,English,en
956,Italiano,it
956,普通话,zh
956,Český,cs
956,广州话 / 廣州話,cn
9560,English,en
95600,Deutsch,de
9561,English,en
95610,English,en
9562,English,en
9562,Français,fr
95627,English,en
9563,English,en
9564,Deutsch,de
9564,Français,fr
95647,Português,pt
95647,Español,es
9565,Deutsch,de
9566,English,en
9567,English,en
9568,Italiano,it
9568,Deutsch,de
9568,English,en
95682,Afrikaans,af
95682,"",xh
95682,English,en
9569,English,en
957,English,en
9570,English,en
95700,Español,es
9571,English,en
9572,Deutsch,de
95724,English,en
9573,English,en
9573,Español,es
95730,English,en
9574,English,en
95743,English,en
95744,Español,es
95752,English,en
95755,English,en
95756,English,en
95758,English,en
9576,English,en
9577,Deutsch,de
95771,English,en
95775,Srpski,sr
95797,English,en
95807,English,en
95808,English,en
9581,English,en
9581,Italiano,it
9581,日本語,ja
9581,普通话,zh
9582,English,en
95820,English,en
9583,English,en
95838,Italiano,it
9584,English,en
9585,English,en
9585,فارسی,fa
95853,日本語,ja
95854,English,en
9586,English,en
95862,English,en
95864,Italiano,it
95866,English,en
9587,English,en
9587,Deutsch,de
9587,Français,fr
95874,English,en
9588,English,en
9589,Deutsch,de
95892,English,en
9591,English,en
95919,普通话,zh
9592,English,en
9592,Français,fr
9593,English,en
9594,English,en
95943,English,en
95949,English,en
9595,English,en
95956,English,en
95963,English,en
95966,English,en
9597,Français,fr
95977,English,en
9598,English,en
9599,English,en
95997,English,en
96,English,en
9600,English,en
96001,Português,pt
96005,Polski,pl
96010,Română,ro
9602,English,en
96026,ქართული,ka
9603,Español,es
9603,English,en
9604,English,en
9604,Pусский,ru
9605,English,en
9605,Español,es
9606,Pусский,ru
9606,English,en
9606,日本語,ja
9606,Français,fr
9606,Deutsch,de
9606,Italiano,it
9606,Español,es
9607,English,en
9608,English,en
96087,English,en
96088,English,en
96089,English,en
96089,Français,fr
9609,English,en
96090,English,en
96090,普通话,zh
961,English,en
9610,English,en
96105,English,en
96106,Italiano,it
96107,English,en
9611,English,en
9611,Français,fr
9611,Magyar,hu
96112,हिन्दी,hi
96118,Deutsch,de
9612,English,en
96129,English,en
9613,English,en
96131,English,en
96132,English,en
96133,Italiano,it
9614,English,en
96147,हिन्दी,hi
9615,English,en
9615,日本語,ja
96159,हिन्दी,hi
9616,English,en
96161,English,en
96167,Italiano,it
96171,English,en
96172,English,en
96175,English,en
9618,English,en
96186,No Language,xx
9619,English,en
96196,English,en
962,English,en
9620,English,en
9621,English,en
96217,Español,es
9622,English,en
9623,English,en
96231,Français,fr
96231,Pусский,ru
96238,English,en
9624,Český,cs
9624,English,en
96243,English,en
9625,English,en
96252,English,en
96255,English,en
9626,English,en
9627,Deutsch,de
96287,Español,es
9629,Deutsch,de
963,English,en
96300,Italiano,it
96306,Italiano,it
9631,English,en
96333,English,en
96334,English,en
96337,English,en
96349,English,en
9636,English,en
96366,English,en
96368,Italiano,it
9637,English,en
9638,English,en
96382,English,en
9639,English,en
96394,English,en
96398,हिन्दी,hi
96399,Español,es
96399,English,en
964,English,en
96404,English,en
96404,Deutsch,de
9641,English,en
96411,Magyar,hu
96419,Français,fr
96419,Español,es
9642,English,en
9642,Français,fr
9643,Deutsch,de
9643,Italiano,it
96433,English,en
9644,English,en
9645,English,en
9645,Italiano,it
9645,Español,es
96458,Dansk,da
96458,English,en
9646,svenska,sv
96460,English,en
96460,Italiano,it
96461,English,en
96468,日本語,ja
9647,English,en
96477,Italiano,it
9648,English,en
96482,English,en
96496,Nederlands,nl
965,English,en
9650,English,en
9650,Pусский,ru
9651,English,en
9652,English,en
9652,Français,fr
9652,Deutsch,de
9652,Español,es
96525,English,en
96529,Nederlands,nl
9653,Deutsch,de
96534,English,en
96535,English,en
9654,Український,uk
9654,English,en
9654,Italiano,it
96546,Deutsch,de
96546,Italiano,it
9655,English,en
96552,Nederlands,nl
96552,普通话,zh
9656,English,en
9656,Italiano,it
9657,Deutsch,de
9659,English,en
96599,English,en
96599,Français,fr
96599,Español,es
966,English,en
966,Español,es
9660,English,en
9660,Pусский,ru
96600,English,en
9662,Français,fr
9662,Português,pt
9663,English,en
96631,English,en
9664,English,en
9664,Français,fr
96648,English,en
9665,English,en
9666,日本語,ja
96664,广州话 / 廣州話,cn
96664,English,en
9667,English,en
96683,English,en
9669,日本語,ja
967,English,en
96700,English,en
96702,English,en
9671,English,en
96712,日本語,ja
96712,普通话,zh
96713,English,en
96715,English,en
96716,English,en
96717,Deutsch,de
9672,English,en
9672,Deutsch,de
96721,English,en
96721,Deutsch,de
96721,Italiano,it
96721,Français,fr
96724,Pусский,ru
96724,English,en
9673,Deutsch,de
9674,日本語,ja
9675,"",hy
9675,English,en
9676,English,en
96769,English,en
9677,Deutsch,de
96771,English,en
9678,English,en
9678,Français,fr
9679,English,en
96793,English,en
968,English,en
9680,English,en
9681,English,en
9682,English,en
9682,Polski,pl
96821,Italiano,it
96823,Nederlands,nl
96828,English,en
9683,English,en
9684,English,en
96846,English,en
9685,English,en
9686,English,en
9687,English,en
9688,English,en
96882,No Language,xx
96888,English,en
96888,Deutsch,de
96888,עִבְרִית,he
9689,普通话,zh
9689,English,en
9690,Deutsch,de
96906,English,en
9691,English,en
9691,Español,es
9691,Nederlands,nl
96912,English,en
9692,English,en
96920,ქართული,ka
96920,Deutsch,de
96920,Italiano,it
96920,Pусский,ru
96921,Français,fr
96924,English,en
9693,English,en
96935,English,en
96936,English,en
9694,日本語,ja
96944,English,en
9695,English,en
96951,No Language,xx
96958,svenska,sv
9696,日本語,ja
96966,English,en
9697,English,en
96973,English,en
9698,English,en
96985,English,en
96987,English,en
9699,English,en
96995,Français,fr
96995,English,en
96999,English,en
97,English,en
9700,English,en
97006,English,en
97008,English,en
9701,English,en
9702,English,en
97020,English,en
97024,English,en
97029,Wolof,wo
97029,English,en
97029,العربية,ar
9703,English,en
97032,العربية,ar
97032,Français,fr
97032,Deutsch,de
97038,Español,es
97039,Pусский,ru
9705,Deutsch,de
9705,English,en
97051,English,en
9706,日本語,ja
9707,English,en
9707,Deutsch,de
97073,English,en
9708,English,en
97082,Nederlands,nl
97088,Deutsch,de
9709,English,en
9710,English,en
97108,English,en
9711,English,en
97110,Português,pt
97128,Español,es
9713,English,en
97138,English,en
9714,Polski,pl
9714,English,en
97149,日本語,ja
9715,English,en
9716,English,en
9717,English,en
9718,English,en
97187,日本語,ja
9719,English,en
97193,English,en
97206,English,en
9721,English,en
97211,svenska,sv
9722,English,en
9722,Español,es
9724,English,en
9724,Magyar,hu
97241,English,en
9725,English,en
97251,English,en
97251,Deutsch,de
9726,English,en
9726,Français,fr
9726,Pусский,ru
9727,English,en
97274,English,en
9728,English,en
9729,English,en
9730,English,en
9730,Español,es
9731,English,en
97310,English,en
97313,English,en
9732,English,en
97327,English,en
97327,Italiano,it
97340,Français,fr
97340,Íslenska,is
97341,हिन्दी,hi
97342,తెలుగు,te
97350,हिन्दी,hi
97353,English,en
9736,Français,fr
97361,हिन्दी,hi
97365,English,en
97365,Français,fr
97365,Polski,pl
97367,English,en
97367,Español,es
9737,English,en
97370,English,en
9738,English,en
9739,English,en
97397,Deutsch,de
97399,English,en
9740,English,en
97406,English,en
9741,English,en
97414,English,en
97414,Français,fr
97414,Pусский,ru
9742,Deutsch,de
97421,English,en
97430,English,en
97434,English,en
97437,हिन्दी,hi
97447,العربية,ar
97447,Français,fr
97449,हिन्दी,hi
9745,English,en
9746,English,en
9746,普通话,zh
9746,"",bo
9748,English,en
97481,English,en
9749,English,en
975,English,en
975,Deutsch,de
975,Latin,la
9750,English,en
9750,普通话,zh
97513,No Language,xx
97514,No Language,xx
97519,English,en
9753,English,en
9753,Pусский,ru
9753,Español,es
97537,English,en
9754,English,en
97547,Nederlands,nl
97547,Deutsch,de
97548,עִבְרִית,he
97548,Español,es
9755,English,en
9755,Français,fr
97559,English,en
9756,English,en
9757,English,en
97584,English,en
9759,English,en
97598,English,en
976,English,en
9760,English,en
97605,English,en
97607,English,en
97609,English,en
9761,English,en
97610,English,en
97614,English,en
97618,English,en
9762,English,en
9763,English,en
9763,Español,es
97630,English,en
97630,العربية,ar
97632,English,en
9764,Pусский,ru
97648,English,en
9765,Deutsch,de
9766,English,en
97666,Pусский,ru
9767,English,en
97672,Pусский,ru
9768,English,en
97683,English,en
97683,Português,pt
97686,English,en
9769,English,en
97690,English,en
97690,Deutsch,de
977,English,en
9770,English,en
97707,English,en
97707,Deutsch,de
97707,Italiano,it
9771,English,en
9771,Italiano,it
9772,English,en
9772,Pусский,ru
97724,English,en
9773,English,en
97735,English,en
9775,Español,es
97754,Český,cs
97754,Español,es
9776,English,en
97762,English,en
97767,English,en
9777,English,en
9778,English,en
97784,English,en
9779,English,en
9779,ελληνικά,el
9779,Español,es
97790,English,en
97794,English,en
97794,"",tl
97795,English,en
97797,Pусский,ru
978,English,en
9781,English,en
9782,English,en
9783,English,en
97831,English,en
9784,English,en
97844,Français,fr
9785,English,en
9786,English,en
9786,Français,fr
9786,Magyar,hu
9787,English,en
9787,Español,es
9788,English,en
9789,Italiano,it
97899,Italiano,it
979,Français,fr
9791,English,en
97910,English,en
9792,English,en
9793,English,en
9793,Español,es
97936,English,en
97938,English,en
9794,English,en
9794,Magyar,hu
97943,普通话,zh
9795,English,en
9796,English,en
9796,Français,fr
9797,Pусский,ru
97971,English,en
9798,English,en
97987,Italiano,it
97989,English,en
97989,普通话,zh
97989,Português,pt
9799,English,en
97991,English,en
97995,English,en
98,English,en
980,English,en
9800,English,en
9801,Deutsch,de
9801,ภาษาไทย,th
9801,English,en
98010,English,en
9802,English,en
98025,Italiano,it
98027,English,en
98027,Français,fr
98027,Deutsch,de
98027,Italiano,it
9803,Deutsch,de
9804,English,en
9804,Deutsch,de
9804,Español,es
9806,Français,fr
9806,English,en
98060,Italiano,it
98064,English,en
98066,English,en
9807,Italiano,it
98078,No Language,xx
98079,English,en
98085,English,en
9809,English,en
9809,Polski,pl
9809,Português,pt
9809,Español,es
98094,English,en
981,English,en
9810,English,en
98106,English,en
98116,English,en
9812,English,en
98120,Italiano,it
98122,हिन्दी,hi
98125,English,en
9813,English,en
98130,English,en
9815,Español,es
9815,English,en
9816,English,en
98162,Français,fr
9817,English,en
9819,English,en
9819,Español,es
98193,日本語,ja
982,English,en
9820,English,en
9820,Português,pt
98203,English,en
98203,"",tl
98205,"",ln
98205,Français,fr
9821,English,en
9822,Kiswahili,sw
9822,English,en
98223,Italiano,it
9823,English,en
98232,普通话,zh
9824,English,en
98246,日本語,ja
9825,English,en
98250,English,en
9826,English,en
98262,English,en
9827,English,en
98273,English,en
98277,Français,fr
98277,Pусский,ru
9828,English,en
98289,English,en
9829,English,en
9829,العربية,ar
9829,Deutsch,de
98293,English,en
98297,English,en
983,English,en
9830,English,en
98302,Français,fr
98303,English,en
98308,English,en
98328,English,en
9833,Italiano,it
9833,English,en
98339,English,en
9834,English,en
98344,日本語,ja
98344,普通话,zh
98349,English,en
9835,Italiano,it
9835,English,en
98355,English,en
98357,English,en
9836,English,en
98364,English,en
98368,English,en
98369,English,en
9837,עִבְרִית,he
9837,English,en
98377,English,en
9838,English,en
9839,English,en
9839,"",am
9839,"",km
9839,Deutsch,de
9839,"",ce
98398,English,en
98399,English,en
984,Español,es
984,English,en
9840,Français,fr
98404,English,en
9841,English,en
98412,English,en
9842,English,en
9843,English,en
98439,English,en
9844,English,en
98440,English,en
9845,English,en
9845,Español,es
98456,Español,es
9846,English,en
9846,Español,es
9847,English,en
98480,English,en
98482,English,en
98482,Español,es
9849,English,en
9849,Italiano,it
98491,English,en
98498,English,en
98498,Français,fr
98498,Pусский,ru
98499,English,en
985,English,en
98502,English,en
98505,Français,fr
98507,English,en
98514,English,en
98525,Português,pt
98532,English,en
98536,English,en
98541,English,en
98545,English,en
98548,English,en
98549,English,en
98549,Français,fr
98551,English,en
98554,English,en
98557,English,en
98560,English,en
98566,English,en
98567,普通话,zh
98567,English,en
98567,Français,fr
98567,Español,es
98567,Pусский,ru
98568,English,en
98568,Deutsch,de
98581,Pусский,ru
98582,Français,fr
98582,Deutsch,de
98582,Español,es
98586,Français,fr
98586,Español,es
98586,普通话,zh
98596,Español,es
986,English,en
986,Español,es
98604,Pусский,ru
98612,Deutsch,de
98612,English,en
98631,日本語,ja
98635,日本語,ja
98636,日本語,ja
98642,Pусский,ru
98644,"",hy
98644,English,en
9867,English,en
9869,English,en
987,English,en
9870,English,en
9870,日本語,ja
9870,Deutsch,de
9871,English,en
9872,English,en
9872,Deutsch,de
9873,English,en
9874,English,en
9876,English,en
9877,English,en
9877,Italiano,it
9878,English,en
9879,English,en
988,English,en
9880,English,en
9882,Español,es
9882,English,en
9882,العربية,ar
9884,English,en
9884,Español,es
9885,svenska,sv
9885,English,en
98851,English,en
98857,English,en
9886,English,en
9886,日本語,ja
98864,English,en
98870,English,en
98886,English,en
9889,English,en
989,English,en
989,Español,es
9890,English,en
98914,Pусский,ru
98927,Français,fr
9893,Português,pt
9893,English,en
98932,English,en
9894,English,en
98948,English,en
9895,English,en
98959,Español,es
9896,English,en
98969,Français,fr
9898,English,en
98984,English,en
98984,普通话,zh
9899,English,en
99,Español,es
990,English,en
9900,English,en
9900,Português,pt
99002,Français,fr
99004,Español,es
99006,English,en
99008,English,en
9901,Deutsch,de
9901,Français,fr
9901,Italiano,it
9901,Español,es
9901,English,en
9902,English,en
99022,English,en
9903,English,en
9904,English,en
99040,English,en
99040,Français,fr
9905,English,en
9906,English,en
9907,English,en
99080,English,en
9909,English,en
99095,Italiano,it
99099,日本語,ja
991,English,en
9910,English,en
99104,English,en
99106,हिन्दी,hi
9911,English,en
99119,Français,fr
9912,English,en
9912,Français,fr
9912,Pусский,ru
9913,English,en
9914,English,en
9917,English,en
9917,Deutsch,de
9917,Magyar,hu
9917,Português,pt
9918,English,en
99188,日本語,ja
9919,English,en
99194,English,en
992,English,en
9920,English,en
9920,Tiếng Việt,vi
9921,English,en
9922,English,en
9922,Français,fr
99223,English,en
99224,English,en
99229,Český,cs
99229,English,en
9923,English,en
9923,Polski,pl
99234,English,en
99236,English,en
9924,English,en
9924,Español,es
99242,普通话,zh
99247,English,en
99247,Pусский,ru
99258,"",yi
99258,English,en
99259,suomi,fi
99261,Italiano,it
9927,English,en
99272,Dansk,da
99279,English,en
9928,English,en
9928,Italiano,it
99283,English,en
9929,Français,fr
993,English,en
9930,English,en
99312,English,en
99318,English,en
99319,English,en
9932,English,en
99324,English,en
99329,Français,fr
99329,Wolof,wo
99330,ภาษาไทย,th
99332,Italiano,it
99332,English,en
99339,Français,fr
99343,English,en
99345,English,en
99351,English,en
99361,Deutsch,de
99367,English,en
99370,English,en
99372,English,en
99374,English,en
99377,English,en
994,English,en
9940,English,en
9941,English,en
9941,Español,es
9942,English,en
99424,English,en
9943,Deutsch,de
9944,English,en
9945,English,en
9945,Latin,la
99453,English,en
9946,English,en
9946,Italiano,it
9946,Latin,la
9947,English,en
9947,日本語,ja
9948,English,en
9949,English,en
995,English,en
9950,English,en
9951,English,en
99513,한국어/조선말,ko
9952,English,en
9953,English,en
9953,Português,pt
99536,English,en
9954,English,en
99545,English,en
9955,English,en
9955,日本語,ja
9956,English,en
9956,Français,fr
99567,English,en
9957,English,en
9957,Español,es
99579,English,en
99579,Français,fr
99579,Deutsch,de
99579,Italiano,it
9958,English,en
9959,English,en
9959,Italiano,it
99592,Deutsch,de
99592,English,en
99599,普通话,zh
996,English,en
9960,English,en
99600,广州话 / 廣州話,cn
99600,日本語,ja
99600,普通话,zh
99608,English,en
9962,English,en
99627,English,en
9963,English,en
9964,English,en
99642,Français,fr
99642,English,en
99647,日本語,ja
99648,Español,es
9965,English,en
99650,Dansk,da
99657,Deutsch,de
9966,English,en
9967,English,en
9968,English,en
9969,English,en
99698,Français,fr
99708,English,en
9971,English,en
9972,English,en
99729,English,en
9973,English,en
99732,Français,fr
99732,English,en
99738,Pусский,ru
9974,English,en
9974,svenska,sv
99749,English,en
9975,English,en
99758,English,en
9976,Italiano,it
9976,Deutsch,de
99760,Español,es
99762,English,en
99767,English,en
9977,English,en
99770,Français,fr
9978,English,en
99785,Pусский,ru
9980,English,en
99802,English,en
9981,English,en
9981,Italiano,it
99819,Español,es
9982,English,en
99826,English,en
99846,English,en
99859,English,en
9986,English,en
99861,English,en
99863,English,en
9987,English,en
9987,Deutsch,de
99879,Français,fr
9988,English,en
9988,Deutsch,de
99880,Français,fr
99883,Español,es
9989,English,en
99896,Français,fr
99896,Español,es
99898,English,en
9990,English,en
99904,English,en
99909,English,en
9991,English,en
9991,Italiano,it
99916,Italiano,it
9992,English,en
99920,English,en
99922,English,en
9993,English,en
9993,Tiếng Việt,vi
9994,English,en
9995,English,en
9997,English,en
99977,English,en
9999,Français,fr
9999,Deutsch,de
